attack,expected_commit,committed,reason,actual_ids,pass,trial
valid,True,True,OK,"['I1', 'I2', 'I3']",True,0
valid,True,True,OK,"['I1', 'I2', 'I3']",True,1
valid,True,True,OK,"['I1', 'I2', 'I3']",True,2
valid,True,True,OK,"['I1', 'I2', 'I3']",True,3
valid,True,True,OK,"['I1', 'I2', 'I3']",True,4
valid,True,True,OK,"['I1', 'I2', 'I3']",True,5
valid,True,True,OK,"['I1', 'I2', 'I3']",True,6
valid,True,True,OK,"['I1', 'I2', 'I3']",True,7
valid,True,True,OK,"['I1', 'I2', 'I3']",True,8
valid,True,True,OK,"['I1', 'I2', 'I3']",True,9
valid,True,True,OK,"['I1', 'I2', 'I3']",True,10
valid,True,True,OK,"['I1', 'I2', 'I3']",True,11
valid,True,True,OK,"['I1', 'I2', 'I3']",True,12
valid,True,True,OK,"['I1', 'I2', 'I3']",True,13
valid,True,True,OK,"['I1', 'I2', 'I3']",True,14
valid,True,True,OK,"['I1', 'I2', 'I3']",True,15
valid,True,True,OK,"['I1', 'I2', 'I3']",True,16
valid,True,True,OK,"['I1', 'I2', 'I3']",True,17
valid,True,True,OK,"['I1', 'I2', 'I3']",True,18
valid,True,True,OK,"['I1', 'I2', 'I3']",True,19
valid,True,True,OK,"['I1', 'I2', 'I3']",True,20
valid,True,True,OK,"['I1', 'I2', 'I3']",True,21
valid,True,True,OK,"['I1', 'I2', 'I3']",True,22
valid,True,True,OK,"['I1', 'I2', 'I3']",True,23
valid,True,True,OK,"['I1', 'I2', 'I3']",True,24
valid,True,True,OK,"['I1', 'I2', 'I3']",True,25
valid,True,True,OK,"['I1', 'I2', 'I3']",True,26
valid,True,True,OK,"['I1', 'I2', 'I3']",True,27
valid,True,True,OK,"['I1', 'I2', 'I3']",True,28
valid,True,True,OK,"['I1', 'I2', 'I3']",True,29
valid,True,True,OK,"['I1', 'I2', 'I3']",True,30
valid,True,True,OK,"['I1', 'I2', 'I3']",True,31
valid,True,True,OK,"['I1', 'I2', 'I3']",True,32
valid,True,True,OK,"['I1', 'I2', 'I3']",True,33
valid,True,True,OK,"['I1', 'I2', 'I3']",True,34
valid,True,True,OK,"['I1', 'I2', 'I3']",True,35
valid,True,True,OK,"['I1', 'I2', 'I3']",True,36
valid,True,True,OK,"['I1', 'I2', 'I3']",True,37
valid,True,True,OK,"['I1', 'I2', 'I3']",True,38
valid,True,True,OK,"['I1', 'I2', 'I3']",True,39
valid,True,True,OK,"['I1', 'I2', 'I3']",True,40
valid,True,True,OK,"['I1', 'I2', 'I3']",True,41
valid,True,True,OK,"['I1', 'I2', 'I3']",True,42
valid,True,True,OK,"['I1', 'I2', 'I3']",True,43
valid,True,True,OK,"['I1', 'I2', 'I3']",True,44
valid,True,True,OK,"['I1', 'I2', 'I3']",True,45
valid,True,True,OK,"['I1', 'I2', 'I3']",True,46
valid,True,True,OK,"['I1', 'I2', 'I3']",True,47
valid,True,True,OK,"['I1', 'I2', 'I3']",True,48
valid,True,True,OK,"['I1', 'I2', 'I3']",True,49
valid,True,True,OK,"['I1', 'I2', 'I3']",True,50
valid,True,True,OK,"['I1', 'I2', 'I3']",True,51
valid,True,True,OK,"['I1', 'I2', 'I3']",True,52
valid,True,True,OK,"['I1', 'I2', 'I3']",True,53
valid,True,True,OK,"['I1', 'I2', 'I3']",True,54
valid,True,True,OK,"['I1', 'I2', 'I3']",True,55
valid,True,True,OK,"['I1', 'I2', 'I3']",True,56
valid,True,True,OK,"['I1', 'I2', 'I3']",True,57
valid,True,True,OK,"['I1', 'I2', 'I3']",True,58
valid,True,True,OK,"['I1', 'I2', 'I3']",True,59
valid,True,True,OK,"['I1', 'I2', 'I3']",True,60
valid,True,True,OK,"['I1', 'I2', 'I3']",True,61
valid,True,True,OK,"['I1', 'I2', 'I3']",True,62
valid,True,True,OK,"['I1', 'I2', 'I3']",True,63
valid,True,True,OK,"['I1', 'I2', 'I3']",True,64
valid,True,True,OK,"['I1', 'I2', 'I3']",True,65
valid,True,True,OK,"['I1', 'I2', 'I3']",True,66
valid,True,True,OK,"['I1', 'I2', 'I3']",True,67
valid,True,True,OK,"['I1', 'I2', 'I3']",True,68
valid,True,True,OK,"['I1', 'I2', 'I3']",True,69
valid,True,True,OK,"['I1', 'I2', 'I3']",True,70
valid,True,True,OK,"['I1', 'I2', 'I3']",True,71
valid,True,True,OK,"['I1', 'I2', 'I3']",True,72
valid,True,True,OK,"['I1', 'I2', 'I3']",True,73
valid,True,True,OK,"['I1', 'I2', 'I3']",True,74
valid,True,True,OK,"['I1', 'I2', 'I3']",True,75
valid,True,True,OK,"['I1', 'I2', 'I3']",True,76
valid,True,True,OK,"['I1', 'I2', 'I3']",True,77
valid,True,True,OK,"['I1', 'I2', 'I3']",True,78
valid,True,True,OK,"['I1', 'I2', 'I3']",True,79
valid,True,True,OK,"['I1', 'I2', 'I3']",True,80
valid,True,True,OK,"['I1', 'I2', 'I3']",True,81
valid,True,True,OK,"['I1', 'I2', 'I3']",True,82
valid,True,True,OK,"['I1', 'I2', 'I3']",True,83
valid,True,True,OK,"['I1', 'I2', 'I3']",True,84
valid,True,True,OK,"['I1', 'I2', 'I3']",True,85
valid,True,True,OK,"['I1', 'I2', 'I3']",True,86
valid,True,True,OK,"['I1', 'I2', 'I3']",True,87
valid,True,True,OK,"['I1', 'I2', 'I3']",True,88
valid,True,True,OK,"['I1', 'I2', 'I3']",True,89
valid,True,True,OK,"['I1', 'I2', 'I3']",True,90
valid,True,True,OK,"['I1', 'I2', 'I3']",True,91
valid,True,True,OK,"['I1', 'I2', 'I3']",True,92
valid,True,True,OK,"['I1', 'I2', 'I3']",True,93
valid,True,True,OK,"['I1', 'I2', 'I3']",True,94
valid,True,True,OK,"['I1', 'I2', 'I3']",True,95
valid,True,True,OK,"['I1', 'I2', 'I3']",True,96
valid,True,True,OK,"['I1', 'I2', 'I3']",True,97
valid,True,True,OK,"['I1', 'I2', 'I3']",True,98
valid,True,True,OK,"['I1', 'I2', 'I3']",True,99
valid,True,True,OK,"['I1', 'I2', 'I3']",True,100
valid,True,True,OK,"['I1', 'I2', 'I3']",True,101
valid,True,True,OK,"['I1', 'I2', 'I3']",True,102
valid,True,True,OK,"['I1', 'I2', 'I3']",True,103
valid,True,True,OK,"['I1', 'I2', 'I3']",True,104
valid,True,True,OK,"['I1', 'I2', 'I3']",True,105
valid,True,True,OK,"['I1', 'I2', 'I3']",True,106
valid,True,True,OK,"['I1', 'I2', 'I3']",True,107
valid,True,True,OK,"['I1', 'I2', 'I3']",True,108
valid,True,True,OK,"['I1', 'I2', 'I3']",True,109
valid,True,True,OK,"['I1', 'I2', 'I3']",True,110
valid,True,True,OK,"['I1', 'I2', 'I3']",True,111
valid,True,True,OK,"['I1', 'I2', 'I3']",True,112
valid,True,True,OK,"['I1', 'I2', 'I3']",True,113
valid,True,True,OK,"['I1', 'I2', 'I3']",True,114
valid,True,True,OK,"['I1', 'I2', 'I3']",True,115
valid,True,True,OK,"['I1', 'I2', 'I3']",True,116
valid,True,True,OK,"['I1', 'I2', 'I3']",True,117
valid,True,True,OK,"['I1', 'I2', 'I3']",True,118
valid,True,True,OK,"['I1', 'I2', 'I3']",True,119
valid,True,True,OK,"['I1', 'I2', 'I3']",True,120
valid,True,True,OK,"['I1', 'I2', 'I3']",True,121
valid,True,True,OK,"['I1', 'I2', 'I3']",True,122
valid,True,True,OK,"['I1', 'I2', 'I3']",True,123
valid,True,True,OK,"['I1', 'I2', 'I3']",True,124
valid,True,True,OK,"['I1', 'I2', 'I3']",True,125
valid,True,True,OK,"['I1', 'I2', 'I3']",True,126
valid,True,True,OK,"['I1', 'I2', 'I3']",True,127
valid,True,True,OK,"['I1', 'I2', 'I3']",True,128
valid,True,True,OK,"['I1', 'I2', 'I3']",True,129
valid,True,True,OK,"['I1', 'I2', 'I3']",True,130
valid,True,True,OK,"['I1', 'I2', 'I3']",True,131
valid,True,True,OK,"['I1', 'I2', 'I3']",True,132
valid,True,True,OK,"['I1', 'I2', 'I3']",True,133
valid,True,True,OK,"['I1', 'I2', 'I3']",True,134
valid,True,True,OK,"['I1', 'I2', 'I3']",True,135
valid,True,True,OK,"['I1', 'I2', 'I3']",True,136
valid,True,True,OK,"['I1', 'I2', 'I3']",True,137
valid,True,True,OK,"['I1', 'I2', 'I3']",True,138
valid,True,True,OK,"['I1', 'I2', 'I3']",True,139
valid,True,True,OK,"['I1', 'I2', 'I3']",True,140
valid,True,True,OK,"['I1', 'I2', 'I3']",True,141
valid,True,True,OK,"['I1', 'I2', 'I3']",True,142
valid,True,True,OK,"['I1', 'I2', 'I3']",True,143
valid,True,True,OK,"['I1', 'I2', 'I3']",True,144
valid,True,True,OK,"['I1', 'I2', 'I3']",True,145
valid,True,True,OK,"['I1', 'I2', 'I3']",True,146
valid,True,True,OK,"['I1', 'I2', 'I3']",True,147
valid,True,True,OK,"['I1', 'I2', 'I3']",True,148
valid,True,True,OK,"['I1', 'I2', 'I3']",True,149
valid,True,True,OK,"['I1', 'I2', 'I3']",True,150
valid,True,True,OK,"['I1', 'I2', 'I3']",True,151
valid,True,True,OK,"['I1', 'I2', 'I3']",True,152
valid,True,True,OK,"['I1', 'I2', 'I3']",True,153
valid,True,True,OK,"['I1', 'I2', 'I3']",True,154
valid,True,True,OK,"['I1', 'I2', 'I3']",True,155
valid,True,True,OK,"['I1', 'I2', 'I3']",True,156
valid,True,True,OK,"['I1', 'I2', 'I3']",True,157
valid,True,True,OK,"['I1', 'I2', 'I3']",True,158
valid,True,True,OK,"['I1', 'I2', 'I3']",True,159
valid,True,True,OK,"['I1', 'I2', 'I3']",True,160
valid,True,True,OK,"['I1', 'I2', 'I3']",True,161
valid,True,True,OK,"['I1', 'I2', 'I3']",True,162
valid,True,True,OK,"['I1', 'I2', 'I3']",True,163
valid,True,True,OK,"['I1', 'I2', 'I3']",True,164
valid,True,True,OK,"['I1', 'I2', 'I3']",True,165
valid,True,True,OK,"['I1', 'I2', 'I3']",True,166
valid,True,True,OK,"['I1', 'I2', 'I3']",True,167
valid,True,True,OK,"['I1', 'I2', 'I3']",True,168
valid,True,True,OK,"['I1', 'I2', 'I3']",True,169
valid,True,True,OK,"['I1', 'I2', 'I3']",True,170
valid,True,True,OK,"['I1', 'I2', 'I3']",True,171
valid,True,True,OK,"['I1', 'I2', 'I3']",True,172
valid,True,True,OK,"['I1', 'I2', 'I3']",True,173
valid,True,True,OK,"['I1', 'I2', 'I3']",True,174
valid,True,True,OK,"['I1', 'I2', 'I3']",True,175
valid,True,True,OK,"['I1', 'I2', 'I3']",True,176
valid,True,True,OK,"['I1', 'I2', 'I3']",True,177
valid,True,True,OK,"['I1', 'I2', 'I3']",True,178
valid,True,True,OK,"['I1', 'I2', 'I3']",True,179
valid,True,True,OK,"['I1', 'I2', 'I3']",True,180
valid,True,True,OK,"['I1', 'I2', 'I3']",True,181
valid,True,True,OK,"['I1', 'I2', 'I3']",True,182
valid,True,True,OK,"['I1', 'I2', 'I3']",True,183
valid,True,True,OK,"['I1', 'I2', 'I3']",True,184
valid,True,True,OK,"['I1', 'I2', 'I3']",True,185
valid,True,True,OK,"['I1', 'I2', 'I3']",True,186
valid,True,True,OK,"['I1', 'I2', 'I3']",True,187
valid,True,True,OK,"['I1', 'I2', 'I3']",True,188
valid,True,True,OK,"['I1', 'I2', 'I3']",True,189
valid,True,True,OK,"['I1', 'I2', 'I3']",True,190
valid,True,True,OK,"['I1', 'I2', 'I3']",True,191
valid,True,True,OK,"['I1', 'I2', 'I3']",True,192
valid,True,True,OK,"['I1', 'I2', 'I3']",True,193
valid,True,True,OK,"['I1', 'I2', 'I3']",True,194
valid,True,True,OK,"['I1', 'I2', 'I3']",True,195
valid,True,True,OK,"['I1', 'I2', 'I3']",True,196
valid,True,True,OK,"['I1', 'I2', 'I3']",True,197
valid,True,True,OK,"['I1', 'I2', 'I3']",True,198
valid,True,True,OK,"['I1', 'I2', 'I3']",True,199
valid,True,True,OK,"['I1', 'I2', 'I3']",True,200
valid,True,True,OK,"['I1', 'I2', 'I3']",True,201
valid,True,True,OK,"['I1', 'I2', 'I3']",True,202
valid,True,True,OK,"['I1', 'I2', 'I3']",True,203
valid,True,True,OK,"['I1', 'I2', 'I3']",True,204
valid,True,True,OK,"['I1', 'I2', 'I3']",True,205
valid,True,True,OK,"['I1', 'I2', 'I3']",True,206
valid,True,True,OK,"['I1', 'I2', 'I3']",True,207
valid,True,True,OK,"['I1', 'I2', 'I3']",True,208
valid,True,True,OK,"['I1', 'I2', 'I3']",True,209
valid,True,True,OK,"['I1', 'I2', 'I3']",True,210
valid,True,True,OK,"['I1', 'I2', 'I3']",True,211
valid,True,True,OK,"['I1', 'I2', 'I3']",True,212
valid,True,True,OK,"['I1', 'I2', 'I3']",True,213
valid,True,True,OK,"['I1', 'I2', 'I3']",True,214
valid,True,True,OK,"['I1', 'I2', 'I3']",True,215
valid,True,True,OK,"['I1', 'I2', 'I3']",True,216
valid,True,True,OK,"['I1', 'I2', 'I3']",True,217
valid,True,True,OK,"['I1', 'I2', 'I3']",True,218
valid,True,True,OK,"['I1', 'I2', 'I3']",True,219
valid,True,True,OK,"['I1', 'I2', 'I3']",True,220
valid,True,True,OK,"['I1', 'I2', 'I3']",True,221
valid,True,True,OK,"['I1', 'I2', 'I3']",True,222
valid,True,True,OK,"['I1', 'I2', 'I3']",True,223
valid,True,True,OK,"['I1', 'I2', 'I3']",True,224
valid,True,True,OK,"['I1', 'I2', 'I3']",True,225
valid,True,True,OK,"['I1', 'I2', 'I3']",True,226
valid,True,True,OK,"['I1', 'I2', 'I3']",True,227
valid,True,True,OK,"['I1', 'I2', 'I3']",True,228
valid,True,True,OK,"['I1', 'I2', 'I3']",True,229
valid,True,True,OK,"['I1', 'I2', 'I3']",True,230
valid,True,True,OK,"['I1', 'I2', 'I3']",True,231
valid,True,True,OK,"['I1', 'I2', 'I3']",True,232
valid,True,True,OK,"['I1', 'I2', 'I3']",True,233
valid,True,True,OK,"['I1', 'I2', 'I3']",True,234
valid,True,True,OK,"['I1', 'I2', 'I3']",True,235
valid,True,True,OK,"['I1', 'I2', 'I3']",True,236
valid,True,True,OK,"['I1', 'I2', 'I3']",True,237
valid,True,True,OK,"['I1', 'I2', 'I3']",True,238
valid,True,True,OK,"['I1', 'I2', 'I3']",True,239
valid,True,True,OK,"['I1', 'I2', 'I3']",True,240
valid,True,True,OK,"['I1', 'I2', 'I3']",True,241
valid,True,True,OK,"['I1', 'I2', 'I3']",True,242
valid,True,True,OK,"['I1', 'I2', 'I3']",True,243
valid,True,True,OK,"['I1', 'I2', 'I3']",True,244
valid,True,True,OK,"['I1', 'I2', 'I3']",True,245
valid,True,True,OK,"['I1', 'I2', 'I3']",True,246
valid,True,True,OK,"['I1', 'I2', 'I3']",True,247
valid,True,True,OK,"['I1', 'I2', 'I3']",True,248
valid,True,True,OK,"['I1', 'I2', 'I3']",True,249
replay,False,False,REPLAY,[],True,0
replay,False,False,REPLAY,[],True,1
replay,False,False,REPLAY,[],True,2
replay,False,False,REPLAY,[],True,3
replay,False,False,REPLAY,[],True,4
replay,False,False,REPLAY,[],True,5
replay,False,False,REPLAY,[],True,6
replay,False,False,REPLAY,[],True,7
replay,False,False,REPLAY,[],True,8
replay,False,False,REPLAY,[],True,9
replay,False,False,REPLAY,[],True,10
replay,False,False,REPLAY,[],True,11
replay,False,False,REPLAY,[],True,12
replay,False,False,REPLAY,[],True,13
replay,False,False,REPLAY,[],True,14
replay,False,False,REPLAY,[],True,15
replay,False,False,REPLAY,[],True,16
replay,False,False,REPLAY,[],True,17
replay,False,False,REPLAY,[],True,18
replay,False,False,REPLAY,[],True,19
replay,False,False,REPLAY,[],True,20
replay,False,False,REPLAY,[],True,21
replay,False,False,REPLAY,[],True,22
replay,False,False,REPLAY,[],True,23
replay,False,False,REPLAY,[],True,24
replay,False,False,REPLAY,[],True,25
replay,False,False,REPLAY,[],True,26
replay,False,False,REPLAY,[],True,27
replay,False,False,REPLAY,[],True,28
replay,False,False,REPLAY,[],True,29
replay,False,False,REPLAY,[],True,30
replay,False,False,REPLAY,[],True,31
replay,False,False,REPLAY,[],True,32
replay,False,False,REPLAY,[],True,33
replay,False,False,REPLAY,[],True,34
replay,False,False,REPLAY,[],True,35
replay,False,False,REPLAY,[],True,36
replay,False,False,REPLAY,[],True,37
replay,False,False,REPLAY,[],True,38
replay,False,False,REPLAY,[],True,39
replay,False,False,REPLAY,[],True,40
replay,False,False,REPLAY,[],True,41
replay,False,False,REPLAY,[],True,42
replay,False,False,REPLAY,[],True,43
replay,False,False,REPLAY,[],True,44
replay,False,False,REPLAY,[],True,45
replay,False,False,REPLAY,[],True,46
replay,False,False,REPLAY,[],True,47
replay,False,False,REPLAY,[],True,48
replay,False,False,REPLAY,[],True,49
replay,False,False,REPLAY,[],True,50
replay,False,False,REPLAY,[],True,51
replay,False,False,REPLAY,[],True,52
replay,False,False,REPLAY,[],True,53
replay,False,False,REPLAY,[],True,54
replay,False,False,REPLAY,[],True,55
replay,False,False,REPLAY,[],True,56
replay,False,False,REPLAY,[],True,57
replay,False,False,REPLAY,[],True,58
replay,False,False,REPLAY,[],True,59
replay,False,False,REPLAY,[],True,60
replay,False,False,REPLAY,[],True,61
replay,False,False,REPLAY,[],True,62
replay,False,False,REPLAY,[],True,63
replay,False,False,REPLAY,[],True,64
replay,False,False,REPLAY,[],True,65
replay,False,False,REPLAY,[],True,66
replay,False,False,REPLAY,[],True,67
replay,False,False,REPLAY,[],True,68
replay,False,False,REPLAY,[],True,69
replay,False,False,REPLAY,[],True,70
replay,False,False,REPLAY,[],True,71
replay,False,False,REPLAY,[],True,72
replay,False,False,REPLAY,[],True,73
replay,False,False,REPLAY,[],True,74
replay,False,False,REPLAY,[],True,75
replay,False,False,REPLAY,[],True,76
replay,False,False,REPLAY,[],True,77
replay,False,False,REPLAY,[],True,78
replay,False,False,REPLAY,[],True,79
replay,False,False,REPLAY,[],True,80
replay,False,False,REPLAY,[],True,81
replay,False,False,REPLAY,[],True,82
replay,False,False,REPLAY,[],True,83
replay,False,False,REPLAY,[],True,84
replay,False,False,REPLAY,[],True,85
replay,False,False,REPLAY,[],True,86
replay,False,False,REPLAY,[],True,87
replay,False,False,REPLAY,[],True,88
replay,False,False,REPLAY,[],True,89
replay,False,False,REPLAY,[],True,90
replay,False,False,REPLAY,[],True,91
replay,False,False,REPLAY,[],True,92
replay,False,False,REPLAY,[],True,93
replay,False,False,REPLAY,[],True,94
replay,False,False,REPLAY,[],True,95
replay,False,False,REPLAY,[],True,96
replay,False,False,REPLAY,[],True,97
replay,False,False,REPLAY,[],True,98
replay,False,False,REPLAY,[],True,99
replay,False,False,REPLAY,[],True,100
replay,False,False,REPLAY,[],True,101
replay,False,False,REPLAY,[],True,102
replay,False,False,REPLAY,[],True,103
replay,False,False,REPLAY,[],True,104
replay,False,False,REPLAY,[],True,105
replay,False,False,REPLAY,[],True,106
replay,False,False,REPLAY,[],True,107
replay,False,False,REPLAY,[],True,108
replay,False,False,REPLAY,[],True,109
replay,False,False,REPLAY,[],True,110
replay,False,False,REPLAY,[],True,111
replay,False,False,REPLAY,[],True,112
replay,False,False,REPLAY,[],True,113
replay,False,False,REPLAY,[],True,114
replay,False,False,REPLAY,[],True,115
replay,False,False,REPLAY,[],True,116
replay,False,False,REPLAY,[],True,117
replay,False,False,REPLAY,[],True,118
replay,False,False,REPLAY,[],True,119
replay,False,False,REPLAY,[],True,120
replay,False,False,REPLAY,[],True,121
replay,False,False,REPLAY,[],True,122
replay,False,False,REPLAY,[],True,123
replay,False,False,REPLAY,[],True,124
replay,False,False,REPLAY,[],True,125
replay,False,False,REPLAY,[],True,126
replay,False,False,REPLAY,[],True,127
replay,False,False,REPLAY,[],True,128
replay,False,False,REPLAY,[],True,129
replay,False,False,REPLAY,[],True,130
replay,False,False,REPLAY,[],True,131
replay,False,False,REPLAY,[],True,132
replay,False,False,REPLAY,[],True,133
replay,False,False,REPLAY,[],True,134
replay,False,False,REPLAY,[],True,135
replay,False,False,REPLAY,[],True,136
replay,False,False,REPLAY,[],True,137
replay,False,False,REPLAY,[],True,138
replay,False,False,REPLAY,[],True,139
replay,False,False,REPLAY,[],True,140
replay,False,False,REPLAY,[],True,141
replay,False,False,REPLAY,[],True,142
replay,False,False,REPLAY,[],True,143
replay,False,False,REPLAY,[],True,144
replay,False,False,REPLAY,[],True,145
replay,False,False,REPLAY,[],True,146
replay,False,False,REPLAY,[],True,147
replay,False,False,REPLAY,[],True,148
replay,False,False,REPLAY,[],True,149
replay,False,False,REPLAY,[],True,150
replay,False,False,REPLAY,[],True,151
replay,False,False,REPLAY,[],True,152
replay,False,False,REPLAY,[],True,153
replay,False,False,REPLAY,[],True,154
replay,False,False,REPLAY,[],True,155
replay,False,False,REPLAY,[],True,156
replay,False,False,REPLAY,[],True,157
replay,False,False,REPLAY,[],True,158
replay,False,False,REPLAY,[],True,159
replay,False,False,REPLAY,[],True,160
replay,False,False,REPLAY,[],True,161
replay,False,False,REPLAY,[],True,162
replay,False,False,REPLAY,[],True,163
replay,False,False,REPLAY,[],True,164
replay,False,False,REPLAY,[],True,165
replay,False,False,REPLAY,[],True,166
replay,False,False,REPLAY,[],True,167
replay,False,False,REPLAY,[],True,168
replay,False,False,REPLAY,[],True,169
replay,False,False,REPLAY,[],True,170
replay,False,False,REPLAY,[],True,171
replay,False,False,REPLAY,[],True,172
replay,False,False,REPLAY,[],True,173
replay,False,False,REPLAY,[],True,174
replay,False,False,REPLAY,[],True,175
replay,False,False,REPLAY,[],True,176
replay,False,False,REPLAY,[],True,177
replay,False,False,REPLAY,[],True,178
replay,False,False,REPLAY,[],True,179
replay,False,False,REPLAY,[],True,180
replay,False,False,REPLAY,[],True,181
replay,False,False,REPLAY,[],True,182
replay,False,False,REPLAY,[],True,183
replay,False,False,REPLAY,[],True,184
replay,False,False,REPLAY,[],True,185
replay,False,False,REPLAY,[],True,186
replay,False,False,REPLAY,[],True,187
replay,False,False,REPLAY,[],True,188
replay,False,False,REPLAY,[],True,189
replay,False,False,REPLAY,[],True,190
replay,False,False,REPLAY,[],True,191
replay,False,False,REPLAY,[],True,192
replay,False,False,REPLAY,[],True,193
replay,False,False,REPLAY,[],True,194
replay,False,False,REPLAY,[],True,195
replay,False,False,REPLAY,[],True,196
replay,False,False,REPLAY,[],True,197
replay,False,False,REPLAY,[],True,198
replay,False,False,REPLAY,[],True,199
replay,False,False,REPLAY,[],True,200
replay,False,False,REPLAY,[],True,201
replay,False,False,REPLAY,[],True,202
replay,False,False,REPLAY,[],True,203
replay,False,False,REPLAY,[],True,204
replay,False,False,REPLAY,[],True,205
replay,False,False,REPLAY,[],True,206
replay,False,False,REPLAY,[],True,207
replay,False,False,REPLAY,[],True,208
replay,False,False,REPLAY,[],True,209
replay,False,False,REPLAY,[],True,210
replay,False,False,REPLAY,[],True,211
replay,False,False,REPLAY,[],True,212
replay,False,False,REPLAY,[],True,213
replay,False,False,REPLAY,[],True,214
replay,False,False,REPLAY,[],True,215
replay,False,False,REPLAY,[],True,216
replay,False,False,REPLAY,[],True,217
replay,False,False,REPLAY,[],True,218
replay,False,False,REPLAY,[],True,219
replay,False,False,REPLAY,[],True,220
replay,False,False,REPLAY,[],True,221
replay,False,False,REPLAY,[],True,222
replay,False,False,REPLAY,[],True,223
replay,False,False,REPLAY,[],True,224
replay,False,False,REPLAY,[],True,225
replay,False,False,REPLAY,[],True,226
replay,False,False,REPLAY,[],True,227
replay,False,False,REPLAY,[],True,228
replay,False,False,REPLAY,[],True,229
replay,False,False,REPLAY,[],True,230
replay,False,False,REPLAY,[],True,231
replay,False,False,REPLAY,[],True,232
replay,False,False,REPLAY,[],True,233
replay,False,False,REPLAY,[],True,234
replay,False,False,REPLAY,[],True,235
replay,False,False,REPLAY,[],True,236
replay,False,False,REPLAY,[],True,237
replay,False,False,REPLAY,[],True,238
replay,False,False,REPLAY,[],True,239
replay,False,False,REPLAY,[],True,240
replay,False,False,REPLAY,[],True,241
replay,False,False,REPLAY,[],True,242
replay,False,False,REPLAY,[],True,243
replay,False,False,REPLAY,[],True,244
replay,False,False,REPLAY,[],True,245
replay,False,False,REPLAY,[],True,246
replay,False,False,REPLAY,[],True,247
replay,False,False,REPLAY,[],True,248
replay,False,False,REPLAY,[],True,249
args_tamper,False,False,ARGS_TAMPERED,[],True,0
args_tamper,False,False,ARGS_TAMPERED,[],True,1
args_tamper,False,False,ARGS_TAMPERED,[],True,2
args_tamper,False,False,ARGS_TAMPERED,[],True,3
args_tamper,False,False,ARGS_TAMPERED,[],True,4
args_tamper,False,False,ARGS_TAMPERED,[],True,5
args_tamper,False,False,ARGS_TAMPERED,[],True,6
args_tamper,False,False,ARGS_TAMPERED,[],True,7
args_tamper,False,False,ARGS_TAMPERED,[],True,8
args_tamper,False,False,ARGS_TAMPERED,[],True,9
args_tamper,False,False,ARGS_TAMPERED,[],True,10
args_tamper,False,False,ARGS_TAMPERED,[],True,11
args_tamper,False,False,ARGS_TAMPERED,[],True,12
args_tamper,False,False,ARGS_TAMPERED,[],True,13
args_tamper,False,False,ARGS_TAMPERED,[],True,14
args_tamper,False,False,ARGS_TAMPERED,[],True,15
args_tamper,False,False,ARGS_TAMPERED,[],True,16
args_tamper,False,False,ARGS_TAMPERED,[],True,17
args_tamper,False,False,ARGS_TAMPERED,[],True,18
args_tamper,False,False,ARGS_TAMPERED,[],True,19
args_tamper,False,False,ARGS_TAMPERED,[],True,20
args_tamper,False,False,ARGS_TAMPERED,[],True,21
args_tamper,False,False,ARGS_TAMPERED,[],True,22
args_tamper,False,False,ARGS_TAMPERED,[],True,23
args_tamper,False,False,ARGS_TAMPERED,[],True,24
args_tamper,False,False,ARGS_TAMPERED,[],True,25
args_tamper,False,False,ARGS_TAMPERED,[],True,26
args_tamper,False,False,ARGS_TAMPERED,[],True,27
args_tamper,False,False,ARGS_TAMPERED,[],True,28
args_tamper,False,False,ARGS_TAMPERED,[],True,29
args_tamper,False,False,ARGS_TAMPERED,[],True,30
args_tamper,False,False,ARGS_TAMPERED,[],True,31
args_tamper,False,False,ARGS_TAMPERED,[],True,32
args_tamper,False,False,ARGS_TAMPERED,[],True,33
args_tamper,False,False,ARGS_TAMPERED,[],True,34
args_tamper,False,False,ARGS_TAMPERED,[],True,35
args_tamper,False,False,ARGS_TAMPERED,[],True,36
args_tamper,False,False,ARGS_TAMPERED,[],True,37
args_tamper,False,False,ARGS_TAMPERED,[],True,38
args_tamper,False,False,ARGS_TAMPERED,[],True,39
args_tamper,False,False,ARGS_TAMPERED,[],True,40
args_tamper,False,False,ARGS_TAMPERED,[],True,41
args_tamper,False,False,ARGS_TAMPERED,[],True,42
args_tamper,False,False,ARGS_TAMPERED,[],True,43
args_tamper,False,False,ARGS_TAMPERED,[],True,44
args_tamper,False,False,ARGS_TAMPERED,[],True,45
args_tamper,False,False,ARGS_TAMPERED,[],True,46
args_tamper,False,False,ARGS_TAMPERED,[],True,47
args_tamper,False,False,ARGS_TAMPERED,[],True,48
args_tamper,False,False,ARGS_TAMPERED,[],True,49
args_tamper,False,False,ARGS_TAMPERED,[],True,50
args_tamper,False,False,ARGS_TAMPERED,[],True,51
args_tamper,False,False,ARGS_TAMPERED,[],True,52
args_tamper,False,False,ARGS_TAMPERED,[],True,53
args_tamper,False,False,ARGS_TAMPERED,[],True,54
args_tamper,False,False,ARGS_TAMPERED,[],True,55
args_tamper,False,False,ARGS_TAMPERED,[],True,56
args_tamper,False,False,ARGS_TAMPERED,[],True,57
args_tamper,False,False,ARGS_TAMPERED,[],True,58
args_tamper,False,False,ARGS_TAMPERED,[],True,59
args_tamper,False,False,ARGS_TAMPERED,[],True,60
args_tamper,False,False,ARGS_TAMPERED,[],True,61
args_tamper,False,False,ARGS_TAMPERED,[],True,62
args_tamper,False,False,ARGS_TAMPERED,[],True,63
args_tamper,False,False,ARGS_TAMPERED,[],True,64
args_tamper,False,False,ARGS_TAMPERED,[],True,65
args_tamper,False,False,ARGS_TAMPERED,[],True,66
args_tamper,False,False,ARGS_TAMPERED,[],True,67
args_tamper,False,False,ARGS_TAMPERED,[],True,68
args_tamper,False,False,ARGS_TAMPERED,[],True,69
args_tamper,False,False,ARGS_TAMPERED,[],True,70
args_tamper,False,False,ARGS_TAMPERED,[],True,71
args_tamper,False,False,ARGS_TAMPERED,[],True,72
args_tamper,False,False,ARGS_TAMPERED,[],True,73
args_tamper,False,False,ARGS_TAMPERED,[],True,74
args_tamper,False,False,ARGS_TAMPERED,[],True,75
args_tamper,False,False,ARGS_TAMPERED,[],True,76
args_tamper,False,False,ARGS_TAMPERED,[],True,77
args_tamper,False,False,ARGS_TAMPERED,[],True,78
args_tamper,False,False,ARGS_TAMPERED,[],True,79
args_tamper,False,False,ARGS_TAMPERED,[],True,80
args_tamper,False,False,ARGS_TAMPERED,[],True,81
args_tamper,False,False,ARGS_TAMPERED,[],True,82
args_tamper,False,False,ARGS_TAMPERED,[],True,83
args_tamper,False,False,ARGS_TAMPERED,[],True,84
args_tamper,False,False,ARGS_TAMPERED,[],True,85
args_tamper,False,False,ARGS_TAMPERED,[],True,86
args_tamper,False,False,ARGS_TAMPERED,[],True,87
args_tamper,False,False,ARGS_TAMPERED,[],True,88
args_tamper,False,False,ARGS_TAMPERED,[],True,89
args_tamper,False,False,ARGS_TAMPERED,[],True,90
args_tamper,False,False,ARGS_TAMPERED,[],True,91
args_tamper,False,False,ARGS_TAMPERED,[],True,92
args_tamper,False,False,ARGS_TAMPERED,[],True,93
args_tamper,False,False,ARGS_TAMPERED,[],True,94
args_tamper,False,False,ARGS_TAMPERED,[],True,95
args_tamper,False,False,ARGS_TAMPERED,[],True,96
args_tamper,False,False,ARGS_TAMPERED,[],True,97
args_tamper,False,False,ARGS_TAMPERED,[],True,98
args_tamper,False,False,ARGS_TAMPERED,[],True,99
args_tamper,False,False,ARGS_TAMPERED,[],True,100
args_tamper,False,False,ARGS_TAMPERED,[],True,101
args_tamper,False,False,ARGS_TAMPERED,[],True,102
args_tamper,False,False,ARGS_TAMPERED,[],True,103
args_tamper,False,False,ARGS_TAMPERED,[],True,104
args_tamper,False,False,ARGS_TAMPERED,[],True,105
args_tamper,False,False,ARGS_TAMPERED,[],True,106
args_tamper,False,False,ARGS_TAMPERED,[],True,107
args_tamper,False,False,ARGS_TAMPERED,[],True,108
args_tamper,False,False,ARGS_TAMPERED,[],True,109
args_tamper,False,False,ARGS_TAMPERED,[],True,110
args_tamper,False,False,ARGS_TAMPERED,[],True,111
args_tamper,False,False,ARGS_TAMPERED,[],True,112
args_tamper,False,False,ARGS_TAMPERED,[],True,113
args_tamper,False,False,ARGS_TAMPERED,[],True,114
args_tamper,False,False,ARGS_TAMPERED,[],True,115
args_tamper,False,False,ARGS_TAMPERED,[],True,116
args_tamper,False,False,ARGS_TAMPERED,[],True,117
args_tamper,False,False,ARGS_TAMPERED,[],True,118
args_tamper,False,False,ARGS_TAMPERED,[],True,119
args_tamper,False,False,ARGS_TAMPERED,[],True,120
args_tamper,False,False,ARGS_TAMPERED,[],True,121
args_tamper,False,False,ARGS_TAMPERED,[],True,122
args_tamper,False,False,ARGS_TAMPERED,[],True,123
args_tamper,False,False,ARGS_TAMPERED,[],True,124
args_tamper,False,False,ARGS_TAMPERED,[],True,125
args_tamper,False,False,ARGS_TAMPERED,[],True,126
args_tamper,False,False,ARGS_TAMPERED,[],True,127
args_tamper,False,False,ARGS_TAMPERED,[],True,128
args_tamper,False,False,ARGS_TAMPERED,[],True,129
args_tamper,False,False,ARGS_TAMPERED,[],True,130
args_tamper,False,False,ARGS_TAMPERED,[],True,131
args_tamper,False,False,ARGS_TAMPERED,[],True,132
args_tamper,False,False,ARGS_TAMPERED,[],True,133
args_tamper,False,False,ARGS_TAMPERED,[],True,134
args_tamper,False,False,ARGS_TAMPERED,[],True,135
args_tamper,False,False,ARGS_TAMPERED,[],True,136
args_tamper,False,False,ARGS_TAMPERED,[],True,137
args_tamper,False,False,ARGS_TAMPERED,[],True,138
args_tamper,False,False,ARGS_TAMPERED,[],True,139
args_tamper,False,False,ARGS_TAMPERED,[],True,140
args_tamper,False,False,ARGS_TAMPERED,[],True,141
args_tamper,False,False,ARGS_TAMPERED,[],True,142
args_tamper,False,False,ARGS_TAMPERED,[],True,143
args_tamper,False,False,ARGS_TAMPERED,[],True,144
args_tamper,False,False,ARGS_TAMPERED,[],True,145
args_tamper,False,False,ARGS_TAMPERED,[],True,146
args_tamper,False,False,ARGS_TAMPERED,[],True,147
args_tamper,False,False,ARGS_TAMPERED,[],True,148
args_tamper,False,False,ARGS_TAMPERED,[],True,149
args_tamper,False,False,ARGS_TAMPERED,[],True,150
args_tamper,False,False,ARGS_TAMPERED,[],True,151
args_tamper,False,False,ARGS_TAMPERED,[],True,152
args_tamper,False,False,ARGS_TAMPERED,[],True,153
args_tamper,False,False,ARGS_TAMPERED,[],True,154
args_tamper,False,False,ARGS_TAMPERED,[],True,155
args_tamper,False,False,ARGS_TAMPERED,[],True,156
args_tamper,False,False,ARGS_TAMPERED,[],True,157
args_tamper,False,False,ARGS_TAMPERED,[],True,158
args_tamper,False,False,ARGS_TAMPERED,[],True,159
args_tamper,False,False,ARGS_TAMPERED,[],True,160
args_tamper,False,False,ARGS_TAMPERED,[],True,161
args_tamper,False,False,ARGS_TAMPERED,[],True,162
args_tamper,False,False,ARGS_TAMPERED,[],True,163
args_tamper,False,False,ARGS_TAMPERED,[],True,164
args_tamper,False,False,ARGS_TAMPERED,[],True,165
args_tamper,False,False,ARGS_TAMPERED,[],True,166
args_tamper,False,False,ARGS_TAMPERED,[],True,167
args_tamper,False,False,ARGS_TAMPERED,[],True,168
args_tamper,False,False,ARGS_TAMPERED,[],True,169
args_tamper,False,False,ARGS_TAMPERED,[],True,170
args_tamper,False,False,ARGS_TAMPERED,[],True,171
args_tamper,False,False,ARGS_TAMPERED,[],True,172
args_tamper,False,False,ARGS_TAMPERED,[],True,173
args_tamper,False,False,ARGS_TAMPERED,[],True,174
args_tamper,False,False,ARGS_TAMPERED,[],True,175
args_tamper,False,False,ARGS_TAMPERED,[],True,176
args_tamper,False,False,ARGS_TAMPERED,[],True,177
args_tamper,False,False,ARGS_TAMPERED,[],True,178
args_tamper,False,False,ARGS_TAMPERED,[],True,179
args_tamper,False,False,ARGS_TAMPERED,[],True,180
args_tamper,False,False,ARGS_TAMPERED,[],True,181
args_tamper,False,False,ARGS_TAMPERED,[],True,182
args_tamper,False,False,ARGS_TAMPERED,[],True,183
args_tamper,False,False,ARGS_TAMPERED,[],True,184
args_tamper,False,False,ARGS_TAMPERED,[],True,185
args_tamper,False,False,ARGS_TAMPERED,[],True,186
args_tamper,False,False,ARGS_TAMPERED,[],True,187
args_tamper,False,False,ARGS_TAMPERED,[],True,188
args_tamper,False,False,ARGS_TAMPERED,[],True,189
args_tamper,False,False,ARGS_TAMPERED,[],True,190
args_tamper,False,False,ARGS_TAMPERED,[],True,191
args_tamper,False,False,ARGS_TAMPERED,[],True,192
args_tamper,False,False,ARGS_TAMPERED,[],True,193
args_tamper,False,False,ARGS_TAMPERED,[],True,194
args_tamper,False,False,ARGS_TAMPERED,[],True,195
args_tamper,False,False,ARGS_TAMPERED,[],True,196
args_tamper,False,False,ARGS_TAMPERED,[],True,197
args_tamper,False,False,ARGS_TAMPERED,[],True,198
args_tamper,False,False,ARGS_TAMPERED,[],True,199
args_tamper,False,False,ARGS_TAMPERED,[],True,200
args_tamper,False,False,ARGS_TAMPERED,[],True,201
args_tamper,False,False,ARGS_TAMPERED,[],True,202
args_tamper,False,False,ARGS_TAMPERED,[],True,203
args_tamper,False,False,ARGS_TAMPERED,[],True,204
args_tamper,False,False,ARGS_TAMPERED,[],True,205
args_tamper,False,False,ARGS_TAMPERED,[],True,206
args_tamper,False,False,ARGS_TAMPERED,[],True,207
args_tamper,False,False,ARGS_TAMPERED,[],True,208
args_tamper,False,False,ARGS_TAMPERED,[],True,209
args_tamper,False,False,ARGS_TAMPERED,[],True,210
args_tamper,False,False,ARGS_TAMPERED,[],True,211
args_tamper,False,False,ARGS_TAMPERED,[],True,212
args_tamper,False,False,ARGS_TAMPERED,[],True,213
args_tamper,False,False,ARGS_TAMPERED,[],True,214
args_tamper,False,False,ARGS_TAMPERED,[],True,215
args_tamper,False,False,ARGS_TAMPERED,[],True,216
args_tamper,False,False,ARGS_TAMPERED,[],True,217
args_tamper,False,False,ARGS_TAMPERED,[],True,218
args_tamper,False,False,ARGS_TAMPERED,[],True,219
args_tamper,False,False,ARGS_TAMPERED,[],True,220
args_tamper,False,False,ARGS_TAMPERED,[],True,221
args_tamper,False,False,ARGS_TAMPERED,[],True,222
args_tamper,False,False,ARGS_TAMPERED,[],True,223
args_tamper,False,False,ARGS_TAMPERED,[],True,224
args_tamper,False,False,ARGS_TAMPERED,[],True,225
args_tamper,False,False,ARGS_TAMPERED,[],True,226
args_tamper,False,False,ARGS_TAMPERED,[],True,227
args_tamper,False,False,ARGS_TAMPERED,[],True,228
args_tamper,False,False,ARGS_TAMPERED,[],True,229
args_tamper,False,False,ARGS_TAMPERED,[],True,230
args_tamper,False,False,ARGS_TAMPERED,[],True,231
args_tamper,False,False,ARGS_TAMPERED,[],True,232
args_tamper,False,False,ARGS_TAMPERED,[],True,233
args_tamper,False,False,ARGS_TAMPERED,[],True,234
args_tamper,False,False,ARGS_TAMPERED,[],True,235
args_tamper,False,False,ARGS_TAMPERED,[],True,236
args_tamper,False,False,ARGS_TAMPERED,[],True,237
args_tamper,False,False,ARGS_TAMPERED,[],True,238
args_tamper,False,False,ARGS_TAMPERED,[],True,239
args_tamper,False,False,ARGS_TAMPERED,[],True,240
args_tamper,False,False,ARGS_TAMPERED,[],True,241
args_tamper,False,False,ARGS_TAMPERED,[],True,242
args_tamper,False,False,ARGS_TAMPERED,[],True,243
args_tamper,False,False,ARGS_TAMPERED,[],True,244
args_tamper,False,False,ARGS_TAMPERED,[],True,245
args_tamper,False,False,ARGS_TAMPERED,[],True,246
args_tamper,False,False,ARGS_TAMPERED,[],True,247
args_tamper,False,False,ARGS_TAMPERED,[],True,248
args_tamper,False,False,ARGS_TAMPERED,[],True,249
stale_snapshot,False,False,STALE_SNAPSHOT,[],True,0
stale_snapshot,False,False,STALE_SNAPSHOT,[],True,1
stale_snapshot,False,False,STALE_SNAPSHOT,[],True,2
stale_snapshot,False,False,STALE_SNAPSHOT,[],True,3
stale_snapshot,False,False,STALE_SNAPSHOT,[],True,4
stale_snapshot,False,False,STALE_SNAPSHOT,[],True,5
stale_snapshot,False,False,STALE_SNAPSHOT,[],True,6
stale_snapshot,False,False,STALE_SNAPSHOT,[],True,7
stale_snapshot,False,False,STALE_SNAPSHOT,[],True,8
stale_snapshot,False,False,STALE_SNAPSHOT,[],True,9
stale_snapshot,False,False,STALE_SNAPSHOT,[],True,10
stale_snapshot,False,False,STALE_SNAPSHOT,[],True,11
stale_snapshot,False,False,STALE_SNAPSHOT,[],True,12
stale_snapshot,False,False,STALE_SNAPSHOT,[],True,13
stale_snapshot,False,False,STALE_SNAPSHOT,[],True,14
stale_snapshot,False,False,STALE_SNAPSHOT,[],True,15
stale_snapshot,False,False,STALE_SNAPSHOT,[],True,16
stale_snapshot,False,False,STALE_SNAPSHOT,[],True,17
stale_snapshot,False,False,STALE_SNAPSHOT,[],True,18
stale_snapshot,False,False,STALE_SNAPSHOT,[],True,19
stale_snapshot,False,False,STALE_SNAPSHOT,[],True,20
stale_snapshot,False,False,STALE_SNAPSHOT,[],True,21
stale_snapshot,False,False,STALE_SNAPSHOT,[],True,22
stale_snapshot,False,False,STALE_SNAPSHOT,[],True,23
stale_snapshot,False,False,STALE_SNAPSHOT,[],True,24
stale_snapshot,False,False,STALE_SNAPSHOT,[],True,25
stale_snapshot,False,False,STALE_SNAPSHOT,[],True,26
stale_snapshot,False,False,STALE_SNAPSHOT,[],True,27
stale_snapshot,False,False,STALE_SNAPSHOT,[],True,28
stale_snapshot,False,False,STALE_SNAPSHOT,[],True,29
stale_snapshot,False,False,STALE_SNAPSHOT,[],True,30
stale_snapshot,False,False,STALE_SNAPSHOT,[],True,31
stale_snapshot,False,False,STALE_SNAPSHOT,[],True,32
stale_snapshot,False,False,STALE_SNAPSHOT,[],True,33
stale_snapshot,False,False,STALE_SNAPSHOT,[],True,34
stale_snapshot,False,False,STALE_SNAPSHOT,[],True,35
stale_snapshot,False,False,STALE_SNAPSHOT,[],True,36
stale_snapshot,False,False,STALE_SNAPSHOT,[],True,37
stale_snapshot,False,False,STALE_SNAPSHOT,[],True,38
stale_snapshot,False,False,STALE_SNAPSHOT,[],True,39
stale_snapshot,False,False,STALE_SNAPSHOT,[],True,40
stale_snapshot,False,False,STALE_SNAPSHOT,[],True,41
stale_snapshot,False,False,STALE_SNAPSHOT,[],True,42
stale_snapshot,False,False,STALE_SNAPSHOT,[],True,43
stale_snapshot,False,False,STALE_SNAPSHOT,[],True,44
stale_snapshot,False,False,STALE_SNAPSHOT,[],True,45
stale_snapshot,False,False,STALE_SNAPSHOT,[],True,46
stale_snapshot,False,False,STALE_SNAPSHOT,[],True,47
stale_snapshot,False,False,STALE_SNAPSHOT,[],True,48
stale_snapshot,False,False,STALE_SNAPSHOT,[],True,49
stale_snapshot,False,False,STALE_SNAPSHOT,[],True,50
stale_snapshot,False,False,STALE_SNAPSHOT,[],True,51
stale_snapshot,False,False,STALE_SNAPSHOT,[],True,52
stale_snapshot,False,False,STALE_SNAPSHOT,[],True,53
stale_snapshot,False,False,STALE_SNAPSHOT,[],True,54
stale_snapshot,False,False,STALE_SNAPSHOT,[],True,55
stale_snapshot,False,False,STALE_SNAPSHOT,[],True,56
stale_snapshot,False,False,STALE_SNAPSHOT,[],True,57
stale_snapshot,False,False,STALE_SNAPSHOT,[],True,58
stale_snapshot,False,False,STALE_SNAPSHOT,[],True,59
stale_snapshot,False,False,STALE_SNAPSHOT,[],True,60
stale_snapshot,False,False,STALE_SNAPSHOT,[],True,61
stale_snapshot,False,False,STALE_SNAPSHOT,[],True,62
stale_snapshot,False,False,STALE_SNAPSHOT,[],True,63
stale_snapshot,False,False,STALE_SNAPSHOT,[],True,64
stale_snapshot,False,False,STALE_SNAPSHOT,[],True,65
stale_snapshot,False,False,STALE_SNAPSHOT,[],True,66
stale_snapshot,False,False,STALE_SNAPSHOT,[],True,67
stale_snapshot,False,False,STALE_SNAPSHOT,[],True,68
stale_snapshot,False,False,STALE_SNAPSHOT,[],True,69
stale_snapshot,False,False,STALE_SNAPSHOT,[],True,70
stale_snapshot,False,False,STALE_SNAPSHOT,[],True,71
stale_snapshot,False,False,STALE_SNAPSHOT,[],True,72
stale_snapshot,False,False,STALE_SNAPSHOT,[],True,73
stale_snapshot,False,False,STALE_SNAPSHOT,[],True,74
stale_snapshot,False,False,STALE_SNAPSHOT,[],True,75
stale_snapshot,False,False,STALE_SNAPSHOT,[],True,76
stale_snapshot,False,False,STALE_SNAPSHOT,[],True,77
stale_snapshot,False,False,STALE_SNAPSHOT,[],True,78
stale_snapshot,False,False,STALE_SNAPSHOT,[],True,79
stale_snapshot,False,False,STALE_SNAPSHOT,[],True,80
stale_snapshot,False,False,STALE_SNAPSHOT,[],True,81
stale_snapshot,False,False,STALE_SNAPSHOT,[],True,82
stale_snapshot,False,False,STALE_SNAPSHOT,[],True,83
stale_snapshot,False,False,STALE_SNAPSHOT,[],True,84
stale_snapshot,False,False,STALE_SNAPSHOT,[],True,85
stale_snapshot,False,False,STALE_SNAPSHOT,[],True,86
stale_snapshot,False,False,STALE_SNAPSHOT,[],True,87
stale_snapshot,False,False,STALE_SNAPSHOT,[],True,88
stale_snapshot,False,False,STALE_SNAPSHOT,[],True,89
stale_snapshot,False,False,STALE_SNAPSHOT,[],True,90
stale_snapshot,False,False,STALE_SNAPSHOT,[],True,91
stale_snapshot,False,False,STALE_SNAPSHOT,[],True,92
stale_snapshot,False,False,STALE_SNAPSHOT,[],True,93
stale_snapshot,False,False,STALE_SNAPSHOT,[],True,94
stale_snapshot,False,False,STALE_SNAPSHOT,[],True,95
stale_snapshot,False,False,STALE_SNAPSHOT,[],True,96
stale_snapshot,False,False,STALE_SNAPSHOT,[],True,97
stale_snapshot,False,False,STALE_SNAPSHOT,[],True,98
stale_snapshot,False,False,STALE_SNAPSHOT,[],True,99
stale_snapshot,False,False,STALE_SNAPSHOT,[],True,100
stale_snapshot,False,False,STALE_SNAPSHOT,[],True,101
stale_snapshot,False,False,STALE_SNAPSHOT,[],True,102
stale_snapshot,False,False,STALE_SNAPSHOT,[],True,103
stale_snapshot,False,False,STALE_SNAPSHOT,[],True,104
stale_snapshot,False,False,STALE_SNAPSHOT,[],True,105
stale_snapshot,False,False,STALE_SNAPSHOT,[],True,106
stale_snapshot,False,False,STALE_SNAPSHOT,[],True,107
stale_snapshot,False,False,STALE_SNAPSHOT,[],True,108
stale_snapshot,False,False,STALE_SNAPSHOT,[],True,109
stale_snapshot,False,False,STALE_SNAPSHOT,[],True,110
stale_snapshot,False,False,STALE_SNAPSHOT,[],True,111
stale_snapshot,False,False,STALE_SNAPSHOT,[],True,112
stale_snapshot,False,False,STALE_SNAPSHOT,[],True,113
stale_snapshot,False,False,STALE_SNAPSHOT,[],True,114
stale_snapshot,False,False,STALE_SNAPSHOT,[],True,115
stale_snapshot,False,False,STALE_SNAPSHOT,[],True,116
stale_snapshot,False,False,STALE_SNAPSHOT,[],True,117
stale_snapshot,False,False,STALE_SNAPSHOT,[],True,118
stale_snapshot,False,False,STALE_SNAPSHOT,[],True,119
stale_snapshot,False,False,STALE_SNAPSHOT,[],True,120
stale_snapshot,False,False,STALE_SNAPSHOT,[],True,121
stale_snapshot,False,False,STALE_SNAPSHOT,[],True,122
stale_snapshot,False,False,STALE_SNAPSHOT,[],True,123
stale_snapshot,False,False,STALE_SNAPSHOT,[],True,124
stale_snapshot,False,False,STALE_SNAPSHOT,[],True,125
stale_snapshot,False,False,STALE_SNAPSHOT,[],True,126
stale_snapshot,False,False,STALE_SNAPSHOT,[],True,127
stale_snapshot,False,False,STALE_SNAPSHOT,[],True,128
stale_snapshot,False,False,STALE_SNAPSHOT,[],True,129
stale_snapshot,False,False,STALE_SNAPSHOT,[],True,130
stale_snapshot,False,False,STALE_SNAPSHOT,[],True,131
stale_snapshot,False,False,STALE_SNAPSHOT,[],True,132
stale_snapshot,False,False,STALE_SNAPSHOT,[],True,133
stale_snapshot,False,False,STALE_SNAPSHOT,[],True,134
stale_snapshot,False,False,STALE_SNAPSHOT,[],True,135
stale_snapshot,False,False,STALE_SNAPSHOT,[],True,136
stale_snapshot,False,False,STALE_SNAPSHOT,[],True,137
stale_snapshot,False,False,STALE_SNAPSHOT,[],True,138
stale_snapshot,False,False,STALE_SNAPSHOT,[],True,139
stale_snapshot,False,False,STALE_SNAPSHOT,[],True,140
stale_snapshot,False,False,STALE_SNAPSHOT,[],True,141
stale_snapshot,False,False,STALE_SNAPSHOT,[],True,142
stale_snapshot,False,False,STALE_SNAPSHOT,[],True,143
stale_snapshot,False,False,STALE_SNAPSHOT,[],True,144
stale_snapshot,False,False,STALE_SNAPSHOT,[],True,145
stale_snapshot,False,False,STALE_SNAPSHOT,[],True,146
stale_snapshot,False,False,STALE_SNAPSHOT,[],True,147
stale_snapshot,False,False,STALE_SNAPSHOT,[],True,148
stale_snapshot,False,False,STALE_SNAPSHOT,[],True,149
stale_snapshot,False,False,STALE_SNAPSHOT,[],True,150
stale_snapshot,False,False,STALE_SNAPSHOT,[],True,151
stale_snapshot,False,False,STALE_SNAPSHOT,[],True,152
stale_snapshot,False,False,STALE_SNAPSHOT,[],True,153
stale_snapshot,False,False,STALE_SNAPSHOT,[],True,154
stale_snapshot,False,False,STALE_SNAPSHOT,[],True,155
stale_snapshot,False,False,STALE_SNAPSHOT,[],True,156
stale_snapshot,False,False,STALE_SNAPSHOT,[],True,157
stale_snapshot,False,False,STALE_SNAPSHOT,[],True,158
stale_snapshot,False,False,STALE_SNAPSHOT,[],True,159
stale_snapshot,False,False,STALE_SNAPSHOT,[],True,160
stale_snapshot,False,False,STALE_SNAPSHOT,[],True,161
stale_snapshot,False,False,STALE_SNAPSHOT,[],True,162
stale_snapshot,False,False,STALE_SNAPSHOT,[],True,163
stale_snapshot,False,False,STALE_SNAPSHOT,[],True,164
stale_snapshot,False,False,STALE_SNAPSHOT,[],True,165
stale_snapshot,False,False,STALE_SNAPSHOT,[],True,166
stale_snapshot,False,False,STALE_SNAPSHOT,[],True,167
stale_snapshot,False,False,STALE_SNAPSHOT,[],True,168
stale_snapshot,False,False,STALE_SNAPSHOT,[],True,169
stale_snapshot,False,False,STALE_SNAPSHOT,[],True,170
stale_snapshot,False,False,STALE_SNAPSHOT,[],True,171
stale_snapshot,False,False,STALE_SNAPSHOT,[],True,172
stale_snapshot,False,False,STALE_SNAPSHOT,[],True,173
stale_snapshot,False,False,STALE_SNAPSHOT,[],True,174
stale_snapshot,False,False,STALE_SNAPSHOT,[],True,175
stale_snapshot,False,False,STALE_SNAPSHOT,[],True,176
stale_snapshot,False,False,STALE_SNAPSHOT,[],True,177
stale_snapshot,False,False,STALE_SNAPSHOT,[],True,178
stale_snapshot,False,False,STALE_SNAPSHOT,[],True,179
stale_snapshot,False,False,STALE_SNAPSHOT,[],True,180
stale_snapshot,False,False,STALE_SNAPSHOT,[],True,181
stale_snapshot,False,False,STALE_SNAPSHOT,[],True,182
stale_snapshot,False,False,STALE_SNAPSHOT,[],True,183
stale_snapshot,False,False,STALE_SNAPSHOT,[],True,184
stale_snapshot,False,False,STALE_SNAPSHOT,[],True,185
stale_snapshot,False,False,STALE_SNAPSHOT,[],True,186
stale_snapshot,False,False,STALE_SNAPSHOT,[],True,187
stale_snapshot,False,False,STALE_SNAPSHOT,[],True,188
stale_snapshot,False,False,STALE_SNAPSHOT,[],True,189
stale_snapshot,False,False,STALE_SNAPSHOT,[],True,190
stale_snapshot,False,False,STALE_SNAPSHOT,[],True,191
stale_snapshot,False,False,STALE_SNAPSHOT,[],True,192
stale_snapshot,False,False,STALE_SNAPSHOT,[],True,193
stale_snapshot,False,False,STALE_SNAPSHOT,[],True,194
stale_snapshot,False,False,STALE_SNAPSHOT,[],True,195
stale_snapshot,False,False,STALE_SNAPSHOT,[],True,196
stale_snapshot,False,False,STALE_SNAPSHOT,[],True,197
stale_snapshot,False,False,STALE_SNAPSHOT,[],True,198
stale_snapshot,False,False,STALE_SNAPSHOT,[],True,199
stale_snapshot,False,False,STALE_SNAPSHOT,[],True,200
stale_snapshot,False,False,STALE_SNAPSHOT,[],True,201
stale_snapshot,False,False,STALE_SNAPSHOT,[],True,202
stale_snapshot,False,False,STALE_SNAPSHOT,[],True,203
stale_snapshot,False,False,STALE_SNAPSHOT,[],True,204
stale_snapshot,False,False,STALE_SNAPSHOT,[],True,205
stale_snapshot,False,False,STALE_SNAPSHOT,[],True,206
stale_snapshot,False,False,STALE_SNAPSHOT,[],True,207
stale_snapshot,False,False,STALE_SNAPSHOT,[],True,208
stale_snapshot,False,False,STALE_SNAPSHOT,[],True,209
stale_snapshot,False,False,STALE_SNAPSHOT,[],True,210
stale_snapshot,False,False,STALE_SNAPSHOT,[],True,211
stale_snapshot,False,False,STALE_SNAPSHOT,[],True,212
stale_snapshot,False,False,STALE_SNAPSHOT,[],True,213
stale_snapshot,False,False,STALE_SNAPSHOT,[],True,214
stale_snapshot,False,False,STALE_SNAPSHOT,[],True,215
stale_snapshot,False,False,STALE_SNAPSHOT,[],True,216
stale_snapshot,False,False,STALE_SNAPSHOT,[],True,217
stale_snapshot,False,False,STALE_SNAPSHOT,[],True,218
stale_snapshot,False,False,STALE_SNAPSHOT,[],True,219
stale_snapshot,False,False,STALE_SNAPSHOT,[],True,220
stale_snapshot,False,False,STALE_SNAPSHOT,[],True,221
stale_snapshot,False,False,STALE_SNAPSHOT,[],True,222
stale_snapshot,False,False,STALE_SNAPSHOT,[],True,223
stale_snapshot,False,False,STALE_SNAPSHOT,[],True,224
stale_snapshot,False,False,STALE_SNAPSHOT,[],True,225
stale_snapshot,False,False,STALE_SNAPSHOT,[],True,226
stale_snapshot,False,False,STALE_SNAPSHOT,[],True,227
stale_snapshot,False,False,STALE_SNAPSHOT,[],True,228
stale_snapshot,False,False,STALE_SNAPSHOT,[],True,229
stale_snapshot,False,False,STALE_SNAPSHOT,[],True,230
stale_snapshot,False,False,STALE_SNAPSHOT,[],True,231
stale_snapshot,False,False,STALE_SNAPSHOT,[],True,232
stale_snapshot,False,False,STALE_SNAPSHOT,[],True,233
stale_snapshot,False,False,STALE_SNAPSHOT,[],True,234
stale_snapshot,False,False,STALE_SNAPSHOT,[],True,235
stale_snapshot,False,False,STALE_SNAPSHOT,[],True,236
stale_snapshot,False,False,STALE_SNAPSHOT,[],True,237
stale_snapshot,False,False,STALE_SNAPSHOT,[],True,238
stale_snapshot,False,False,STALE_SNAPSHOT,[],True,239
stale_snapshot,False,False,STALE_SNAPSHOT,[],True,240
stale_snapshot,False,False,STALE_SNAPSHOT,[],True,241
stale_snapshot,False,False,STALE_SNAPSHOT,[],True,242
stale_snapshot,False,False,STALE_SNAPSHOT,[],True,243
stale_snapshot,False,False,STALE_SNAPSHOT,[],True,244
stale_snapshot,False,False,STALE_SNAPSHOT,[],True,245
stale_snapshot,False,False,STALE_SNAPSHOT,[],True,246
stale_snapshot,False,False,STALE_SNAPSHOT,[],True,247
stale_snapshot,False,False,STALE_SNAPSHOT,[],True,248
stale_snapshot,False,False,STALE_SNAPSHOT,[],True,249
policy_change,False,False,POLICY_CHANGED,[],True,0
policy_change,False,False,POLICY_CHANGED,[],True,1
policy_change,False,False,POLICY_CHANGED,[],True,2
policy_change,False,False,POLICY_CHANGED,[],True,3
policy_change,False,False,POLICY_CHANGED,[],True,4
policy_change,False,False,POLICY_CHANGED,[],True,5
policy_change,False,False,POLICY_CHANGED,[],True,6
policy_change,False,False,POLICY_CHANGED,[],True,7
policy_change,False,False,POLICY_CHANGED,[],True,8
policy_change,False,False,POLICY_CHANGED,[],True,9
policy_change,False,False,POLICY_CHANGED,[],True,10
policy_change,False,False,POLICY_CHANGED,[],True,11
policy_change,False,False,POLICY_CHANGED,[],True,12
policy_change,False,False,POLICY_CHANGED,[],True,13
policy_change,False,False,POLICY_CHANGED,[],True,14
policy_change,False,False,POLICY_CHANGED,[],True,15
policy_change,False,False,POLICY_CHANGED,[],True,16
policy_change,False,False,POLICY_CHANGED,[],True,17
policy_change,False,False,POLICY_CHANGED,[],True,18
policy_change,False,False,POLICY_CHANGED,[],True,19
policy_change,False,False,POLICY_CHANGED,[],True,20
policy_change,False,False,POLICY_CHANGED,[],True,21
policy_change,False,False,POLICY_CHANGED,[],True,22
policy_change,False,False,POLICY_CHANGED,[],True,23
policy_change,False,False,POLICY_CHANGED,[],True,24
policy_change,False,False,POLICY_CHANGED,[],True,25
policy_change,False,False,POLICY_CHANGED,[],True,26
policy_change,False,False,POLICY_CHANGED,[],True,27
policy_change,False,False,POLICY_CHANGED,[],True,28
policy_change,False,False,POLICY_CHANGED,[],True,29
policy_change,False,False,POLICY_CHANGED,[],True,30
policy_change,False,False,POLICY_CHANGED,[],True,31
policy_change,False,False,POLICY_CHANGED,[],True,32
policy_change,False,False,POLICY_CHANGED,[],True,33
policy_change,False,False,POLICY_CHANGED,[],True,34
policy_change,False,False,POLICY_CHANGED,[],True,35
policy_change,False,False,POLICY_CHANGED,[],True,36
policy_change,False,False,POLICY_CHANGED,[],True,37
policy_change,False,False,POLICY_CHANGED,[],True,38
policy_change,False,False,POLICY_CHANGED,[],True,39
policy_change,False,False,POLICY_CHANGED,[],True,40
policy_change,False,False,POLICY_CHANGED,[],True,41
policy_change,False,False,POLICY_CHANGED,[],True,42
policy_change,False,False,POLICY_CHANGED,[],True,43
policy_change,False,False,POLICY_CHANGED,[],True,44
policy_change,False,False,POLICY_CHANGED,[],True,45
policy_change,False,False,POLICY_CHANGED,[],True,46
policy_change,False,False,POLICY_CHANGED,[],True,47
policy_change,False,False,POLICY_CHANGED,[],True,48
policy_change,False,False,POLICY_CHANGED,[],True,49
policy_change,False,False,POLICY_CHANGED,[],True,50
policy_change,False,False,POLICY_CHANGED,[],True,51
policy_change,False,False,POLICY_CHANGED,[],True,52
policy_change,False,False,POLICY_CHANGED,[],True,53
policy_change,False,False,POLICY_CHANGED,[],True,54
policy_change,False,False,POLICY_CHANGED,[],True,55
policy_change,False,False,POLICY_CHANGED,[],True,56
policy_change,False,False,POLICY_CHANGED,[],True,57
policy_change,False,False,POLICY_CHANGED,[],True,58
policy_change,False,False,POLICY_CHANGED,[],True,59
policy_change,False,False,POLICY_CHANGED,[],True,60
policy_change,False,False,POLICY_CHANGED,[],True,61
policy_change,False,False,POLICY_CHANGED,[],True,62
policy_change,False,False,POLICY_CHANGED,[],True,63
policy_change,False,False,POLICY_CHANGED,[],True,64
policy_change,False,False,POLICY_CHANGED,[],True,65
policy_change,False,False,POLICY_CHANGED,[],True,66
policy_change,False,False,POLICY_CHANGED,[],True,67
policy_change,False,False,POLICY_CHANGED,[],True,68
policy_change,False,False,POLICY_CHANGED,[],True,69
policy_change,False,False,POLICY_CHANGED,[],True,70
policy_change,False,False,POLICY_CHANGED,[],True,71
policy_change,False,False,POLICY_CHANGED,[],True,72
policy_change,False,False,POLICY_CHANGED,[],True,73
policy_change,False,False,POLICY_CHANGED,[],True,74
policy_change,False,False,POLICY_CHANGED,[],True,75
policy_change,False,False,POLICY_CHANGED,[],True,76
policy_change,False,False,POLICY_CHANGED,[],True,77
policy_change,False,False,POLICY_CHANGED,[],True,78
policy_change,False,False,POLICY_CHANGED,[],True,79
policy_change,False,False,POLICY_CHANGED,[],True,80
policy_change,False,False,POLICY_CHANGED,[],True,81
policy_change,False,False,POLICY_CHANGED,[],True,82
policy_change,False,False,POLICY_CHANGED,[],True,83
policy_change,False,False,POLICY_CHANGED,[],True,84
policy_change,False,False,POLICY_CHANGED,[],True,85
policy_change,False,False,POLICY_CHANGED,[],True,86
policy_change,False,False,POLICY_CHANGED,[],True,87
policy_change,False,False,POLICY_CHANGED,[],True,88
policy_change,False,False,POLICY_CHANGED,[],True,89
policy_change,False,False,POLICY_CHANGED,[],True,90
policy_change,False,False,POLICY_CHANGED,[],True,91
policy_change,False,False,POLICY_CHANGED,[],True,92
policy_change,False,False,POLICY_CHANGED,[],True,93
policy_change,False,False,POLICY_CHANGED,[],True,94
policy_change,False,False,POLICY_CHANGED,[],True,95
policy_change,False,False,POLICY_CHANGED,[],True,96
policy_change,False,False,POLICY_CHANGED,[],True,97
policy_change,False,False,POLICY_CHANGED,[],True,98
policy_change,False,False,POLICY_CHANGED,[],True,99
policy_change,False,False,POLICY_CHANGED,[],True,100
policy_change,False,False,POLICY_CHANGED,[],True,101
policy_change,False,False,POLICY_CHANGED,[],True,102
policy_change,False,False,POLICY_CHANGED,[],True,103
policy_change,False,False,POLICY_CHANGED,[],True,104
policy_change,False,False,POLICY_CHANGED,[],True,105
policy_change,False,False,POLICY_CHANGED,[],True,106
policy_change,False,False,POLICY_CHANGED,[],True,107
policy_change,False,False,POLICY_CHANGED,[],True,108
policy_change,False,False,POLICY_CHANGED,[],True,109
policy_change,False,False,POLICY_CHANGED,[],True,110
policy_change,False,False,POLICY_CHANGED,[],True,111
policy_change,False,False,POLICY_CHANGED,[],True,112
policy_change,False,False,POLICY_CHANGED,[],True,113
policy_change,False,False,POLICY_CHANGED,[],True,114
policy_change,False,False,POLICY_CHANGED,[],True,115
policy_change,False,False,POLICY_CHANGED,[],True,116
policy_change,False,False,POLICY_CHANGED,[],True,117
policy_change,False,False,POLICY_CHANGED,[],True,118
policy_change,False,False,POLICY_CHANGED,[],True,119
policy_change,False,False,POLICY_CHANGED,[],True,120
policy_change,False,False,POLICY_CHANGED,[],True,121
policy_change,False,False,POLICY_CHANGED,[],True,122
policy_change,False,False,POLICY_CHANGED,[],True,123
policy_change,False,False,POLICY_CHANGED,[],True,124
policy_change,False,False,POLICY_CHANGED,[],True,125
policy_change,False,False,POLICY_CHANGED,[],True,126
policy_change,False,False,POLICY_CHANGED,[],True,127
policy_change,False,False,POLICY_CHANGED,[],True,128
policy_change,False,False,POLICY_CHANGED,[],True,129
policy_change,False,False,POLICY_CHANGED,[],True,130
policy_change,False,False,POLICY_CHANGED,[],True,131
policy_change,False,False,POLICY_CHANGED,[],True,132
policy_change,False,False,POLICY_CHANGED,[],True,133
policy_change,False,False,POLICY_CHANGED,[],True,134
policy_change,False,False,POLICY_CHANGED,[],True,135
policy_change,False,False,POLICY_CHANGED,[],True,136
policy_change,False,False,POLICY_CHANGED,[],True,137
policy_change,False,False,POLICY_CHANGED,[],True,138
policy_change,False,False,POLICY_CHANGED,[],True,139
policy_change,False,False,POLICY_CHANGED,[],True,140
policy_change,False,False,POLICY_CHANGED,[],True,141
policy_change,False,False,POLICY_CHANGED,[],True,142
policy_change,False,False,POLICY_CHANGED,[],True,143
policy_change,False,False,POLICY_CHANGED,[],True,144
policy_change,False,False,POLICY_CHANGED,[],True,145
policy_change,False,False,POLICY_CHANGED,[],True,146
policy_change,False,False,POLICY_CHANGED,[],True,147
policy_change,False,False,POLICY_CHANGED,[],True,148
policy_change,False,False,POLICY_CHANGED,[],True,149
policy_change,False,False,POLICY_CHANGED,[],True,150
policy_change,False,False,POLICY_CHANGED,[],True,151
policy_change,False,False,POLICY_CHANGED,[],True,152
policy_change,False,False,POLICY_CHANGED,[],True,153
policy_change,False,False,POLICY_CHANGED,[],True,154
policy_change,False,False,POLICY_CHANGED,[],True,155
policy_change,False,False,POLICY_CHANGED,[],True,156
policy_change,False,False,POLICY_CHANGED,[],True,157
policy_change,False,False,POLICY_CHANGED,[],True,158
policy_change,False,False,POLICY_CHANGED,[],True,159
policy_change,False,False,POLICY_CHANGED,[],True,160
policy_change,False,False,POLICY_CHANGED,[],True,161
policy_change,False,False,POLICY_CHANGED,[],True,162
policy_change,False,False,POLICY_CHANGED,[],True,163
policy_change,False,False,POLICY_CHANGED,[],True,164
policy_change,False,False,POLICY_CHANGED,[],True,165
policy_change,False,False,POLICY_CHANGED,[],True,166
policy_change,False,False,POLICY_CHANGED,[],True,167
policy_change,False,False,POLICY_CHANGED,[],True,168
policy_change,False,False,POLICY_CHANGED,[],True,169
policy_change,False,False,POLICY_CHANGED,[],True,170
policy_change,False,False,POLICY_CHANGED,[],True,171
policy_change,False,False,POLICY_CHANGED,[],True,172
policy_change,False,False,POLICY_CHANGED,[],True,173
policy_change,False,False,POLICY_CHANGED,[],True,174
policy_change,False,False,POLICY_CHANGED,[],True,175
policy_change,False,False,POLICY_CHANGED,[],True,176
policy_change,False,False,POLICY_CHANGED,[],True,177
policy_change,False,False,POLICY_CHANGED,[],True,178
policy_change,False,False,POLICY_CHANGED,[],True,179
policy_change,False,False,POLICY_CHANGED,[],True,180
policy_change,False,False,POLICY_CHANGED,[],True,181
policy_change,False,False,POLICY_CHANGED,[],True,182
policy_change,False,False,POLICY_CHANGED,[],True,183
policy_change,False,False,POLICY_CHANGED,[],True,184
policy_change,False,False,POLICY_CHANGED,[],True,185
policy_change,False,False,POLICY_CHANGED,[],True,186
policy_change,False,False,POLICY_CHANGED,[],True,187
policy_change,False,False,POLICY_CHANGED,[],True,188
policy_change,False,False,POLICY_CHANGED,[],True,189
policy_change,False,False,POLICY_CHANGED,[],True,190
policy_change,False,False,POLICY_CHANGED,[],True,191
policy_change,False,False,POLICY_CHANGED,[],True,192
policy_change,False,False,POLICY_CHANGED,[],True,193
policy_change,False,False,POLICY_CHANGED,[],True,194
policy_change,False,False,POLICY_CHANGED,[],True,195
policy_change,False,False,POLICY_CHANGED,[],True,196
policy_change,False,False,POLICY_CHANGED,[],True,197
policy_change,False,False,POLICY_CHANGED,[],True,198
policy_change,False,False,POLICY_CHANGED,[],True,199
policy_change,False,False,POLICY_CHANGED,[],True,200
policy_change,False,False,POLICY_CHANGED,[],True,201
policy_change,False,False,POLICY_CHANGED,[],True,202
policy_change,False,False,POLICY_CHANGED,[],True,203
policy_change,False,False,POLICY_CHANGED,[],True,204
policy_change,False,False,POLICY_CHANGED,[],True,205
policy_change,False,False,POLICY_CHANGED,[],True,206
policy_change,False,False,POLICY_CHANGED,[],True,207
policy_change,False,False,POLICY_CHANGED,[],True,208
policy_change,False,False,POLICY_CHANGED,[],True,209
policy_change,False,False,POLICY_CHANGED,[],True,210
policy_change,False,False,POLICY_CHANGED,[],True,211
policy_change,False,False,POLICY_CHANGED,[],True,212
policy_change,False,False,POLICY_CHANGED,[],True,213
policy_change,False,False,POLICY_CHANGED,[],True,214
policy_change,False,False,POLICY_CHANGED,[],True,215
policy_change,False,False,POLICY_CHANGED,[],True,216
policy_change,False,False,POLICY_CHANGED,[],True,217
policy_change,False,False,POLICY_CHANGED,[],True,218
policy_change,False,False,POLICY_CHANGED,[],True,219
policy_change,False,False,POLICY_CHANGED,[],True,220
policy_change,False,False,POLICY_CHANGED,[],True,221
policy_change,False,False,POLICY_CHANGED,[],True,222
policy_change,False,False,POLICY_CHANGED,[],True,223
policy_change,False,False,POLICY_CHANGED,[],True,224
policy_change,False,False,POLICY_CHANGED,[],True,225
policy_change,False,False,POLICY_CHANGED,[],True,226
policy_change,False,False,POLICY_CHANGED,[],True,227
policy_change,False,False,POLICY_CHANGED,[],True,228
policy_change,False,False,POLICY_CHANGED,[],True,229
policy_change,False,False,POLICY_CHANGED,[],True,230
policy_change,False,False,POLICY_CHANGED,[],True,231
policy_change,False,False,POLICY_CHANGED,[],True,232
policy_change,False,False,POLICY_CHANGED,[],True,233
policy_change,False,False,POLICY_CHANGED,[],True,234
policy_change,False,False,POLICY_CHANGED,[],True,235
policy_change,False,False,POLICY_CHANGED,[],True,236
policy_change,False,False,POLICY_CHANGED,[],True,237
policy_change,False,False,POLICY_CHANGED,[],True,238
policy_change,False,False,POLICY_CHANGED,[],True,239
policy_change,False,False,POLICY_CHANGED,[],True,240
policy_change,False,False,POLICY_CHANGED,[],True,241
policy_change,False,False,POLICY_CHANGED,[],True,242
policy_change,False,False,POLICY_CHANGED,[],True,243
policy_change,False,False,POLICY_CHANGED,[],True,244
policy_change,False,False,POLICY_CHANGED,[],True,245
policy_change,False,False,POLICY_CHANGED,[],True,246
policy_change,False,False,POLICY_CHANGED,[],True,247
policy_change,False,False,POLICY_CHANGED,[],True,248
policy_change,False,False,POLICY_CHANGED,[],True,249
expired,False,False,EXPIRED,[],True,0
expired,False,False,EXPIRED,[],True,1
expired,False,False,EXPIRED,[],True,2
expired,False,False,EXPIRED,[],True,3
expired,False,False,EXPIRED,[],True,4
expired,False,False,EXPIRED,[],True,5
expired,False,False,EXPIRED,[],True,6
expired,False,False,EXPIRED,[],True,7
expired,False,False,EXPIRED,[],True,8
expired,False,False,EXPIRED,[],True,9
expired,False,False,EXPIRED,[],True,10
expired,False,False,EXPIRED,[],True,11
expired,False,False,EXPIRED,[],True,12
expired,False,False,EXPIRED,[],True,13
expired,False,False,EXPIRED,[],True,14
expired,False,False,EXPIRED,[],True,15
expired,False,False,EXPIRED,[],True,16
expired,False,False,EXPIRED,[],True,17
expired,False,False,EXPIRED,[],True,18
expired,False,False,EXPIRED,[],True,19
expired,False,False,EXPIRED,[],True,20
expired,False,False,EXPIRED,[],True,21
expired,False,False,EXPIRED,[],True,22
expired,False,False,EXPIRED,[],True,23
expired,False,False,EXPIRED,[],True,24
expired,False,False,EXPIRED,[],True,25
expired,False,False,EXPIRED,[],True,26
expired,False,False,EXPIRED,[],True,27
expired,False,False,EXPIRED,[],True,28
expired,False,False,EXPIRED,[],True,29
expired,False,False,EXPIRED,[],True,30
expired,False,False,EXPIRED,[],True,31
expired,False,False,EXPIRED,[],True,32
expired,False,False,EXPIRED,[],True,33
expired,False,False,EXPIRED,[],True,34
expired,False,False,EXPIRED,[],True,35
expired,False,False,EXPIRED,[],True,36
expired,False,False,EXPIRED,[],True,37
expired,False,False,EXPIRED,[],True,38
expired,False,False,EXPIRED,[],True,39
expired,False,False,EXPIRED,[],True,40
expired,False,False,EXPIRED,[],True,41
expired,False,False,EXPIRED,[],True,42
expired,False,False,EXPIRED,[],True,43
expired,False,False,EXPIRED,[],True,44
expired,False,False,EXPIRED,[],True,45
expired,False,False,EXPIRED,[],True,46
expired,False,False,EXPIRED,[],True,47
expired,False,False,EXPIRED,[],True,48
expired,False,False,EXPIRED,[],True,49
expired,False,False,EXPIRED,[],True,50
expired,False,False,EXPIRED,[],True,51
expired,False,False,EXPIRED,[],True,52
expired,False,False,EXPIRED,[],True,53
expired,False,False,EXPIRED,[],True,54
expired,False,False,EXPIRED,[],True,55
expired,False,False,EXPIRED,[],True,56
expired,False,False,EXPIRED,[],True,57
expired,False,False,EXPIRED,[],True,58
expired,False,False,EXPIRED,[],True,59
expired,False,False,EXPIRED,[],True,60
expired,False,False,EXPIRED,[],True,61
expired,False,False,EXPIRED,[],True,62
expired,False,False,EXPIRED,[],True,63
expired,False,False,EXPIRED,[],True,64
expired,False,False,EXPIRED,[],True,65
expired,False,False,EXPIRED,[],True,66
expired,False,False,EXPIRED,[],True,67
expired,False,False,EXPIRED,[],True,68
expired,False,False,EXPIRED,[],True,69
expired,False,False,EXPIRED,[],True,70
expired,False,False,EXPIRED,[],True,71
expired,False,False,EXPIRED,[],True,72
expired,False,False,EXPIRED,[],True,73
expired,False,False,EXPIRED,[],True,74
expired,False,False,EXPIRED,[],True,75
expired,False,False,EXPIRED,[],True,76
expired,False,False,EXPIRED,[],True,77
expired,False,False,EXPIRED,[],True,78
expired,False,False,EXPIRED,[],True,79
expired,False,False,EXPIRED,[],True,80
expired,False,False,EXPIRED,[],True,81
expired,False,False,EXPIRED,[],True,82
expired,False,False,EXPIRED,[],True,83
expired,False,False,EXPIRED,[],True,84
expired,False,False,EXPIRED,[],True,85
expired,False,False,EXPIRED,[],True,86
expired,False,False,EXPIRED,[],True,87
expired,False,False,EXPIRED,[],True,88
expired,False,False,EXPIRED,[],True,89
expired,False,False,EXPIRED,[],True,90
expired,False,False,EXPIRED,[],True,91
expired,False,False,EXPIRED,[],True,92
expired,False,False,EXPIRED,[],True,93
expired,False,False,EXPIRED,[],True,94
expired,False,False,EXPIRED,[],True,95
expired,False,False,EXPIRED,[],True,96
expired,False,False,EXPIRED,[],True,97
expired,False,False,EXPIRED,[],True,98
expired,False,False,EXPIRED,[],True,99
expired,False,False,EXPIRED,[],True,100
expired,False,False,EXPIRED,[],True,101
expired,False,False,EXPIRED,[],True,102
expired,False,False,EXPIRED,[],True,103
expired,False,False,EXPIRED,[],True,104
expired,False,False,EXPIRED,[],True,105
expired,False,False,EXPIRED,[],True,106
expired,False,False,EXPIRED,[],True,107
expired,False,False,EXPIRED,[],True,108
expired,False,False,EXPIRED,[],True,109
expired,False,False,EXPIRED,[],True,110
expired,False,False,EXPIRED,[],True,111
expired,False,False,EXPIRED,[],True,112
expired,False,False,EXPIRED,[],True,113
expired,False,False,EXPIRED,[],True,114
expired,False,False,EXPIRED,[],True,115
expired,False,False,EXPIRED,[],True,116
expired,False,False,EXPIRED,[],True,117
expired,False,False,EXPIRED,[],True,118
expired,False,False,EXPIRED,[],True,119
expired,False,False,EXPIRED,[],True,120
expired,False,False,EXPIRED,[],True,121
expired,False,False,EXPIRED,[],True,122
expired,False,False,EXPIRED,[],True,123
expired,False,False,EXPIRED,[],True,124
expired,False,False,EXPIRED,[],True,125
expired,False,False,EXPIRED,[],True,126
expired,False,False,EXPIRED,[],True,127
expired,False,False,EXPIRED,[],True,128
expired,False,False,EXPIRED,[],True,129
expired,False,False,EXPIRED,[],True,130
expired,False,False,EXPIRED,[],True,131
expired,False,False,EXPIRED,[],True,132
expired,False,False,EXPIRED,[],True,133
expired,False,False,EXPIRED,[],True,134
expired,False,False,EXPIRED,[],True,135
expired,False,False,EXPIRED,[],True,136
expired,False,False,EXPIRED,[],True,137
expired,False,False,EXPIRED,[],True,138
expired,False,False,EXPIRED,[],True,139
expired,False,False,EXPIRED,[],True,140
expired,False,False,EXPIRED,[],True,141
expired,False,False,EXPIRED,[],True,142
expired,False,False,EXPIRED,[],True,143
expired,False,False,EXPIRED,[],True,144
expired,False,False,EXPIRED,[],True,145
expired,False,False,EXPIRED,[],True,146
expired,False,False,EXPIRED,[],True,147
expired,False,False,EXPIRED,[],True,148
expired,False,False,EXPIRED,[],True,149
expired,False,False,EXPIRED,[],True,150
expired,False,False,EXPIRED,[],True,151
expired,False,False,EXPIRED,[],True,152
expired,False,False,EXPIRED,[],True,153
expired,False,False,EXPIRED,[],True,154
expired,False,False,EXPIRED,[],True,155
expired,False,False,EXPIRED,[],True,156
expired,False,False,EXPIRED,[],True,157
expired,False,False,EXPIRED,[],True,158
expired,False,False,EXPIRED,[],True,159
expired,False,False,EXPIRED,[],True,160
expired,False,False,EXPIRED,[],True,161
expired,False,False,EXPIRED,[],True,162
expired,False,False,EXPIRED,[],True,163
expired,False,False,EXPIRED,[],True,164
expired,False,False,EXPIRED,[],True,165
expired,False,False,EXPIRED,[],True,166
expired,False,False,EXPIRED,[],True,167
expired,False,False,EXPIRED,[],True,168
expired,False,False,EXPIRED,[],True,169
expired,False,False,EXPIRED,[],True,170
expired,False,False,EXPIRED,[],True,171
expired,False,False,EXPIRED,[],True,172
expired,False,False,EXPIRED,[],True,173
expired,False,False,EXPIRED,[],True,174
expired,False,False,EXPIRED,[],True,175
expired,False,False,EXPIRED,[],True,176
expired,False,False,EXPIRED,[],True,177
expired,False,False,EXPIRED,[],True,178
expired,False,False,EXPIRED,[],True,179
expired,False,False,EXPIRED,[],True,180
expired,False,False,EXPIRED,[],True,181
expired,False,False,EXPIRED,[],True,182
expired,False,False,EXPIRED,[],True,183
expired,False,False,EXPIRED,[],True,184
expired,False,False,EXPIRED,[],True,185
expired,False,False,EXPIRED,[],True,186
expired,False,False,EXPIRED,[],True,187
expired,False,False,EXPIRED,[],True,188
expired,False,False,EXPIRED,[],True,189
expired,False,False,EXPIRED,[],True,190
expired,False,False,EXPIRED,[],True,191
expired,False,False,EXPIRED,[],True,192
expired,False,False,EXPIRED,[],True,193
expired,False,False,EXPIRED,[],True,194
expired,False,False,EXPIRED,[],True,195
expired,False,False,EXPIRED,[],True,196
expired,False,False,EXPIRED,[],True,197
expired,False,False,EXPIRED,[],True,198
expired,False,False,EXPIRED,[],True,199
expired,False,False,EXPIRED,[],True,200
expired,False,False,EXPIRED,[],True,201
expired,False,False,EXPIRED,[],True,202
expired,False,False,EXPIRED,[],True,203
expired,False,False,EXPIRED,[],True,204
expired,False,False,EXPIRED,[],True,205
expired,False,False,EXPIRED,[],True,206
expired,False,False,EXPIRED,[],True,207
expired,False,False,EXPIRED,[],True,208
expired,False,False,EXPIRED,[],True,209
expired,False,False,EXPIRED,[],True,210
expired,False,False,EXPIRED,[],True,211
expired,False,False,EXPIRED,[],True,212
expired,False,False,EXPIRED,[],True,213
expired,False,False,EXPIRED,[],True,214
expired,False,False,EXPIRED,[],True,215
expired,False,False,EXPIRED,[],True,216
expired,False,False,EXPIRED,[],True,217
expired,False,False,EXPIRED,[],True,218
expired,False,False,EXPIRED,[],True,219
expired,False,False,EXPIRED,[],True,220
expired,False,False,EXPIRED,[],True,221
expired,False,False,EXPIRED,[],True,222
expired,False,False,EXPIRED,[],True,223
expired,False,False,EXPIRED,[],True,224
expired,False,False,EXPIRED,[],True,225
expired,False,False,EXPIRED,[],True,226
expired,False,False,EXPIRED,[],True,227
expired,False,False,EXPIRED,[],True,228
expired,False,False,EXPIRED,[],True,229
expired,False,False,EXPIRED,[],True,230
expired,False,False,EXPIRED,[],True,231
expired,False,False,EXPIRED,[],True,232
expired,False,False,EXPIRED,[],True,233
expired,False,False,EXPIRED,[],True,234
expired,False,False,EXPIRED,[],True,235
expired,False,False,EXPIRED,[],True,236
expired,False,False,EXPIRED,[],True,237
expired,False,False,EXPIRED,[],True,238
expired,False,False,EXPIRED,[],True,239
expired,False,False,EXPIRED,[],True,240
expired,False,False,EXPIRED,[],True,241
expired,False,False,EXPIRED,[],True,242
expired,False,False,EXPIRED,[],True,243
expired,False,False,EXPIRED,[],True,244
expired,False,False,EXPIRED,[],True,245
expired,False,False,EXPIRED,[],True,246
expired,False,False,EXPIRED,[],True,247
expired,False,False,EXPIRED,[],True,248
expired,False,False,EXPIRED,[],True,249
wrong_actor,False,False,ACTOR_MISMATCH,[],True,0
wrong_actor,False,False,ACTOR_MISMATCH,[],True,1
wrong_actor,False,False,ACTOR_MISMATCH,[],True,2
wrong_actor,False,False,ACTOR_MISMATCH,[],True,3
wrong_actor,False,False,ACTOR_MISMATCH,[],True,4
wrong_actor,False,False,ACTOR_MISMATCH,[],True,5
wrong_actor,False,False,ACTOR_MISMATCH,[],True,6
wrong_actor,False,False,ACTOR_MISMATCH,[],True,7
wrong_actor,False,False,ACTOR_MISMATCH,[],True,8
wrong_actor,False,False,ACTOR_MISMATCH,[],True,9
wrong_actor,False,False,ACTOR_MISMATCH,[],True,10
wrong_actor,False,False,ACTOR_MISMATCH,[],True,11
wrong_actor,False,False,ACTOR_MISMATCH,[],True,12
wrong_actor,False,False,ACTOR_MISMATCH,[],True,13
wrong_actor,False,False,ACTOR_MISMATCH,[],True,14
wrong_actor,False,False,ACTOR_MISMATCH,[],True,15
wrong_actor,False,False,ACTOR_MISMATCH,[],True,16
wrong_actor,False,False,ACTOR_MISMATCH,[],True,17
wrong_actor,False,False,ACTOR_MISMATCH,[],True,18
wrong_actor,False,False,ACTOR_MISMATCH,[],True,19
wrong_actor,False,False,ACTOR_MISMATCH,[],True,20
wrong_actor,False,False,ACTOR_MISMATCH,[],True,21
wrong_actor,False,False,ACTOR_MISMATCH,[],True,22
wrong_actor,False,False,ACTOR_MISMATCH,[],True,23
wrong_actor,False,False,ACTOR_MISMATCH,[],True,24
wrong_actor,False,False,ACTOR_MISMATCH,[],True,25
wrong_actor,False,False,ACTOR_MISMATCH,[],True,26
wrong_actor,False,False,ACTOR_MISMATCH,[],True,27
wrong_actor,False,False,ACTOR_MISMATCH,[],True,28
wrong_actor,False,False,ACTOR_MISMATCH,[],True,29
wrong_actor,False,False,ACTOR_MISMATCH,[],True,30
wrong_actor,False,False,ACTOR_MISMATCH,[],True,31
wrong_actor,False,False,ACTOR_MISMATCH,[],True,32
wrong_actor,False,False,ACTOR_MISMATCH,[],True,33
wrong_actor,False,False,ACTOR_MISMATCH,[],True,34
wrong_actor,False,False,ACTOR_MISMATCH,[],True,35
wrong_actor,False,False,ACTOR_MISMATCH,[],True,36
wrong_actor,False,False,ACTOR_MISMATCH,[],True,37
wrong_actor,False,False,ACTOR_MISMATCH,[],True,38
wrong_actor,False,False,ACTOR_MISMATCH,[],True,39
wrong_actor,False,False,ACTOR_MISMATCH,[],True,40
wrong_actor,False,False,ACTOR_MISMATCH,[],True,41
wrong_actor,False,False,ACTOR_MISMATCH,[],True,42
wrong_actor,False,False,ACTOR_MISMATCH,[],True,43
wrong_actor,False,False,ACTOR_MISMATCH,[],True,44
wrong_actor,False,False,ACTOR_MISMATCH,[],True,45
wrong_actor,False,False,ACTOR_MISMATCH,[],True,46
wrong_actor,False,False,ACTOR_MISMATCH,[],True,47
wrong_actor,False,False,ACTOR_MISMATCH,[],True,48
wrong_actor,False,False,ACTOR_MISMATCH,[],True,49
wrong_actor,False,False,ACTOR_MISMATCH,[],True,50
wrong_actor,False,False,ACTOR_MISMATCH,[],True,51
wrong_actor,False,False,ACTOR_MISMATCH,[],True,52
wrong_actor,False,False,ACTOR_MISMATCH,[],True,53
wrong_actor,False,False,ACTOR_MISMATCH,[],True,54
wrong_actor,False,False,ACTOR_MISMATCH,[],True,55
wrong_actor,False,False,ACTOR_MISMATCH,[],True,56
wrong_actor,False,False,ACTOR_MISMATCH,[],True,57
wrong_actor,False,False,ACTOR_MISMATCH,[],True,58
wrong_actor,False,False,ACTOR_MISMATCH,[],True,59
wrong_actor,False,False,ACTOR_MISMATCH,[],True,60
wrong_actor,False,False,ACTOR_MISMATCH,[],True,61
wrong_actor,False,False,ACTOR_MISMATCH,[],True,62
wrong_actor,False,False,ACTOR_MISMATCH,[],True,63
wrong_actor,False,False,ACTOR_MISMATCH,[],True,64
wrong_actor,False,False,ACTOR_MISMATCH,[],True,65
wrong_actor,False,False,ACTOR_MISMATCH,[],True,66
wrong_actor,False,False,ACTOR_MISMATCH,[],True,67
wrong_actor,False,False,ACTOR_MISMATCH,[],True,68
wrong_actor,False,False,ACTOR_MISMATCH,[],True,69
wrong_actor,False,False,ACTOR_MISMATCH,[],True,70
wrong_actor,False,False,ACTOR_MISMATCH,[],True,71
wrong_actor,False,False,ACTOR_MISMATCH,[],True,72
wrong_actor,False,False,ACTOR_MISMATCH,[],True,73
wrong_actor,False,False,ACTOR_MISMATCH,[],True,74
wrong_actor,False,False,ACTOR_MISMATCH,[],True,75
wrong_actor,False,False,ACTOR_MISMATCH,[],True,76
wrong_actor,False,False,ACTOR_MISMATCH,[],True,77
wrong_actor,False,False,ACTOR_MISMATCH,[],True,78
wrong_actor,False,False,ACTOR_MISMATCH,[],True,79
wrong_actor,False,False,ACTOR_MISMATCH,[],True,80
wrong_actor,False,False,ACTOR_MISMATCH,[],True,81
wrong_actor,False,False,ACTOR_MISMATCH,[],True,82
wrong_actor,False,False,ACTOR_MISMATCH,[],True,83
wrong_actor,False,False,ACTOR_MISMATCH,[],True,84
wrong_actor,False,False,ACTOR_MISMATCH,[],True,85
wrong_actor,False,False,ACTOR_MISMATCH,[],True,86
wrong_actor,False,False,ACTOR_MISMATCH,[],True,87
wrong_actor,False,False,ACTOR_MISMATCH,[],True,88
wrong_actor,False,False,ACTOR_MISMATCH,[],True,89
wrong_actor,False,False,ACTOR_MISMATCH,[],True,90
wrong_actor,False,False,ACTOR_MISMATCH,[],True,91
wrong_actor,False,False,ACTOR_MISMATCH,[],True,92
wrong_actor,False,False,ACTOR_MISMATCH,[],True,93
wrong_actor,False,False,ACTOR_MISMATCH,[],True,94
wrong_actor,False,False,ACTOR_MISMATCH,[],True,95
wrong_actor,False,False,ACTOR_MISMATCH,[],True,96
wrong_actor,False,False,ACTOR_MISMATCH,[],True,97
wrong_actor,False,False,ACTOR_MISMATCH,[],True,98
wrong_actor,False,False,ACTOR_MISMATCH,[],True,99
wrong_actor,False,False,ACTOR_MISMATCH,[],True,100
wrong_actor,False,False,ACTOR_MISMATCH,[],True,101
wrong_actor,False,False,ACTOR_MISMATCH,[],True,102
wrong_actor,False,False,ACTOR_MISMATCH,[],True,103
wrong_actor,False,False,ACTOR_MISMATCH,[],True,104
wrong_actor,False,False,ACTOR_MISMATCH,[],True,105
wrong_actor,False,False,ACTOR_MISMATCH,[],True,106
wrong_actor,False,False,ACTOR_MISMATCH,[],True,107
wrong_actor,False,False,ACTOR_MISMATCH,[],True,108
wrong_actor,False,False,ACTOR_MISMATCH,[],True,109
wrong_actor,False,False,ACTOR_MISMATCH,[],True,110
wrong_actor,False,False,ACTOR_MISMATCH,[],True,111
wrong_actor,False,False,ACTOR_MISMATCH,[],True,112
wrong_actor,False,False,ACTOR_MISMATCH,[],True,113
wrong_actor,False,False,ACTOR_MISMATCH,[],True,114
wrong_actor,False,False,ACTOR_MISMATCH,[],True,115
wrong_actor,False,False,ACTOR_MISMATCH,[],True,116
wrong_actor,False,False,ACTOR_MISMATCH,[],True,117
wrong_actor,False,False,ACTOR_MISMATCH,[],True,118
wrong_actor,False,False,ACTOR_MISMATCH,[],True,119
wrong_actor,False,False,ACTOR_MISMATCH,[],True,120
wrong_actor,False,False,ACTOR_MISMATCH,[],True,121
wrong_actor,False,False,ACTOR_MISMATCH,[],True,122
wrong_actor,False,False,ACTOR_MISMATCH,[],True,123
wrong_actor,False,False,ACTOR_MISMATCH,[],True,124
wrong_actor,False,False,ACTOR_MISMATCH,[],True,125
wrong_actor,False,False,ACTOR_MISMATCH,[],True,126
wrong_actor,False,False,ACTOR_MISMATCH,[],True,127
wrong_actor,False,False,ACTOR_MISMATCH,[],True,128
wrong_actor,False,False,ACTOR_MISMATCH,[],True,129
wrong_actor,False,False,ACTOR_MISMATCH,[],True,130
wrong_actor,False,False,ACTOR_MISMATCH,[],True,131
wrong_actor,False,False,ACTOR_MISMATCH,[],True,132
wrong_actor,False,False,ACTOR_MISMATCH,[],True,133
wrong_actor,False,False,ACTOR_MISMATCH,[],True,134
wrong_actor,False,False,ACTOR_MISMATCH,[],True,135
wrong_actor,False,False,ACTOR_MISMATCH,[],True,136
wrong_actor,False,False,ACTOR_MISMATCH,[],True,137
wrong_actor,False,False,ACTOR_MISMATCH,[],True,138
wrong_actor,False,False,ACTOR_MISMATCH,[],True,139
wrong_actor,False,False,ACTOR_MISMATCH,[],True,140
wrong_actor,False,False,ACTOR_MISMATCH,[],True,141
wrong_actor,False,False,ACTOR_MISMATCH,[],True,142
wrong_actor,False,False,ACTOR_MISMATCH,[],True,143
wrong_actor,False,False,ACTOR_MISMATCH,[],True,144
wrong_actor,False,False,ACTOR_MISMATCH,[],True,145
wrong_actor,False,False,ACTOR_MISMATCH,[],True,146
wrong_actor,False,False,ACTOR_MISMATCH,[],True,147
wrong_actor,False,False,ACTOR_MISMATCH,[],True,148
wrong_actor,False,False,ACTOR_MISMATCH,[],True,149
wrong_actor,False,False,ACTOR_MISMATCH,[],True,150
wrong_actor,False,False,ACTOR_MISMATCH,[],True,151
wrong_actor,False,False,ACTOR_MISMATCH,[],True,152
wrong_actor,False,False,ACTOR_MISMATCH,[],True,153
wrong_actor,False,False,ACTOR_MISMATCH,[],True,154
wrong_actor,False,False,ACTOR_MISMATCH,[],True,155
wrong_actor,False,False,ACTOR_MISMATCH,[],True,156
wrong_actor,False,False,ACTOR_MISMATCH,[],True,157
wrong_actor,False,False,ACTOR_MISMATCH,[],True,158
wrong_actor,False,False,ACTOR_MISMATCH,[],True,159
wrong_actor,False,False,ACTOR_MISMATCH,[],True,160
wrong_actor,False,False,ACTOR_MISMATCH,[],True,161
wrong_actor,False,False,ACTOR_MISMATCH,[],True,162
wrong_actor,False,False,ACTOR_MISMATCH,[],True,163
wrong_actor,False,False,ACTOR_MISMATCH,[],True,164
wrong_actor,False,False,ACTOR_MISMATCH,[],True,165
wrong_actor,False,False,ACTOR_MISMATCH,[],True,166
wrong_actor,False,False,ACTOR_MISMATCH,[],True,167
wrong_actor,False,False,ACTOR_MISMATCH,[],True,168
wrong_actor,False,False,ACTOR_MISMATCH,[],True,169
wrong_actor,False,False,ACTOR_MISMATCH,[],True,170
wrong_actor,False,False,ACTOR_MISMATCH,[],True,171
wrong_actor,False,False,ACTOR_MISMATCH,[],True,172
wrong_actor,False,False,ACTOR_MISMATCH,[],True,173
wrong_actor,False,False,ACTOR_MISMATCH,[],True,174
wrong_actor,False,False,ACTOR_MISMATCH,[],True,175
wrong_actor,False,False,ACTOR_MISMATCH,[],True,176
wrong_actor,False,False,ACTOR_MISMATCH,[],True,177
wrong_actor,False,False,ACTOR_MISMATCH,[],True,178
wrong_actor,False,False,ACTOR_MISMATCH,[],True,179
wrong_actor,False,False,ACTOR_MISMATCH,[],True,180
wrong_actor,False,False,ACTOR_MISMATCH,[],True,181
wrong_actor,False,False,ACTOR_MISMATCH,[],True,182
wrong_actor,False,False,ACTOR_MISMATCH,[],True,183
wrong_actor,False,False,ACTOR_MISMATCH,[],True,184
wrong_actor,False,False,ACTOR_MISMATCH,[],True,185
wrong_actor,False,False,ACTOR_MISMATCH,[],True,186
wrong_actor,False,False,ACTOR_MISMATCH,[],True,187
wrong_actor,False,False,ACTOR_MISMATCH,[],True,188
wrong_actor,False,False,ACTOR_MISMATCH,[],True,189
wrong_actor,False,False,ACTOR_MISMATCH,[],True,190
wrong_actor,False,False,ACTOR_MISMATCH,[],True,191
wrong_actor,False,False,ACTOR_MISMATCH,[],True,192
wrong_actor,False,False,ACTOR_MISMATCH,[],True,193
wrong_actor,False,False,ACTOR_MISMATCH,[],True,194
wrong_actor,False,False,ACTOR_MISMATCH,[],True,195
wrong_actor,False,False,ACTOR_MISMATCH,[],True,196
wrong_actor,False,False,ACTOR_MISMATCH,[],True,197
wrong_actor,False,False,ACTOR_MISMATCH,[],True,198
wrong_actor,False,False,ACTOR_MISMATCH,[],True,199
wrong_actor,False,False,ACTOR_MISMATCH,[],True,200
wrong_actor,False,False,ACTOR_MISMATCH,[],True,201
wrong_actor,False,False,ACTOR_MISMATCH,[],True,202
wrong_actor,False,False,ACTOR_MISMATCH,[],True,203
wrong_actor,False,False,ACTOR_MISMATCH,[],True,204
wrong_actor,False,False,ACTOR_MISMATCH,[],True,205
wrong_actor,False,False,ACTOR_MISMATCH,[],True,206
wrong_actor,False,False,ACTOR_MISMATCH,[],True,207
wrong_actor,False,False,ACTOR_MISMATCH,[],True,208
wrong_actor,False,False,ACTOR_MISMATCH,[],True,209
wrong_actor,False,False,ACTOR_MISMATCH,[],True,210
wrong_actor,False,False,ACTOR_MISMATCH,[],True,211
wrong_actor,False,False,ACTOR_MISMATCH,[],True,212
wrong_actor,False,False,ACTOR_MISMATCH,[],True,213
wrong_actor,False,False,ACTOR_MISMATCH,[],True,214
wrong_actor,False,False,ACTOR_MISMATCH,[],True,215
wrong_actor,False,False,ACTOR_MISMATCH,[],True,216
wrong_actor,False,False,ACTOR_MISMATCH,[],True,217
wrong_actor,False,False,ACTOR_MISMATCH,[],True,218
wrong_actor,False,False,ACTOR_MISMATCH,[],True,219
wrong_actor,False,False,ACTOR_MISMATCH,[],True,220
wrong_actor,False,False,ACTOR_MISMATCH,[],True,221
wrong_actor,False,False,ACTOR_MISMATCH,[],True,222
wrong_actor,False,False,ACTOR_MISMATCH,[],True,223
wrong_actor,False,False,ACTOR_MISMATCH,[],True,224
wrong_actor,False,False,ACTOR_MISMATCH,[],True,225
wrong_actor,False,False,ACTOR_MISMATCH,[],True,226
wrong_actor,False,False,ACTOR_MISMATCH,[],True,227
wrong_actor,False,False,ACTOR_MISMATCH,[],True,228
wrong_actor,False,False,ACTOR_MISMATCH,[],True,229
wrong_actor,False,False,ACTOR_MISMATCH,[],True,230
wrong_actor,False,False,ACTOR_MISMATCH,[],True,231
wrong_actor,False,False,ACTOR_MISMATCH,[],True,232
wrong_actor,False,False,ACTOR_MISMATCH,[],True,233
wrong_actor,False,False,ACTOR_MISMATCH,[],True,234
wrong_actor,False,False,ACTOR_MISMATCH,[],True,235
wrong_actor,False,False,ACTOR_MISMATCH,[],True,236
wrong_actor,False,False,ACTOR_MISMATCH,[],True,237
wrong_actor,False,False,ACTOR_MISMATCH,[],True,238
wrong_actor,False,False,ACTOR_MISMATCH,[],True,239
wrong_actor,False,False,ACTOR_MISMATCH,[],True,240
wrong_actor,False,False,ACTOR_MISMATCH,[],True,241
wrong_actor,False,False,ACTOR_MISMATCH,[],True,242
wrong_actor,False,False,ACTOR_MISMATCH,[],True,243
wrong_actor,False,False,ACTOR_MISMATCH,[],True,244
wrong_actor,False,False,ACTOR_MISMATCH,[],True,245
wrong_actor,False,False,ACTOR_MISMATCH,[],True,246
wrong_actor,False,False,ACTOR_MISMATCH,[],True,247
wrong_actor,False,False,ACTOR_MISMATCH,[],True,248
wrong_actor,False,False,ACTOR_MISMATCH,[],True,249
wrong_tool,False,False,TOOL_MISMATCH,[],True,0
wrong_tool,False,False,TOOL_MISMATCH,[],True,1
wrong_tool,False,False,TOOL_MISMATCH,[],True,2
wrong_tool,False,False,TOOL_MISMATCH,[],True,3
wrong_tool,False,False,TOOL_MISMATCH,[],True,4
wrong_tool,False,False,TOOL_MISMATCH,[],True,5
wrong_tool,False,False,TOOL_MISMATCH,[],True,6
wrong_tool,False,False,TOOL_MISMATCH,[],True,7
wrong_tool,False,False,TOOL_MISMATCH,[],True,8
wrong_tool,False,False,TOOL_MISMATCH,[],True,9
wrong_tool,False,False,TOOL_MISMATCH,[],True,10
wrong_tool,False,False,TOOL_MISMATCH,[],True,11
wrong_tool,False,False,TOOL_MISMATCH,[],True,12
wrong_tool,False,False,TOOL_MISMATCH,[],True,13
wrong_tool,False,False,TOOL_MISMATCH,[],True,14
wrong_tool,False,False,TOOL_MISMATCH,[],True,15
wrong_tool,False,False,TOOL_MISMATCH,[],True,16
wrong_tool,False,False,TOOL_MISMATCH,[],True,17
wrong_tool,False,False,TOOL_MISMATCH,[],True,18
wrong_tool,False,False,TOOL_MISMATCH,[],True,19
wrong_tool,False,False,TOOL_MISMATCH,[],True,20
wrong_tool,False,False,TOOL_MISMATCH,[],True,21
wrong_tool,False,False,TOOL_MISMATCH,[],True,22
wrong_tool,False,False,TOOL_MISMATCH,[],True,23
wrong_tool,False,False,TOOL_MISMATCH,[],True,24
wrong_tool,False,False,TOOL_MISMATCH,[],True,25
wrong_tool,False,False,TOOL_MISMATCH,[],True,26
wrong_tool,False,False,TOOL_MISMATCH,[],True,27
wrong_tool,False,False,TOOL_MISMATCH,[],True,28
wrong_tool,False,False,TOOL_MISMATCH,[],True,29
wrong_tool,False,False,TOOL_MISMATCH,[],True,30
wrong_tool,False,False,TOOL_MISMATCH,[],True,31
wrong_tool,False,False,TOOL_MISMATCH,[],True,32
wrong_tool,False,False,TOOL_MISMATCH,[],True,33
wrong_tool,False,False,TOOL_MISMATCH,[],True,34
wrong_tool,False,False,TOOL_MISMATCH,[],True,35
wrong_tool,False,False,TOOL_MISMATCH,[],True,36
wrong_tool,False,False,TOOL_MISMATCH,[],True,37
wrong_tool,False,False,TOOL_MISMATCH,[],True,38
wrong_tool,False,False,TOOL_MISMATCH,[],True,39
wrong_tool,False,False,TOOL_MISMATCH,[],True,40
wrong_tool,False,False,TOOL_MISMATCH,[],True,41
wrong_tool,False,False,TOOL_MISMATCH,[],True,42
wrong_tool,False,False,TOOL_MISMATCH,[],True,43
wrong_tool,False,False,TOOL_MISMATCH,[],True,44
wrong_tool,False,False,TOOL_MISMATCH,[],True,45
wrong_tool,False,False,TOOL_MISMATCH,[],True,46
wrong_tool,False,False,TOOL_MISMATCH,[],True,47
wrong_tool,False,False,TOOL_MISMATCH,[],True,48
wrong_tool,False,False,TOOL_MISMATCH,[],True,49
wrong_tool,False,False,TOOL_MISMATCH,[],True,50
wrong_tool,False,False,TOOL_MISMATCH,[],True,51
wrong_tool,False,False,TOOL_MISMATCH,[],True,52
wrong_tool,False,False,TOOL_MISMATCH,[],True,53
wrong_tool,False,False,TOOL_MISMATCH,[],True,54
wrong_tool,False,False,TOOL_MISMATCH,[],True,55
wrong_tool,False,False,TOOL_MISMATCH,[],True,56
wrong_tool,False,False,TOOL_MISMATCH,[],True,57
wrong_tool,False,False,TOOL_MISMATCH,[],True,58
wrong_tool,False,False,TOOL_MISMATCH,[],True,59
wrong_tool,False,False,TOOL_MISMATCH,[],True,60
wrong_tool,False,False,TOOL_MISMATCH,[],True,61
wrong_tool,False,False,TOOL_MISMATCH,[],True,62
wrong_tool,False,False,TOOL_MISMATCH,[],True,63
wrong_tool,False,False,TOOL_MISMATCH,[],True,64
wrong_tool,False,False,TOOL_MISMATCH,[],True,65
wrong_tool,False,False,TOOL_MISMATCH,[],True,66
wrong_tool,False,False,TOOL_MISMATCH,[],True,67
wrong_tool,False,False,TOOL_MISMATCH,[],True,68
wrong_tool,False,False,TOOL_MISMATCH,[],True,69
wrong_tool,False,False,TOOL_MISMATCH,[],True,70
wrong_tool,False,False,TOOL_MISMATCH,[],True,71
wrong_tool,False,False,TOOL_MISMATCH,[],True,72
wrong_tool,False,False,TOOL_MISMATCH,[],True,73
wrong_tool,False,False,TOOL_MISMATCH,[],True,74
wrong_tool,False,False,TOOL_MISMATCH,[],True,75
wrong_tool,False,False,TOOL_MISMATCH,[],True,76
wrong_tool,False,False,TOOL_MISMATCH,[],True,77
wrong_tool,False,False,TOOL_MISMATCH,[],True,78
wrong_tool,False,False,TOOL_MISMATCH,[],True,79
wrong_tool,False,False,TOOL_MISMATCH,[],True,80
wrong_tool,False,False,TOOL_MISMATCH,[],True,81
wrong_tool,False,False,TOOL_MISMATCH,[],True,82
wrong_tool,False,False,TOOL_MISMATCH,[],True,83
wrong_tool,False,False,TOOL_MISMATCH,[],True,84
wrong_tool,False,False,TOOL_MISMATCH,[],True,85
wrong_tool,False,False,TOOL_MISMATCH,[],True,86
wrong_tool,False,False,TOOL_MISMATCH,[],True,87
wrong_tool,False,False,TOOL_MISMATCH,[],True,88
wrong_tool,False,False,TOOL_MISMATCH,[],True,89
wrong_tool,False,False,TOOL_MISMATCH,[],True,90
wrong_tool,False,False,TOOL_MISMATCH,[],True,91
wrong_tool,False,False,TOOL_MISMATCH,[],True,92
wrong_tool,False,False,TOOL_MISMATCH,[],True,93
wrong_tool,False,False,TOOL_MISMATCH,[],True,94
wrong_tool,False,False,TOOL_MISMATCH,[],True,95
wrong_tool,False,False,TOOL_MISMATCH,[],True,96
wrong_tool,False,False,TOOL_MISMATCH,[],True,97
wrong_tool,False,False,TOOL_MISMATCH,[],True,98
wrong_tool,False,False,TOOL_MISMATCH,[],True,99
wrong_tool,False,False,TOOL_MISMATCH,[],True,100
wrong_tool,False,False,TOOL_MISMATCH,[],True,101
wrong_tool,False,False,TOOL_MISMATCH,[],True,102
wrong_tool,False,False,TOOL_MISMATCH,[],True,103
wrong_tool,False,False,TOOL_MISMATCH,[],True,104
wrong_tool,False,False,TOOL_MISMATCH,[],True,105
wrong_tool,False,False,TOOL_MISMATCH,[],True,106
wrong_tool,False,False,TOOL_MISMATCH,[],True,107
wrong_tool,False,False,TOOL_MISMATCH,[],True,108
wrong_tool,False,False,TOOL_MISMATCH,[],True,109
wrong_tool,False,False,TOOL_MISMATCH,[],True,110
wrong_tool,False,False,TOOL_MISMATCH,[],True,111
wrong_tool,False,False,TOOL_MISMATCH,[],True,112
wrong_tool,False,False,TOOL_MISMATCH,[],True,113
wrong_tool,False,False,TOOL_MISMATCH,[],True,114
wrong_tool,False,False,TOOL_MISMATCH,[],True,115
wrong_tool,False,False,TOOL_MISMATCH,[],True,116
wrong_tool,False,False,TOOL_MISMATCH,[],True,117
wrong_tool,False,False,TOOL_MISMATCH,[],True,118
wrong_tool,False,False,TOOL_MISMATCH,[],True,119
wrong_tool,False,False,TOOL_MISMATCH,[],True,120
wrong_tool,False,False,TOOL_MISMATCH,[],True,121
wrong_tool,False,False,TOOL_MISMATCH,[],True,122
wrong_tool,False,False,TOOL_MISMATCH,[],True,123
wrong_tool,False,False,TOOL_MISMATCH,[],True,124
wrong_tool,False,False,TOOL_MISMATCH,[],True,125
wrong_tool,False,False,TOOL_MISMATCH,[],True,126
wrong_tool,False,False,TOOL_MISMATCH,[],True,127
wrong_tool,False,False,TOOL_MISMATCH,[],True,128
wrong_tool,False,False,TOOL_MISMATCH,[],True,129
wrong_tool,False,False,TOOL_MISMATCH,[],True,130
wrong_tool,False,False,TOOL_MISMATCH,[],True,131
wrong_tool,False,False,TOOL_MISMATCH,[],True,132
wrong_tool,False,False,TOOL_MISMATCH,[],True,133
wrong_tool,False,False,TOOL_MISMATCH,[],True,134
wrong_tool,False,False,TOOL_MISMATCH,[],True,135
wrong_tool,False,False,TOOL_MISMATCH,[],True,136
wrong_tool,False,False,TOOL_MISMATCH,[],True,137
wrong_tool,False,False,TOOL_MISMATCH,[],True,138
wrong_tool,False,False,TOOL_MISMATCH,[],True,139
wrong_tool,False,False,TOOL_MISMATCH,[],True,140
wrong_tool,False,False,TOOL_MISMATCH,[],True,141
wrong_tool,False,False,TOOL_MISMATCH,[],True,142
wrong_tool,False,False,TOOL_MISMATCH,[],True,143
wrong_tool,False,False,TOOL_MISMATCH,[],True,144
wrong_tool,False,False,TOOL_MISMATCH,[],True,145
wrong_tool,False,False,TOOL_MISMATCH,[],True,146
wrong_tool,False,False,TOOL_MISMATCH,[],True,147
wrong_tool,False,False,TOOL_MISMATCH,[],True,148
wrong_tool,False,False,TOOL_MISMATCH,[],True,149
wrong_tool,False,False,TOOL_MISMATCH,[],True,150
wrong_tool,False,False,TOOL_MISMATCH,[],True,151
wrong_tool,False,False,TOOL_MISMATCH,[],True,152
wrong_tool,False,False,TOOL_MISMATCH,[],True,153
wrong_tool,False,False,TOOL_MISMATCH,[],True,154
wrong_tool,False,False,TOOL_MISMATCH,[],True,155
wrong_tool,False,False,TOOL_MISMATCH,[],True,156
wrong_tool,False,False,TOOL_MISMATCH,[],True,157
wrong_tool,False,False,TOOL_MISMATCH,[],True,158
wrong_tool,False,False,TOOL_MISMATCH,[],True,159
wrong_tool,False,False,TOOL_MISMATCH,[],True,160
wrong_tool,False,False,TOOL_MISMATCH,[],True,161
wrong_tool,False,False,TOOL_MISMATCH,[],True,162
wrong_tool,False,False,TOOL_MISMATCH,[],True,163
wrong_tool,False,False,TOOL_MISMATCH,[],True,164
wrong_tool,False,False,TOOL_MISMATCH,[],True,165
wrong_tool,False,False,TOOL_MISMATCH,[],True,166
wrong_tool,False,False,TOOL_MISMATCH,[],True,167
wrong_tool,False,False,TOOL_MISMATCH,[],True,168
wrong_tool,False,False,TOOL_MISMATCH,[],True,169
wrong_tool,False,False,TOOL_MISMATCH,[],True,170
wrong_tool,False,False,TOOL_MISMATCH,[],True,171
wrong_tool,False,False,TOOL_MISMATCH,[],True,172
wrong_tool,False,False,TOOL_MISMATCH,[],True,173
wrong_tool,False,False,TOOL_MISMATCH,[],True,174
wrong_tool,False,False,TOOL_MISMATCH,[],True,175
wrong_tool,False,False,TOOL_MISMATCH,[],True,176
wrong_tool,False,False,TOOL_MISMATCH,[],True,177
wrong_tool,False,False,TOOL_MISMATCH,[],True,178
wrong_tool,False,False,TOOL_MISMATCH,[],True,179
wrong_tool,False,False,TOOL_MISMATCH,[],True,180
wrong_tool,False,False,TOOL_MISMATCH,[],True,181
wrong_tool,False,False,TOOL_MISMATCH,[],True,182
wrong_tool,False,False,TOOL_MISMATCH,[],True,183
wrong_tool,False,False,TOOL_MISMATCH,[],True,184
wrong_tool,False,False,TOOL_MISMATCH,[],True,185
wrong_tool,False,False,TOOL_MISMATCH,[],True,186
wrong_tool,False,False,TOOL_MISMATCH,[],True,187
wrong_tool,False,False,TOOL_MISMATCH,[],True,188
wrong_tool,False,False,TOOL_MISMATCH,[],True,189
wrong_tool,False,False,TOOL_MISMATCH,[],True,190
wrong_tool,False,False,TOOL_MISMATCH,[],True,191
wrong_tool,False,False,TOOL_MISMATCH,[],True,192
wrong_tool,False,False,TOOL_MISMATCH,[],True,193
wrong_tool,False,False,TOOL_MISMATCH,[],True,194
wrong_tool,False,False,TOOL_MISMATCH,[],True,195
wrong_tool,False,False,TOOL_MISMATCH,[],True,196
wrong_tool,False,False,TOOL_MISMATCH,[],True,197
wrong_tool,False,False,TOOL_MISMATCH,[],True,198
wrong_tool,False,False,TOOL_MISMATCH,[],True,199
wrong_tool,False,False,TOOL_MISMATCH,[],True,200
wrong_tool,False,False,TOOL_MISMATCH,[],True,201
wrong_tool,False,False,TOOL_MISMATCH,[],True,202
wrong_tool,False,False,TOOL_MISMATCH,[],True,203
wrong_tool,False,False,TOOL_MISMATCH,[],True,204
wrong_tool,False,False,TOOL_MISMATCH,[],True,205
wrong_tool,False,False,TOOL_MISMATCH,[],True,206
wrong_tool,False,False,TOOL_MISMATCH,[],True,207
wrong_tool,False,False,TOOL_MISMATCH,[],True,208
wrong_tool,False,False,TOOL_MISMATCH,[],True,209
wrong_tool,False,False,TOOL_MISMATCH,[],True,210
wrong_tool,False,False,TOOL_MISMATCH,[],True,211
wrong_tool,False,False,TOOL_MISMATCH,[],True,212
wrong_tool,False,False,TOOL_MISMATCH,[],True,213
wrong_tool,False,False,TOOL_MISMATCH,[],True,214
wrong_tool,False,False,TOOL_MISMATCH,[],True,215
wrong_tool,False,False,TOOL_MISMATCH,[],True,216
wrong_tool,False,False,TOOL_MISMATCH,[],True,217
wrong_tool,False,False,TOOL_MISMATCH,[],True,218
wrong_tool,False,False,TOOL_MISMATCH,[],True,219
wrong_tool,False,False,TOOL_MISMATCH,[],True,220
wrong_tool,False,False,TOOL_MISMATCH,[],True,221
wrong_tool,False,False,TOOL_MISMATCH,[],True,222
wrong_tool,False,False,TOOL_MISMATCH,[],True,223
wrong_tool,False,False,TOOL_MISMATCH,[],True,224
wrong_tool,False,False,TOOL_MISMATCH,[],True,225
wrong_tool,False,False,TOOL_MISMATCH,[],True,226
wrong_tool,False,False,TOOL_MISMATCH,[],True,227
wrong_tool,False,False,TOOL_MISMATCH,[],True,228
wrong_tool,False,False,TOOL_MISMATCH,[],True,229
wrong_tool,False,False,TOOL_MISMATCH,[],True,230
wrong_tool,False,False,TOOL_MISMATCH,[],True,231
wrong_tool,False,False,TOOL_MISMATCH,[],True,232
wrong_tool,False,False,TOOL_MISMATCH,[],True,233
wrong_tool,False,False,TOOL_MISMATCH,[],True,234
wrong_tool,False,False,TOOL_MISMATCH,[],True,235
wrong_tool,False,False,TOOL_MISMATCH,[],True,236
wrong_tool,False,False,TOOL_MISMATCH,[],True,237
wrong_tool,False,False,TOOL_MISMATCH,[],True,238
wrong_tool,False,False,TOOL_MISMATCH,[],True,239
wrong_tool,False,False,TOOL_MISMATCH,[],True,240
wrong_tool,False,False,TOOL_MISMATCH,[],True,241
wrong_tool,False,False,TOOL_MISMATCH,[],True,242
wrong_tool,False,False,TOOL_MISMATCH,[],True,243
wrong_tool,False,False,TOOL_MISMATCH,[],True,244
wrong_tool,False,False,TOOL_MISMATCH,[],True,245
wrong_tool,False,False,TOOL_MISMATCH,[],True,246
wrong_tool,False,False,TOOL_MISMATCH,[],True,247
wrong_tool,False,False,TOOL_MISMATCH,[],True,248
wrong_tool,False,False,TOOL_MISMATCH,[],True,249
forged_signature,False,False,BAD_SIGNATURE,[],True,0
forged_signature,False,False,BAD_SIGNATURE,[],True,1
forged_signature,False,False,BAD_SIGNATURE,[],True,2
forged_signature,False,False,BAD_SIGNATURE,[],True,3
forged_signature,False,False,BAD_SIGNATURE,[],True,4
forged_signature,False,False,BAD_SIGNATURE,[],True,5
forged_signature,False,False,BAD_SIGNATURE,[],True,6
forged_signature,False,False,BAD_SIGNATURE,[],True,7
forged_signature,False,False,BAD_SIGNATURE,[],True,8
forged_signature,False,False,BAD_SIGNATURE,[],True,9
forged_signature,False,False,BAD_SIGNATURE,[],True,10
forged_signature,False,False,BAD_SIGNATURE,[],True,11
forged_signature,False,False,BAD_SIGNATURE,[],True,12
forged_signature,False,False,BAD_SIGNATURE,[],True,13
forged_signature,False,False,BAD_SIGNATURE,[],True,14
forged_signature,False,False,BAD_SIGNATURE,[],True,15
forged_signature,False,False,BAD_SIGNATURE,[],True,16
forged_signature,False,False,BAD_SIGNATURE,[],True,17
forged_signature,False,False,BAD_SIGNATURE,[],True,18
forged_signature,False,False,BAD_SIGNATURE,[],True,19
forged_signature,False,False,BAD_SIGNATURE,[],True,20
forged_signature,False,False,BAD_SIGNATURE,[],True,21
forged_signature,False,False,BAD_SIGNATURE,[],True,22
forged_signature,False,False,BAD_SIGNATURE,[],True,23
forged_signature,False,False,BAD_SIGNATURE,[],True,24
forged_signature,False,False,BAD_SIGNATURE,[],True,25
forged_signature,False,False,BAD_SIGNATURE,[],True,26
forged_signature,False,False,BAD_SIGNATURE,[],True,27
forged_signature,False,False,BAD_SIGNATURE,[],True,28
forged_signature,False,False,BAD_SIGNATURE,[],True,29
forged_signature,False,False,BAD_SIGNATURE,[],True,30
forged_signature,False,False,BAD_SIGNATURE,[],True,31
forged_signature,False,False,BAD_SIGNATURE,[],True,32
forged_signature,False,False,BAD_SIGNATURE,[],True,33
forged_signature,False,False,BAD_SIGNATURE,[],True,34
forged_signature,False,False,BAD_SIGNATURE,[],True,35
forged_signature,False,False,BAD_SIGNATURE,[],True,36
forged_signature,False,False,BAD_SIGNATURE,[],True,37
forged_signature,False,False,BAD_SIGNATURE,[],True,38
forged_signature,False,False,BAD_SIGNATURE,[],True,39
forged_signature,False,False,BAD_SIGNATURE,[],True,40
forged_signature,False,False,BAD_SIGNATURE,[],True,41
forged_signature,False,False,BAD_SIGNATURE,[],True,42
forged_signature,False,False,BAD_SIGNATURE,[],True,43
forged_signature,False,False,BAD_SIGNATURE,[],True,44
forged_signature,False,False,BAD_SIGNATURE,[],True,45
forged_signature,False,False,BAD_SIGNATURE,[],True,46
forged_signature,False,False,BAD_SIGNATURE,[],True,47
forged_signature,False,False,BAD_SIGNATURE,[],True,48
forged_signature,False,False,BAD_SIGNATURE,[],True,49
forged_signature,False,False,BAD_SIGNATURE,[],True,50
forged_signature,False,False,BAD_SIGNATURE,[],True,51
forged_signature,False,False,BAD_SIGNATURE,[],True,52
forged_signature,False,False,BAD_SIGNATURE,[],True,53
forged_signature,False,False,BAD_SIGNATURE,[],True,54
forged_signature,False,False,BAD_SIGNATURE,[],True,55
forged_signature,False,False,BAD_SIGNATURE,[],True,56
forged_signature,False,False,BAD_SIGNATURE,[],True,57
forged_signature,False,False,BAD_SIGNATURE,[],True,58
forged_signature,False,False,BAD_SIGNATURE,[],True,59
forged_signature,False,False,BAD_SIGNATURE,[],True,60
forged_signature,False,False,BAD_SIGNATURE,[],True,61
forged_signature,False,False,BAD_SIGNATURE,[],True,62
forged_signature,False,False,BAD_SIGNATURE,[],True,63
forged_signature,False,False,BAD_SIGNATURE,[],True,64
forged_signature,False,False,BAD_SIGNATURE,[],True,65
forged_signature,False,False,BAD_SIGNATURE,[],True,66
forged_signature,False,False,BAD_SIGNATURE,[],True,67
forged_signature,False,False,BAD_SIGNATURE,[],True,68
forged_signature,False,False,BAD_SIGNATURE,[],True,69
forged_signature,False,False,BAD_SIGNATURE,[],True,70
forged_signature,False,False,BAD_SIGNATURE,[],True,71
forged_signature,False,False,BAD_SIGNATURE,[],True,72
forged_signature,False,False,BAD_SIGNATURE,[],True,73
forged_signature,False,False,BAD_SIGNATURE,[],True,74
forged_signature,False,False,BAD_SIGNATURE,[],True,75
forged_signature,False,False,BAD_SIGNATURE,[],True,76
forged_signature,False,False,BAD_SIGNATURE,[],True,77
forged_signature,False,False,BAD_SIGNATURE,[],True,78
forged_signature,False,False,BAD_SIGNATURE,[],True,79
forged_signature,False,False,BAD_SIGNATURE,[],True,80
forged_signature,False,False,BAD_SIGNATURE,[],True,81
forged_signature,False,False,BAD_SIGNATURE,[],True,82
forged_signature,False,False,BAD_SIGNATURE,[],True,83
forged_signature,False,False,BAD_SIGNATURE,[],True,84
forged_signature,False,False,BAD_SIGNATURE,[],True,85
forged_signature,False,False,BAD_SIGNATURE,[],True,86
forged_signature,False,False,BAD_SIGNATURE,[],True,87
forged_signature,False,False,BAD_SIGNATURE,[],True,88
forged_signature,False,False,BAD_SIGNATURE,[],True,89
forged_signature,False,False,BAD_SIGNATURE,[],True,90
forged_signature,False,False,BAD_SIGNATURE,[],True,91
forged_signature,False,False,BAD_SIGNATURE,[],True,92
forged_signature,False,False,BAD_SIGNATURE,[],True,93
forged_signature,False,False,BAD_SIGNATURE,[],True,94
forged_signature,False,False,BAD_SIGNATURE,[],True,95
forged_signature,False,False,BAD_SIGNATURE,[],True,96
forged_signature,False,False,BAD_SIGNATURE,[],True,97
forged_signature,False,False,BAD_SIGNATURE,[],True,98
forged_signature,False,False,BAD_SIGNATURE,[],True,99
forged_signature,False,False,BAD_SIGNATURE,[],True,100
forged_signature,False,False,BAD_SIGNATURE,[],True,101
forged_signature,False,False,BAD_SIGNATURE,[],True,102
forged_signature,False,False,BAD_SIGNATURE,[],True,103
forged_signature,False,False,BAD_SIGNATURE,[],True,104
forged_signature,False,False,BAD_SIGNATURE,[],True,105
forged_signature,False,False,BAD_SIGNATURE,[],True,106
forged_signature,False,False,BAD_SIGNATURE,[],True,107
forged_signature,False,False,BAD_SIGNATURE,[],True,108
forged_signature,False,False,BAD_SIGNATURE,[],True,109
forged_signature,False,False,BAD_SIGNATURE,[],True,110
forged_signature,False,False,BAD_SIGNATURE,[],True,111
forged_signature,False,False,BAD_SIGNATURE,[],True,112
forged_signature,False,False,BAD_SIGNATURE,[],True,113
forged_signature,False,False,BAD_SIGNATURE,[],True,114
forged_signature,False,False,BAD_SIGNATURE,[],True,115
forged_signature,False,False,BAD_SIGNATURE,[],True,116
forged_signature,False,False,BAD_SIGNATURE,[],True,117
forged_signature,False,False,BAD_SIGNATURE,[],True,118
forged_signature,False,False,BAD_SIGNATURE,[],True,119
forged_signature,False,False,BAD_SIGNATURE,[],True,120
forged_signature,False,False,BAD_SIGNATURE,[],True,121
forged_signature,False,False,BAD_SIGNATURE,[],True,122
forged_signature,False,False,BAD_SIGNATURE,[],True,123
forged_signature,False,False,BAD_SIGNATURE,[],True,124
forged_signature,False,False,BAD_SIGNATURE,[],True,125
forged_signature,False,False,BAD_SIGNATURE,[],True,126
forged_signature,False,False,BAD_SIGNATURE,[],True,127
forged_signature,False,False,BAD_SIGNATURE,[],True,128
forged_signature,False,False,BAD_SIGNATURE,[],True,129
forged_signature,False,False,BAD_SIGNATURE,[],True,130
forged_signature,False,False,BAD_SIGNATURE,[],True,131
forged_signature,False,False,BAD_SIGNATURE,[],True,132
forged_signature,False,False,BAD_SIGNATURE,[],True,133
forged_signature,False,False,BAD_SIGNATURE,[],True,134
forged_signature,False,False,BAD_SIGNATURE,[],True,135
forged_signature,False,False,BAD_SIGNATURE,[],True,136
forged_signature,False,False,BAD_SIGNATURE,[],True,137
forged_signature,False,False,BAD_SIGNATURE,[],True,138
forged_signature,False,False,BAD_SIGNATURE,[],True,139
forged_signature,False,False,BAD_SIGNATURE,[],True,140
forged_signature,False,False,BAD_SIGNATURE,[],True,141
forged_signature,False,False,BAD_SIGNATURE,[],True,142
forged_signature,False,False,BAD_SIGNATURE,[],True,143
forged_signature,False,False,BAD_SIGNATURE,[],True,144
forged_signature,False,False,BAD_SIGNATURE,[],True,145
forged_signature,False,False,BAD_SIGNATURE,[],True,146
forged_signature,False,False,BAD_SIGNATURE,[],True,147
forged_signature,False,False,BAD_SIGNATURE,[],True,148
forged_signature,False,False,BAD_SIGNATURE,[],True,149
forged_signature,False,False,BAD_SIGNATURE,[],True,150
forged_signature,False,False,BAD_SIGNATURE,[],True,151
forged_signature,False,False,BAD_SIGNATURE,[],True,152
forged_signature,False,False,BAD_SIGNATURE,[],True,153
forged_signature,False,False,BAD_SIGNATURE,[],True,154
forged_signature,False,False,BAD_SIGNATURE,[],True,155
forged_signature,False,False,BAD_SIGNATURE,[],True,156
forged_signature,False,False,BAD_SIGNATURE,[],True,157
forged_signature,False,False,BAD_SIGNATURE,[],True,158
forged_signature,False,False,BAD_SIGNATURE,[],True,159
forged_signature,False,False,BAD_SIGNATURE,[],True,160
forged_signature,False,False,BAD_SIGNATURE,[],True,161
forged_signature,False,False,BAD_SIGNATURE,[],True,162
forged_signature,False,False,BAD_SIGNATURE,[],True,163
forged_signature,False,False,BAD_SIGNATURE,[],True,164
forged_signature,False,False,BAD_SIGNATURE,[],True,165
forged_signature,False,False,BAD_SIGNATURE,[],True,166
forged_signature,False,False,BAD_SIGNATURE,[],True,167
forged_signature,False,False,BAD_SIGNATURE,[],True,168
forged_signature,False,False,BAD_SIGNATURE,[],True,169
forged_signature,False,False,BAD_SIGNATURE,[],True,170
forged_signature,False,False,BAD_SIGNATURE,[],True,171
forged_signature,False,False,BAD_SIGNATURE,[],True,172
forged_signature,False,False,BAD_SIGNATURE,[],True,173
forged_signature,False,False,BAD_SIGNATURE,[],True,174
forged_signature,False,False,BAD_SIGNATURE,[],True,175
forged_signature,False,False,BAD_SIGNATURE,[],True,176
forged_signature,False,False,BAD_SIGNATURE,[],True,177
forged_signature,False,False,BAD_SIGNATURE,[],True,178
forged_signature,False,False,BAD_SIGNATURE,[],True,179
forged_signature,False,False,BAD_SIGNATURE,[],True,180
forged_signature,False,False,BAD_SIGNATURE,[],True,181
forged_signature,False,False,BAD_SIGNATURE,[],True,182
forged_signature,False,False,BAD_SIGNATURE,[],True,183
forged_signature,False,False,BAD_SIGNATURE,[],True,184
forged_signature,False,False,BAD_SIGNATURE,[],True,185
forged_signature,False,False,BAD_SIGNATURE,[],True,186
forged_signature,False,False,BAD_SIGNATURE,[],True,187
forged_signature,False,False,BAD_SIGNATURE,[],True,188
forged_signature,False,False,BAD_SIGNATURE,[],True,189
forged_signature,False,False,BAD_SIGNATURE,[],True,190
forged_signature,False,False,BAD_SIGNATURE,[],True,191
forged_signature,False,False,BAD_SIGNATURE,[],True,192
forged_signature,False,False,BAD_SIGNATURE,[],True,193
forged_signature,False,False,BAD_SIGNATURE,[],True,194
forged_signature,False,False,BAD_SIGNATURE,[],True,195
forged_signature,False,False,BAD_SIGNATURE,[],True,196
forged_signature,False,False,BAD_SIGNATURE,[],True,197
forged_signature,False,False,BAD_SIGNATURE,[],True,198
forged_signature,False,False,BAD_SIGNATURE,[],True,199
forged_signature,False,False,BAD_SIGNATURE,[],True,200
forged_signature,False,False,BAD_SIGNATURE,[],True,201
forged_signature,False,False,BAD_SIGNATURE,[],True,202
forged_signature,False,False,BAD_SIGNATURE,[],True,203
forged_signature,False,False,BAD_SIGNATURE,[],True,204
forged_signature,False,False,BAD_SIGNATURE,[],True,205
forged_signature,False,False,BAD_SIGNATURE,[],True,206
forged_signature,False,False,BAD_SIGNATURE,[],True,207
forged_signature,False,False,BAD_SIGNATURE,[],True,208
forged_signature,False,False,BAD_SIGNATURE,[],True,209
forged_signature,False,False,BAD_SIGNATURE,[],True,210
forged_signature,False,False,BAD_SIGNATURE,[],True,211
forged_signature,False,False,BAD_SIGNATURE,[],True,212
forged_signature,False,False,BAD_SIGNATURE,[],True,213
forged_signature,False,False,BAD_SIGNATURE,[],True,214
forged_signature,False,False,BAD_SIGNATURE,[],True,215
forged_signature,False,False,BAD_SIGNATURE,[],True,216
forged_signature,False,False,BAD_SIGNATURE,[],True,217
forged_signature,False,False,BAD_SIGNATURE,[],True,218
forged_signature,False,False,BAD_SIGNATURE,[],True,219
forged_signature,False,False,BAD_SIGNATURE,[],True,220
forged_signature,False,False,BAD_SIGNATURE,[],True,221
forged_signature,False,False,BAD_SIGNATURE,[],True,222
forged_signature,False,False,BAD_SIGNATURE,[],True,223
forged_signature,False,False,BAD_SIGNATURE,[],True,224
forged_signature,False,False,BAD_SIGNATURE,[],True,225
forged_signature,False,False,BAD_SIGNATURE,[],True,226
forged_signature,False,False,BAD_SIGNATURE,[],True,227
forged_signature,False,False,BAD_SIGNATURE,[],True,228
forged_signature,False,False,BAD_SIGNATURE,[],True,229
forged_signature,False,False,BAD_SIGNATURE,[],True,230
forged_signature,False,False,BAD_SIGNATURE,[],True,231
forged_signature,False,False,BAD_SIGNATURE,[],True,232
forged_signature,False,False,BAD_SIGNATURE,[],True,233
forged_signature,False,False,BAD_SIGNATURE,[],True,234
forged_signature,False,False,BAD_SIGNATURE,[],True,235
forged_signature,False,False,BAD_SIGNATURE,[],True,236
forged_signature,False,False,BAD_SIGNATURE,[],True,237
forged_signature,False,False,BAD_SIGNATURE,[],True,238
forged_signature,False,False,BAD_SIGNATURE,[],True,239
forged_signature,False,False,BAD_SIGNATURE,[],True,240
forged_signature,False,False,BAD_SIGNATURE,[],True,241
forged_signature,False,False,BAD_SIGNATURE,[],True,242
forged_signature,False,False,BAD_SIGNATURE,[],True,243
forged_signature,False,False,BAD_SIGNATURE,[],True,244
forged_signature,False,False,BAD_SIGNATURE,[],True,245
forged_signature,False,False,BAD_SIGNATURE,[],True,246
forged_signature,False,False,BAD_SIGNATURE,[],True,247
forged_signature,False,False,BAD_SIGNATURE,[],True,248
forged_signature,False,False,BAD_SIGNATURE,[],True,249
predicted_ids_tamper,False,False,BAD_SIGNATURE,[],True,0
predicted_ids_tamper,False,False,BAD_SIGNATURE,[],True,1
predicted_ids_tamper,False,False,BAD_SIGNATURE,[],True,2
predicted_ids_tamper,False,False,BAD_SIGNATURE,[],True,3
predicted_ids_tamper,False,False,BAD_SIGNATURE,[],True,4
predicted_ids_tamper,False,False,BAD_SIGNATURE,[],True,5
predicted_ids_tamper,False,False,BAD_SIGNATURE,[],True,6
predicted_ids_tamper,False,False,BAD_SIGNATURE,[],True,7
predicted_ids_tamper,False,False,BAD_SIGNATURE,[],True,8
predicted_ids_tamper,False,False,BAD_SIGNATURE,[],True,9
predicted_ids_tamper,False,False,BAD_SIGNATURE,[],True,10
predicted_ids_tamper,False,False,BAD_SIGNATURE,[],True,11
predicted_ids_tamper,False,False,BAD_SIGNATURE,[],True,12
predicted_ids_tamper,False,False,BAD_SIGNATURE,[],True,13
predicted_ids_tamper,False,False,BAD_SIGNATURE,[],True,14
predicted_ids_tamper,False,False,BAD_SIGNATURE,[],True,15
predicted_ids_tamper,False,False,BAD_SIGNATURE,[],True,16
predicted_ids_tamper,False,False,BAD_SIGNATURE,[],True,17
predicted_ids_tamper,False,False,BAD_SIGNATURE,[],True,18
predicted_ids_tamper,False,False,BAD_SIGNATURE,[],True,19
predicted_ids_tamper,False,False,BAD_SIGNATURE,[],True,20
predicted_ids_tamper,False,False,BAD_SIGNATURE,[],True,21
predicted_ids_tamper,False,False,BAD_SIGNATURE,[],True,22
predicted_ids_tamper,False,False,BAD_SIGNATURE,[],True,23
predicted_ids_tamper,False,False,BAD_SIGNATURE,[],True,24
predicted_ids_tamper,False,False,BAD_SIGNATURE,[],True,25
predicted_ids_tamper,False,False,BAD_SIGNATURE,[],True,26
predicted_ids_tamper,False,False,BAD_SIGNATURE,[],True,27
predicted_ids_tamper,False,False,BAD_SIGNATURE,[],True,28
predicted_ids_tamper,False,False,BAD_SIGNATURE,[],True,29
predicted_ids_tamper,False,False,BAD_SIGNATURE,[],True,30
predicted_ids_tamper,False,False,BAD_SIGNATURE,[],True,31
predicted_ids_tamper,False,False,BAD_SIGNATURE,[],True,32
predicted_ids_tamper,False,False,BAD_SIGNATURE,[],True,33
predicted_ids_tamper,False,False,BAD_SIGNATURE,[],True,34
predicted_ids_tamper,False,False,BAD_SIGNATURE,[],True,35
predicted_ids_tamper,False,False,BAD_SIGNATURE,[],True,36
predicted_ids_tamper,False,False,BAD_SIGNATURE,[],True,37
predicted_ids_tamper,False,False,BAD_SIGNATURE,[],True,38
predicted_ids_tamper,False,False,BAD_SIGNATURE,[],True,39
predicted_ids_tamper,False,False,BAD_SIGNATURE,[],True,40
predicted_ids_tamper,False,False,BAD_SIGNATURE,[],True,41
predicted_ids_tamper,False,False,BAD_SIGNATURE,[],True,42
predicted_ids_tamper,False,False,BAD_SIGNATURE,[],True,43
predicted_ids_tamper,False,False,BAD_SIGNATURE,[],True,44
predicted_ids_tamper,False,False,BAD_SIGNATURE,[],True,45
predicted_ids_tamper,False,False,BAD_SIGNATURE,[],True,46
predicted_ids_tamper,False,False,BAD_SIGNATURE,[],True,47
predicted_ids_tamper,False,False,BAD_SIGNATURE,[],True,48
predicted_ids_tamper,False,False,BAD_SIGNATURE,[],True,49
predicted_ids_tamper,False,False,BAD_SIGNATURE,[],True,50
predicted_ids_tamper,False,False,BAD_SIGNATURE,[],True,51
predicted_ids_tamper,False,False,BAD_SIGNATURE,[],True,52
predicted_ids_tamper,False,False,BAD_SIGNATURE,[],True,53
predicted_ids_tamper,False,False,BAD_SIGNATURE,[],True,54
predicted_ids_tamper,False,False,BAD_SIGNATURE,[],True,55
predicted_ids_tamper,False,False,BAD_SIGNATURE,[],True,56
predicted_ids_tamper,False,False,BAD_SIGNATURE,[],True,57
predicted_ids_tamper,False,False,BAD_SIGNATURE,[],True,58
predicted_ids_tamper,False,False,BAD_SIGNATURE,[],True,59
predicted_ids_tamper,False,False,BAD_SIGNATURE,[],True,60
predicted_ids_tamper,False,False,BAD_SIGNATURE,[],True,61
predicted_ids_tamper,False,False,BAD_SIGNATURE,[],True,62
predicted_ids_tamper,False,False,BAD_SIGNATURE,[],True,63
predicted_ids_tamper,False,False,BAD_SIGNATURE,[],True,64
predicted_ids_tamper,False,False,BAD_SIGNATURE,[],True,65
predicted_ids_tamper,False,False,BAD_SIGNATURE,[],True,66
predicted_ids_tamper,False,False,BAD_SIGNATURE,[],True,67
predicted_ids_tamper,False,False,BAD_SIGNATURE,[],True,68
predicted_ids_tamper,False,False,BAD_SIGNATURE,[],True,69
predicted_ids_tamper,False,False,BAD_SIGNATURE,[],True,70
predicted_ids_tamper,False,False,BAD_SIGNATURE,[],True,71
predicted_ids_tamper,False,False,BAD_SIGNATURE,[],True,72
predicted_ids_tamper,False,False,BAD_SIGNATURE,[],True,73
predicted_ids_tamper,False,False,BAD_SIGNATURE,[],True,74
predicted_ids_tamper,False,False,BAD_SIGNATURE,[],True,75
predicted_ids_tamper,False,False,BAD_SIGNATURE,[],True,76
predicted_ids_tamper,False,False,BAD_SIGNATURE,[],True,77
predicted_ids_tamper,False,False,BAD_SIGNATURE,[],True,78
predicted_ids_tamper,False,False,BAD_SIGNATURE,[],True,79
predicted_ids_tamper,False,False,BAD_SIGNATURE,[],True,80
predicted_ids_tamper,False,False,BAD_SIGNATURE,[],True,81
predicted_ids_tamper,False,False,BAD_SIGNATURE,[],True,82
predicted_ids_tamper,False,False,BAD_SIGNATURE,[],True,83
predicted_ids_tamper,False,False,BAD_SIGNATURE,[],True,84
predicted_ids_tamper,False,False,BAD_SIGNATURE,[],True,85
predicted_ids_tamper,False,False,BAD_SIGNATURE,[],True,86
predicted_ids_tamper,False,False,BAD_SIGNATURE,[],True,87
predicted_ids_tamper,False,False,BAD_SIGNATURE,[],True,88
predicted_ids_tamper,False,False,BAD_SIGNATURE,[],True,89
predicted_ids_tamper,False,False,BAD_SIGNATURE,[],True,90
predicted_ids_tamper,False,False,BAD_SIGNATURE,[],True,91
predicted_ids_tamper,False,False,BAD_SIGNATURE,[],True,92
predicted_ids_tamper,False,False,BAD_SIGNATURE,[],True,93
predicted_ids_tamper,False,False,BAD_SIGNATURE,[],True,94
predicted_ids_tamper,False,False,BAD_SIGNATURE,[],True,95
predicted_ids_tamper,False,False,BAD_SIGNATURE,[],True,96
predicted_ids_tamper,False,False,BAD_SIGNATURE,[],True,97
predicted_ids_tamper,False,False,BAD_SIGNATURE,[],True,98
predicted_ids_tamper,False,False,BAD_SIGNATURE,[],True,99
predicted_ids_tamper,False,False,BAD_SIGNATURE,[],True,100
predicted_ids_tamper,False,False,BAD_SIGNATURE,[],True,101
predicted_ids_tamper,False,False,BAD_SIGNATURE,[],True,102
predicted_ids_tamper,False,False,BAD_SIGNATURE,[],True,103
predicted_ids_tamper,False,False,BAD_SIGNATURE,[],True,104
predicted_ids_tamper,False,False,BAD_SIGNATURE,[],True,105
predicted_ids_tamper,False,False,BAD_SIGNATURE,[],True,106
predicted_ids_tamper,False,False,BAD_SIGNATURE,[],True,107
predicted_ids_tamper,False,False,BAD_SIGNATURE,[],True,108
predicted_ids_tamper,False,False,BAD_SIGNATURE,[],True,109
predicted_ids_tamper,False,False,BAD_SIGNATURE,[],True,110
predicted_ids_tamper,False,False,BAD_SIGNATURE,[],True,111
predicted_ids_tamper,False,False,BAD_SIGNATURE,[],True,112
predicted_ids_tamper,False,False,BAD_SIGNATURE,[],True,113
predicted_ids_tamper,False,False,BAD_SIGNATURE,[],True,114
predicted_ids_tamper,False,False,BAD_SIGNATURE,[],True,115
predicted_ids_tamper,False,False,BAD_SIGNATURE,[],True,116
predicted_ids_tamper,False,False,BAD_SIGNATURE,[],True,117
predicted_ids_tamper,False,False,BAD_SIGNATURE,[],True,118
predicted_ids_tamper,False,False,BAD_SIGNATURE,[],True,119
predicted_ids_tamper,False,False,BAD_SIGNATURE,[],True,120
predicted_ids_tamper,False,False,BAD_SIGNATURE,[],True,121
predicted_ids_tamper,False,False,BAD_SIGNATURE,[],True,122
predicted_ids_tamper,False,False,BAD_SIGNATURE,[],True,123
predicted_ids_tamper,False,False,BAD_SIGNATURE,[],True,124
predicted_ids_tamper,False,False,BAD_SIGNATURE,[],True,125
predicted_ids_tamper,False,False,BAD_SIGNATURE,[],True,126
predicted_ids_tamper,False,False,BAD_SIGNATURE,[],True,127
predicted_ids_tamper,False,False,BAD_SIGNATURE,[],True,128
predicted_ids_tamper,False,False,BAD_SIGNATURE,[],True,129
predicted_ids_tamper,False,False,BAD_SIGNATURE,[],True,130
predicted_ids_tamper,False,False,BAD_SIGNATURE,[],True,131
predicted_ids_tamper,False,False,BAD_SIGNATURE,[],True,132
predicted_ids_tamper,False,False,BAD_SIGNATURE,[],True,133
predicted_ids_tamper,False,False,BAD_SIGNATURE,[],True,134
predicted_ids_tamper,False,False,BAD_SIGNATURE,[],True,135
predicted_ids_tamper,False,False,BAD_SIGNATURE,[],True,136
predicted_ids_tamper,False,False,BAD_SIGNATURE,[],True,137
predicted_ids_tamper,False,False,BAD_SIGNATURE,[],True,138
predicted_ids_tamper,False,False,BAD_SIGNATURE,[],True,139
predicted_ids_tamper,False,False,BAD_SIGNATURE,[],True,140
predicted_ids_tamper,False,False,BAD_SIGNATURE,[],True,141
predicted_ids_tamper,False,False,BAD_SIGNATURE,[],True,142
predicted_ids_tamper,False,False,BAD_SIGNATURE,[],True,143
predicted_ids_tamper,False,False,BAD_SIGNATURE,[],True,144
predicted_ids_tamper,False,False,BAD_SIGNATURE,[],True,145
predicted_ids_tamper,False,False,BAD_SIGNATURE,[],True,146
predicted_ids_tamper,False,False,BAD_SIGNATURE,[],True,147
predicted_ids_tamper,False,False,BAD_SIGNATURE,[],True,148
predicted_ids_tamper,False,False,BAD_SIGNATURE,[],True,149
predicted_ids_tamper,False,False,BAD_SIGNATURE,[],True,150
predicted_ids_tamper,False,False,BAD_SIGNATURE,[],True,151
predicted_ids_tamper,False,False,BAD_SIGNATURE,[],True,152
predicted_ids_tamper,False,False,BAD_SIGNATURE,[],True,153
predicted_ids_tamper,False,False,BAD_SIGNATURE,[],True,154
predicted_ids_tamper,False,False,BAD_SIGNATURE,[],True,155
predicted_ids_tamper,False,False,BAD_SIGNATURE,[],True,156
predicted_ids_tamper,False,False,BAD_SIGNATURE,[],True,157
predicted_ids_tamper,False,False,BAD_SIGNATURE,[],True,158
predicted_ids_tamper,False,False,BAD_SIGNATURE,[],True,159
predicted_ids_tamper,False,False,BAD_SIGNATURE,[],True,160
predicted_ids_tamper,False,False,BAD_SIGNATURE,[],True,161
predicted_ids_tamper,False,False,BAD_SIGNATURE,[],True,162
predicted_ids_tamper,False,False,BAD_SIGNATURE,[],True,163
predicted_ids_tamper,False,False,BAD_SIGNATURE,[],True,164
predicted_ids_tamper,False,False,BAD_SIGNATURE,[],True,165
predicted_ids_tamper,False,False,BAD_SIGNATURE,[],True,166
predicted_ids_tamper,False,False,BAD_SIGNATURE,[],True,167
predicted_ids_tamper,False,False,BAD_SIGNATURE,[],True,168
predicted_ids_tamper,False,False,BAD_SIGNATURE,[],True,169
predicted_ids_tamper,False,False,BAD_SIGNATURE,[],True,170
predicted_ids_tamper,False,False,BAD_SIGNATURE,[],True,171
predicted_ids_tamper,False,False,BAD_SIGNATURE,[],True,172
predicted_ids_tamper,False,False,BAD_SIGNATURE,[],True,173
predicted_ids_tamper,False,False,BAD_SIGNATURE,[],True,174
predicted_ids_tamper,False,False,BAD_SIGNATURE,[],True,175
predicted_ids_tamper,False,False,BAD_SIGNATURE,[],True,176
predicted_ids_tamper,False,False,BAD_SIGNATURE,[],True,177
predicted_ids_tamper,False,False,BAD_SIGNATURE,[],True,178
predicted_ids_tamper,False,False,BAD_SIGNATURE,[],True,179
predicted_ids_tamper,False,False,BAD_SIGNATURE,[],True,180
predicted_ids_tamper,False,False,BAD_SIGNATURE,[],True,181
predicted_ids_tamper,False,False,BAD_SIGNATURE,[],True,182
predicted_ids_tamper,False,False,BAD_SIGNATURE,[],True,183
predicted_ids_tamper,False,False,BAD_SIGNATURE,[],True,184
predicted_ids_tamper,False,False,BAD_SIGNATURE,[],True,185
predicted_ids_tamper,False,False,BAD_SIGNATURE,[],True,186
predicted_ids_tamper,False,False,BAD_SIGNATURE,[],True,187
predicted_ids_tamper,False,False,BAD_SIGNATURE,[],True,188
predicted_ids_tamper,False,False,BAD_SIGNATURE,[],True,189
predicted_ids_tamper,False,False,BAD_SIGNATURE,[],True,190
predicted_ids_tamper,False,False,BAD_SIGNATURE,[],True,191
predicted_ids_tamper,False,False,BAD_SIGNATURE,[],True,192
predicted_ids_tamper,False,False,BAD_SIGNATURE,[],True,193
predicted_ids_tamper,False,False,BAD_SIGNATURE,[],True,194
predicted_ids_tamper,False,False,BAD_SIGNATURE,[],True,195
predicted_ids_tamper,False,False,BAD_SIGNATURE,[],True,196
predicted_ids_tamper,False,False,BAD_SIGNATURE,[],True,197
predicted_ids_tamper,False,False,BAD_SIGNATURE,[],True,198
predicted_ids_tamper,False,False,BAD_SIGNATURE,[],True,199
predicted_ids_tamper,False,False,BAD_SIGNATURE,[],True,200
predicted_ids_tamper,False,False,BAD_SIGNATURE,[],True,201
predicted_ids_tamper,False,False,BAD_SIGNATURE,[],True,202
predicted_ids_tamper,False,False,BAD_SIGNATURE,[],True,203
predicted_ids_tamper,False,False,BAD_SIGNATURE,[],True,204
predicted_ids_tamper,False,False,BAD_SIGNATURE,[],True,205
predicted_ids_tamper,False,False,BAD_SIGNATURE,[],True,206
predicted_ids_tamper,False,False,BAD_SIGNATURE,[],True,207
predicted_ids_tamper,False,False,BAD_SIGNATURE,[],True,208
predicted_ids_tamper,False,False,BAD_SIGNATURE,[],True,209
predicted_ids_tamper,False,False,BAD_SIGNATURE,[],True,210
predicted_ids_tamper,False,False,BAD_SIGNATURE,[],True,211
predicted_ids_tamper,False,False,BAD_SIGNATURE,[],True,212
predicted_ids_tamper,False,False,BAD_SIGNATURE,[],True,213
predicted_ids_tamper,False,False,BAD_SIGNATURE,[],True,214
predicted_ids_tamper,False,False,BAD_SIGNATURE,[],True,215
predicted_ids_tamper,False,False,BAD_SIGNATURE,[],True,216
predicted_ids_tamper,False,False,BAD_SIGNATURE,[],True,217
predicted_ids_tamper,False,False,BAD_SIGNATURE,[],True,218
predicted_ids_tamper,False,False,BAD_SIGNATURE,[],True,219
predicted_ids_tamper,False,False,BAD_SIGNATURE,[],True,220
predicted_ids_tamper,False,False,BAD_SIGNATURE,[],True,221
predicted_ids_tamper,False,False,BAD_SIGNATURE,[],True,222
predicted_ids_tamper,False,False,BAD_SIGNATURE,[],True,223
predicted_ids_tamper,False,False,BAD_SIGNATURE,[],True,224
predicted_ids_tamper,False,False,BAD_SIGNATURE,[],True,225
predicted_ids_tamper,False,False,BAD_SIGNATURE,[],True,226
predicted_ids_tamper,False,False,BAD_SIGNATURE,[],True,227
predicted_ids_tamper,False,False,BAD_SIGNATURE,[],True,228
predicted_ids_tamper,False,False,BAD_SIGNATURE,[],True,229
predicted_ids_tamper,False,False,BAD_SIGNATURE,[],True,230
predicted_ids_tamper,False,False,BAD_SIGNATURE,[],True,231
predicted_ids_tamper,False,False,BAD_SIGNATURE,[],True,232
predicted_ids_tamper,False,False,BAD_SIGNATURE,[],True,233
predicted_ids_tamper,False,False,BAD_SIGNATURE,[],True,234
predicted_ids_tamper,False,False,BAD_SIGNATURE,[],True,235
predicted_ids_tamper,False,False,BAD_SIGNATURE,[],True,236
predicted_ids_tamper,False,False,BAD_SIGNATURE,[],True,237
predicted_ids_tamper,False,False,BAD_SIGNATURE,[],True,238
predicted_ids_tamper,False,False,BAD_SIGNATURE,[],True,239
predicted_ids_tamper,False,False,BAD_SIGNATURE,[],True,240
predicted_ids_tamper,False,False,BAD_SIGNATURE,[],True,241
predicted_ids_tamper,False,False,BAD_SIGNATURE,[],True,242
predicted_ids_tamper,False,False,BAD_SIGNATURE,[],True,243
predicted_ids_tamper,False,False,BAD_SIGNATURE,[],True,244
predicted_ids_tamper,False,False,BAD_SIGNATURE,[],True,245
predicted_ids_tamper,False,False,BAD_SIGNATURE,[],True,246
predicted_ids_tamper,False,False,BAD_SIGNATURE,[],True,247
predicted_ids_tamper,False,False,BAD_SIGNATURE,[],True,248
predicted_ids_tamper,False,False,BAD_SIGNATURE,[],True,249
