attack,rep,committed,reason,expected_commit,pass,state_hash,args_hash
valid,0,True,OK,True,True,d6749670b51c003d6c000464803f4d3c01ba0147ee860aebcb90cbcebd5f09e3,e960422a1fa33d1b64b784cafc99214c6572ef4573c84fe71c63ec0dc1b3e711
valid,1,True,OK,True,True,fa908ce267c3de65a421d4a4bb7f09be5598c62bac6e568a1c33e19060fb463e,4d286d3ff38371176bb40da003755879db3dfda10acddf39475a679ee3f8446b
valid,2,True,OK,True,True,ada7b508a3f766a2e68f4e8821c32e84d51600ad27262714d9e5352644282f78,87443158397583179ecfe9a3df8c4f3b7cef42e1718bd287d2539fa78e9f1161
valid,3,True,OK,True,True,df76e13d2438344ddb791ea97fa3899e5b5f096028c3d802a344be9763bb13f5,cc3a6f40c09287e24ccd5cf818db6a257d83cd0b12c8c7018ffed804b58fd25d
valid,4,True,OK,True,True,05fb963b2b540dbc608849094a6ffc52605a0882d801bda30ecf8385eadb190c,3043b57df28677f1057f7bfd7d4c97d16182af762148f86d32bf8c3b8ff748f0
valid,5,True,OK,True,True,a87f07491117191a0d9828e878b48714dd7d228bd60d6c5718cbc5c8858c7a8e,b691398a3fdf83b53da9a4e8c9026b14f7a5a085bbf59972df926fe977ceda8d
valid,6,True,OK,True,True,cac831bba9687252fb5d69e855c797a9aa43484de415a5340081d3da34c6a613,9ac80eec4c8b8c1bb91feeea08dcfed133aede7b27c4886a7a700752d97a62a5
valid,7,True,OK,True,True,2fc60df54a90a55c33dc225d6620182828e1c29f95a2c331a0b3cc1fe54f9fcb,260450a111c5cfa5071f8a11ab22badc34f0b2008384ab28fb2ffad96c484c03
valid,8,True,OK,True,True,b6b76f45bcc4394a4e590a7dcbce1d9302c34d53cfbefb8b327d12807dfd78bd,89234c761dc8cdc62a256ccf04f38007aac8ddeb6a28190dd3047c070837619e
valid,9,True,OK,True,True,09de484bfcb0fc8e8a3bd93eafafaa212ecbd2c6b74c618fc15b85924612cf78,e56be0e29395696ebee57f4c3f083dbc9282708cc2251157860ef73af42d11a7
valid,10,True,OK,True,True,6393437c41884696718ad5e39d1f6590e8c6d23c13d2172dc8cbf1ad9547fa98,76b2004eeb637ecc76fa36ebb16c502b1690dcf1da225c990b5a3d1aee0c5d6e
valid,11,True,OK,True,True,4d527a3cfce9126db6c19cfad31b2bfe4f121aeafdd9bd6c73b4ae063ea8e627,e67586c23c3ce46c706204a873934f3102c960dbb94bf07f1fc83c28ee08b203
valid,12,True,OK,True,True,999f6388ea30c2fb5a891c8646101f8b4b1f13a8fb3893667ef887283ebddaf2,8a6abf281e5432aad2108cf2fd6bd6143caee659587997fc24157e2553b84b87
valid,13,True,OK,True,True,e008b2eff31ed19d8a36c01e78f00461500d709dd47d204cef67c67b60748a65,564df9668c0a976732893ddcbfd1995df5c0aa3bbcfb9d26c50644c30c5e9640
valid,14,True,OK,True,True,8d0f623cb38361473f9766c391fb620841f19aa81aa74f5e963e3e49b6a7ed77,4d95e7e6c6ab688e503785dec9ec3c8336d6eccf888637e9f4a1d928ce88f350
valid,15,True,OK,True,True,acf50eefcd59caae84606fd35d6d058a229f0d1b5d0e9955380ebb22e544cd89,d4b72a2085f84d152d36d3adaa81512de2de2f8443ef83ff72aba9441bf5aec1
valid,16,True,OK,True,True,ccc4f4bdf9c4e8f51b480a4748bbde5b44187c66dac084007795c815bc710ea3,5f75df63d4afdc00adb07f11a01b85f2d0d4b22531d193e89f71be5430caf13b
valid,17,True,OK,True,True,c5c3a6009fcdd4ef4698e6e83a29d551d8ae67103f4ec654d16a40477c6ec299,a5b0c176e1e60163c2c0f7f5121dfc99ba842e88dbb35c442c4e3e0b18582d5f
valid,18,True,OK,True,True,ccdcd3cea3774090465a0d4e8c81635a47ced3d29b245f46a03732141fdc845b,7e30dd3bcf36c30646c382e2317acc3a2cb63300d86d484a2eeabce8b2426580
valid,19,True,OK,True,True,a357361c72c1e116a86dd72e6ad96cce4a552b7f44de47537a3c6d89910cace8,af4ad6f8eeda44674fc9c6c2d18ff8bc3373f93950c80c7f53c30e46dcdfaf02
valid,20,True,OK,True,True,fcc6b3883aa1f09c5709ba3fbfb10f61cbb5656808d4fa4811c062ec01c4ef35,164b40a041a09f15d84b689c7afb97a8a36e8d50c97605085f73d120b90a504d
valid,21,True,OK,True,True,d23457c652b17270d3a88952c7f04b652806dd91192ef66f3d6294c1f12a3522,cc30961fc44dcfdb64bcd876b48c6ceb6fae7ccc7348c7e4bde4fadb70a360bd
valid,22,True,OK,True,True,03d15b208fa2704ec16c4825c5cd9e0f92fa48484cbf29d92c5e08208c3b6768,13900b779c1e48cf2a1e796f1a0ec0f176f733a9611101a5cd30e30f436c52fe
valid,23,True,OK,True,True,91f3c9eae91ca8bbdf8bef7cb9e27e707b9d4d797b912f37fa07628af8eb7d66,8d1eed17d75428759092c58c5d6457f77823fb052ee028b8d09e3de2288082a4
valid,24,True,OK,True,True,b0f6377b4d973c599361d6308ad870592de5bd16fabab2bed1906b01281a38aa,37dbe2a2adf98b9f51e7f240641384e6af94667dc476730990fd4c7b59b17fc2
valid,25,True,OK,True,True,3212daf2f54fe51834948e7e73a5b25778883aa488b82203ebc5774f7490d64b,35ff35079083d8544e67a544f1ca187ff1a6b1a6c1001fcf77349a91f5873d6c
valid,26,True,OK,True,True,7458813d0bc2565f2a35b32faf5f51ccb07a9f6729ef16f2e65d5db0c9a92ffb,0836f42be13ec9b52f849d9ef3de707b6627c2f42f17918e35fb17709bcfac0d
valid,27,True,OK,True,True,3d429c29c2cc2d1a068fdae1f5b0399a02b24eea949cc10c1d533fbbfdf99ffc,a606e04c6ce8fac32bc5824efb3c949b03c506e82761241b05554a863620c666
valid,28,True,OK,True,True,21a42133a6fcaeac956161b286be01e48d23c13b6d314a6976d13e660515d98a,5916cf0f237bb2f5407d85424cd068501592eeffd4aef75772a28530ad7542a6
valid,29,True,OK,True,True,1358e95b452213ee65cf3c5e82dfe6dae3f1042d47d9f391954034ba2c0376e9,a9d086ebf60f10eb3ff1f55db830fca72a2497bfedade356e152fb368fe93238
valid,30,True,OK,True,True,3557731fcb5a0f79f9efe65f469335a9d6a82f78ca2f4f9a2587c93c3b5e4cac,971b668dd28751a6c0cf99a8d4fe7a1de83bd8a93c8b0439e92c29f30232df60
valid,31,True,OK,True,True,b0fd9660bdbe2b59eb0ac675823ff1fc09e0033b5bee010c7d10239c687285d8,7646c9d9ede0a55d20ec452a49735dbe5fee09dddd460ab0e23ebe0f90130b1d
valid,32,True,OK,True,True,f8f9dca775ababbeec7be99a5b3f94d436f4587e8c218a189f0b4eb5cd54b96e,a9d72af18ffbf26dc241e5d7bdae9d72ccab6e6802e18cb36360dc0bfa70a297
valid,33,True,OK,True,True,f02aaf8a6f8f47877798faec18a0db4401d8ebdcb318294bcb61d4bfc04e99bb,4c176bd783c3240f0bcf984f725a30d510980ecd71cb225e9e2782fcd45a5560
valid,34,True,OK,True,True,db13a9284b9d7c62030bc460f58cbd1303370e68e1bbf43e00f3234ca553d471,e560b5f8393bf050d9b8421ba9de793eaa8ce7f71c7398f4415e24c02d352cec
valid,35,True,OK,True,True,930f441f263407f391271fb573ba4addb2b3f4219877a81a8461dc1d60e18e67,5c1ba8ac612933aa8f773b3b5d1a92c1b92a829c7fa26a8203f5addaa2728781
valid,36,True,OK,True,True,371896d05d3c9bd0ab73f0023accc46182f93fa6f9c55c7ef842c9efed9ebbdc,c0b7a48f50d2f6302ffe95ff60758af664f5fe4a555e9cb25b15caba5afc34cd
valid,37,True,OK,True,True,12f8b073f1626e63dca6589ee083121ddb2152cea5e40f4e771caea2d97826db,37fe5aee0deb37dab1ed6a19b9ed0980d75bf6456ea00e03c19d9dd93f9ffe47
valid,38,True,OK,True,True,a6a6a16249c21687781ae048081a026ceef8204d550f0d366f2e689840d94dae,0b1a1367ed9561579a1144de7cb5860a26b085729e634be9717c19e5a6fe543a
valid,39,True,OK,True,True,e6944e1cdac8ad5d00fa1b34045154b13a34c78bd5736f5385c86dcf2c21536c,994bba55137a7db462480ec145d05d0a36d5ca4d3799d1c350cb2406c2a85465
valid,40,True,OK,True,True,fdbb257d585c99208c9dc507c5ec81d755d167c8685aed9a00422666dfe56bf6,e1ffeaf8fc2f2706b6a493dba3b0edb45dbdcfc1c3d7d63a15ff8f565d169d2b
valid,41,True,OK,True,True,d8c8cdb3498de3395b1dd7abceba052487d8f415294b03878b60f5ba1b29164f,4ef942c52728b1d304690b7ef8f1f88eb19f584304d76e1ef90e32c252574673
valid,42,True,OK,True,True,6cc737cebb425bfb387698c60b6bd17b6badb8a08fcac97c042e78df6de09590,a8cbcce6a711bab754d81a74efffaf2190f9e4a7cc2cff21b0e9eec14fa6a783
valid,43,True,OK,True,True,7dec8b4ff76800f4df9452a8fc0c9a9c9d473c6a3b9598ae5b07b9a520b47399,57c6b859c718dcfbc5e133164a0efc8bcfae42a4713e365d072582c867fc7c0e
valid,44,True,OK,True,True,04d16fd778aecec2408b96f0eec338df15248aeb73981228cfc1b370cae6003c,82e198fc53b5ff153e7d334ee320c89fc24c5bb41f6f77f82b39016496ec2842
valid,45,True,OK,True,True,5199f894f77ae69698e70d711c4f960c6a9b63eba0f1452b87b580d486ab88ef,dc95fdeee85e689ff1bfc26b0e419421e0747c7bee3ba8fb45aaab3436e2c264
valid,46,True,OK,True,True,567d60f1cc88e86066bfe3cea9f3393e7f155a49f358ea0d457c00c74dc5aeca,219df0884e672c08ea5d93417df1ada30794c2fd161e5a665e4e6471355fe531
valid,47,True,OK,True,True,24976886d6e1269191106cd16add2ec6219ca5b05e8e5f3c2758dd2c9b1f9f40,16ace5c0df35c14a5dcd90d5ece105bcc72dfc4763cf65137c3931e0126a8ba3
valid,48,True,OK,True,True,b9c15b68520948db67dc9c891a07d48f8d9be25931ff4ee411f5cb1fdd868cf9,54932779a38f4564262c9eb1bdd0f6ddaa9520b52cf82b795913f41b19775b12
valid,49,True,OK,True,True,93c8e6ea75907c1cfedc6dce694d1e0ea71ab8560c2d198f5bd23f7232c6b46e,36c308289a261b2de71c16af7c1a0398e7d7085fde57e1c118a290be0dd5d31f
valid,50,True,OK,True,True,4c5b99f39760d9e5f21f99df29038cded05cc36e0def9cf74f92becdab01ab5c,e7b69454bd8bbfc65b47b2138be9a92c85d561de18795b1c1ab916449d04b332
valid,51,True,OK,True,True,6811e056b6b8545a4698a6b1f3fd40b6e25c86c47279de7a8685b1b82976a086,f6b64a8a48c35206c061570d420fdfa260224bdfa6616a60341ed9255c250318
valid,52,True,OK,True,True,9c7e3057d2640a970cd717f489a517eb26a93d5e3185b0452137f306c1b2653e,eb51032e319ea3d7073965b5b7d418ed17bd51dd04bd27b407afded25373dad3
valid,53,True,OK,True,True,fce51ef3dd3a3c69fa605895a9c1fe0ee081058dc6645fa8e5ebacb6c5b76a73,dc634831fbeaa3651da01eef1f8458cc45b909722553916e57afb9df558c1055
valid,54,True,OK,True,True,54ca09dd179c142020abad6822eb69afbebf29b5c3748ab99b29ba19eb4ddde6,d51dc1ccf754385c8a79a2a7bf4cff3f7be04da4765f74a9354985c963f6d46d
valid,55,True,OK,True,True,059d033f46ce8dfb7c4b7fc4151135ea615d817334185fd181d783cbc6e3beeb,b5a27b4eed63d9828a593720349b345d036684826243c04b945e9cf4167cddbc
valid,56,True,OK,True,True,a8a06f3d6386fb784dac646d1dea880f83ad75daafe7c22a56679d53cae865b4,436c52c276cc6317d424780c751978bfc14297c266feb1443eff0b82c039210c
valid,57,True,OK,True,True,29cb655c0aa523f070e8689908e73e7722d2d88d407ae8b929bae95e53f61e7d,80caea434258b69d3f93878c5d5b6c46b73534a6eeff975c0aa3e432e5b29b3a
valid,58,True,OK,True,True,8942686f64689c735af027d72bd8a74d6d71a1f60fe1e9e2df8397c014f21422,b30d230e721a8c04c9a55a644b551df37a2d6dfb73e630f0748da9e33b1cf593
valid,59,True,OK,True,True,b3eaae642a755cca3335a02903cbc14b3e58edcd5871fed4b2feddac94007390,01da402f5dfa1bbbbc4fef9a4f2752fb74655ee20d45a86f1f8a210952ee5fd1
valid,60,True,OK,True,True,5a28e7ca9b30ba4a63f4a86aa7840dc45581c77d480cfa50cd3e4408a4e22d2f,99d50eac1b81f58e8da39636cb5cffd927ff73e51de72f6525de04b31b9ad06f
valid,61,True,OK,True,True,3770005697df2f4a21e5e97398dd86885a706b83c9ea9492b286133ffa4e513c,2a30a6aeefcb29034b0861d77a125935c6a5bee33a43340a51bb206cb71401c5
valid,62,True,OK,True,True,4740c3baec753a66d406b2e959edcb25d6651f7eb64646049997636306d20a35,37711575d91d59d81ef9e54e9980f64890f478e858f99430ae2a345b5f8728bb
valid,63,True,OK,True,True,bf24b9f46a5000939b412bb24b609b22b16a2e5bab52db81e9485c2b66bc7c2b,864ddb1453f69f5f90dbe79514cf29194bcb2a392e9fc464baf9bd0b5c21bc86
valid,64,True,OK,True,True,7727e5af62bb211406ebac11cf0eb99a76a5eb6e280301f3ade6825e430d8a95,f88df8b3ec3644bc6da13b74d2d0baf033a84754a0aec9b40255e3d44111ec4c
valid,65,True,OK,True,True,2edcf1d5b0084bfb8bc44982b05e66f14845ccefa581124c391d2156f650e3f3,a599cad86839417e4841e017b81b688f5502f1d2b6d89c08e824ff3b8ed6a7e3
valid,66,True,OK,True,True,6441f0ce321e63231c0b89208cf416593e1fb69392db6d12f86274dac49cd6c5,24b7895fb5500c366ae9d6c0c62fb96ebd46852db8477c1a840d6940397056e2
valid,67,True,OK,True,True,c5a1fe9a62d6a86f1c21fd40186481199f2ec461286f500adf5f99b5320bb005,9c612d574ec1c88366f664eaa27e0c059d7d769b0638e730d2c25f98e945252b
valid,68,True,OK,True,True,13f7ee0678c5947a6fe42f4cdc5be54ce49d285c5fb96e6ff49d2b709c566617,6f74a4be05d3de24bafc26bc1449ffb1b1189755cd9e7acb6fce53b78c9a35ab
valid,69,True,OK,True,True,65e98d0161ec73f445f680efed20f3c71aaf772b7973c1a7f119fe7700064f44,1a1e1c05f4151e200cc4688caf1a80aecf7eccdd568177964d7219bbdc91556a
valid,70,True,OK,True,True,ac7876da29da2adc6e8dba4d63139dae543fde38aad3675c3063c75e41d61dc4,24cace3bbc040f5d9a9584a9b462645f0e5163440fa5ea2bc0bf86971310974e
valid,71,True,OK,True,True,0c4a33d179257bbe618980f8d27e53d051476da098b224194b81a8d1965ddc0c,e9d18ca91e4752d28594ebdbb15016ca612d882d866436f0903222a37e8229a5
valid,72,True,OK,True,True,1bd34446e7594526ca86c449fed35577a5d64c6c1e65bad15144cbc5c37ed91e,a34eec9ea94aa9c9cdde0ee0118757ae13742e54ab633fe6126551966b53f783
valid,73,True,OK,True,True,547d53e9924d54b411e5adfa417c880552004f84d0d0c76bbef855e38b27d684,37e9bed57fdbc5cdba97a2f097e34cf503eda864fa4c6b93c04b8062a5dd7aa2
valid,74,True,OK,True,True,341411bd25f59acef51ecdd834bbb873e62fe3c06a9d53dd0bf19cdace3c6e37,5b853c9ae4bbb61a95446926ec849a91cc743444521b1bf0cb76d5590b71cdbd
valid,75,True,OK,True,True,b44b77d235a93907caed6cbffb6330a08c168299a3167f5c6f140df98e9bf1b3,abbb857dbc9bd09eefb529ef5f23b8f49ce07fb0114c499650d24d33270511ec
valid,76,True,OK,True,True,4f45fec824cd1772559a339f9285208a9090158124c00a25d57195ad0935e589,e1014ded3bce19d0d6bbc349d83dce1e3386d4d4fd46b1c17b733b686000162b
valid,77,True,OK,True,True,7add84ea5f493556cfb351b2920ed23bd04041bfa8dd62fd7d6cbe8c0ee258dd,cb48cbdf966ca054b1fdab190ba8d71a27422200d5f698e641e0f90c1acd8c2c
valid,78,True,OK,True,True,d50303bb0483866ae60e285e3add346b0c050bfbc36ef8b22966b4e5b94abf90,4b31bd35fb1e6e908aa709cb501dec7adea76369a07f11a1346e2b5c46926431
valid,79,True,OK,True,True,f6f79cc118abbe2893ca4235291ccbf1ad551a3a8c9e78c82a1d5085672fbe7a,fd4895fd02941465eef8bf5b8d9e7edfb0da2e0a2feaf4a57c8bd44e16c6d561
valid,80,True,OK,True,True,d05beb086800aa76d4d5583f2c9f10a7907e2eeb90208a68c1a54490d50ff648,b040fbc72f2fdd61eb0328a6f8e425ded7ea565948152e39e49b985566766492
valid,81,True,OK,True,True,168e478459fee93ade66d9db003b19bd8ef10672d2b802d02e34e9a30150895c,c336f9246fbd691c209eee88698db8911486be61eccdcf742017ca9f8b03e7d9
valid,82,True,OK,True,True,fad6e29841b34ace4f0024b031a072bebdf67fa6f1f26a5de4d2bdce471a85aa,e15e65a3152ebc6c0147e36e835a9f766d1ecfb9b3eea20620fd28603d64f263
valid,83,True,OK,True,True,8b802f145d9b9e53751b754068b2e4a6c281d663fa33491efaa3bec324c2cf0c,2f7d055eda03b9ce4aab56d570e3cd68eff3808a1a4bfe8c8fcb97c00682ed64
valid,84,True,OK,True,True,7e60c9184ac6ca88bed679fcf3e735d2cce5dc7474e4c456ca48fa36df9170bb,a29c4fa42dcb98efec2a4014cfa56e3e34b315a0ac5cb6c58b76c388552c6615
valid,85,True,OK,True,True,75a57c60bc84836cb536bed5d3bd0ccf10604b44c582e0262d3fcf8b3e32321d,43e1d79d1148d00e1e8b78810e2317e04f433ad1bb273e5937db283138eb9243
valid,86,True,OK,True,True,3294f13ad7c986d1a943aa6df58407e6de9fb48dc10ccbebf912b35064c13406,0c4ba45fe5ab3052835491d122ac8a253ae47e8e27e7ea37c2eb704118a2b46b
valid,87,True,OK,True,True,43ffa41e6329fb5738719e320d648b420b1467f5b4e2adf0e4d64e20694750ed,781796a5e1569a95d877ad933415aca244df7ef74640e5eac7c7a1d690bf52c0
valid,88,True,OK,True,True,aa34cceb55ac15940a57983e8930149e984146f192b05b5f62c6b1a86655632d,e456e72d20c6f373c4e1a86df332cc96d655318b0c484f48d3babbbb16b20e48
valid,89,True,OK,True,True,ccbb37146f646b0c658b94c9328959c35b499f0555be541ecc9cda78032a6b4b,be69b3d9df276df16e356c756126f4db30fa71bbbd549ccab23e62c357355662
valid,90,True,OK,True,True,47f92dab8677d483355e95db52a8408c38d9872b5a11a0b4129508c3f9af4fb7,9031d0e7b8e2b70b63f2fb3ed1aebd94e0e555a6014fb840e26c59cdb8a3a691
valid,91,True,OK,True,True,bfa2abce55185f7ca683990c87484578dd890f8af8ed1af495d12fd4989f1725,88497112c4fef2988c4ae581439f23e01abfd7a2fae08fa4623407c07e7bc3fa
valid,92,True,OK,True,True,25ceee97a8d4e497906c0362c46252b56d202d1d3e0e53843fefb8192056e890,57171404a354a008ca41c98035b69998cf0f34cb3bd9c09c2f63c63e237ba877
valid,93,True,OK,True,True,45354ee6d0ae05918ab97d451ec8635484a43d398c22bd65947c91bae6d9a30d,9c77e5d752ba55e92d997358a8a75b5441a599895f95b39baeb798f34cf47fbb
valid,94,True,OK,True,True,9be8f471ea2e7c77c60c714fcdf821a762a7a95792a33da1c771abaf63efe5d4,03b67ddf84e5cfad5d8bb45862090bb8e7178a850ee08ce4ca5b73158fba2038
valid,95,True,OK,True,True,cbf2a947a9187043df8373bd7a38a446339cf034ba95f06a96cf83d6b1a7c1f1,e45a3cb5ce00b72f4c92a8d7780d5e7c4ab8764a482b193eafc2f810826f5f5d
valid,96,True,OK,True,True,66d90c4f9d4e80ea5d440bd2963ed32f79782d85b722fdd5057b5c53d4234bfb,35318de7e3663c441518db86e71801155718ddaa24415f985af6b94631dacbf9
valid,97,True,OK,True,True,ea30a9f3969b7f0f14943d05a468559d9ca1c08b1ef56bd6a0c2d8f37e0cb136,8a6f2700a03abbac4efb47930e1419ec2e71aa13090a3a601c2df13f94bd6a62
valid,98,True,OK,True,True,9f9b8b86ec6ed3ad6197aaa10b0e0a2ca3709bec9cf135563d09d6fce20d0e6d,3c6a57ada38c68ab7972221740a706a85b8b19425fee7556ee89f0d425be2daa
valid,99,True,OK,True,True,55a75fed41a127014d561f7ced3bf946476f5f8e06ff3ccd2b81aa3a10085103,59a4ca9c1a0fd0f3ed6605c1be11b471f3f207fcba7bef5b5692af166a24ce35
valid,100,True,OK,True,True,14e83cca44d1fac6f8f8d29fb977fab1fc68fb603c550c41f214d3cd56ef97e2,d3ddd4782349845c80439fd76af19d089f4feb6f25e9d810dc9ad9fa8ee62f15
valid,101,True,OK,True,True,16948c7328fb0a429c250cb4649ead434a28f6680f21dfa09f92da6d40555dbf,3c44a3f348e1047c63e5a825288ca6b523378a521d7897a4809438db1c1444f4
valid,102,True,OK,True,True,b997a13b34b9508dfe71c1a7679d828ba78556328e765900120636e3c22c0df7,d32b3cbd3469101391fa5314760cdce4fae01ee9a2d6405b210fa079f1572e27
valid,103,True,OK,True,True,df900382a3eb55f9896c0a2d8d7469db663901c6b8093a9b0ff9658b95b0e0a2,527a27cf6700ad4460b5b36e910e9246b44892261190ce95fc5e55268da79ebd
valid,104,True,OK,True,True,45f2a09b80715b6cf00b97ff4be893782a99201c605263acd77f2ec5b61f3eef,96e64f5114a7ed57f3f8eb20c455b944f904a9ccb0ea86aedd9ba82413c8e645
valid,105,True,OK,True,True,82a486ad5a7f07101e1550dfc45b5a39d4cf9e5d4efee6be55c9b86e747bc2ce,ce6c3e22a7d0bccf70611137e71b17351bbbf20e9c46f267bdf261a315fc7f1d
valid,106,True,OK,True,True,212394028fa95c9aabb00e43bd1e4f9d34426d8b94e79889af07691e7c8fb1b8,6fc2799ba40909029c0f5a289cfe5123ca21e10380dd6407c23c7ad02816c479
valid,107,True,OK,True,True,dd56689383c15944d759bacd6166bfe6605fd52e64dcf1edd291b1e8b1fcd4c0,1dab742591457a8188d5d2f5351727a735f808c0ccf46b03441788907b13130b
valid,108,True,OK,True,True,34b772f2145b540ad06bf3def17ed7660784ad399c2737a409a7a0cb0b8f8a95,a5eb1073dbebde39bc2d14d52e48851652506847b5827b0f74f71594f0ea1ec2
valid,109,True,OK,True,True,549da8fc141bab60dc6240f44c2a848545a31bc82f12a8a74c903e93ff0eaa3d,3b8e4886f0c8aa14b47a8b2fce38987952aa3ad25d8ac176cce5aa61837e708d
valid,110,True,OK,True,True,c6ec11b69fb4ad105433d3f10f0e0f611024a1952164fa5cb18d19529b9140e7,754fe482460304008633ba68b59e96d5935e3745fbd093d1ef68ee646210f7ef
valid,111,True,OK,True,True,cbf1dacbc726fbd0012331362c36cdd0eb4881ca4ff024caff821837394871ca,377bfef64da4931b95d0cc93fb7cfb848125ea9ed4e9ea467b89e57634e324a7
valid,112,True,OK,True,True,6d0d7f2f13e822c67d6e9b4e5077bb35452fb23fc4f11b85452ef265f2d87fa2,90bf536042b3a8e0994dcb26f18bfc5f9b30ecb2c60cdbbf91b4790dba4012b7
valid,113,True,OK,True,True,a01f4e47aaca4b65ef4075269f0b60c16b28fbf85d50621bfd00d2dfb547ad73,6110b249d31dffb70793dbfea76c415442081062ba35734bc4198345a1944b7f
valid,114,True,OK,True,True,3cf2c913f913d3a1153c719bb47e7bca4f40d62afac5ba674483ee6b1814a5d7,67f0eb9041e1b4d43cd4a6caa77b27c1f8b5b73e1faab3ae1525f2723193d87b
valid,115,True,OK,True,True,f7cdb59384f2722029df354f886da9248dd3b809495e8035ef62afb7166a5434,7b87ae111e0f6964ef4f840ee59c61ca919ba0902460665001e2731e74d8750b
valid,116,True,OK,True,True,a10523a0d1e86b7b28a945f161595ed6e08d339896dd3e166a7a95d3d5accdd6,d008ace44e2080605a2c0d03d352fef859e8bdb96c2618836974888a5373c9da
valid,117,True,OK,True,True,313db718f6394c30b1c123a0be8998f030265403256c9323728105a708ee690f,92984ecc52cb1f6a2a56f706be2ae4da9cd492b769556295d334b679d0d00242
valid,118,True,OK,True,True,bafad1ae04d30bd065789c63fc5d93084b0a4744ceafcd750cb16104d489959b,9d57cb11083453041145f83b17d62b69605ca16bd01d488cf165a96c1f697560
valid,119,True,OK,True,True,6f4f5ab147e23213701b7f80b43e21306da0766fa50f36f081d4014d6c7766bf,564122f85619728321ef50d80f73dcfd1ad769dd64867cf86045a14d86242ca8
replay,0,False,REPLAY,False,True,af29b4e4ac487250bef24f0f61445a5559e34d19103b5db5daa1e60f19d3c991,8074c95bf43f7e68ff16eb7bb292485729c3f3d45d9b2b9983020e8f592dfb98
replay,1,False,REPLAY,False,True,6d4c5be43244e73ce225e0d5840f3663081e99d0a1d0e4f1269315a0df346dec,f0a0643a030de20722f33cb57346df7b154cabb80a375e52911bc33be3b82bae
replay,2,False,REPLAY,False,True,ba883356c61d96b60c37ba5eb539a145299fa15c67bdb7e063de7ad2da0b2d07,4f40b7808bc643222fa3b9708c5961cb3546eec0ad8b72a1ccb0f5c5a8990b84
replay,3,False,REPLAY,False,True,0ea4e984e3ec323b538f549825000a03ec1b58642700e73a3829a9749ab58fbf,fea7809baa9150db05ea5b1eb1654da70aa908cb24fbdea58b4d8565f88e9207
replay,4,False,REPLAY,False,True,f829407867e6b275a38daa344720b6461786d7af91c187ac76adbf76e33c3e55,a4a98e3abc9a8e64055db481cc688d1adc72ec15d83c0ed97ca62e3120da947b
replay,5,False,REPLAY,False,True,0caca74923c24f44e03a3acc63c4524bf11412fc7c766db51e11422904cc2a8e,c8171864e12ca83d5b2f02412552e6ef5f9b04c93cbcea21f0f7620408dcdd96
replay,6,False,REPLAY,False,True,3569dbd3833b247c80c0fa5990fa4b6489a62dfe732bb21d7c7cddfb3ef80794,190d20749deda47e1533355f13d7b5f01c76170c8fab5cb19ebaedfb4964c338
replay,7,False,REPLAY,False,True,dc51df5362673183156e4c986a19fac6f50ee7285fb6e738bbd9dd39613aa0c4,8a27126be7623007575bbd40858af5c5165cd448a5d8eadd143f9e463cc8da08
replay,8,False,REPLAY,False,True,cb05ecb1dcae45ca5821c3c4fb458aac3632525082467c7fddaac8e48e7ceb6f,8571ddf0f9c037b0e47f57637920f07319eb0f5b9df23cc4a39dfdcf919ed9a0
replay,9,False,REPLAY,False,True,eadf3eebdfd376f9e05804d9ce13b306d2ec05b9737b176111687f428d4a9183,4bd5d425bd94bf35b4a7eda501a14d57587d100fa0a447289ae97089ff675caa
replay,10,False,REPLAY,False,True,7c6e753b07129f56dd53024f0492650613ca30b20e1b6b06320ac2de07318358,b1f5605bf43ec7b0c3ead270298be60fcd68d6d4790728a6040102aef720a9da
replay,11,False,REPLAY,False,True,81f2dfcba804af9d799df6f36e2875cb247439e1740522e08be116d9f7253f61,e155686bc45450b9d1f52ad6e83a441f4cd997ade642ed1757024aea2626eb2e
replay,12,False,REPLAY,False,True,17c484ff80beb12f57ca842047c01dfbec5c0e2e4bb8bd4ccb25e1dd4d1422ce,762ca7d4a20572bc6788af2ad30e5e82cfafaf21f008a2e1b62b5d32cbd6d793
replay,13,False,REPLAY,False,True,bfdf405ad68e7ba61cdd048173aa6157998b281db5303202f1f4da43beb291af,bed70373e50edd8942b835a50c84201c89346172d4d478e219ebc1dc2c33137a
replay,14,False,REPLAY,False,True,5d01fcc7f629a3eac9b51b4c98d4c8ad946ff623c9dbcbd388033d69b334d547,a5bdfc80fa1747bfcb517e45baddc06175c5ff31ab9b1df3239bb5c75e080415
replay,15,False,REPLAY,False,True,f12f3e3517e65a92ae42dc38734be2e0aa54d308f55549fea1d529b0b3a5afad,d36e30faff889f7c9649e78ef27e0d8113593e4964f36bde5e35b1ba329dea01
replay,16,False,REPLAY,False,True,ed319fb2fa10308d5344e66f45b81d55e96c24f75863eb0b10b2fdcfb825f837,7b3fdfd5b24bc34b1b48e9972b372ff4eb19bc73a23293f347768c10b2fa177a
replay,17,False,REPLAY,False,True,b7caf0400f7d937d407bfcbd93cc38d5e5059a971f45fef6827834e22d1f5853,b41831bda8eb761a38767639c3c9c051a58c036ff091a33db1297369446093de
replay,18,False,REPLAY,False,True,34fff54c5bf8229e816f9e09af8149ed5309749a34e622076345f906620016d6,c6ddbfa3d24960290a18d4d7050403c53ec75f887dbf22cdb3abe303e0fb9d68
replay,19,False,REPLAY,False,True,69a2374d0c3e2e08d66dab10e9222ac781525764409b4608112f32cf2b8e206b,8b910a8c69638d96aed724f7644a4f7ccf141eee75219eed18741111dce6fe9e
replay,20,False,REPLAY,False,True,3a52bb07b5f763f4a1cac229f36c869bcd4cd910faaadb81ddf521f7be2620bf,7aae2aba1313e0f28255f9f09cc3eeec320c53d31dfc55bd2a0f1d94ae9b8bf5
replay,21,False,REPLAY,False,True,ca2734346a499f844d56239613e6ca0ee5330291a4e9324d3bb88c5a951efa5f,bb6f5b3a92e155eee9b9aafeb4d66216fe2e36873390b97ab70a0905939d8611
replay,22,False,REPLAY,False,True,683722737345de286b5958774e5dfdce3627a1fb1f615e850892e7114784573b,1d1fefc4653c89f673524de19aa69699edea185ba26ef6e2c2aa7eda48aed88e
replay,23,False,REPLAY,False,True,89e0cc7edb16eb59cdd5d03c5c399867130ac8212cf453becb70f5622c9db2cb,27346da82d4737d27fd697a286e712cd5a19a0f30478fc31f074321db061415d
replay,24,False,REPLAY,False,True,6468492bd6f2b837c0de1b6bb534030f1ff0251092199f9d6378c4549f99f467,65d704e7e98ac260038e0fc9538e0ac9a1728fa1477aeec08d552164445304a3
replay,25,False,REPLAY,False,True,26b3836786553a314fedb783d74410708b25da81aedd6eac557e1de519eb5977,2b1ebb7fb482da0b5b25d8756ac40803ed5deae3016cc4ee7b3df63b6684a7e9
replay,26,False,REPLAY,False,True,eea65972c36ffb52b5fe9a29597c943b0737c8c9f6912a445a971134405f0303,4e6a0771a8443ae2c4a74cb8339c1f95ad40cba713f12bb277cf3e0ca03403d1
replay,27,False,REPLAY,False,True,c211d1a22a2860597eca86e0c18afd46f1c204bf6db47fa6f93448b915e844f5,25384c23474a72402c427637e718c45d12e6b91347982ba5a3a91316ad437920
replay,28,False,REPLAY,False,True,5275defa774655573a75196e27622e559730be08853df8bf20db819115e3b375,b309349c1256c075dc3e7fbc15c7f9aa78f972c9c75aab3b7b952c1c41e59849
replay,29,False,REPLAY,False,True,07d5246770b97bd103140d91da7ee0e1a739607fc824dff4efafd82e2756ee34,37c791804cb39bbfe9084ecf7aee86448274ffc3b29e1c941da5d663b5bfa626
replay,30,False,REPLAY,False,True,bbe3b5555722c662db3d1dcf7fe81797a318109dccdc4b5cbbc6dfef42a40567,7b65b1c7f5b94d5f02947cd4cf3e072b9e4a7445067913eab2802ac3396eef5f
replay,31,False,REPLAY,False,True,8d1b377a7f6d5a51ef7ddfc32451219f9ae9c621c28ef0813d1b6e43fa7600ea,5137d168ce6fc2160d3e183e6e8adb029d98d536f030a6e6b2427c1b658ceea1
replay,32,False,REPLAY,False,True,9276fe65d39760c93eba4f4579a25f46e814195c228b0be0a7b4518ff5006bcd,db494fa909e683b238168f05156a44b72fc8aa170af83afd8893839108b9096e
replay,33,False,REPLAY,False,True,bd2fa02df40d1583c63f3e94c8af7172d2d1f0e22418f5748fe282cc8cf31615,da4c4ac0fa2715da773712bbb0f69cea62eed72b1162d3b045bfdb916c257429
replay,34,False,REPLAY,False,True,fe1e6b3e0e334d072194428f7850022daaa850d080b4d5e5224f7f86e85c70d5,483776db27b6337d38531e6f1eeaaf63d8d05ffc77d252706a3346b1573435f9
replay,35,False,REPLAY,False,True,6113480d6fb761d02782eec632d580ffdd678c276e5fa51ab65ca3b0bf120c9e,0c98e55356695e80632f65d372551652e48aa20aefd112686a279b82419cc9f4
replay,36,False,REPLAY,False,True,e7739922412ec06fc9d77d6009dfd1c91aa4f538c0abd0af786fe76497279343,afe2039f176ecec64b7eb113a643f6e1381fec0bffda1f68c9bf1650753ffb35
replay,37,False,REPLAY,False,True,940ff521682196729bf7469b43b4941849bb449b51031ac5fb23b6aee37f79d4,39c26ee642b9fb6f2aa200b2970342b25fe194990fa7c249695b1c20384b84dc
replay,38,False,REPLAY,False,True,68865ac3a23daa3e9924acf287638501aef5c17a21756ee359b4fa42dac8b9e5,010b02bb6891de1fd613202da329baa94da5e1f9b1971b78d82a479c2e82b2aa
replay,39,False,REPLAY,False,True,4cdbab249510d13a68f417a4f25bb21d4ebf78e433bd7f8c17f615f686ee2cf0,45f9e62605d2ca6dc7c95a2b99da671b5a91c0c00e724c18b3dfd99f03743202
replay,40,False,REPLAY,False,True,eb93861317342e1ec7ce7a0495bee448015101f8df6c05291482d5fe26fcc73a,0ca9bae729a8e7815279856e9c645566ce19de7ef7d5f556dcd2f871d6e7635f
replay,41,False,REPLAY,False,True,84f7030991fb3ee7ca19b0e44cae4399e8c2cde7bd9086ef7551080ca220d846,6d6c50a0a0ee6bee19ad362f617b4e2256994666cbd10bd35dd545853f9f21b4
replay,42,False,REPLAY,False,True,2af7bd0795e4f0913b4c7d86ebb7d2d0c095416f163f8d33933de05fc391e1bb,3a0693ed3e38e72c47f8f3730da42d87438c6700f2142799d968022fbb694e88
replay,43,False,REPLAY,False,True,ad1370305a7fb3f627aa8fd608e4b1b31b62a34b49847fe97991217587887883,890660cb36a2b905cd1e949369ba89c3c964637f26d75e2a6a2d6b78efc2f7fe
replay,44,False,REPLAY,False,True,a244b21471f3132120f03ea1af168a8114203f7f6778999832079e93e793b95d,94fe0c010a334aa389f13a64e1c86525fcaf8b8e89f57134a6a866e38d2661d6
replay,45,False,REPLAY,False,True,579ee512d90b5021bfe7bbb591bab06a24aceeb5bb9216aac1d6cf95e4e3b89d,d590cb38ede76e03ff5143cb27edb5664a6ecda3fe2e81f2f1ff64bf01a88d0a
replay,46,False,REPLAY,False,True,83a4e9f3c141af0d1b86322e43d11fcecc45d9973e26a2910cad12e09e71ecbb,aa88f31311b0765b82de0c32e71b39b46dbb781228296015fcc9e7a58f43b24a
replay,47,False,REPLAY,False,True,e06a425389494babe19ff6a50ebeaa9bd1e82ed3e5fff1bc6f6a157da486c632,37b6058ff3e4953c6459847d6155b47889df665e8951a924531c4dd5d39cf5af
replay,48,False,REPLAY,False,True,cdbd3508827737d7c2252fdaeb85028f4838b264001b44916a23dc2659aef71e,a2ee502633dd9c566be7ef676c979255189930c872065cac9c25fffcefc78f3c
replay,49,False,REPLAY,False,True,f11d6ed91487e7f4573d1337450cbaa26dff1dfbb18bd25c5955feb2a8512ea1,aa95c56da9fc28a183e68f96bcef995554e71e527265aa99e466061438c63031
replay,50,False,REPLAY,False,True,4f2d7b3e1d9d4a04f5277fc6781e11fc92e5f7e2efcd03c8a53791919020b841,cac11bcde8c81b3da1b24027d97c77799d39009f5e480d04eb1f6deb2685b9f9
replay,51,False,REPLAY,False,True,c33ce71369b2150277b72d59a6a276991a4923b8d0ce0764715e52e994907c89,aa0d1989fc2f3061a5c3e49a6f9785cb0c8162b5b5e8ba658b65dd80e931fa09
replay,52,False,REPLAY,False,True,8ec8e94a121766c4aabe13641e65e957579eed5d284eaf2ed4cf650bdeaf9a67,74eec0de7e3d4a10ac1974e98836ab9d57f613fec1f187ee552f0bc61c2c0784
replay,53,False,REPLAY,False,True,ddfd12e0975d325a82b77772166d2c1e5e7da04010a642da4b888b088ead56ec,c089e91464a798c521bb76d40ea86171d271c5b7eab3cd86588f91a58f1a5007
replay,54,False,REPLAY,False,True,ec96f9daeb5c393290c59d38f1f65d557c80687293441a5e88c03aebdd5a8744,9a69555cf38cd5ff58d9bfbd200ae954c1777227f0b721826485c22f80f89245
replay,55,False,REPLAY,False,True,5b10f8e195cb59842b1f2e987f8f387f322888851d2b12855a15d8938077278b,5386b566459eec8d7ebc8247f95240f1affe553c25741b22267d2b66f18e24ca
replay,56,False,REPLAY,False,True,816b1ce7b8a1fc40c366ff649ea9c02ce9ba68a95229bf02b0cb5b1ff012818b,e484aa5963949cd6cab138047ac3d4e25037658c1610bec62d06bfde76006c91
replay,57,False,REPLAY,False,True,a3f8c1b018617bbc67ccc20d0c59c943a9656ab8b490a2f54dc380b4a6af65bf,3720ef11faed13d78a554fa72a6c1fafb41837840947602b74cdaf935753892d
replay,58,False,REPLAY,False,True,d22be0fb5b88573fd93f5705a371247600a84be418598069175df4b989db2e74,bcb492142d68a0f964dd054924a59c0f82643a77e97b357a21495a7e1fbd0610
replay,59,False,REPLAY,False,True,0178c93d03e0f8bf6942f2b05b4040ec3e47f7790db3e549cf91ad34e7875b73,77a1f94fef5853c81a53dbb35b9a965bb531ea0d58d4ce08f007d0148201faf0
replay,60,False,REPLAY,False,True,298f99d26d5cc12b4421fdc06e985cbfa100061065e9a8bc3a703202b0c3329b,2edef5ac1c60cdd7204e729e3190a426dbb54b3e999e3d1cf55e6beb712923f7
replay,61,False,REPLAY,False,True,4aff05370bb55a44632d1d24c344d385cb3b4f3eacedb4451049971b4f3968a8,dd2802441d6879fd22f12a019944736703f9d8c6da0c5a4e73c861b9385cac6e
replay,62,False,REPLAY,False,True,a709f97679ff748c127b985ccbab7bdaef14539b0e0fe3399ed4a837630f7e5a,915b7a9ba51ca8db6adcaa64623e9e94340b7fcbe9e273f6415d2884c35312b2
replay,63,False,REPLAY,False,True,49d482beb3b558aeab405768f8a8c6a60edfd8c5811511e859bff114a6d269ce,f8af6b05f57fe975ab885468b5f4d39833596090379d8aff1a345bee92931445
replay,64,False,REPLAY,False,True,63b214b7053726302a1cea682bdf1659c8682475b319e688fc2038ae7c17b176,857624283199090b5e7f295aaa24ea87ec48be524b8fe92994caee3cd603bc88
replay,65,False,REPLAY,False,True,921be0fd82affba52874504b86398dfe36443be6664422fd108d438977303548,a5ca34a8b409ce749c36d23fdf7ed9969cd2a3ea59e323cacf8c0c92d493edfe
replay,66,False,REPLAY,False,True,8ac2e6ce2b5433b8c28f0a4febe89e51f2401509a1ece5512f0f4e6420177dae,f4c0ae6f6b40b20ac9f6182a595195c97bbfe7ce0d0526c38079cf0eb26e6c37
replay,67,False,REPLAY,False,True,b092913a3617b3d2370dd642cfe83bab5b2e1ada7fe22cff1247b0be63b83a36,a5e180a58c85a9019b92874ab1659ea322fc0d1f98eed8bbc73eee227a1533cf
replay,68,False,REPLAY,False,True,f24ac5b02dbe5265f6ad808162e466d67cee397663e5203b378e7148ccacdff7,4efae72b95d450a1ae0e104bf98a86312ce044ad2d8b4c1473dd83e042368009
replay,69,False,REPLAY,False,True,cb8e66b1fa11e953d0c67135b95ddc98e0e2ae015f26e8043d9083215c66deec,b087d6a9b68c3180dfba40fb49f5a49cd857be502bb3d82375a570534c8121e6
replay,70,False,REPLAY,False,True,88189c22858b7bacedffae8becd3b14ef82dc2144b6f4d3be52dbb1fad512cae,2a173b7d3ed6be02583598abab940a4a0db6ed2330bbbd0e94dd067cea6b8d2c
replay,71,False,REPLAY,False,True,581a0b8062594fe74e0aa590aa7767d916393caa6109433c08a2ff172307efd7,23b5d2aceb1d4393c71aaa280fb9c9ec879f36f4b1fe38a8a6eeb0cb355e4f2a
replay,72,False,REPLAY,False,True,7fb262c1c518a8f5d8c95359c83fabd53c3891e7a1bd6c29ba728738c921f855,0fb56b76d3894bcf5b77664c58ee9ab467abe7b09fddeda472e34cbf0c139d50
replay,73,False,REPLAY,False,True,9b0c3d78121a070921dc568a3dfe85cfe01014d82d5c8f0de1c3d7a043b64726,ad43b34cb2695aeca65baa335f736e396f01dcaaf100f14c7724b39eb8b4ed68
replay,74,False,REPLAY,False,True,58f693efd455198887ac76db5d67c56b74b5884960698d3a46b8bb8a4fc45750,d407a431e6578b8c9c80145afae1ed36707dac0f7d9a746817c2619ff89d4a30
replay,75,False,REPLAY,False,True,609c3a0515891c0748f1ddc16bde120f1c93afd8fcc5021db05064b778136b6f,71ce43bd3040cc89d8ffb0ae4a7a9f028b9fd3b24b1c5b855509d00d2e19a022
replay,76,False,REPLAY,False,True,503810ef3ea9414d5eda6675cfd1221fa1de63485bafc0f6e6a6d1b440592d15,8ece483dfc2075af8fb3097f03bc73772fcb3e2b5f70688f30063b986f4dee6b
replay,77,False,REPLAY,False,True,6936dc5e292927be609364cdbe6be52b4f2412f5fc57d469337c71e81fb2c6f6,5e52887d09f1e7268854e621add13e3acea7ee34334244366972ba309965ff73
replay,78,False,REPLAY,False,True,76714c303fb813f59dc88cda7585c0b1e128b6fcbe1ce34d9143786372b8b51f,22f46258e8471d73a37305d75ccbfeb8b6cb5cf4b730a8c0013af0fec20e0a01
replay,79,False,REPLAY,False,True,2ad82b534f6cb218e8b755ddfeced99b434c8fa597690d2069f8fb251bf7ee23,4ad99ea2fa99e2c22efdf23ee9b13231560699bc5894b68068a23a848006f286
replay,80,False,REPLAY,False,True,f03420223a3749503c950935697d8e7829573ab8965baa663b6b50d3a7538a55,c227099ab108ed74b7d70fd62c9978275761fe180c01c769e94e20a6659f49ac
replay,81,False,REPLAY,False,True,3bcf60004976625129cbe351ead24115ac612923159511def7a6f55f452e32ed,e08babd905edb330dd68adf76a22f6f7c888f42608aa39ea60631f5745f1a45f
replay,82,False,REPLAY,False,True,2557ac0745f6f7dbbc204aaaadebe8329e4b95622ef0b2b5a142796806cd6099,4065eeca3320a39b2de0014482415d2e422c223da69c9f994f6f28b8f57c2500
replay,83,False,REPLAY,False,True,a2278751fa432a7c33374a89713f088bf79a4008c622476fde5d621ae324cb7f,437cb6ee59e9af706d093b4ded59bc0c9ddab1680a5fd82d3d4a17b6631aca4b
replay,84,False,REPLAY,False,True,a9585afcbe2c82f1a4636ccaf1f7f65e6e5f064d27791d00cccba1a2ff9becfa,e7d2cfba58ec6325685f926fd527d57e7bdb3d8e5ced12a15e55a4d6b61aeaa7
replay,85,False,REPLAY,False,True,3f683cfef0110d823d2e10a26a20731649c2824fb85663d3f982085f96298467,3125239968990bad392730f837dba5a4a533ec1d16d393f006c8d4dc6141fa71
replay,86,False,REPLAY,False,True,e3a7fecdd3393b88311bffba240b86ee04f256e1bab4e0e571ce4a3011c9abf5,93fae5b388153ef01ce7c5a39394439186f28b28e39590fc6f945ce47caf4264
replay,87,False,REPLAY,False,True,aa25a43cc108cac5c64927ac33a5b419ff3f23ff03974fd627fd4508e58eb109,72c3d96711d24696ce4e4a0f0f2c6b02b0494c2dbce574be4b397470e3d0c22b
replay,88,False,REPLAY,False,True,86f130269628b57b605f7460b0bf97d214a7a2982e349c83c79385fc39fb0c07,19d0f371a1dad035f7561590b2dc8deb9acd19dd6e604a2c899aa787a22f162f
replay,89,False,REPLAY,False,True,d6ecd61c2369b1d1dce63931ff8cfce614c26f684a05b66d31c381f9d5afb3de,f3fff7995e817345f076918f033fe8c78ca577d4e685eed7558a0fc9468f7c3a
replay,90,False,REPLAY,False,True,a21be50bf51e19c818f5b8d372fd9f908aa0cea224b94398c42fa98b91b3b81f,699bb6e02625569d7b5c7942a591490ac6e16bda58d98c41305e0f53235c1d4f
replay,91,False,REPLAY,False,True,7c6435c00314db18f0069ae892dcc2a8d5491a8b032cd54f0eaa0279e0504232,80078eb94b2ffcd26cad6440e51d22842b033c9ef641438afcd21ae324be080b
replay,92,False,REPLAY,False,True,85221e442bc62bcd477424b998b1deb0e07e5a17ecacc732150eff254b8dadb7,a190d0a37c99159d117212d5da13c0bd818b1cc9faa35f030319284018cd3a35
replay,93,False,REPLAY,False,True,465a41d49be7a18e9ffe3bea33d697d4a490aa93bc066113e899179d9cf45576,a7c7072ec5f5d320f51e6b0774c4a533f0515175ebe668c5658ff9926f160320
replay,94,False,REPLAY,False,True,4b9d92c2ccac5ae3ba71b5c8079db7fb6827585d4a8363d450c8849d42ca2cfa,efd814da2798e4f91b6805a11462f238b3e0ecad9d1885efd868fd07453a1a18
replay,95,False,REPLAY,False,True,165599e6ef01a7a31adc394937761c4d28d1211e8fc0f8e193fca2eb3d075041,61ab92f19a8712c7af847e9c85a5f7bb988ccd85bf5f21bcd50de850fd196160
replay,96,False,REPLAY,False,True,2d5f683d9f347097f23a9e6eb25904669820068c8cc41cc8a0b6a5e53339e4aa,c7860328f468248ff130b3cdc1e12421c316acf25320932551b5d63b18f30b93
replay,97,False,REPLAY,False,True,5510bcbe7883292029f0712464ad05a5fbbbf977672d3d5f1ad87c5fdefb8721,50bb892f66770487ee26bcd125db74ac2ee543ad0464c7e7fae70732a3f9c610
replay,98,False,REPLAY,False,True,ad89b7babe2232afae3a0833e55b702cc95e0aa5ca20f192fb532ba22ad95d3c,47c5c3600a6573d716d156b81b02f4eb54f18ef3420b3e9e82d7c2be0922cccb
replay,99,False,REPLAY,False,True,602a1a309b5ce1039e70500bee5617945bba20160b9e2f8d816bad880e0fad6d,109caaa499c669c2387062ae270a64674ecd99e21aa8ad657584dd9fb6ac237a
replay,100,False,REPLAY,False,True,25ee3981b783d7cfdcc382c2b8d062730093cc5f9c1808b15bd31fb8b1351dde,28f0ab610f2c69abf957fbc08f22621e2b2c74654869d1da9bbe48861953151d
replay,101,False,REPLAY,False,True,1685dc51f69f97d9b2baeb20137c113f16a59b8efb64c3f1acb027e6d6683eb9,6987dc8e039af96c5352fb2a0d06cc3a96548a3f5ceb5646234cc80fa177b1ba
replay,102,False,REPLAY,False,True,d1e3e6e810ae628ae837ac1d0f5380fa9a352e8c3a285af91d8e95697172ba9d,1c8c3bf99c784e60da45a65ba877a296bdc26b56b7c5a0a30a7c043ce3bacc82
replay,103,False,REPLAY,False,True,160f438f8f42c6dfc60b96a58d2a0727633a789aae3e44924ac19a6ba6a4252a,7f3834dbb119bfe0893c02c059f7078ea2ac0af330ddf1db141c2b0b9e16a81b
replay,104,False,REPLAY,False,True,3ef32eb487d99cd24065bf563b91457c1bdfdfe233906066182a684fc154d019,4dbad1283c9116b346ee6b3fdcc5a3d004604a07b926310588a8f03c09f5f697
replay,105,False,REPLAY,False,True,69668963b176ad3c3b504cb8cf63c962e21146e8564842a9c6d2b6970d992a60,94696129bbb06bbb131a2f04fb7bab08146bc259cab0436b140c8089191757a5
replay,106,False,REPLAY,False,True,52c4f81a364ec974762929c0008beb4bf53e2ec4592106a44e2af6a768efded4,e4f34a0ff1d00b48f3e3a75d104a1aade7374a4ee4dd6d9896a9e0e40ce6061a
replay,107,False,REPLAY,False,True,71d4eb927300b01082d8322a5a2ece8426c23cc908dc3111ba5044ff8133fd47,c19e5446c09e3f3bb9f2e127905bef063358d6893df1d0fef0fa52bd37c28fd0
replay,108,False,REPLAY,False,True,0a8e8959b706e408f842862c8be72e3eed681e67ab17f204437fa255408bf100,d9b4eb747aab02eb21669491dcb046104a2d0df6f8ec119dc92a25ea609eb292
replay,109,False,REPLAY,False,True,257c1cab2c28b1816e65d4952fa720eea32bde23915c3aaec869444b8604bcb8,3fa4eccd9e7b4468fef8eaecb8bf595afc49afaa0d82c16783c2e1c4e9a7846f
replay,110,False,REPLAY,False,True,d28ceb3b725ec02fb59f87bc260511d4ec53c0601c796edf5d01d764c0c65f13,53c9748c380352c24b3644d4af8b043f096025c38bcb8b61cc54e647b9e858e9
replay,111,False,REPLAY,False,True,a2d85a386532eccce502d13185c39a2b853d70a67bddd9fa003b7075870cc703,4fed66dd25750db7b0469bd6ec109ffea988b5121bf603332dfba045fcbbc8d3
replay,112,False,REPLAY,False,True,b77190c93d2cc58cb9750d89ff227b2ee790680f75e749e0c4c38d88a2b7197c,064b2a263d61fffce4621383902545b3484a83beb632bf88344b1dd516ae19c2
replay,113,False,REPLAY,False,True,eb9acda0862bef978541c280916133e7cc2abe95988d0e78c1a7976395e1a5a4,1f6c18180e41d121adc68588b872215d9593fe54742f39c7027e1234ca66b82a
replay,114,False,REPLAY,False,True,5a3215eb94822140068719e5cf740167720d8d03302aa8ab71a3898bb0f82cac,12e19ce204fe0c3b9d373ed2a798460c3e8b5ada62e7285c639743a8fe582f27
replay,115,False,REPLAY,False,True,9433e91ccf9339b9c9606940f773bcdf9381758e5fa835c73b855d5a2708a030,8cfa9c0b169622448cf69ed05926286c773c090246ea4736403e25795f8e03b4
replay,116,False,REPLAY,False,True,7eb2f577041b21a721429db799debe475082e3238342b7d1b6d3a68a5ac9920c,3e1e6b896261b11344a6873da3c1ea5130344992b5bd4a34a97f204a0ed038f0
replay,117,False,REPLAY,False,True,f2d46209637d2663f8d7f46ddbb2b80c4b3a250825295ae7f6f2e0a58d78265a,5f57c828bacd6313e9e915be7c313deb24b8951957164704e56411493e80159a
replay,118,False,REPLAY,False,True,03fe9433caf94026b330303369e5b5910ed6eaf3efca565247558c21a3c3e85e,8e5058531a2c7b5435870d06f0f8538476e677cadb6ad5f166b9949ea9b7d8fe
replay,119,False,REPLAY,False,True,7733850c3d4f96aea1b23d054b3f05c428f0bf4acf789a204bc68db69ff308df,c010885f18ff92f92a9ed6f00478c012ac1a2f6b308d7b5209c468d0a393f1ec
args_tamper,0,False,ARGS,False,True,82a089bda038394b3902406fd5d53c5123bc873887dd7406aed420c17252bae5,3ef2804e191a9f67fca6cda68193cbb2c4176fcf6d0556c210da27be84f4feda
args_tamper,1,False,ARGS,False,True,cd547dc8ae4351a8dd5022701113730c1fe10faa8581ec4d5125fc805db6b48a,6ec9f9df0a5da3db61d3856a5c192c9e0efcaa00a6f25150093055a3f4c89970
args_tamper,2,False,ARGS,False,True,b213feba65fe1898a17d76013c69dd18c17418a3f3a1120a8b1c813417134842,207490e9c32ba1ad766d571b3b37358c5939aae3e4958214edc24059ad0977d1
args_tamper,3,False,ARGS,False,True,230208af7701044203167e7adcec254acdfdb4654c751a9cc0e10c52e4b855bc,ddff241c3c14415e3959f9a8a4a9f7715d279c612169aae1f774df0a0c89963b
args_tamper,4,False,ARGS,False,True,fd7558a6c5b498bf2c50e98e960643476ec93a9a2778c4b0bb31b4714f25b89c,ca9ce4aa76a595edc1b332da7e24cdaf1ff91510dc2b48b6b6f2f9e6e51c7b3f
args_tamper,5,False,ARGS,False,True,b5b56e6bdb3793e0ce0aa0955b1457ea7d78e7027cbede755d1b42e9c84d4ef4,ac66265833a25c32a5cc6987675306baa16c3957d9501db30af0255dea2a0df5
args_tamper,6,False,ARGS,False,True,655983ee6f63799f0702a66470fa1d3e45d612b6dca3a1b786f03a231d7a69c1,9c82efc9fd5807ca0df5d2c9ab5edbda90393e3e0e5acc56831cd5e97b5c83ec
args_tamper,7,False,ARGS,False,True,785b253196477e9e06d8967cb9d7e9a3e23088cdb784b46102395a4ddbc25e16,ad8fd529805b06a318b4572a5e1460e18d0083b7db4cc609c47b039039f0fa09
args_tamper,8,False,ARGS,False,True,a449c4b8954bfa81a35a003d22fc67f687dfdcc0f8c269d88ecae43ad5c54a9c,edc6d6c47782da7436dfb48f58945e982999559539f484bf380c6398da7a48b6
args_tamper,9,False,ARGS,False,True,d2c7c0e36d7a96b4cbd8387a47cf59920a869deb905fdc2cdedeb0b6050fae1a,22e3c7e85efacc3713a12f17ebcd42aa45e4bace2ce4addb94f6540aafeb2f7f
args_tamper,10,False,ARGS,False,True,75a0c1a73493dc5c6b71517d743f406b0d78935f9c2a8d0b3f61440778a14c00,c8f6ee7680609047e9c2eb31fe3ec4b6a8f61d34ad5261f3e07ce0953d0bf58a
args_tamper,11,False,ARGS,False,True,623e45c194db2cb3a3d4353ffb870d506a2b0d72b1a6817d386091d4006d79cd,4fc0e0caf74e2545a825abdbb66b62da88a825129cdaf6363052cc1fc0c01380
args_tamper,12,False,ARGS,False,True,27d9fcbb0e82827ad3a0034f363b6671e00e2be2b15307f6074c7b874f66e12a,4ffed720697ece311788a1156ef0242190d8cad9d4a6c7d0e284a1bb7be18f1f
args_tamper,13,False,ARGS,False,True,d0c6d1e790f8012306a8fe2b088338e3b3fe5c740f1f56a848b359dc0e832313,f84e330d29d67d0395e06f944f0a8f8bd09a7fe6d9b5fa14025fc147a321b4d8
args_tamper,14,False,ARGS,False,True,de63ab1b5cbb40e395a9bd3f501d1b78b7a7d2f83c895e820b2781b93ecedd01,4098b0530b7d7c7a476d047156fd3f5b2845eedcfac243abfcbeae8b192635d4
args_tamper,15,False,ARGS,False,True,ea9c88e78695938c62705093c8ff39d40aee00f63b09464086034ed14e0624ad,3ade60d87364e8c90a961a3baedeb93567df4e350b0b3d109e43529192d4b961
args_tamper,16,False,ARGS,False,True,37c50b907c9a749b79395d5ae75c4c97f7780d73b30ef5c46d40a6f0357097dc,e548fe2fb776759d4e41ace521b033427ba3eb408e7ec6ac281437ead689b8c1
args_tamper,17,False,ARGS,False,True,3cde37765403ea98132e0653ccebe01aa424ea541e5cd94ae8c2cf38d503a3b5,d2f645baacd8dc7b4f0956bac3083b3ddfd8d27208e531b6eacd324170742bd5
args_tamper,18,False,ARGS,False,True,1db2709084a77b2548a2e6f6261504f6b8b957d3524024ce4d37c735feb01a0b,ba00c2070ff2f693e537f2ff15f9fe7400ff542bc96a339c348727d49c10329b
args_tamper,19,False,ARGS,False,True,73873e746df833006b0a919784ec31ab088328ab5c8f1770956ff80db547fb58,08a4c124c8aebd27575d7c009b9c4e151548b9d5c5e7e687e00d54c8b4845449
args_tamper,20,False,ARGS,False,True,1792ebcb3b77340180485779c6b02569cf79d698857960a5f2cb525e34008615,84f4f68313e91e91013d6769f1f39230fe80bca4c0c8426baa26ac3628331841
args_tamper,21,False,ARGS,False,True,1e39c14fd7cff9d574a125378b23101a00eafd06646a3aa023c0d19292eb7407,0ab48b032ed1bd8b63d05c87be56ca130ed44d89d434bc8cd321873f158197da
args_tamper,22,False,ARGS,False,True,5fdae60c55db5113bf8c0bb1348d5d8caf2de480bbd75ddbc828ef448768572f,ed41f80054dfa76d3feb30a9e1a24598f69fc7f3ef126eeb72fd0fab6838442f
args_tamper,23,False,ARGS,False,True,4df806939b032a5e6d9b868110243428427c406d24ca1662b6eddee4bdf6617b,7411b63ab06b614696f327f9edd4e1bb38df2a558ab6f3dac4d1fe961e3dae6d
args_tamper,24,False,ARGS,False,True,ff905916cfe6b5edfab8fb9d988eb90efef62d81157a07bbff228ba09355de3a,e2cf4a84aa811f9530e6bbb7e0a3c73e86743fe490f706e636c998577cac1155
args_tamper,25,False,ARGS,False,True,acadac69a5f995b671942e97865f9047ae6125962f5706559660be8449ee108b,0e77e634a435270b7dce70a869f4f9db58502357a3eda706ee71727ac758ea2f
args_tamper,26,False,ARGS,False,True,16ad16472fe96b102a7718b2dfe305e984fe56977e24b8bdf13f156508bd71fc,33ce832000c9a2bda4ba88708fe0a2be49fc5a21be0fcc53fb802f283baf876c
args_tamper,27,False,ARGS,False,True,8479c58d5f6ceeea36ad09d143ca496e28abac0b3bf19179887334e77e10a4f3,a147a91b5e0bc8c0f6efd5fd8104d0fece87ec86aaf19ff5d71d8234eb7456b7
args_tamper,28,False,ARGS,False,True,2aa9911eb7fbcde889617fe20a73d5329f729367a0498d4717df4a35d76f7380,86b600f644921a59096b62264a2ad06ac828e68d960522419ee4764c75701278
args_tamper,29,False,ARGS,False,True,71bafbc49551af6073526abb256e4a4b5774405a4965bf0b612bfb5a29192a85,9ad6402185e38804fb788e9031bb0e6cca56cd38ecc0a3c82ca12f98b2d447dd
args_tamper,30,False,ARGS,False,True,6ed0694c2f365bcf9c809b7665bdb403cc3b7f9c6b341ac68e89b7c5ddd8992b,a137c31417cb6786dc80ec39d4001b5346f09e66ccb7c928c15243af62f1a9e7
args_tamper,31,False,ARGS,False,True,bc3f4da1728e547ca34cca3c152418050d51d237383d7f9cb7775f800eaf17c3,5bdc9aaca843519a2c265e77d8a6d95b242490f80fa97d7dd55ae884a6385a4e
args_tamper,32,False,ARGS,False,True,63c7facaeb12661dd450600b5fcfdd30c0e3366db56460576b14ea3ae8039b5d,3393f6e8d67e784a5efd7f6c05ec5fc2ab2f69b341f84d6273c64b715cca2de6
args_tamper,33,False,ARGS,False,True,9dfd134c758b63deff57ff4b3dbdef0bbdabe69ab1efeffd4c3384c48c8e88d3,a349fac36650832a735b2ddad60aa9ec3831f0a67bc0739218c5b4192b186f3d
args_tamper,34,False,ARGS,False,True,3f0fd04d75ddef7f3aec57220697260ab5bbd363053342e20109d0c3570f13bd,93aa7508729a0f33e311f6552f1e8f0c493e2275259a2e4b5a39fb38e73a2014
args_tamper,35,False,ARGS,False,True,5622b42c21b8d5fea6f881bc4c759bb20544b3ad415221cfac27e19968b9bec0,89352e9ce1c68041d506dbd0cb94d072ad93f68014a3833487b653f229171127
args_tamper,36,False,ARGS,False,True,95a57c2aca7e362427b02711eb9c10dcfac6a627fb9ead7a4f6fd48d1081d220,0ff5489ca94478b57e7e84f3cb6a3511017840cc74091d6806079338e46ac0d1
args_tamper,37,False,ARGS,False,True,876ab92a56ba4eb1bda9ca4b6bf7f3eba628f5ce6a421af14c5443a50ca0571c,1a01c4932522637fa08b630b5e67b4a9534eaf5d5ef1addc022f740e1cdbe706
args_tamper,38,False,ARGS,False,True,248063a6ba43ffc47ae19d373189af5c6b0d47d368b6f059a6166d217bee34a3,4a27958f5e51ed8add469208b748047555fc67fb5c2eb3b758a7e45d330bd87a
args_tamper,39,False,ARGS,False,True,bae8d5b91bd006cc65072570f48b864473bd05264bb8d196c35fb56a371d0e42,19b49ea32b834b997909ba8b3d0d69e702bd37e3b7c469396526c143ed27b7d7
args_tamper,40,False,ARGS,False,True,e38d7627e25fc5b1084356f38ec058934b2f583fd0c154e07d8d753740534032,0481d483d3d42a368e92400bac9743b51a24590079b81bf130dda76e916d6566
args_tamper,41,False,ARGS,False,True,1a518f3d079f913dfb175b4bfecbd70e824ba8065b0db8dce98681af6d215edd,b0fc967ff1eea1f4dc12ed6f5636ff2c689edb13941cd8e84dcc3c4d64d09a46
args_tamper,42,False,ARGS,False,True,1cb2c5253d5195689a7541a882f9b5d84b5268df90f242ee353b51b58b5c87b2,6f45d7703ba6374b9270d8e6535f62ca359ae274e1065fec9f7252eefadf1b1b
args_tamper,43,False,ARGS,False,True,f04d26151e6b03169973a370e765b4e8c01ced34a935c92601068daac6c59e49,2929b5570b3078f83ce662b991edc923bd2fd01893aaf84b807012a0ee91eb2a
args_tamper,44,False,ARGS,False,True,b38681e65d4e98959ac761ea6607154c36ef3b422a506bc3c9b422532cc1c97a,6a29c38b04e5778c4f549af3f82c4605f9c3a8b7615c4e1eac14f0e35d82ac1c
args_tamper,45,False,ARGS,False,True,dad2e64fcc7f47fec0c58fb99d6154875ec20f8c3f9fb32166888b778c2264df,07e61638894124bd8b91cac6de1f4eff10179ac4a4d6c502c32b65b0080f73aa
args_tamper,46,False,ARGS,False,True,6f41bf255984180f57bcfed9a8db739686ad3802a4e03d87edaab26fde32970f,a6b7cb4ded2223d862c4662917dc5c1bf9f78932dc67029453808800e77c7b4e
args_tamper,47,False,ARGS,False,True,8cef2b7e7c6aaa2c2ab1a7d29554435ab2c6a6923ffa7fe49ff96ad175782f19,9bcc20a400afec2706d402b6dd15130da264fb23d98e8b5b9d116b5c0dc7dbce
args_tamper,48,False,ARGS,False,True,302ac7e579940c15d58f96067f8f4069b37cdc8dd9bb528b299098050054c135,e87d4c5ec5b569a6c725350db792bc57b5eafdcedbfbf2cdf5d21027959b7d5d
args_tamper,49,False,ARGS,False,True,fddb1adb2c773df3157f2ee1496b672c80c59e677a5674a6e4e6de4f8af191cf,71083f93f8e9acbc18dffa0da93cbd3696b6ceb508e763681ffead25872a0a10
args_tamper,50,False,ARGS,False,True,3d21f305ecd104de96960f87175e32178ee973a7cc566c7eaa0469e2f09f7450,33b5925020d35fdef6ca901d7f35e6400042be6eef96e0ea5f99d672f19e07e3
args_tamper,51,False,ARGS,False,True,9e4e6ea8835c1c23f6cda1ad0f2a5153ed989695d3005e6ce9fb3d32ff9d1bc7,91dae3e1d1861d48966a78d5fe13ef5057f7a96ec50748db966c6f9426532360
args_tamper,52,False,ARGS,False,True,d081b5d85cedaa09a538bd14ebd25a49ddedabcff1f66b98449f82148d8deddb,60c0b8e38b93de46db9d619a6be9d02049afe031b5686f94c63c352f4552497e
args_tamper,53,False,ARGS,False,True,03f95c0ca561f5415a0aa963925e7bd0de2f3344240e675966eee1c6a5859ae3,62d34cdc2156b639e7b603b200e33a693afd7b425a1fb55109c91b87e9949f42
args_tamper,54,False,ARGS,False,True,fc7a947fd63e91cd7893e43618b8fdb3e7c9e7a9ae414fe3be5183cdc793c96e,fb2bca1c59efdc64de1f59f13da7a4ad8b3a13938223ea05a772c47bf1909c8a
args_tamper,55,False,ARGS,False,True,33706be0c8a3cf5ed6c9e8d8868d4f968aafef02ffcad87dcdc1d017f5586574,af37d0991f2da9398ed291558045ef238c4c5a674243232328ea7926ce56644d
args_tamper,56,False,ARGS,False,True,5b45eabfa2648af8cb6eb49519c83cf0b14a371a6a321eced84d31b7308f91d5,839f1a8793c2f9306a38e169bef0a1d3b6a16bd850c44051b1a1f425bc28f470
args_tamper,57,False,ARGS,False,True,395fe9306be1357a5c2e61d359d57eac92da79ce8501bbbf37f7ae473a882d3a,1df852cf601314861041a721baa0375e85c3ea8ee6b5810946f2eb3d178c8a63
args_tamper,58,False,ARGS,False,True,0e654aea3d12442e30263eb22e6ee0f7e7f258f3722d6e541101a2be46bfc15d,f16341e24a228c98936aaaf3ca64593ca6bcab4cd513b91d1c6b7e5745731539
args_tamper,59,False,ARGS,False,True,2a5a0890f1b9fa82ebeaf8b7ce59ffc506cb323adc6efffdc7027668944fc6fb,44eedb18fab657999ba0c9ad1e76167a07fdee4ec65100d54c1ad591d617ed4f
args_tamper,60,False,ARGS,False,True,1495afc656ffc91a9e15912d71a3d664d72ffc08c9f302ded5f747ca47b221fd,f37946d863bde30af1ca9ccf5b38bc037bd0934a41f14b61378bfbdfde86455e
args_tamper,61,False,ARGS,False,True,921153965a01cd7957209fd1903cb3a70a1acace50db561c269fa301c5e8d824,9e81c13ca382c6f0e6484f276a1469e9f3f8af0575e6a683e83288043c330cb7
args_tamper,62,False,ARGS,False,True,0579e83bb3ae413b740148d7a9f3fb6915ecfe7f06ca33c93c88e0c9322c3fee,6a452c3b2b33a4501ac228ffac2e5f92fb9e2de8508836551471478981000192
args_tamper,63,False,ARGS,False,True,bf65e3734657720807d5c7c841c7825a9fdc99a2d3ac8315ed997899ad680fd1,0bb4a6049144a493440d51d7a8e79e3d3b6c0d50ba15eeb4e3c32b4fdb7ebfc7
args_tamper,64,False,ARGS,False,True,c1ae99802bcb1df9ec973136c2239736f6077b2c959be535533d725a2287ca6a,8b0fe0c9975f5ee92b1445c594c68eea661d995f46b8ee58955c299f1ab816e4
args_tamper,65,False,ARGS,False,True,fed319ae85a54fcdbb19768d349ccfdb4fc6121ee461fa759a21d5983c61be5f,13833d01caec627abad804aec534e4b66a67ae16a25ef3d25ac80ce0ff4c2ba8
args_tamper,66,False,ARGS,False,True,1e2888c9da22138160ca11b9e6fa961845316a3e69725a537f022e5fe2ae7483,a543b823d13cc35e13a932cf83603759e51f492389baff327c461beb35287b1e
args_tamper,67,False,ARGS,False,True,2b2ee8ec77e0621f4d39697341efa7336f5b4fdedfd696104c8f647ad91cbbce,fc7545a0e3d61711dd973776858283ec710b8ac433146e4c64401eb970a20ef3
args_tamper,68,False,ARGS,False,True,5c6ff69f93c167c7abc0f5cf4b99cebc86fb447168d726bad1114d7df81c507e,8e50a823f2a5d5a5b21c3714964d65c2066dbe70b906a83def875bc3915fe78b
args_tamper,69,False,ARGS,False,True,ba71fe4d02775bd1271f86e886612709b756dc9dc135c4f9befbeefe2b0a7a30,7e1d0732c2161c53e7aa0a387b5d24cc85031a9b788be51c6770c86eeefc9ca3
args_tamper,70,False,ARGS,False,True,841f1edbecae588750224b4d0dd50dad0b24c6b8c1f7e56afa2e7e9950043d5e,7e95dbcdf6a93343aef4bb7e659cbe6bad89a38f9691807d647849d0f7798678
args_tamper,71,False,ARGS,False,True,8e3206fd757d6e6798ab0ba8901a15745af6033a89f8479f6a87df0acce01a19,7d6b6b8f8346b1638f99e54234bae72f2ac4b33357876d713b1cbc650d89f6c8
args_tamper,72,False,ARGS,False,True,195db3bf2b439ab0ee1b9ecede668ef48d83970905d0fd099a10233463256c89,f64460a13f348940795fb2908e618e90d52b8b6a0e0b57d73934207b716c34f9
args_tamper,73,False,ARGS,False,True,51911e4a2be5e424562096e86aaa134424548f63c5e5f6c4931e04f2bb021b53,52bd6eb97669c0442ee513fadcf3e99987520fa51ba958f688ac852ea66c7bce
args_tamper,74,False,ARGS,False,True,5d0e478d3df04fec691ce648260a1bda465bb051ac815e8394c85dfffd70a7b3,3417ffaf57a6b6fc87e4509ed365c2b980970a1986ec16e82a699cf099b4e62f
args_tamper,75,False,ARGS,False,True,20e21b832b2b7020733336cc63ca697e4983b23ca0279ab17486b9c4504e4082,cd414b46576c6d50e2e254932c41157e308f817191bb9bae4ef05720ad6018d7
args_tamper,76,False,ARGS,False,True,ae505d9cddb537c7d41baa8474fe813af1718c156ea6d67cd4e40a0d5f516722,c2d9b6d4ef7b67df4b634dfe4944fc937cdb3cd60bc44e5504661aa10bb69c41
args_tamper,77,False,ARGS,False,True,5f96b701db3e2ee9fd6fce9002998e35cc0ce4502c06329ba7337b45b62e6570,b3574da4ec4bbcd7e4e33d3c8f2ca2c62248ce51350fe49ae38b78597e125100
args_tamper,78,False,ARGS,False,True,5ef46ebe041f29c8432fa907ddbf7dcd04a7fcb09132be97f4de5c59fa05c838,22e24636c55ed7f0539e675a517ae934cd9c5a58d372ecdcb3f7b0f3b1cb368b
args_tamper,79,False,ARGS,False,True,799f933b60492d165833582fdc204e1e740efd739cc6e93dd51143b616de1751,67bcfc248ed70eb201139973cda4913f4611a5dd2f25332e68f64a4306b3c246
args_tamper,80,False,ARGS,False,True,4d0a5ef11dc9baaf152feb21e8e48dfc4138539aa8c1178db9a718ac8a80587c,a34d2f787d16e030c4ed3f27a414fd8d3ecba3f8885e84c2363b8213e03983c4
args_tamper,81,False,ARGS,False,True,020f86e4cd2a5750ba0612eaea99e21633e074ae2fe0de1353b2b96fbd95e791,e48b18cc96b7248e53fb0f0c96bb76b239c7f24e648344d087383a32c5e4a4e6
args_tamper,82,False,ARGS,False,True,d77f723d169721fb4c962c84550889c77d6d39e4558d6a8b3bb822dc33faa0a2,f19d3e617cef78b92b3f51fce7bf06c5f48cfb02e90f64d9066d3d73c3448686
args_tamper,83,False,ARGS,False,True,1ff03699c1a8729bfb08c607e179ca8ecbc46f9f856c5ab45e53765277a796fe,5c1a7bca6f4356d0f7be43fae3db437f40258bb41bb5dcb9406782fb207e0e33
args_tamper,84,False,ARGS,False,True,bfc29ae0f734a850e7c0430f1fb72d32b36c5c8c46629fa54f51322a516e3057,6c0c002370e76c6a65d3d0136f0858b7b76c69ef23d1a3e1cc3c6e122e9244ea
args_tamper,85,False,ARGS,False,True,f23c244ba923161e53cb6eaaacd515b68afb0e8d0ebe75cd2d356ad324f43e24,52314d08b7a450fa15a641f142df8e34651de6c1be3c7eb3e0ca0b5ce6b8be75
args_tamper,86,False,ARGS,False,True,f5dc863107a4412d0fc7d673d44897ed95bc612ae640df4ae9724ef8938d1045,d89fc61544275379c132813d12601b95610ebdd7593d08e1efb5aca1dea4dc68
args_tamper,87,False,ARGS,False,True,f37ff48fa1e9f3a402945da248a52296408f2e5634650435419aaa3187524a02,60929f71c1d4ba507e66f09bccd39d5e750d98dc51691e657d28e8f0c6bb0b4c
args_tamper,88,False,ARGS,False,True,af1f3b9c2a8106bc293e3ed72954e5fce0435cd4322235e7ce46b1f63afeef00,da4527067d50d667e9bf20bae0b61ca0fa56675a9027257c17165ecfe720cf97
args_tamper,89,False,ARGS,False,True,b8aa712915fc3376fa1a2ac1dc4999a5f96b8f8e737e18e150d12da573de5e39,7705ac3334afdae2f54289dbe930f9fe760296443dd73f4b2697fee8fb7af7a9
args_tamper,90,False,ARGS,False,True,cbd600d8db2d55e65ce44ca1c125c6618d782c55bbd8afa5181713aff953c1e7,030dbb1f7978f53cbb348a895c8f9570f6e36a3f3edd2b3d63980fa162de8248
args_tamper,91,False,ARGS,False,True,ca186f5687db007a698478b2f8ecb2cd241cf9a25021180151f191f4a70682ef,fd36eaa757a777937e7c0b692c087a884db7134641b34215a02c07d8df0401b9
args_tamper,92,False,ARGS,False,True,0f5e6ab536a4494a60c605ffb3154a24e4bcab777f1f71788454b5a07bda7785,875d67afaf2a17a6ebf8a76efbfbe2fd92013c4cb3db2ecc63068d874eadad52
args_tamper,93,False,ARGS,False,True,ce73f3577ccd9fa33ec4e4c4db99d4e98c5f772f2dc40b4e710aea4519b058ca,8220878c9395df5c609a130c680ffb425bcce5b6c4471cfff895c0e16f0f2dcc
args_tamper,94,False,ARGS,False,True,d1ca606d9a7d95d15f5f926cb5f6c90b75a5ffc259303af4baaa5b19864b1a3d,c5fefa2ef246a776ea27888f7fff05493c66812d5f300bf2154f3b50f9f2b476
args_tamper,95,False,ARGS,False,True,d2b59206d11081625770d7ecaa5f1a8aa376778fa6d25812ebeaf1a22e421207,f42975cfa330c2707a0236348d2c5720eeec32ed2d283386eacc21adcdbd85da
args_tamper,96,False,ARGS,False,True,5772e82efa2479597774cd1344ca31443af16b56fc51eff3f7a6f5f553a0a5c1,5642050d087e4b4b5ecb6177395726ce574f59ad9a4242ec710de81c26f68e8c
args_tamper,97,False,ARGS,False,True,b05a281d2677bdf75f692e4132fe1d6ce9650ffb3571ee67efe95ee60a3da991,0c4378f2d0d89d749e6bf9ac087b406006054d3e28b7d341a4aa281537b3f389
args_tamper,98,False,ARGS,False,True,331b874b1c6420c3c278fcd05c8e98ccc50c914cd1d2f88f500d939955fd197f,547cf0b5c69bfefa731824d245aa706cea6e67fdc6181e2bdaffa0e91ed1cf03
args_tamper,99,False,ARGS,False,True,5356a752e4e7372a167b8125eb00ea442fa6ef50a4b5467caedf004b5e095fb5,60adc28820d4d1245bb6e50016043433f8cd6b4ceda2dd928cc2e47cc728d3b3
args_tamper,100,False,ARGS,False,True,decfc8153a3d20da2eb57222b6ff01e4c49f0afcbbd8f4d8f40a5f00cb2c42e9,cb6c8170722a8b587c78a268468f5f61567f540e13aa5aba484f65b35ba75812
args_tamper,101,False,ARGS,False,True,989d59333fbbce24a93ab66394df33ad0f11fd34fdb5fda799ba0f0cec5dce9b,37aba25320203056def50ce83633028358cc5dc758dd7196bec8e677e01aa6f1
args_tamper,102,False,ARGS,False,True,a12ac430a6db72c95e6ac4b3b0c09b0991698f36d386486593fe759359dae9e4,757ac654229b3dd5c47bb37303a495d92fb1a4f042fd1ceefb648e98929b405e
args_tamper,103,False,ARGS,False,True,483e355983fa0a6c778c2bc5288626df5b1f06818051fe3c00060e7041722d6e,0f05c9f52f1f252f0e9814026d111cf7d43a3456ea25ec05b5649be232f8c671
args_tamper,104,False,ARGS,False,True,ace17f15df01355f27fea4e230a7684a1b7d4254248779cf8e2fdeee328b39df,91714986c03d6137a7a3e1f348dd790be6013ecae9b39a5b3a4ea02dccfa11bb
args_tamper,105,False,ARGS,False,True,57d5c8a4788849b683f176abb286bfabc6f905f5b8ed119980618ff0e82b4ec7,0a9e92a01ec09a0955b4f53cb3eb8821aab547a10e28b0e9f991d9eb84959c5d
args_tamper,106,False,ARGS,False,True,d998b9e8fa1893aeb8228115b441be186bf2be85e11cbbdffeacddfd72839cf0,146b20f0bee726c43a4129594568ef36872ed3f16bd35587821faca15c34831d
args_tamper,107,False,ARGS,False,True,19311314e836af7b344823899739627ef261f4daa869b9f7ddf0928eb505b353,0e8d365184d98c0cc022bf2ce454a5b394205abcdc83ba20831fb15fc186f8f6
args_tamper,108,False,ARGS,False,True,49e464a0f725c6e098f183a5f6ea71f5eb2d52066431c097e2ca82a2bbb3c2f4,0adaebc749ef9e9e70d8ac0cf30a6459bd31158272afe402c6c29a2a500c591a
args_tamper,109,False,ARGS,False,True,9690d8e9c7d714a371e3754cbabf4a721e95ffeb19de42fbb3edfbd54ea994df,734ce9e9b6e81a332df624469e96cf58db9d0fb34d213083b9a5f883c05144d9
args_tamper,110,False,ARGS,False,True,f1b39f892e1a058edfb58c6346ca4d31ca99a072507b1ae07b88a7ae5f9ec2ad,0b390544dafdd835b88b2f89775f0ae9d0b111dcd4c26f948987b8c10d20d5b8
args_tamper,111,False,ARGS,False,True,8a6be4f8d46870110fcda6a0b0b84dca14619443618294b5d93f836ffec24456,646525a1e77cf0074407db767b2f70c7d60ec9f0d5567b2fa23b719dd2d1dafd
args_tamper,112,False,ARGS,False,True,b307e005226e3f95d3be414a4cae5a7dc6ff7d31a5e9fb30847025a2175e51bb,1644a10a9fef7136a139d67b63e919eb45ce3aa8ce301e8eee44f2f7895b7e2b
args_tamper,113,False,ARGS,False,True,d047fb75d44694ea1a276df1c8c08f2388bb4beffca1a17788171ea2fc541755,536e40d69530a00cf3798e3773d0a1ea1feac24eb8d349785dc351c8144bbdef
args_tamper,114,False,ARGS,False,True,4121a56177407ffe92d8eba8d497124ff8c2507c1663b0490022a88c8da0d916,238bac2059ee067b2f4fa3fd8183e766bfa743424bad8c594bc10503229afaa5
args_tamper,115,False,ARGS,False,True,2b3ff5c451bfd322c1110484c30a44fad3104f7f0b30a619acb6e5a6b861224b,2295841fd9ab70c796c81a3ab84b47cad0efe2eaea4da4285c145fc6ac59398b
args_tamper,116,False,ARGS,False,True,a78c8e09ac02a9eb2550ac1caa5efa05d8e7630320c78a6469db8995be5bef33,039e7bc7ac6f8b7811df3b2d88fdb89dc5f9ba5d3ad14a944817b77769751d94
args_tamper,117,False,ARGS,False,True,9aa36a3e2c36b4d41ec092049af3f34323836aa029d41646f4a9bf93af3ab653,38b65e39bde3c2d1d71bf75b4111d5b1dc441d52fefe219848fd001bdadb8a36
args_tamper,118,False,ARGS,False,True,d8074b00b176168510e898e62fc02e1bac9904719229895cf25cdddfc684f286,9fc96d021eb1773a4d53944636a0d0c89310e21341ccaa573cb00a6ab410e587
args_tamper,119,False,ARGS,False,True,3e4a216ee4661e8c31ffdcfcddeed210ec474c06f9b207b6e5de94326b478a5a,655c4c124cfb459c56dfa10e0f6f2155bb9b153a1beedc0c020c44b4fdce6b5f
stale_snapshot,0,False,STALE_SNAPSHOT,False,True,cc0a82db0bac4cde02666bb28c986b950bb081f9a02d167e9c02a7b20a40e0ad,3070e43abd7951df8dd7b49a4f34d279e6aac258662c8a59c5171f6fdb2407f1
stale_snapshot,1,False,STALE_SNAPSHOT,False,True,8d621620fbb25623d2d688a987638013ac42823c3bda956b447174e757a82e3d,01a64387141cc75f3d2129901bcea8509433ea4364a1c15b7ca7f327b2ea6fe2
stale_snapshot,2,False,STALE_SNAPSHOT,False,True,dc6915057915078f8d0ae62b16fd52b4c973dac6e8078310d788174ca70382f9,808cb2c57f78a3e96ae94384d15501a876c40a1dc6c77e338b6ea2ac3f65635b
stale_snapshot,3,False,STALE_SNAPSHOT,False,True,8c5e4a296a9df6a7b43e5ac4ad56caaeba315c2f6d1451fa801681fb334c5f6a,340e20794debeccaff1fb948f5e7d5c14be675b5dfc59fb8ea23b8a5fc58e4f2
stale_snapshot,4,False,STALE_SNAPSHOT,False,True,8a8e907f1052d8377699fc843343c447f4dd1517fbb6ebd21206c7bc4142c6ec,37e899efe099304cf6ffa4e2e9efbb8052252926cbaf7721cfd6b32d29a8bf4b
stale_snapshot,5,False,STALE_SNAPSHOT,False,True,39a96ced906ceb45810c0909e672f478dfdf06883739c4965588248a647c8a18,6e10583ed736b7c1de69fe04e533a3722611a8762467d6e005f834484180057d
stale_snapshot,6,False,STALE_SNAPSHOT,False,True,f5d00b4010006eb397cb4502f3bd6dc0bc9c7733f21f46796985740ccfa8a456,760c9ad54a7b41a5d1b2bbb91b25e0f46ad428283607e2f64a7acc2ff2fa489f
stale_snapshot,7,False,STALE_SNAPSHOT,False,True,2c97b82bd26db838f61f5aa6d7e3d8f9c22eda1eba09ed437369906bd08d3d2b,722e6d836fc83b8c74f15b65f7db589db468a4efe7f5b56f3b0a3582df853fcf
stale_snapshot,8,False,STALE_SNAPSHOT,False,True,fc5c64923d716d17635f4582da9cd0573d82b5cc8f9c9896acae390ec8f6f0ba,9bbd9cfdcbc24f6e2a34655cf42fbf2bb6c41fd89ad20221d49d31cc82076c3b
stale_snapshot,9,False,STALE_SNAPSHOT,False,True,f0d4bd79f8b3345c757c81cd8ca793b8dfcd4a3eed2457b8c1c0643bb326a7fd,bc3b5fddfdead4e81eec2b1b5f565507d8c7dacd1f3401404680f9497a41e309
stale_snapshot,10,False,STALE_SNAPSHOT,False,True,d480a22cfe251e4f8f57946bcea03ab0c132b733775ec7c7728042dce1bfa772,d714ef1a734c274fd61163ae6cfc7d8ed7987ee11ed6578336b646c58c57c258
stale_snapshot,11,False,STALE_SNAPSHOT,False,True,cf589e4fb367a5f7ba2f8548e9f11e1ce7fb46ab1d8cf2a82b4654ee425ddb0c,7a78e315f167fdf58f3ec797295af2ee10b5afc9f7cc6b48273b1a698616909e
stale_snapshot,12,False,STALE_SNAPSHOT,False,True,4e52731d4d0f8ee98b8a0b8502daeda860139d2106bb4d6642ddaf0130b46ab2,b9a8c273400c19798820c4da7ca0a6876ffdfd40c4046c3037eb714d9fb56430
stale_snapshot,13,False,STALE_SNAPSHOT,False,True,834a20597b52ac76e52e068878ff86ae5583b736fd13ab1f16642ac59628bd64,b767e1803b922d4b4930e65c3b706537ad635521e72798cd1be86bb5216d3bdc
stale_snapshot,14,False,STALE_SNAPSHOT,False,True,c3d25dfcac420866ffbfc2d175a3c441f6027352d178b6972a61ea0b0c9a036e,a46e2c08661fcae40569333b65328fe2e4e41d7dcc0f934581cfa486e4e4c778
stale_snapshot,15,False,STALE_SNAPSHOT,False,True,c89c245af7e061b3a95030b67163161f95c4dbaec9082eb9ee9ac1dac7e752fb,8441e7026e148eeb600949e744992ed36df8c4a90d55a0fc0647964cd1bc5488
stale_snapshot,16,False,STALE_SNAPSHOT,False,True,79792a9a93532708b4670cd2d5ad434f26e115e283f2ad5f4f1620f54f622b14,f5908a9f8495984f7c346e0f70c99828530b3314f285baa9870fcbefa5339ced
stale_snapshot,17,False,STALE_SNAPSHOT,False,True,77309cc2c253e3126fd96cfc55f82543ff7f78694d1aac136817ae9c746f96d8,78b504e40fd30c5f70684dae6381efccd089906123e2782b32bc13a34ba35133
stale_snapshot,18,False,STALE_SNAPSHOT,False,True,39a11a4fa9635340049c71f6c311e40299742c2f8cb86ab168eb2800054ca907,522801c9d90a3268882542e6a3cce7c5b240e0418726a8d65186919a450d682b
stale_snapshot,19,False,STALE_SNAPSHOT,False,True,4e19f30d371981c17173e52366a51fc24fb8f672291a6df76033bf24669eee04,bf99d94c33f38b1ab576bf981cb43c8bce3d33b97b5e688a010bcc90b27f6708
stale_snapshot,20,False,STALE_SNAPSHOT,False,True,cbddb5419afe9ae64804d8d1e1e0b767f8a984264118f5fc57340387e794a8b6,9170c24301e42fb0e896d5a3cfcbd75ede9edd161e2eece4f058bbce991f6f07
stale_snapshot,21,False,STALE_SNAPSHOT,False,True,2042009970b3d4fa841f9027c2f633ff941b6d339ffe4dc49a371986e629a2df,cd70420c7fe076cfe63c6a1028c64ceec2192bf1c7c333810fb49e5a2aa548ee
stale_snapshot,22,False,STALE_SNAPSHOT,False,True,52ddd18db96f20da030497f03654e90fed6b2a75f307c8ed2947ee406d7cf678,8f3ea677bba666d77bb5a36ecca25bf6d227c0f831c168282c10252814c13bff
stale_snapshot,23,False,STALE_SNAPSHOT,False,True,b92908ef4a822fa30e8e9b385c10b21b8413635e44aef0920b16cd9f889b8084,cbdf82f07dc2b9bea0baa67cf23e2ade3a2989228a359fc6cba6a732c3ff4449
stale_snapshot,24,False,STALE_SNAPSHOT,False,True,57df1f1486c633ab4af4bd4b7ea4942bd58d523de70c71e93a72de216f2d3c8c,ad94167bc8092a58238235614b8de6b4852d526f3b39ebab4541d166458ddc41
stale_snapshot,25,False,STALE_SNAPSHOT,False,True,e22b9173a7fe650406cedb8addbf941662d6dd1a2d287db0264322dece3d6164,1622f8e88e09461c75a0977b24b103870402f593adab919af36c655f8c7945a1
stale_snapshot,26,False,STALE_SNAPSHOT,False,True,42017cc7dac4666cb296972b84d57b1e072d1fffc8c934dc08a80e56d30f0c06,a334c7506d040d887d77bed4153e44f821da137901a4de7744f4e85619f149ac
stale_snapshot,27,False,STALE_SNAPSHOT,False,True,cdf3c95e8c75d2f5b845ed4441b610237afc6eaac0ef400af233dcdbcc44be0d,2389eb762de55e0a8caa81298bdbdd3a363f5e75c982c2c2e3a06fd1214193c6
stale_snapshot,28,False,STALE_SNAPSHOT,False,True,73b2cde37f8f2db3a7ed0c5c325fb23341a29e926bef0e7e232976b6a09c05b4,68f07e06549ebadbbf37930a07018f8fe719bfe4243042340654815eb92eb55d
stale_snapshot,29,False,STALE_SNAPSHOT,False,True,ff129e5f9eb910024599f7d343d3ad3315c816c276b63faf169e7d4dc23643f8,4bf2b06d4914f5d1b73069f26a4a0d7859743627c56ddd00b13c9afd421419b1
stale_snapshot,30,False,STALE_SNAPSHOT,False,True,9a704b953a9db712c4c39a6ca95f661b7714b16003c325584991fa0b4d160d9b,26085f97f4344f590184316f8921301d4d921ef036a70f85b51b1b67fe4510ce
stale_snapshot,31,False,STALE_SNAPSHOT,False,True,ee8b062acc7b30caede5666907c8858e00cb59842c1d1a26ece5413885a05e06,db5668a1bced2e94950430c64dcbe3fa7ef7322bc16c3700ec3f6c3555524c7b
stale_snapshot,32,False,STALE_SNAPSHOT,False,True,c31931387b514ccee04838b050ddee6fd6fa891d13d5bd139c98212afc07eaa9,97429de3c49b705ee3fc3d608125a3d586b3574381ee4134832eec1056542369
stale_snapshot,33,False,STALE_SNAPSHOT,False,True,d5cb94a1da8ab6766510067f42a0e1327df4de24c20243a821c103d97ec1af3f,694e7b3c5d34027ee62f67a325b01c19b73a2d92e01bd5ae3eb106e64a67a7ff
stale_snapshot,34,False,STALE_SNAPSHOT,False,True,05883c50c6a41bcc75b3a52adca546fc1118326d85f6b6a6f97b0bb01b4e245d,857a3c2db7c1b02776d7007cba0353825e73231b55791802371acdce02964df6
stale_snapshot,35,False,STALE_SNAPSHOT,False,True,c5a5bbe173b34f89fbe6fc9d497c8f4c010714fb3ced02d37a93e7f4291f2f0f,1585bef6325fe31b33a261daf12d58f7a8e37abf36f70f6b4cae9c7e87b822bd
stale_snapshot,36,False,STALE_SNAPSHOT,False,True,f8207a72938ef30cb4208e639712f844a55b6dbd756eaf80c6bde0bb31b6a9b6,81e944d42964bdb0e0ae52ca520fe8ea4966c7c8b7e8a17f1132e7d7cc0e7388
stale_snapshot,37,False,STALE_SNAPSHOT,False,True,141a960508f5cca20ffaa940e7fafa83aaaecb0954a319d46f18aa3dd5df23df,a3a59ca4525e29827b06017f260c0c02d67e878f27d58c7d9fa9af6d2df60731
stale_snapshot,38,False,STALE_SNAPSHOT,False,True,3c58b4931b1d4bd3ceec2c7b65ac8bc6b1be646f39848dd78cb80f65f8d91cbf,b39354c4d8f29af3d36017b9c32158e4c56b91d47d3e01e97981311e7d1aa8db
stale_snapshot,39,False,STALE_SNAPSHOT,False,True,f2b544238a708183417ef921f4594237055d106dc329f585da2d3be1f68534c4,0e30bc1971aa4ebc09d9d87dd9e29d6a6c9fd24527dfa25118600365efc311ea
stale_snapshot,40,False,STALE_SNAPSHOT,False,True,94f5a1b83669a1ca9db190a714815c69742c29ee086c7446d8b8ffe632ae1948,5a8ad25748deb632f2aff344906838e92ecd8ab4550c25dfdf33611dddf94a04
stale_snapshot,41,False,STALE_SNAPSHOT,False,True,7838fa000552576ce6e11420e9e91881259a472cb24da0b0a44bef74e0ee943b,2fed47cbe074a0951c51bb36f9b45a13ecab04f73484119e9ea1335474701715
stale_snapshot,42,False,STALE_SNAPSHOT,False,True,be9598a9fe2ad16f9d80017d62be3248b1ef43b58f637532b718fef363ef1f06,1939b6782c56990ab53c5952b2d7b2bc3ef3eed5a2dfacf5a1cc0d72a9b82c93
stale_snapshot,43,False,STALE_SNAPSHOT,False,True,f96ee22f1d6bd2126cf56fa911c05a024549217db9b718807b5e45125d1a6ec3,d7402136b894334fe02d0568d8fbfd1b420ccd53ba8f0b92c57d8d24baea6dda
stale_snapshot,44,False,STALE_SNAPSHOT,False,True,988f7c15c06f08b69cdc8cda7ed97fb1234ff67f4c87f7576ed109f896e8b454,21447472a4dd88fcbee6d23b8a9232c9721113fb85c1a7321a4f8f476dacf326
stale_snapshot,45,False,STALE_SNAPSHOT,False,True,8e315e99829ceb2f3b21424c091f2355c6d35261e096bf3fb8ab89bc6ed23f34,ee57af741fb465ca41c2bc1a45feb9a5d5bbe869772e2d0637216067a51741ab
stale_snapshot,46,False,STALE_SNAPSHOT,False,True,8d50a035de74ef5f4e429782035c18c4df92fa7fd8ea479e327c16e30740b16f,ca89af30b669a709ac975c6578eac0401a27f3423d42c0025067f53261b24eaa
stale_snapshot,47,False,STALE_SNAPSHOT,False,True,0085ae173cf5f1f7e9005d3e0a11f1d4352361cb92ba075e12c2e8ba61eb8190,e837d5fc63716fb5713204a62e1acc7f1311e90cb75d0de5fa7244f9a77ee7fc
stale_snapshot,48,False,STALE_SNAPSHOT,False,True,a5be883d61c6de137445b552e39d7493a05bac4bdc992a6e8074dc720bcdac76,ba878744984e35a52decdc2c65f08ae62cfe7ee172a126cc3cb9ae8ba3838e15
stale_snapshot,49,False,STALE_SNAPSHOT,False,True,f1a4b7d457fcac4b9e7dc07fda9374e89a9315925c1fc3df2595baf9b40804f6,9c65a941b56109dad8dbdafd1653478e1856570f3537c00d051b25f183d08acb
stale_snapshot,50,False,STALE_SNAPSHOT,False,True,8833e27291d27c529854756b09cd41d0010649b54ca04e25590e7fed9b2bfbfb,84d128f5700aa0dd841fb89ab0f52f2ca9390ced7c9ecf91100698b281b48ee4
stale_snapshot,51,False,STALE_SNAPSHOT,False,True,c999a2a63214d6d0fbc27e43d3fc1487c1b0a2a74cc209910fba261a2cd4fd26,a4fb4b6a1cd44f9509bace6dc8279fe72c1f61483aa3832b6312a202c5e7ab4d
stale_snapshot,52,False,STALE_SNAPSHOT,False,True,02343543e104a135dd1ea22a6e742f9f6cfcb4769fefe40d3e748b990e29e307,a50198f99a8b948fe99b1169b974afb6bd73c090314d979222590aa079674778
stale_snapshot,53,False,STALE_SNAPSHOT,False,True,652e181a39cbfe44bed9e1b89a91539764dbafbd200560520797f5b1543821cc,c750d533d02407a842562c02d1035e082c1e87407d2dbeb8f451649d30307d22
stale_snapshot,54,False,STALE_SNAPSHOT,False,True,659b30242e87586230bea76ef0965eb8f5fb19ea09c730e33e46c376e5f305cb,258450353aefcdfb4867e5265ba84fa644da9778697d0b89808605f5bc119b50
stale_snapshot,55,False,STALE_SNAPSHOT,False,True,629ce7c762109ca1c448459f17ccabda07f67515a77e5334927c2cfdfcd0287e,d1819332d4bc8279c2bedc68f6e69dac45efdea2b8d357582f8e36095f1eeb67
stale_snapshot,56,False,STALE_SNAPSHOT,False,True,616790560e95dc98367bf47fa461ba2f5f5ef106849a1993bcec259548bb95c5,b747a32bd2b28ba01825292dde17f7a9bea4deb00a71bc163fc2092b8df4f241
stale_snapshot,57,False,STALE_SNAPSHOT,False,True,f75de242bce6ceef87558d8f08c1cc5a990fb29cf98334ca9608711463499c97,6aa0560d10602d97e637965c9d57d0793559cae2470fe2255b67e6fde2ef09c7
stale_snapshot,58,False,STALE_SNAPSHOT,False,True,ddaa493f7d1fff4df0b2c98e3e41a2d1a23d363619138828589e6b3c7b32c5c7,85338312edf994637504b83b5713b2dea8eb1a9f949f511907cc3dfa2ce76349
stale_snapshot,59,False,STALE_SNAPSHOT,False,True,f32c733d665c100104330266453c2607bedf81d6d7bada7e8e7742b45fdd2b6a,626e8694faf4a790dd8ec729b5bd2684a057c44d9dfe3b1e18c8d727302b3d52
stale_snapshot,60,False,STALE_SNAPSHOT,False,True,c0fdaf9e5684c81f7ad58f4fbf55bdc01071c9bc37e89932e2ed3d446559b029,49bf12d5543ed3d0f65daf325448c6bde98bd53b6561780a4adcb27ce3b0c81d
stale_snapshot,61,False,STALE_SNAPSHOT,False,True,f6c8ea736bfea8f228da2e51b6d0b0d449ec571449d1662c64988e1e7fe1cec9,5571d801f658a6dcdb9fe9e0e47b4bee5a6cccf39363963bfc54704d206446a1
stale_snapshot,62,False,STALE_SNAPSHOT,False,True,aa93e2c8af9d9a54ce55d756680a288fa4598898f56ce34447485a5d2002606a,8732fc9b5d160788328e4ad0005ce870adf68e5f65c4dd3e64a5ecb56b355a43
stale_snapshot,63,False,STALE_SNAPSHOT,False,True,04b3642464cd4d1d5fb51a545a51596e4da60a512a511b87fd9986249b969be6,89b56748865542f447b425659ab61f14f27bad12cd3d35c2124be55990aabbfb
stale_snapshot,64,False,STALE_SNAPSHOT,False,True,4937681b3bc81353ada14cb75fca4717feeeed0aeb95e6b122fd39916b33bf5d,90323d5bbd23ac952906e73bdbea96e5a007b5dd4d5d96966908bce32a8a2598
stale_snapshot,65,False,STALE_SNAPSHOT,False,True,2a8fc0976c6c4afb4ef635d9603c9072d838b4229ffb4561c68eacec1636d788,f2e89bc2c49c7a67dd794079c5e630046bf6a3b8e17ead84b1acfa86382f45ec
stale_snapshot,66,False,STALE_SNAPSHOT,False,True,96dd93ad4c3de437dbe6d2adf1a7361a6beaa0251ec2a3a5439c98771075985c,5cfba9475387ac4162390670c48c8b06132e9a52f7e5477abf9b776f4c824424
stale_snapshot,67,False,STALE_SNAPSHOT,False,True,dba11072210ae495df1815635237362c6f7a277c6b8515c28da335fa27ea6f89,3d519ef46b4b77f762fc31f06e473460b2af0ef68b4eea5d62f99b5fecc4d527
stale_snapshot,68,False,STALE_SNAPSHOT,False,True,3c0b3000f2d989b569303473ecce2dcaab87dcadb3b3b02abe13a7a1ab64b862,6b888fae143b844dd588393123d845fa0d0dba1bef041ac70a270605871c8f14
stale_snapshot,69,False,STALE_SNAPSHOT,False,True,29bc73daaa662778c61a8568e97037313ebe691ba57405e1777f22ba55636c5f,1ebeff229a8f7b6ceccab84fc9a787bf1114ad7da515866c2321ec9ce7fe4fd6
stale_snapshot,70,False,STALE_SNAPSHOT,False,True,ef74df86fe24efbbcfa2affb1a3df945f919756426d9a01a309c389b7d41bae3,891ea900df383c805fd2d9271d71ea45ba0de56709ea076238b8f3fa928a550c
stale_snapshot,71,False,STALE_SNAPSHOT,False,True,6bb8f649c2ea9d9436b67cf0670e43819bf583c1229c34f91a05dff5706865b9,ccd189650145bfc87395217df3e0ea1255d9065123699b3a6705ab9b5b8d400f
stale_snapshot,72,False,STALE_SNAPSHOT,False,True,e14525bd9082755faa82fb6d131ad830eaea44c2fc3e4df40d7ac2a010c51bb1,9b0cee5ee8a8dafb26fb32f709fcd0625c40287c8496607d718dd4be1de7e23c
stale_snapshot,73,False,STALE_SNAPSHOT,False,True,0115d316270aa85923dd82ac57f72b2d4edadb1ceda28c5b7c139a3ae96e962b,1304edafb08d5a604f42599c568c03be33fe4f12e916b60987d5df4f5dbc8772
stale_snapshot,74,False,STALE_SNAPSHOT,False,True,a1043acfd8bee7180e99653b00add33dadefb6dd3b57c56be8eb6f513843ae55,3f6dd2be1b92ba09c4950102239176bc744708c6ef7038c3ba0d8d615c0385b9
stale_snapshot,75,False,STALE_SNAPSHOT,False,True,a8cf8599f1a2d08a9e81175731b2b4d7088ce4dea60960bf28ff6e194abf4542,7212ea0993225f1afd91e8140ed5b40029ae007cb7e699af02f13e0e04c9cfbb
stale_snapshot,76,False,STALE_SNAPSHOT,False,True,6200eea5ef7e700d56234df584f621f426531f05d7034965dd548f0c41dee18e,afb471f07463c9245e8a6535cde7724541f51a7d2e1585f61cde9349360ea6c2
stale_snapshot,77,False,STALE_SNAPSHOT,False,True,7302dd81781c1090121862ae76fa2f73ecf18fb3c7beb38b17a9c5335223de11,b94fe0cb656beab9af6e37c1a419467e71ca76310c7064a00e32127431f96e88
stale_snapshot,78,False,STALE_SNAPSHOT,False,True,ead28a9f983f8c0c6d39f19eb886ac967bd6df4c725097a266c9686e02bc6ec2,e6b0d6ab538abdce3e2711c9d150b57fae1ee5fb9656a74606240eb3e6dc0d20
stale_snapshot,79,False,STALE_SNAPSHOT,False,True,ef5bd77196a46e50e8ee90372478949a19da894e0ed3b6c44111c68a255db6f2,5b9e011a688400cbbcc6a2e35ca7891c2b9ca68e4ae338027ade742442d0e555
stale_snapshot,80,False,STALE_SNAPSHOT,False,True,5790824285737fcbd6c0ac1a24fd348183ef5dae445f941d25ea53a090852390,a2b0574ff2b8bc68644279cd1e66c04d15e9797a96a34924db8c23dd9ccdb1af
stale_snapshot,81,False,STALE_SNAPSHOT,False,True,cf55c97dab6afdad3f4ed069cb2ebbb402c556df461548f921499bec7ddb432c,6a114aaba81d23958819fe45843c0628db16901579c7a9542ee76578ce2ea326
stale_snapshot,82,False,STALE_SNAPSHOT,False,True,30a7ae99be07d879166b890014318d764529a2d7ba80f62ed0c5298f9f1116c8,a0d07134dee001fecf29c02b7dd00d3bb22d230f67fea4b983c51ef1a3755e90
stale_snapshot,83,False,STALE_SNAPSHOT,False,True,2625ac8e356f89c78785e31450a410c2c63e8e49b617e62553d83647de84ab3c,d710310038254d9f9a21605f66c17acbb2bb473c2af9eca9bda2b1e8578a37a8
stale_snapshot,84,False,STALE_SNAPSHOT,False,True,a86ba8c836d0c939e55c0f07411342ada8ba0f05d42aacc462397c6892e10c02,540fe2b55e41c28a63c4ccf2a04473b331737cc111a90c1f017ff5e6adaa97ed
stale_snapshot,85,False,STALE_SNAPSHOT,False,True,4a4e9d7304f1d238d1f4fd781b6e48c3455cb4b2da00c84fefe792d1196c1718,903ab76fe59b207b5929dcd656ef28a993b0bba3eb3a4f7e83a0b2ff9c3d6486
stale_snapshot,86,False,STALE_SNAPSHOT,False,True,8bda29413bc83785358fdace0136135823b1f1223bbcc11a5384377606007c3a,4a65cab504ce3cac2583d2c7634bf03e3a76ec1fd4ac560b3e33e7763f8456b1
stale_snapshot,87,False,STALE_SNAPSHOT,False,True,2657267e485b7b0193687d78955968787a6155a8b6eec6fb334780883e66cab9,9dac86109e6005d23dfbd79d08c2567dfe8eb7cf979270dc2ec91ceb2ff05cbe
stale_snapshot,88,False,STALE_SNAPSHOT,False,True,8b879dcdc85d1d35ff29c689dfe32602ec0ae851a53797fd7e3a1c3da5395f36,c260ccfa8a2ab149e5d390084e971c69e716eadc024210d1ade68156d35df625
stale_snapshot,89,False,STALE_SNAPSHOT,False,True,ac0fc934ff3bc4a0af3ee68ddac9d9a3e8abce0db389aae8ba885eafc8ba2adc,1061e20a954d75d1a9f51baaef374a8d7c792102939090e5d878a58e74c24e41
stale_snapshot,90,False,STALE_SNAPSHOT,False,True,d2e87cc37323ccef7f01ea4a55e72f40b6ec96e8275de53cedf04954764b21db,73c4bd7915190383b45379540f25eab6cdd096d239d9c81916f82b55e97fc35e
stale_snapshot,91,False,STALE_SNAPSHOT,False,True,b2df13e2c9d4ad37d12e109d648922978b46abbedf232c0503ecbd9933ee762a,220c62f2e464e52597d14c381a6943ccd8585b57330dcd1927c563d7e803d9a6
stale_snapshot,92,False,STALE_SNAPSHOT,False,True,788f1937bb6610885fc8aeb4651100627c31d5a4add46d882b6d995f305b9877,71bc8c3f6931350d8698d08030fbd957a934e6c4d5a5a0715896df3977a553e8
stale_snapshot,93,False,STALE_SNAPSHOT,False,True,8099b2b15025fc8018abc10ed9b7bb212eb026ceb57399dd46234a5374664f29,480d81274d0039480d8d3e3fa4bd2a2657e323f57d63f077f67337a16b97f512
stale_snapshot,94,False,STALE_SNAPSHOT,False,True,92deb715110d0da8c22e41e24509b10450351f6aecc60f7de1da9ab7384a593d,32f5b84889e48fd916f98f112ba50339dd482e8a18e5b7dbfd42572f3bce368a
stale_snapshot,95,False,STALE_SNAPSHOT,False,True,039c86b53df3871fc9071f6cea14d83bb30ba8e6285f9f68b29e99206523ed72,d6c8b5d131a9cf88e494b3be29039dc3fb4d596f4676ddf6cb4998d3863e62db
stale_snapshot,96,False,STALE_SNAPSHOT,False,True,c787e3dba6a4695168efbb14fbadb1a73fe88caae1b2123bae2b7ce62bbfb8bb,9ee362302ec10d30a1b34913ec262c3f294f6d262b4b3157518b24e2fc0e83c4
stale_snapshot,97,False,STALE_SNAPSHOT,False,True,973fed110947a81c28e04b50fc3a65b4ee0aed4b3d0948b05835d180d9ed473f,d7c97c73d31de9047c0fedff2357f90b2bead78cd9bf048cdb985ac7d1f219e9
stale_snapshot,98,False,STALE_SNAPSHOT,False,True,b07ee8b566a06baf1b1eebb49886bde682e71e213e5dd1ff531c0df42f9c43a7,ffcb5e9379eb58adc859c889773a49e62fb1509f3e41085e9ef9f140a4ad09fc
stale_snapshot,99,False,STALE_SNAPSHOT,False,True,124012ef9066f3d09411b6aa06d770dea1383a7bb506ddf3ca78c81a685ad8ca,4bc1104d140e5636eb49a4078c5e8e5e5e241947c654bb5d512bbc6420e80274
stale_snapshot,100,False,STALE_SNAPSHOT,False,True,af9514abaeabc5ae6feb5eb7f79a547b27a7b09e76ce19e1f7a68dabfc87ed1a,d0fc5de9a888fc6d0accfdb9e05fb4394f1a9a98a14a762091b29e9ebeb0b31b
stale_snapshot,101,False,STALE_SNAPSHOT,False,True,693534fb115d55bd4148c55fb17f0bfb9df93a1c64ceacf5286f5744731d707b,d0ab3a48bfaf2e5b313c518f2974f12c18d86e40550784bc10c5eff3bdc0d9fd
stale_snapshot,102,False,STALE_SNAPSHOT,False,True,f1e40cc616951cf71eac316734fa2c09c6a9c2ce2a08d83a23be90dec8dafae0,0984fe1dea15b7153fffb5bc5907640d9d13d04fb5b550b50c520ca1dbb4bce3
stale_snapshot,103,False,STALE_SNAPSHOT,False,True,8ce99196519d1a175f6f5a167f655d498a29e4c236c62549690288db0fd936d1,6e5c65a477cd8a28cf9c927e0ffc5c235b8e88b8a67e84ed689ea54ec0e5628f
stale_snapshot,104,False,STALE_SNAPSHOT,False,True,720e6f7f4f6fcdc38aae7ade8ef45562ff0a82c2c2396657d0210bcd942541ed,275fe1f759ad2319c1fcb1531c5ca07745754945745227aee7daf5ddb6240aba
stale_snapshot,105,False,STALE_SNAPSHOT,False,True,83ae1a57f2d5f872fdddc37cc6e5cd5911266708f575f278515e8124f5dbc503,d02cd22213700fb7586319eae85cb81a0a0289b947b1c980cd62da2d4c4191f0
stale_snapshot,106,False,STALE_SNAPSHOT,False,True,d9577c720934ec84856df276dff4edab7eb83310e82eb73ef78ad049d076137d,caac16f0f5c3b4f4b2ed1ad90f141108a7c1356de23350f146666faa8940d832
stale_snapshot,107,False,STALE_SNAPSHOT,False,True,7eefed86c0de30b34d5c1da69d45bccbfb534b586bdaa9cc19581890ceb981cd,ef777db32b6ee5cc7e07d2163726dabe8b20cc21e50a543ff8539ce202ba59f4
stale_snapshot,108,False,STALE_SNAPSHOT,False,True,1bffeec892d5726b66a3130bc68b4d2852c97eced268984a506eb9fddb83b024,3ae62d594c2478cb5be8e9c7b62720ee71c9ea06aa997dce4ca68171a0360ebd
stale_snapshot,109,False,STALE_SNAPSHOT,False,True,9e53c9235d18893761e770d704e8e81e2d72a54b560fc10e659d36233266ad3d,f8de907d4519e9d6ea2c90a205d1c9e84498b049474c9d7702115853a4d4bb72
stale_snapshot,110,False,STALE_SNAPSHOT,False,True,9c82a203758b0279033958b7f7853ccd0e592e1505a656aa42ba02a510732cf9,50c315a0847266b1802b4d98e9414716906fc74d1413576f5cc9e31666f0c23e
stale_snapshot,111,False,STALE_SNAPSHOT,False,True,1df0e577a05172850b2232debc0150f510c266901320a5ad8ccaa4f670852ca8,776cc4bbaa96f8239adeff8d9adb822713eb9d013473d05675d22d0723b9082a
stale_snapshot,112,False,STALE_SNAPSHOT,False,True,8548be64868cafac8d4d3a3d3d9c51d771144a91d85751af0de56ea4a3e2e977,63287e479f7e522950f452112d18e65be392ec6f52f8b33853d2aac9dc103bcf
stale_snapshot,113,False,STALE_SNAPSHOT,False,True,c4f7f3d4fbedebfd3e3fcfdb3f43873a1dabdcd0956c0e365bf517a3a5e40415,28995b1bf09ce837f657f260c6a21f3aeed821012e3673e3f5e8b047ecbbfa7e
stale_snapshot,114,False,STALE_SNAPSHOT,False,True,cee9afb526660f18b2e9b2463d4df7941120c1ca24d3d37a3581d31658d100ad,d321b3653faff640f809690fd9f7d2beb8e4909e1d7d29dea839f2e5b3f5adc8
stale_snapshot,115,False,STALE_SNAPSHOT,False,True,1ef846c0d9e8182a9e88b63bbd1a633d85c22a205a5338bc704302a8e1af34d3,8d0f1dc73fc0e25c9820b23a6958b59078ce46d1f90e9c1985846d9a4f8de796
stale_snapshot,116,False,STALE_SNAPSHOT,False,True,52ac07bbd9b61667943c790403d63ea87ac04ea6d2ab5f08a263ceefc25e863f,29c73d18decf7c5f7acaf704534b63cadd00e2753a97ae7ed01fbde5641150da
stale_snapshot,117,False,STALE_SNAPSHOT,False,True,e1422d2c5dbea8bd4e2ad47bbf97cebf5f90d2c78d73cb4afac55b83bac8f7c2,cced9cff22b25c8e1e50ea2217dad815f7e304c02c97f01f904ad1771a420a9e
stale_snapshot,118,False,STALE_SNAPSHOT,False,True,b674c056688c9e56c936deff4a41553569674de7cd946fbc71d8dbb4d7258503,a573eec10eb129483c63c5e2bf440757eb5201e8dfd9d5a125e33fd4d9989d49
stale_snapshot,119,False,STALE_SNAPSHOT,False,True,43758eca64d86119a2ae5ae8a41884698979e96eb1cc7f355859148acfd6a3fe,f420a4acaf7456b84a2f443daa5ec0d0a795bd395823cd4d1b3ed550237e7021
policy_change,0,False,POLICY,False,True,be1d5f73178b21078b3de09a7a2ccc595bc3554f5cc9423c3432daf60d7ef4f4,b2a835f0fffffe5911d4de8117797821f30fed73753fa7a99e4af31a91bdc313
policy_change,1,False,POLICY,False,True,c35299ced425474f20fb6f52d6911de2f2d57ae674a35cc2094ba0663b80c331,c1b6b8cc37a3858cb313827f5a040a1bf2b01ad6a16aca0b8bba408383cb512f
policy_change,2,False,POLICY,False,True,639d24fbbd9fdd13bd65b9fc4001f4fac97a33326c7e3739a1edae25c077ee3d,ac103491aa12f930cc28a77b7af350256732572472c0a82c7055d23ca4940fc7
policy_change,3,False,POLICY,False,True,c8b76dddbcda5a73302711b1c7cf74599f91fa3e20af4e57674c069bd06b09a8,9de6bd93e960c1eb450e0349d6cd91d601b9ab5040449fd8afa49115757805d7
policy_change,4,False,POLICY,False,True,9ada55a05dca9a1574d311144e33b79d75529df76012b11ecd4baa11faf0ee46,ab0d32d3a799735673b13ad93543b4d2e333966daa03cf5f775950806c0dcddb
policy_change,5,False,POLICY,False,True,23de48ec2d41c036cb642b90bf7ed35b0df25f02bfcab4f31aa22cffc2567a21,b987e5e9332524a3f67bbd12a7f8c9e042ba7dfc45c11bf5153549837e14da59
policy_change,6,False,POLICY,False,True,169b6b29a47c9614e6f30792900ca0d9672fcb54983dd107a3ab4ccbcd151033,c4a80f682f4ae1cd97d138f36184c5b5aad1d928e5ee3d0b89e0875a8d83ba76
policy_change,7,False,POLICY,False,True,e257bc88d372132c18700f221682f9ccff9e8c0daae100a6222ad8f6f3ccfd80,392dbb056f25ee3b04c085fab7c2cba03f5ed5b3e798537dbcf92ddd1be9c641
policy_change,8,False,POLICY,False,True,c405e2dfd18325e3601101eca7b770efcff83de010e259eb5c733f8159a33627,7651be378fac1ec45403d6f587c2e56e1800e6f1f9c89071af1043688379a61e
policy_change,9,False,POLICY,False,True,6f80e3cb76b3412467eb5987f073b3a3e61dff35c305da78cc577e48202d78d8,7611b1d0c044c7b341d0d3a4277cb06c6bd786513102594328eb6cc37ad6d206
policy_change,10,False,POLICY,False,True,756ac319df9a470b4ec5a4b08c7270eeeb94f1d2a0a962e1f44786819d08f777,c7c4928d0a73f936c4ab0f67650777a83dcfefd994356b992fd69e3c45e44ad7
policy_change,11,False,POLICY,False,True,e814b1904ee2f8588d5f497420869b406350d3c7eb5fb2bb6885538d8a2f25fb,31ece7934a8da45d9cc72689aecb8cd5f78454649281741c5401e3db872a566a
policy_change,12,False,POLICY,False,True,08fa6154ee463bde98090cb712be1b3b8befc420da81e3f2d0b6deea07a8f359,cd81ab5585a48961878d516ea925e78114c3339533705138fc968b8ea7fdebcd
policy_change,13,False,POLICY,False,True,b61decc0d368ecf234084f105f2c81d6101bc1b888a9cf2b7863e061750995e5,3b3991afdbf6baa6c2108f1ce97f9fe3907a390b78a69d720d5fa5cd5d1616f1
policy_change,14,False,POLICY,False,True,884c2461dafb25c8711cc3ad9ccdc17fd8b0378e4ac6677883a8241555b37627,70b47cbb37401a8fa5f0c0c26207223bea8df176ebc3e15ca38926a2758264fa
policy_change,15,False,POLICY,False,True,f0f2c48c0281835a735d1c5fab4f8507bf593ebc3320f5adf6c4ac0a149a5df9,34c7db087186002f7ad08753fb4e7d1bc19d779ddba4142850cc72c31d7ae16b
policy_change,16,False,POLICY,False,True,fb5dadc8f8347939a5870776817163a04398f562c0446c5300b0cf37545f8b94,657811a4b2a84493fc3a825216fc6894fa82c4bff86cb1d97d850ef48674e81b
policy_change,17,False,POLICY,False,True,af222c5e44b1a045923cc6153875b5844ed120b44414d3a77e27664c62503e1b,3e2795a2b6c27288bdc040bf645cc0e1579ef9be5b698e6b6d2ec613deddf296
policy_change,18,False,POLICY,False,True,ba73992ba3745a4f3f4efc29f8874240af276d3e614a269ca61f93685cf3f65e,c527a15c23e378d86a5c95af5bcd339a0918b02f4843eee6daf9255b6b33a5d9
policy_change,19,False,POLICY,False,True,f1601ace86dae8c925ada613394cc50027fe446fdd4d04719a7e88e3c52a2897,dd72e2571b518bb284f6767e5cab5f6a31f278e5e582d4c96632c45943219648
policy_change,20,False,POLICY,False,True,9cd9e52f2379e54405b5a7caf70f8d701ca31eb80cf512741cfd437470600238,46e479393988466dae9b1e9b460c930464fb8f921d09330fba8430097e70222b
policy_change,21,False,POLICY,False,True,5afb8aa7c6913e4ea3ae3dc5128c5739e42a3b299013fd5444245359e548d402,bc6f7819db7d216604d5de1f330fd14b0fcdfb3bbc1d77725032302da5b6b482
policy_change,22,False,POLICY,False,True,607ce3a1847b3e0c714a178c55727f684971773cf7d7eff933c32846b9bc13e6,363e961964f02a45a1571a6cb7e7d488987ab9b5f5b8d3043694512b45429213
policy_change,23,False,POLICY,False,True,c8ae94fe63a10e267c12ffd74cb0a80f7c74f9c8485ac3e45520e178b7bcd56a,b5824906742202c46498528804bff5727bc689a9ef5f3e46d5f999f8bd17a92f
policy_change,24,False,POLICY,False,True,368be8be6aeb2393a551409ae47f3addf30d430794495f4a0b6b3d6a5fab23b1,9464f23b14c1e37104bb39811b9d7ac96176c826f46096d57ed107a8bc34b06a
policy_change,25,False,POLICY,False,True,c249efde84c052ebacd40f1b5727f467f7425864b809f6cef95629213c3a46a6,7d988e2e500a459365ff7a80072fc34883540cdc7143657bf29493da86cb0f4e
policy_change,26,False,POLICY,False,True,6b30beedd157cbc7d52fe03d6529ada200eedd7d583d2109773205dbb2c7df12,306793cd598e62e0a50e103becb36dc462aa65dc63fdb4fb4607287faf4f200e
policy_change,27,False,POLICY,False,True,93386636c9bfa0938a14dcbc92e61d41414ac7a593a6c92cf8c647773d768c3a,8de812a16400846aa220f819f1278f22968c579f294ea0498289e7ba8b01f986
policy_change,28,False,POLICY,False,True,3051a17efa79338d8b13fdd6e636da15f72b4b2145b673aa90ff3d25c363f9c1,6bc62e27f9645be1623f9ebb2316cf2ca9bb252b6f3f0125571272e8a26d04de
policy_change,29,False,POLICY,False,True,849037f12dff3975f95d4edcbde5b9e25b0dae7a22567a1b4596c1e928ca8ba7,c057b4142df9d3414bd2e8770623f1c2f867cb66fa6fe41a41607260fb425574
policy_change,30,False,POLICY,False,True,36621b5f7d0461020edfb6a1dd195bb91ffbeef76c2cc9958ed52383f6dc6a89,9d58c021fb867db6c44b44079e31c9525cd4738495b209d8a3e9e0f2bdde746f
policy_change,31,False,POLICY,False,True,c5918c17a179ec28c662ba6fc5e3699accfae5257ba8dc26d9d911192e87d8dd,797bed7142e5c2037aa258a31b4a7b307c5243828257ab2723668e621695756d
policy_change,32,False,POLICY,False,True,93f1959afc46f190f6bbe0a4bd31753733182f075f13b6ab61db75dc649b5c05,8204b85199508bb3e1b1dc3bfeedcead081371221b66773f47534166b9b99287
policy_change,33,False,POLICY,False,True,0386f40df7569015dea3e038b2c46bc9e5efec450bda3765c10c2d77787a5bf3,ba30314765a5f7523081662d29db54eb0ccd85f1bf577ec606785609f72e16a1
policy_change,34,False,POLICY,False,True,48113842a204836db5eeb7a93f4e3e8f46cae0606ecefdc03fc73ad39eb7fe63,80feebe6c1cc25684b71380347e599c4cc1524366584ed0bd9b7f395b8273435
policy_change,35,False,POLICY,False,True,5e2cea39e5dd6f3eaace60c84195abff60886feb6b2c49ecde321303d90aebb8,f886369842b05b48094ee6d3b393dd44c1c1881666bbf4565990c4c8a062c1d4
policy_change,36,False,POLICY,False,True,944705183f2a51e1a309b3dd9d93e785d3c05f4d15ce24d2f4efc7d5e5a1917a,b10c6c3296e2f878e022468cbd10c80132d137807107456eb05cb5f3498958c2
policy_change,37,False,POLICY,False,True,98010823451734fc7f4d52180c8c05c86b901bb52bbea55322ab1714525452e9,f7f665a772ab98c8f0fea1770af2c9a80b1d321dd3d4dd753c7a5deab0f595f4
policy_change,38,False,POLICY,False,True,dbbcc4bfbe7cca1977a9e024e46fb9a5b81006e2077f1c03b4d08d3e0cb541d6,3d367ae048c4b8c64a9a8c7a373b33b9544a02036d5ffc2e6ab5780fb78cf0f2
policy_change,39,False,POLICY,False,True,5a5f70c4d8777c37e0afdd38bbed2bd2b3bb9b4a881302875fc10c1fa302244d,55747b33cfd349b7c4065727c1c3a8268a303ee637461de2f78efbbab9de9178
policy_change,40,False,POLICY,False,True,6104ec94825c3386fe84bfe702d25b9180baa8c3246a57de900e4ffe1a2293fd,24c7b60047e752a364559425f47314b07a93fd19362bfec775f23790689bd4b2
policy_change,41,False,POLICY,False,True,1f9a46fdc1c2b4e6724e103521f2e6d5dd40eadb0b841df45b29a262116c61ae,3390d0f9da61f15aedceaf9f5a8ef5179a73c0e6186ea44931a12570d892a577
policy_change,42,False,POLICY,False,True,d9b2a4082fadb2e07f859038550b09888b3bb1c69ff16b7502eff692fd504abb,3abc32f30ac5c926fd495e106ad075bd5bd0ecd1ba6258642826e5a29d2f913f
policy_change,43,False,POLICY,False,True,6e9944aa12511770ef86a9b9617ff1bc5194e96a3a6561e15813d4fffb185cb4,d9ce51e3e8a83e5dbd77908305d2836de696196e971dd6e76d21313ef451235e
policy_change,44,False,POLICY,False,True,ce8bd5cfbd7a13f7d7b135bf22f16729ed44e98831b6b3eb9deef4e444d036c7,6c4306146efa13f4c05e414ee4304fd8f2b9aaa8eab655d964632b43c8bc0cfa
policy_change,45,False,POLICY,False,True,8de4b30adedca77cb92859ef002208edf8a6fd460ba22031144f8d4099189afb,f88246477dbe234bda9fe88a0bd145395ce7c45ca26708b2d6bfcdd9fe1b69c5
policy_change,46,False,POLICY,False,True,d08889e2b711997aac0104f901916020b1ffda5b9eb436a2294dacb6989521ce,a4425443646691abed9bff15c848a42c5b6e780be77c11118fb422649c001402
policy_change,47,False,POLICY,False,True,63e697605e7a0fa577ec5503b50140478d1b34bf6a03605c41654aee2716ba51,2fe267c9baca71c876207085f643d2f296285d5a3213cbae47c1e51a5b1f8aa5
policy_change,48,False,POLICY,False,True,86c04d1a37005b62ac8982f69a0a765ccf76a02b49abc969b21d1b4e78825ac4,ecc9da9d022350ca3d0d56f1d2b42d4a01d2a456874393b93a2c89b8abf507a2
policy_change,49,False,POLICY,False,True,9a796960cd2601a9655cf7ec0c87a03fe480844a04f404669a83bf9fd9bce6ad,b753ba66076925bf78312d0019ace7b6e88b712bc3aef6a5f7b68841f9929826
policy_change,50,False,POLICY,False,True,ee83f2f23aac119c9adf7047a253a7ef8981aa29d10a950b8062106fe5119a14,d763e63d547155f81aaa8f2f3b19f50a41b723eb31ca97bac492886adff63e5a
policy_change,51,False,POLICY,False,True,76ae882b18a4540a5cd85609abfc6eac03f8a353d000d9d57d0bb6276d521da7,943236465cd8cd3b8246edeb340fa0197f6c9593fab02d0a229a36a72c1c70d8
policy_change,52,False,POLICY,False,True,6934fe2c9a83e01a37a514d368709803ec39036666de97a196920a8c1d5bb01f,990909ad76ad75a85052acb87f31164b6653952c7f2d468e0f0f8ea00c109cb6
policy_change,53,False,POLICY,False,True,7a02d1f5060687708f3d771be623f9e0c19d8978a1223640c39c86063e17a20b,bc07eff6152638f27b630056d75b14b23d329aeb3005bbb47208b1730fab96ff
policy_change,54,False,POLICY,False,True,af9381dab3185e0f5bc1cdd5e09ef8150ef12f90a60ba4b0971bd9c3ab555f3b,30459d1f72d6c83fdfcc9a3c848acf7bd291544941cc6e480ccf6fa3c9784ea2
policy_change,55,False,POLICY,False,True,dfcbc43156cb41956c8a9bafa0444a225004dda634078e7be64625e7003cbc0b,eb2f2251916c128cc74c9a5a45320495c06f04cb2bee4bc174a330fd03385e23
policy_change,56,False,POLICY,False,True,ed13809806c8099be8f41233f8f064ca025805ea9d8e9c28cf108f61b84b4815,de07742b9ff2b01de96b57c069098bc1ead5c74117ec7e100f29fb0739b6c4a9
policy_change,57,False,POLICY,False,True,da3d0171745c4b9ee28d4c9bc18a032afa801ebfa3492d8053313c8716ac6fe2,80fcb707bd39578e6c25203cf7ac9d8c9aa97e0e9c51651db3e9bcd240e983d7
policy_change,58,False,POLICY,False,True,43a486b0d9f4d661b6988ce4d6dd490151239a598d48c33425d8e8bd640c9082,0e507b15cbebf38ca3631ce46b4fce0a213b4cd0d2dccd59c4360f1bf8a4a942
policy_change,59,False,POLICY,False,True,543bf5fa16db126862ff211b7dee34765c6e0f90e9c51dc2ea79df13ea9e28ac,17a31dda19d0cbe31fa9ba6552bf03c12e040ec39f39781ede98bbbe829b6b68
policy_change,60,False,POLICY,False,True,c759cdcc299cf3d951e8682fdbe6c5d9a2ce36fb005a66dc578ca42038ab090e,9536570bf8c6d5f901fd9093918364651e0d30bdcf0911544323dba1bcaeee3c
policy_change,61,False,POLICY,False,True,a0ab7d841cd38ea4bddcbd59bba3732dfb41a055d8e6b3c3c5c3e9ce29fcc05c,2dd81801df4a9ffe00f371484ecaaa6b273667a37e80aa76a02d93fab14755e0
policy_change,62,False,POLICY,False,True,a49cfffd56e3993afeb2278927b463658a78bfa449f7e2a6eba94f9ba1dc4488,678550ff98514d650b3959c36911ab5067c76440fef36f4a84d424653edff6f0
policy_change,63,False,POLICY,False,True,5e6c059d9536f0053d541c6f96b4f602c8368d0120f0beb68f3ceee09a0480e0,0e467a7cb0a9043a6e50f340add642106456552e2199092e5b102072182f1acc
policy_change,64,False,POLICY,False,True,336bc3231b017999c47c9186e41c252c371494e91315ab007b1e2ca92b88a0bf,9a49938ea2acb96bab496c8c2e08a7f557b0cbf0ed340667734f8bea8e82dd8f
policy_change,65,False,POLICY,False,True,2b99cb1ccda5937bce497f474a19c58848b4c3017080aedfb3fbec6d78427080,9494e130cb9378d5ac800fc0663deaca881b6221edf5caa88bcb92e14c837a63
policy_change,66,False,POLICY,False,True,e29b1af6d6f41714911ab110e13acdc83ea305ca1511e76b382dc83d56371b38,552a0cc6f037413f8ab3c3a10a81e7531799a20cb2dbe5acc458469ca6f4e5b2
policy_change,67,False,POLICY,False,True,402ec991b14a78177af4b47d1930c8242171b39ba2b88f0784f52260069fa6d0,3f3c48d98bafc7d3e43c0ab5dee068554dfe25b05dcd3c2b0e9a4155a70af337
policy_change,68,False,POLICY,False,True,5b63b75392ec085d45d13a99f3f004135b81b9371e81eb01be6ec69a704770db,aeb70ad611f0a19e2af2516be9d89a543a105cd3cce91b8b2a620f87eeb3bbed
policy_change,69,False,POLICY,False,True,0f9c2e45b771198488dfa4c11683c8a49f26bbc6dd41075a0cc6d4269d04cf54,c91bd061058230c86309fa733105209fabf89453168f726ce39e8a4f5cc18e88
policy_change,70,False,POLICY,False,True,857b7f6eff983b2237aeee0c242a56a72188f070c0651b42b18eb2134175aae3,a9bf7a6d0b759259c65865b05aaa3da1e0bfb8174ecec1397ef52a50030de0a2
policy_change,71,False,POLICY,False,True,4c4ec56a66191668dba6c399a158e296749bd51177324bf621a896feaefccfb2,f3a9a1ae98c0ae173a38daadbd6bd9e07a73d551343dbc380b74d2cf3ed60f43
policy_change,72,False,POLICY,False,True,9892ed8a4779709a7c76c6e79aed5eee5a5d3b5f6f2e902c690203123f1251cf,0000e51237b20fdb873cbddca514e042b5812cf61613c715a4db17c82e3d3bfa
policy_change,73,False,POLICY,False,True,776cacce96f87f3887e9ae14a860c2c1ce29ade36e0e12786a1abd732792879a,46a724540a3c363f4cd98a63ddb0b7d145e1f917720f96b5ea9e5b2321aa2c55
policy_change,74,False,POLICY,False,True,aeae5d526074043650b010ae4dd282688b108997a720c43565dab7658d0ee42d,8b115a297373c75610b48899ce7b66f741280fc396b5f17977c84e0f2ffcb051
policy_change,75,False,POLICY,False,True,1fa9f1abe4657fdbbd0483ea3659f57ea4614eaef2e122fe4c279a90c71a38cf,716708a04ec782e473d5739cfb1ed0ade14209a8c10d6d130b477006f2d326d6
policy_change,76,False,POLICY,False,True,23da24a6472b6e3a4091ee1cc1b2e459c5b0f8e06f2e5082acad9d4a6dc26019,d3f68f6e95d4110086a88d4056ef44f363dfef79ee0747123bbe6fb8a8812516
policy_change,77,False,POLICY,False,True,ae959c67eb0760ebe1447ce08a32a11cd8937ebb96f596c6700750f9a82e767a,0cc1b9c1f938e19bd33763206929beb93c1cf0c2a82042852119fad2e4795973
policy_change,78,False,POLICY,False,True,5786735bf7ac9641e2f288a8ef62804fc763099d87c8442a7d6fcb5ad62036a0,2a926e341a29b7c0bb3d825ed9c64d397fd4a02085a3dfb0838431e22781003c
policy_change,79,False,POLICY,False,True,b96d39dd29d3bd2a3e5ec65d1aed22d2b0f4cdec30bde31f85a302b2f04079a0,3a75d5007d194058947debd993b20481a21bffacae1ddfe31f38e3a9808bfaf6
policy_change,80,False,POLICY,False,True,ff004fe347411d77a9b3251be8b881cc247b4257df90a2a9a1678f10f5f31ff8,2e7e152aae54239a56d1dcbb6ad1af9cb5d0b3ac6d733af97b18ac49d10b4253
policy_change,81,False,POLICY,False,True,8c1fdc220afdc98cb386b5a7d9a2229a15610111620d6d8ece6e3029901dbc0b,fbc9fd2bf62da267d793c906ec7f02f72e2a98c659a0f9362266d139f2d2ebba
policy_change,82,False,POLICY,False,True,3703585b83a28496d79b146edd0e3a6419f2782058d40685f822f8125de584bb,285d4c4e0217d6a5b4453c1bb9f7d187947a976b58f5e096fdcbb676c6044875
policy_change,83,False,POLICY,False,True,9028a1a3654b9b5cc241cd984dd621577c6fc89873c47e3acaf0e1461c39e86e,7a543fe0eee7b3aef11f959f7193baed86c5a851d155b749d713b13b5ae14e7f
policy_change,84,False,POLICY,False,True,c2f047c0fc1514e29b2e87d44935d225ff06f5bda01539c53400997699f581a1,7e36477321aeaf26c767ddbf467def63439e931b5b3b98981dc19fc354d5bfab
policy_change,85,False,POLICY,False,True,90db8ae6b65b0acac5b2b2c2c19b29c8c769592d6e7016e8603cd0463a38ea22,5512ba6648b0701e084edf71b89c8d2baf1020f0cc40780ac919342fcaaee306
policy_change,86,False,POLICY,False,True,02149fecdd8566a65e811c3a9fcd7f3a67f3f3ac759ef2d613cbcb28a794c853,a929c67f26601aad1b609d98c049d8a0a1598f97376f82cdab0d6e7e183c202a
policy_change,87,False,POLICY,False,True,4ac25432f6b966116d1278044d3afccd96a453770d2ffa4877384d24b26915ad,3e9b1a918b31548234b114e7ab590cdf8c30883e9869f19a7108b0e7615244c2
policy_change,88,False,POLICY,False,True,dc5afdc41d19f730880bb81cdcf8e64c3144582ba2c96836ec74e383e26d2e9d,adbfcb9a28a1522fa6d65f397b9fad4b644a59769430cf3c0faeafe30c0ee1ef
policy_change,89,False,POLICY,False,True,719c63a4a2915fd1872a73cf660d24813a2374f0d473cd7f3e885e1e973010a4,caa959ca2d8d9b87f3979ea0cde3a0f49a4ff5c9f8d5805461b17cfe92b3679f
policy_change,90,False,POLICY,False,True,669884fa5fac71696567548f35da93230eb661b2ca0b6ffd2a0fad9eb49c9a67,2f3948f477b4deaf2705c6e999a0b95bf12f09374f6cd54fea67c4803d32f6ee
policy_change,91,False,POLICY,False,True,a5dc4f29e9ca6aacf09f0333103aadc98cf2433aa4460286394a12f01d485001,75149a66438d7ab3632ec2c6b6f511030f72f5885702d55dcea86bc9692abaf9
policy_change,92,False,POLICY,False,True,106f2f9ad50b667cc7a7db142864a1b8c1d0b61376452318b20c8dafea946153,6b5f00fd7d13ebf9d60294029faf8830fb449ae285118f1f94d4aa505d49f0d6
policy_change,93,False,POLICY,False,True,6165c3752b6bbf84f3d51ef9565cc7d8665e749b19a241c82962e0996c12ba93,0e6a65fbf28ab11f660ab485200cd36cd8753a2ca09c2b46e1810e476027356c
policy_change,94,False,POLICY,False,True,a0d5ae28268d44dd8ec276f86aba5e27c1e61c7ec9c4efff2075d52a3ca5f44c,271fd7366547ebe9cb46813030a26a388a76209f1fc726a35ad636da18bdaa3a
policy_change,95,False,POLICY,False,True,75362fda5a035f955aac0e48cb1328d4e263de0588e1b4e698bee0a502710ddf,29ed99b4d92098c5d1fe480977860748737354231ce69112041d4b9bf14e6fd3
policy_change,96,False,POLICY,False,True,ca10bd59a394544c42e6420044798d0d49abad0a3873147c877f41b275f869a2,bdf028b69de275eaf3c4e34f160e6465ca3b45693b45ebf1e7599a6f5f421a81
policy_change,97,False,POLICY,False,True,1d323f92bc26c3b0cd43135ebcfac1fdaaa8c66505c946d484d1099a4b5be04e,55b3828f5e85c8bdca9f53963c50735e01782ca5dc739885d5626fdf35939413
policy_change,98,False,POLICY,False,True,ac16d4b342502aa4612461a586a0df802777f2d8c5b1ed9b6fb8bdc6522bc574,edbb2c5f3a09c4c84ba9784a3db3a7e1529ee51155bc669e1e6f13802a27736b
policy_change,99,False,POLICY,False,True,4a790b9de13bf1ddb16fb432d1d1ab6368a6e8144603d9db283c12a475bc9ebf,6106244cbbb9c6c93283d62bb03650fae542b90d8dbbfa18dcde3ce4c9419f69
policy_change,100,False,POLICY,False,True,56c556f0f792e31533926bbc698381d1efa20c1ad631819a56d6eeb673a238d6,cb3ea4f45de4d8057f1ada935a4c8a2675109416a4472965ed9c0f65de5ee52b
policy_change,101,False,POLICY,False,True,9d50d09902c1a2521d3026ee4de6afbf68ac2855b2dfb9930263c6bda5876f3b,52faa08e23e26703cc78c469ebafd039575e80b1e579be331b3e60576da8e33f
policy_change,102,False,POLICY,False,True,d777ba93f77f259a73ace6adacc3045a10178a0a175d1322d8124a9b287afd64,585b6e685b3c2d40c1513b2f1999619c5b77c31b4827dcd62fe05cbbd58f798c
policy_change,103,False,POLICY,False,True,bc8c099357f4814d84d0ce07093b55970d588c03e405d87147a9934f359fd687,9840d23e3445a4f8f22787717593952081fa5f4fb6e431733463e4753fc49f81
policy_change,104,False,POLICY,False,True,fcbf0c8d6eb8b3fab1ebe2f0bc47f5c9d9ba8e5397fe45ecdab2fa7ac9e5fde3,5679867171d410c9bca38096f5a70e9f0034b573905c627b5bda770c61237362
policy_change,105,False,POLICY,False,True,47840e6e462d5c5b8cf4bf71215044fd58eb502ffecb523350ce443ff20d41da,b3d8adb93b4f11c07a41666db0096c0366f00143bff60e84c21b121f238f0671
policy_change,106,False,POLICY,False,True,3b2ebd74f77edfa8cab1b2e98bbbdab5bd24858a481c48977f9ccc07522785fb,0bbf60b17b67a1a105037f3700fdaad5fac9608e02cfd12b21263cd468a11260
policy_change,107,False,POLICY,False,True,9297ebee13be7d694980491435a55915ecc0c5e7c8af27534d037e3899e2f6d0,2a7da9e6225ce5318e944095a4007c7e9b177b334a561d0bcd8ac06c19930c88
policy_change,108,False,POLICY,False,True,8dce47a5c45269b4f295ecc4079171b6513a69d0bbb53ff5a2241b8baa323b02,a2b958a508ba0794974e2e71ebc87ac15ecf36223c026f0360638e127aeb3c37
policy_change,109,False,POLICY,False,True,e882ae8c68e7ed34734711c76e89819a8d530051cb676bcc2924b11a2f314a58,ef378d6790d10db832e30b817aa3d67cbb90de75c1fc3ff335a49ead53949cb7
policy_change,110,False,POLICY,False,True,2745f9b79a050dc546e714ec4e3bed49889251f5dde2fe441830f40da3d455f4,0a8e849fd5529145ef1763e6e72367c926120f64212faf1b27b3f20ecf0d83a8
policy_change,111,False,POLICY,False,True,99ae9feae754a91cc3eb7b2e2477b4aa50e03982dbe7e91c7049bbce377e80b8,63c1c8d31212e6f5b60ae3e591210c2316e9b8ee3d22a70b1e0144f9ade23a7b
policy_change,112,False,POLICY,False,True,fea399a072de04f5a4b906d5903e4febf048142ea7610ee0509229c98a6e2cb0,8bcfca9e7891e1fb05e1c12f7362074b0a5cda5cee92ee0f1cfa7d076c03e16a
policy_change,113,False,POLICY,False,True,cb2712b91282b3c7186917eb66dfd9db9dd636f728eb3db8f57c1404edf82a9c,70904b3e7f2ecb3941c3a3b038be60fb978d6d967e6b1b384825b9ac579be79c
policy_change,114,False,POLICY,False,True,9a666eb68c8f7556624a9f41cda5ef0ab9ecdff97443c7fca5bab8dd2355a0e0,662211a6e45c81103992ca9a146a56fa8561e233cc424f017b9e6bc9567e6ef1
policy_change,115,False,POLICY,False,True,70c93abc3104cd6f620b0f25c848a68315d1832172864f1f2d8aab6271401b1d,0164f2637b9d45a43e74821e65b5246b6087d4a47d4305f5f426501118d7dff5
policy_change,116,False,POLICY,False,True,e8038df37a74cdf74ec9828e7d8240b31af64975f88209bce0f8e49622e775e1,5ce292015519a1136a8f2d82a292a28573a3f6f45566f6c633f73543094bb1e6
policy_change,117,False,POLICY,False,True,3344476b4f5181c3badfcdcf47d2e3de7132ae52747fe47dac72060682fde61a,7e29cc20a443010b5b20350fb2ffc8a20b837d506f9e367744e69b26192b9918
policy_change,118,False,POLICY,False,True,4c816f1970495a82bc0b82fb84e94206cef3fefc834c9e8d9dff25f98cd23bb9,97c5eae41316a692569670cab0d4388e524d9c40058558d306cedfd45cd7740e
policy_change,119,False,POLICY,False,True,1b4a84ff8735fb687297c97cba6de7f47120b3225df6d5c1edda3bd58e25a904,08cdaae510f2f23dcd87c1401d7e10f5f1943a600d285c2f88ffcb536b344907
expired,0,False,EXPIRED,False,True,c4370c65a65b39fb612a29b38a7675c3dd2f467c5eea10ac3bf72d6014f84641,a3203392a6f68a42b694fc7cac0e6296833a1fbfa4851ff1dc4e4bbc191d03a8
expired,1,False,EXPIRED,False,True,db477ed32770fe3be4cf9c1bf12899fbcfff74a49be7f8731c8ebd6d9a15620e,5093df2b317891de135d084aaf30885498c7b44da64d8ae8fdd4597a4c7b590a
expired,2,False,EXPIRED,False,True,1b7fe6d9751e0f48595e4cefdfd35201b5f207c671f0983a6593c10cd8309c58,e1e01b47ee7cce674245dd18ff5357a9a9df48abe3895e3139849dd3ccc8dbe0
expired,3,False,EXPIRED,False,True,29ba284b789b61879d5a1348db073312d63dfd1da21c026ef16b3d45a8180f1f,506d8570e87afd5c29f957412b5c827226686c823db98f2e3a644f61a6c59596
expired,4,False,EXPIRED,False,True,9f85e3f5603cf1857857ea457badd800c7895bbf52f55b53b58e27e7d8614c05,fc6b336e0e63b4b52471e1cbee10a47a037a818d84fac0b6678533eecb36045d
expired,5,False,EXPIRED,False,True,fb79cbc09f45355b459583dcfe0bd5471591413266208a701212dcecfbb8802c,5726b4027a88b1a96be9e1177ca968f692b09fec798f4aecd8865d78871e1cd0
expired,6,False,EXPIRED,False,True,292b7ada9647b7506ec893d34459f16e51fc3358edeac2c01f872b05ffe3e54b,bbeb49ac8f00fd063c55652cb3575ff54040db6ce1142b72aefb15f2ea80e936
expired,7,False,EXPIRED,False,True,9b9b0f4d527a0448e7f485b1b46f0b609277914b7aaceb28d373637d51a78cec,c2c60f7bb2e4c005862a21bf6a6ce218f51e708380835876120736f1a8865d22
expired,8,False,EXPIRED,False,True,b0a1dbfeb6ed5d5b169e5770a59635bdfcb996e2660238e18b02eed0487c2ab5,6150a7a74b775a17296de48ca1fa57055c72866b787d28f1c50cb58594116288
expired,9,False,EXPIRED,False,True,f91d66e696732769726716b4194a384e1f3271f504883cb5ea9dcb97741e383a,783633433339bd7298fd62b150c49eda86ef78ba185a92b955b6f00e3950cc5a
expired,10,False,EXPIRED,False,True,34d0e537f74dc880e579c53362f9ff2e2543f5e6d9b22d25b6f2cd5eb7fe25c0,590a5859a27bf9774bdc3dfd703507f2dccbc143f6d43a3af2efd1b89f98414f
expired,11,False,EXPIRED,False,True,7b86ac10a04d9af7a7f367f8d0252ccbb915e741aed1700ad284e0f38c063d37,2d65b5197f695ad0062f294cffe8905132af3b9957638ee6fb0bbb23ee0f392b
expired,12,False,EXPIRED,False,True,9517e60c041f9ba303be04fdd21489a3431b19793591754b3ad462d9c8c60e11,6f0ca0e51e559dc2f14b3868654210161cb2be60be5fbf403cdd9a14e699c56b
expired,13,False,EXPIRED,False,True,01d605469deb753e8465afc911ac1738bb8a7f757a2ce103815c1838543c4ed7,496891103e2b663b1915fd431d1a5e4fab11059f8f21f79f0c783f45516cd860
expired,14,False,EXPIRED,False,True,41a6ff1d134817e7f99a05290c18f56f77940e76c1645ae27e0b360fc0ebe93a,80f4cd196562f377da9f65d9e31902cc036faca216d7e91401394dbecbc92292
expired,15,False,EXPIRED,False,True,e79e1914903161868dbf8b3e3b5cbc5656fa6ae2b82c9f801b8dcb462175b227,ca4122bb926082bca7fed40bd5b3f7cf89a9403266468670d12de3756d4e393a
expired,16,False,EXPIRED,False,True,dff5cd06d4821d4f9108eb0b738b375fc9e546a39ad1892127653a408d3fd4b7,b1ec7306c59135cf1956d2c0b7e6b5197f702d5021840873a4a7c037b0d72e97
expired,17,False,EXPIRED,False,True,5754942487a267092ebdd33570afe8a7f3ae325656ec7412759e1f06077b8e54,b12b33d99b4bd13a5ef2f38f99f96025944a97b0b76d1f167c8ae7910d1d1161
expired,18,False,EXPIRED,False,True,9d6d9d6d51882fc1c6689857d5c33762aca5a546c82ee40464bd0e131a61318f,85687e850e166c8481dc11dcf6e5a7fc8a3ca5448be1210e9a9444e660230570
expired,19,False,EXPIRED,False,True,1a682aa1bb063c26b0c7f75978e655d22daf92090549857dc832c16589de78ab,9f4a3b8197fc14509d1f2f5bf92aa6f3ada090ad5e4b85977742d10177a04e5b
expired,20,False,EXPIRED,False,True,6984238c382d93cad89f9555f20dfd40cce14792396ac95dd9b0498a4456cd56,d9ff8296c55affba51f530627fc52a6cedb8289c5d0a7683bceee7b078812964
expired,21,False,EXPIRED,False,True,34efb847c00f3918d0937d83c418faaee7d0dd5d06a982eebfdf046174a5ab81,7f563116156e9c2282a588bf1af83d403e308cc9620e8d6c8178e6092a2bd997
expired,22,False,EXPIRED,False,True,17c0afe844988b750f09bb306498f201b2aa3dc7e14c83168ce343a04667a3ed,5ee3cd022b85301934c4a289b4ee665dcd182b0acb795b1433227e63ed83826b
expired,23,False,EXPIRED,False,True,12dd0ebc544c668ce6d4e561362ebcff69fac7e37629a709e8fb9e1596fd6623,8c49027551f53269d92ffd2bc576dce09284fee2fc0595017f437dce9d3626fd
expired,24,False,EXPIRED,False,True,c07b1e8e6b8ec960741903348fc4e49c9cff0374a37550ad2675d42bc1a53bec,6b83335f0651fb28b0e37fedf598dff9bf10a925a27bf06e6698c7a3a9589203
expired,25,False,EXPIRED,False,True,f524d1b685dc164260becf4f67dfd80ac9f6ac607fe411fe92e82d6e032138fb,5210b767a75d177208763619e11a203a550647af68e7eda07899f867f716393c
expired,26,False,EXPIRED,False,True,5abf05980f5d545b167c4e7044c212956ce7bfeda8e52a3e3c80288f36030262,36393dcd75862fe8bf3acaffa37488f4b95e3e4533a440720ff84b6ce2f33980
expired,27,False,EXPIRED,False,True,9945cf439182ad95ab3a2c101485e60641a7c7659884c8aba0117766841a292d,57e9a3a07eecc46988914619f85b8504e743174be1065a09a2a47cb36122458d
expired,28,False,EXPIRED,False,True,ad992af3968d7146f33ff0aec6c1b2d6507b2a17cef0d46de76fa332031b2634,e14ef74b13a21e805f37522dbb3b81d48f15c82b2d16aa8e8525eea10cdb32bc
expired,29,False,EXPIRED,False,True,e7d0396c0fcc0e599fe2cdde607b2ce0fc04b5ea9f16f48ff6e8da1100492fe3,94e98c3c9cc683909dd57a28134435d6f200833e0516f38873c37ebda5a673ab
expired,30,False,EXPIRED,False,True,ce555eb49e10256cbdef2059ee133daa2a8e7d81ca681abce7668d763d05ba7b,c18d62e1d3409753bce0713774bb6bd43bef556c40f98f8f5ea4182dd815929e
expired,31,False,EXPIRED,False,True,c2b6c6da638a1c318aca45393fc5bd8f244ca332dedc7e7675831acbecadf18d,4c575377c16e18aec64b7d4476de57a1dfcd036a57099b299c6bd35f0257adc4
expired,32,False,EXPIRED,False,True,83b5b331c68b311002c8d80d8857797b6225d953fcd4ebb6c206028a9d91e488,732ef1afee4246ceaa3fa29da63513bc15114f6e0b30c9ed53f9b84c5caf468b
expired,33,False,EXPIRED,False,True,6f1f7fbb2c2526f1411d82fa1f518e363fc083886dff8c6fd089c3e76b5c2c8c,06063a25b74679604954d94063b47300d0f8b4c077002bd7a157355f9371f197
expired,34,False,EXPIRED,False,True,569ccc5d099dae4585f9c81d53cf1d9cd5f13b5db6a131329a8a0a4aec4e6bce,5e0a3501def77f81e7b97eec1e6f39d669d68ac227ee190f5246f18fae2e2d32
expired,35,False,EXPIRED,False,True,4ee5ce6c2b8f2e2b1d14ecdc5ed7c0a3ef3319396df3c24940f20fa3ba8d3cf4,47cf08c0dd0a0f60222470c9d2680ef476005863b7c8e390b8efdc40a225abfe
expired,36,False,EXPIRED,False,True,40bdf5766052cb615de58f5b269e7fce41a1960f25f88a1038c7dee6dd7c2ee6,342a2a1d31d9f8b9818bb6993d29e28fc4e5b7c63992631e62387bbb0915513f
expired,37,False,EXPIRED,False,True,a71a9cc69272f4aab9110b265300f359524df947bbf72fe53e5b869ae553e8c1,5eeab22e0e3f015dd34425b1e93f7bd1441a0255589156dab50b531ffa1ee3d1
expired,38,False,EXPIRED,False,True,466b2a9a9552e1dd6398639273d7135bab6b29ebdb00bfdb9c34b6eefab62c3c,0894e2f0c12b53d447dec575305c0b21bcfd053ecbdbf1d81157420953e495a5
expired,39,False,EXPIRED,False,True,c8d919a3390210f9be94ff8878862a3d9fa78414a367e6c6e55d95c287b57ee7,5e36b212f3978735f24407f612225838ec6fa47adaaa4324db0bbda1180b207c
expired,40,False,EXPIRED,False,True,2ad2960c9ba5414efc2b313f629c152adba58191c755970f0eedea5e718f67b8,bdd075f5bab0a7ae9f676b41e6197d4fc896158a49a0b05b292aa5dc2b6e28ce
expired,41,False,EXPIRED,False,True,77722c9f48ba6b69c5f22580be406091176bda86aefcd153028374d25b729875,1c99ea2dc200c97189614bc2e850639b76042f81c1c44cce132ffb0e2f5527ae
expired,42,False,EXPIRED,False,True,e25346f184d5ee4379ba0a25e2dfb4c2c352311b4e13c3beb2623d1aac373d5f,00fb7f653d31ecefdf535602fbad9d6fbf59c2119e51bbfabee135df791648b4
expired,43,False,EXPIRED,False,True,cec07afc8d3fc9ae0439e9b033abea95a18213daaf35b8ee8ec0f8e6dff6d196,b716607d9fb0a752ecfcd9c81833bd120e9632ff54e2ac3c7b836968459dd208
expired,44,False,EXPIRED,False,True,65a329917fe96786fce539d4636707ab9f3d27493e9224aa7e12709379492863,d9901a085e64788ff883e783651f7717d2c6faa9cd430cd87497a852342914e3
expired,45,False,EXPIRED,False,True,c7f64a219ae517c00b32ac489579a373bfcb8b949b4d1bb851267ad727c87426,ffd156dbc8f859cd0aa662185b780ba934879d19651edcd3eb00984c7b82ae9b
expired,46,False,EXPIRED,False,True,ab8737187358b833a303555270b3b82e4cff695ba3b4638c2e35286b8ec2c485,012dd1cb20cf0c703d952500f8de0efaedcf711e811520bc3d6316a8ab7b145f
expired,47,False,EXPIRED,False,True,144fff505577f359ee2e26733f8718138c55314686b564d14bab0d4e2a2451fe,cb02e743ea51bbb582a342bde83bb0c7efdf659bb2325f013579ddea3ee1f734
expired,48,False,EXPIRED,False,True,273e84637331425ebc1d827ec31ad8c61a1ea0d11d1eacf25532ce7b45b28acb,b9e4532177f938fe5491e00fb2a114c7a1103dd9b919bbdd74f2a5facf4477e3
expired,49,False,EXPIRED,False,True,53a61f652feb7bd0adcef871a04baa6016dd5fdd81ff40114c62f69d4a779282,2e150862539d8984971029f37d93686f4947f7450f91bd207d4acf4227587a25
expired,50,False,EXPIRED,False,True,303da2abfd34f1d7e9a9611df17173c61a7312a5fc681a0b7defccaf0a2c4d4a,0a90cb7fc9f14c95977ca853f8795b098fe3e82a72fbb2e9588c0b8982fd3d62
expired,51,False,EXPIRED,False,True,a2f28c23ceb843516e1a54a5aa114aa99130e651b52d0787b4a6ac98499d5c31,eca7d678fd9a4dd516666c5ba342e51399bc32c3eb20bb824ac8283025ae76e6
expired,52,False,EXPIRED,False,True,00fa94ba349f156383d8b3b9bb9562a20e5fdcbb1b47070dc354260883d95a75,c8ea28eaf8b834aeaeaea478c25fa8c0a59b6ca7c76114667e514138477c37a0
expired,53,False,EXPIRED,False,True,f8dd6c1a7d0171264cb24d2bedce9572e6457ef43a27f047c5433c5faf6bd65c,b885189ef2f250fe55e59f8d48f7b3b99cf00d3b8a2dc99f55c5d746f994df2b
expired,54,False,EXPIRED,False,True,c06a7ac371e9ec733fc1a37036ebd33e7a10a19037b4922d8961e4ae00c6a2cd,9f4030403fd5e697634fd53c0d975c4c9266dacb56da07112bea1d8d6a19470a
expired,55,False,EXPIRED,False,True,f6fc02064219f8d49e793a832bc977f7bd4cbb3b69700200487a73df4dbe76d9,aa5c42e91f2bc972e326d51a4a140e03c1b1908c811209075f14076a6c34aafd
expired,56,False,EXPIRED,False,True,cf9f480a3df93670d765968c6f3d6f9e2a9deadc5d452a28072cdc368e5b1bda,415fa46adff89763508bdc2bdf722fcba1d24d62ea8d721e9b66c09fdf02d844
expired,57,False,EXPIRED,False,True,226e4b07099b4291d1709415ef6218c3e22e0a3efc00894969e7918156b6d26f,e2098469a5f4a148acb93130e686414f98bce9a5be0da869ed6af97621a812e2
expired,58,False,EXPIRED,False,True,298003a42a4864a0a738584bfbc6e8a9b7c1f3bb68c89fe84c4e6725c6c28108,e211bb1cab25607ba5a75daf08a670815b6a3898c45b6c17939e93d29cf6c507
expired,59,False,EXPIRED,False,True,e731031af94eebb513b4dd47651579263bf0b12dbfb16f3cce4655904e1b42d2,a5f0dde41874cb38af6724d5bd0e41722c11b4dd606d6e2e3692e4aa638d6899
expired,60,False,EXPIRED,False,True,6115930b2ede2938db75274f13ea857b8dc3b34ebbd0a86e0101fd2219ea78c5,f1f4fa55b5576f2171786a8f7e28f344009fb4b036007c762497c483e14577a9
expired,61,False,EXPIRED,False,True,f0d4dd471c5e15321ea9619d889617eb211f1d64a6e5ef1c0fc65deffef72b05,6550af8e8f30ba7f0364d681dbb2c313e6cfd41a2e6928c7d5e11bf8cf4fb2e2
expired,62,False,EXPIRED,False,True,e7dfbcaf59288c93b300b9797786fd2e1eb877291e4e3e2379ef1fece7258664,85f6ecee7cf760fe2a3f6ef066c2fa1297ad54e2b00014cc7d1ed49cf3d98ae5
expired,63,False,EXPIRED,False,True,0e9ef2b6574346e4b7842e34abe7e935b20cbe21e037f874e4639421a6df7ae3,1065243fc64afc4f2cb9885909a4b265c11138353466bce473b5e21adc3066e1
expired,64,False,EXPIRED,False,True,266938ac3aab0f437ec39053468cbdc772b33ecab107cefad17ee6346702eef5,0bb698fe2359ea3eb9f4118a074e044d90bbe4658eb223f0e7a00a53287e50da
expired,65,False,EXPIRED,False,True,0aaeec894f66ab592cc859b3dbcf26fa1b683503e514ce817df4b938dd09e35c,0641fe78c8224784fcffdaeda68cfd9893ffc0a3ce672b7bacd284c2d65c8567
expired,66,False,EXPIRED,False,True,2df818b34e8413bec184790d5f398dc25c5345b831d30cf3f1fe307e6795b8f3,23dba7b140a73235b67968b1c7b5cee46f7a60b3b2585fc688e03066ba6d85c7
expired,67,False,EXPIRED,False,True,f27a59ce5dafcab90e8f891460d4acbeb850b7d1d1c4f9ed43bd6a9990709107,9df14c6bd3a182a982afbc28109e32883813b9bff9a3ee22c9a45da0edd4a528
expired,68,False,EXPIRED,False,True,9347d5c086381b9dd92e6e174899c942aeb7b8f36fb9fcbc9cfa9787b54db1e4,c2704b0477dd8e45990ceaf5b05addb76ced4d022dfdbc9cd09b29bb7af1531b
expired,69,False,EXPIRED,False,True,b2e3609b595a500195ea04f7cc9232412fdd13609ef950ec5b11a39eba22db44,bb6a4f2304969dd062bc28e3c5f299b6c1ddee46f2e526091e57ee9dfe4ccd50
expired,70,False,EXPIRED,False,True,68fecdc21bf6c6ab28d0f0c3db86c81abb4072838f66399f3fb10bc1c96e3de6,72730be501a353a3b0f93271cc2ee3df0610ff6f3a6aa2226b18f1b604c0e1e1
expired,71,False,EXPIRED,False,True,e2f26f558c40fb90f37c55dc57bc917541f70c0bcb00a1cce693bcafb8e123c9,6e7ac82f0f230d243ba308259fdb9c73e5f199232c0b74d8d6600d29cb154d06
expired,72,False,EXPIRED,False,True,be47fcf7727d457ea92aad75afe2c70b3d12d058397cf75a4f6c32290c5d7ab6,ce64c97624ee76e8e10010a057dcdc964e2573df4fcc451a9b602f209fc19caf
expired,73,False,EXPIRED,False,True,0133392e5351f8d971ad85cc93f62ed1e99e612e6952c01cf24fe6594eb11304,9a49855dd7d70e81056646a32be05e075280afe2396d846f14a52297751ea089
expired,74,False,EXPIRED,False,True,323f1a14fb58469e335ef543850300dc42c0906eb6c42e919a744b96040d27da,c3758bd236746cb67ae5f326b2b9ad2a37607148497022dd0378b4dc1e558b8a
expired,75,False,EXPIRED,False,True,fff694d89db56d55fe72b72e001ba5f9703b8a4da8f7d9b616c3e9593feba14e,10198d15307ec5ca3a242483163b109374e80353072c939aa4dd0f23e5abd798
expired,76,False,EXPIRED,False,True,52c1e74db968c3b7053913c6ae373f7dd32b8d3f20280f0ca48d9d4048211dcf,836f137b45484b228f5537e0c0edef37a731b3dfefd346c9330dc4af7917d03c
expired,77,False,EXPIRED,False,True,2c533820afd86cec271fe4f43efa488d942558d2c560de3d5acd443c5456df38,4ca1da7c00353cac27f15cf04012f13c31e9fb92aa417debc4f604122230ae91
expired,78,False,EXPIRED,False,True,096e7fe79ccadca9104464374ed3e986143968e9a66ed85e595d3a916db7510d,6e72b45f4d6b06e81d68f245bf65602e7cb7ade4e4083d047e5e81d0122c61d1
expired,79,False,EXPIRED,False,True,e2eab2876456ea94d3b918883147df13fb6258da65abd728ab5413432c541dc1,09d13771bde1fc4fd71568f6f2fb303dcaa6ca59923defe22df7f748ebf857d3
expired,80,False,EXPIRED,False,True,8fd79bbb102c32a456eb00d922692dbb11cd9d284405c03bd382d9a4e2df0d72,6ad5fcacaae04c3341cf2abeb55e588ef9dcb88bf2bba2bed2af30ed4acceab8
expired,81,False,EXPIRED,False,True,86ee85ae82caefae9dbc935614785cde04495fa97e446591968a89db2f40acd5,bd12fa3454dfe4e341bc7c859f368ab1beb0f24e2a33c653da0468dd48ef19b0
expired,82,False,EXPIRED,False,True,31347fefc0ddb7c546f09404944e810303dd2c88931ca51b682ea5180e5f2de2,149d8a7b325621545cbee53cb0279a0b15897c6ff90dbe8bd96d88294e07a970
expired,83,False,EXPIRED,False,True,6525a3fa43a14579687dcc818d847d31cad3f5781a517ca169b689bdb083e23c,1d77574aa316401101c6e253e10b30c2f0927b27f29341c3d38c78b55d95d696
expired,84,False,EXPIRED,False,True,e48022b1ee4b03afc0aebf50dcc20656c4a01f5ecc9950ae54535b14d3df6d84,663dc6df76acd3374182b868202362ce617b9dc987ce174f94b370bd76da81d5
expired,85,False,EXPIRED,False,True,38fdc949b966bdb181c91d78cae0ea63151498fb1699b9f607230f9824fdcaf8,6ff0b74e44f4c916b5d23aac713618f3b984fcf86c0c840baf5c02f90206514e
expired,86,False,EXPIRED,False,True,08003eb193c651d105677c99589b91b0a949ef647d6de594e2a154a9d7e23b9f,7269eba9128a4d52b872c5205f65488ddb2fbc510e70df47c33d6ed5ce1def49
expired,87,False,EXPIRED,False,True,8cfcf03e9ec449052b83139cf0331424b6032241d2e144473b547f2ce58d83cf,df8297ea1ba6f7178543e99d1051af1e027200ccef20c3b06dfe73fb06df48f2
expired,88,False,EXPIRED,False,True,9d9eaee703961da1fc791cde35ad4fd91643836ec42b9623a8f1f64bff6d04fe,b2f23f1cfece26bd597491ddb9cb1ee813fcbaa20606a469dc4e013b904cd14e
expired,89,False,EXPIRED,False,True,6e712241f461cbd3ba65090c1413a34543143d03cd464615fa8f8a4a20b82a30,328ae92116fd0fe00fcf2d603f53e9aa7dddaec2c51ad08dbdbe9343cd2eb513
expired,90,False,EXPIRED,False,True,a5e50c60b54c2259f6182c1cd80abce04d95bc693e5e3288730e46040915dfba,d58acee760e4a3da527bc519ae025e914fd1851ff0c8203a0e52f2ef30151c38
expired,91,False,EXPIRED,False,True,000d403b640138e892d247760e29c8dc99bba80e3f4de77bb409aa674297aca8,c8f3b6c867240eb533937eb804c51439ba67ec333c54fe02c4ac0d460b9d260e
expired,92,False,EXPIRED,False,True,c78f0f751dd7ae0786c35ccaf432a6f81ed4f6c55507148c34f7f41fbb45ba96,acae0f567eddff8e12ae7103b146046a551b17140dc774ff4ca1c1cf5fc0d244
expired,93,False,EXPIRED,False,True,468f638c57e9cb0c8a6fd230ec21bf45709bff210965d47bdaae97ff3fe80b81,8ea008ec3b5723c507cf70847c1ee537d1c999fe3c6f678ae986ddd3f276e94c
expired,94,False,EXPIRED,False,True,a68b6999c279915fb338ca58e0467bd81cfb2a43f52708a141f694e89d876401,e0d600400b0fe1bd61235a974536f48b0cc99ac233200c2173e4046cc0e79801
expired,95,False,EXPIRED,False,True,b6bf5049355d24560fa48c14ad7c71e37337b867ac2435646602e1f2bb319ab4,6793a8a7244ad6453027f9a5770dc33b6aeb52cd4c466049a24a1362596cb707
expired,96,False,EXPIRED,False,True,a3e5eaf465525ca64561c0b38de6d051e3c466d18a72f73dd0239bab63c2c944,eb41f8f06d7b4e10a0496e2d1b959a864e446100b728937ad2e13eb281e4593d
expired,97,False,EXPIRED,False,True,fedc515697d1d07104fe731d9b459bb8b4da814bf4c6aa1541febd13bde300cb,78fce95d195b2f944e01d241c90c9643b65c1db7a7dcd0bd476f3f66ff10f932
expired,98,False,EXPIRED,False,True,bc3269173ec66ecc435821b0827310c3c58ed185b63b5ee139e6cea58d9d40ee,3cec750b3cd50486305296f3d6c62fe10200a899456e9b331015aa2c419ab2ca
expired,99,False,EXPIRED,False,True,c2a1babedd511bb6c7d8cf621b0414ede47d7a66913fc05f6af8a813681c0a42,1d74c25ca1ef94462004386f23d0ee319c669b28e3f8d1fe6e51ed5fa269f54c
expired,100,False,EXPIRED,False,True,694b174ae043a78a67cd6b1f95e5baa7b030d6aa5a065c1603f6ce85b181aa10,4ec2647358f81eba26f1bb65d816b2f2c6c06e7895318ea2d0a9f3e9b353feb0
expired,101,False,EXPIRED,False,True,f31a2d7d2c59ec4e4bb9a7127d8a42a05f1e2fd83e4e4cd006c06a694b8d026e,1d428cada8fcf97beca9642c155d43cfacbe89288adbd758e4a666cf8b0b38e2
expired,102,False,EXPIRED,False,True,90032d1dc4b9a81b5b53d53de2d744c6e4ac2481b6004db2820a87e160c20950,2d7a4ac5d25848e0e236e08b2daab784d2f7b9396ab56361908fad80fb655472
expired,103,False,EXPIRED,False,True,0cee743fb1d7d55918fba71044164cabaff69271b8be73600c447170f6f1b324,dc66ecc6df91939124412868c0f765ed5bab923876cf25460e5ec0ea438f70ae
expired,104,False,EXPIRED,False,True,a30f7ed4d6825a173e6fd105d388ac869d7ba15089279a4d328e3e70364d5d9f,836975b6df4bfd768b1901177e85a2fe0b54f767f5b6275fc3b0e0a8ec5c3720
expired,105,False,EXPIRED,False,True,504823f0d39b8289dbc24e63dbe5e115e534c7fd144577cdb9f4c48461b3db0c,7be843d3f02d1a26a70c6c7fba76ec624d220ebbb1cd801be62e154a51aa2310
expired,106,False,EXPIRED,False,True,1326a82f83c4e1c52bbd72e741d4e104cd41ee21d7e309a8734e92b4ef98bd00,55544b71d54eb1baa2f0cbdb562685123299c230632dc9fbf09cb501d69b3f65
expired,107,False,EXPIRED,False,True,5807df9d3ee734084b63dbd206b81a76d402abd2e51e856e057a5bb238351a41,49ca0d0de73118013d6ec41ce359b4090564265ca883cd9c45823e2614d47ee5
expired,108,False,EXPIRED,False,True,452dc381b91d295079a6f0576e6ab42313d9b1677ee3ca429080d71cbba92b84,74ca564a509d1abef60dfea4fcd02df05dd882f6ad3401ce36e8c9805dcef679
expired,109,False,EXPIRED,False,True,a9c2472a79d5d1e89e24bd19a4730308d7f09dd94ab612863ca62fbb1ac22789,926097850e65615edeb0de4f7964718c9002f32da2741be98d2c74c72b292dfe
expired,110,False,EXPIRED,False,True,88a57623fc4bad1fc233fc328e7956334c1ddeb6ab14f1e5ed6ee2ddd5ace920,c399a58696bef9f7f57df2a5f6e37d49309af09f74997472fe444ac0960f403b
expired,111,False,EXPIRED,False,True,95a7049c45b80ec7920b499f4dca2fd006c5eeef83ac64fe3e330e801dc2f9fc,2dcd42aa5e186402cd731482a810dd1f5783f6794f2c5e5318bc41b0507dc1a0
expired,112,False,EXPIRED,False,True,07946baa6d1a3ffe70fcc816d0d02e6ada7737d92d089265441dbd51f45b7944,222835e61c95c634dfb1a642a3b2f3e51f99d242e9f8e3e373cc643482fa6153
expired,113,False,EXPIRED,False,True,176c1259c5f6d9d873c006bfdac4709da8c2644c10a43a9bbe95b4d9c807747d,ee71af1932bb8c5720b228c82a015844124e3aa4ca13ce5fd40d8ceed754e74b
expired,114,False,EXPIRED,False,True,5769aa0c4208326a9afc46655a0b3a9d9d0590b4cadc8ac4235cd0ddf2759009,a2160ae62ffe7e67ebd42b2f691dea91dd5b20c071216389ebe6c0dfb0f40389
expired,115,False,EXPIRED,False,True,b315a707f25ff5febc9b91d988ec12f55bb786b258216c22066a3d366dbc56c4,436676a62eafb707e9f292aba2f1a155958127071bdb7a0352503c6ce885669d
expired,116,False,EXPIRED,False,True,9b3c2d75a0d084ceedd30d9d83aa7ebdac2811415f2009705c21d3edc4fcb112,f7479906deb33715824c3ca52159e1ccc375c0f54ce1cb15a52fa6ac1bbc289b
expired,117,False,EXPIRED,False,True,36916e052bf562eb76ac4525fdac1e5879de5e5b90ac427b23ee97ae8dd838bf,9b481ec399d5510895f26b0c1642ed586f25fc8267b79956950df1d7fae674d1
expired,118,False,EXPIRED,False,True,09663839c554cd58b224cba426e41067796467c0773766d35283eaa52e1ed7f7,6e0f8311aa9e04d20bf0cfebc67673a6edb8e4c84fcd7b24c5aea096c5d336ed
expired,119,False,EXPIRED,False,True,a0e666e89b38cb8ff2dba98aca3ffb90a8d3677fa5d1a3a86ca56b05ab46cfa4,c042c51bb44b6a4a3341d90b5fbc10748ff3e41c6abc510e73b558fd7c027d7e
wrong_actor,0,False,ACTOR,False,True,83a7b97a62758885b4e1da4eb611d4471bedd5f1e1b18decc13417af6c61aaf4,3b8c512cff3d52fda593c4ad7f28e8e253fbdcc97dc45d6922df25ab53f04f1e
wrong_actor,1,False,ACTOR,False,True,05aa90be4f4f0edc14d8851521ccf5ed9861b60ef188072ccc4c8adecce1d9f8,95668f286b27a115b3b7d5630d873d95a0402190f9c33dee1b392c1b0fa6e7a4
wrong_actor,2,False,ACTOR,False,True,e685a0db97c4d03a99c6683917ca8d23117fdbd8ee06107e88ffab2dcd442a25,cf78e366ca25a33a3b7382cb62101838ff3a98b2eef16738eee47ce703f3e130
wrong_actor,3,False,ACTOR,False,True,8df5b780d106f5b2c5527e389b85a58fd18731437c4f378e1e545bcd79d310d1,b9960b7cc6fa5d380016c6efec0acef104a1dde3fa63f2d7cf1a58f4782dfb08
wrong_actor,4,False,ACTOR,False,True,9f6f08398a59d8f0008aa840c0af2ee09cc801ed26b5e6cebdfd52ed4ce9e88b,36f009ec337147f30cb2012f630d6bd19aa6dbc8922c2ba72359c6d2db929bf1
wrong_actor,5,False,ACTOR,False,True,acd5229f89ddc3c700ec985188d10c9bfd1e0a10aae3c7be8b6d504f68e6658e,88b21d9adcbdffc35fef5c85721ac29ad7ba570af9749b06a1e77f3a5db3aa78
wrong_actor,6,False,ACTOR,False,True,f0bed2ca8224679120badf4e028d1ab3f88843205741f9ecf7c559e864d08254,e3112eacbf6b5385b1e9b14d97fd146a1148f63834b3d240a410eb8992827a32
wrong_actor,7,False,ACTOR,False,True,182e03b7cad4c786be66679d64d7e4677df896e224d77785a538598bc55c9fc9,42d8496268abd99abaf3a0f55ab926bd3c462401c3224f892b6896564d07ced0
wrong_actor,8,False,ACTOR,False,True,16658a5f118f38ff6bf1e2590515b5fda50fcda4c9578d00962a7897e3699a6e,e59747ca423aac01d9423163bbff4006d4a34b88d8daf3f2e08f399a72982e4c
wrong_actor,9,False,ACTOR,False,True,bab6f5c8e5ef2f313681b8676a847052e7dc93e5137ea8af3e35c4a023a721d1,781612892d864454b064add709ccadc1d149faeb0cf6a5888ea39ec48a97b0ee
wrong_actor,10,False,ACTOR,False,True,56fe402f58bec3b859d6c9fad10752b1bfde7dd448787baa2d2dc294e057bf71,b8fbe07c8a92a73a6e0d4eac55bfeb7e43f716b68bd96f26585f93e6b2a2aa75
wrong_actor,11,False,ACTOR,False,True,d1d855c34124048bb51af7cec7cbda2d57143ec830f4b781eff0491961a4640c,41d72113eebf46f67731031228a5c7397a77bb52d0b394d2898ef2b5e8602b94
wrong_actor,12,False,ACTOR,False,True,a21f3d92541b6b0c5f2f14c48728118fd87717534b49eb787f6a022ddcb70651,630543b11795002d890864b932f86ac8199a698134308ca3a4d146b25bbd4e51
wrong_actor,13,False,ACTOR,False,True,5aff9e8ccbe09caafa62ec1e03f300d9ef80e41cf0ffade08e06a81addb27ee8,9f6d863f79cb593937c1413882195a4a22b90b4278621c04c6cac8dd8784dcc3
wrong_actor,14,False,ACTOR,False,True,fdab9fd21c3afd170931c2fe0c9b5ded5590ac2062dbc0b6a9fc800059eb8da8,bc6837c69e26ba7af14b44faba51e065b099c1d80a13202e1822ae70d5488e40
wrong_actor,15,False,ACTOR,False,True,c72f8eab9f1b033a7a8b9dd469d6d99572763e2a03feb0ecd6f10d06be62e316,d8c71a53d7b4e0ab503420e3fa5776362a840844374c85ffd8b21730486a59c4
wrong_actor,16,False,ACTOR,False,True,7cd78c4e125dad068284f81bbc6a04850e547ac33ff90b319ff04b0a20c3d156,a4a0690aa25459c87f9e951abde548f417aa7d4fef0611336d506076dca3fba9
wrong_actor,17,False,ACTOR,False,True,bc74abbf228ce1fc66163c8eb21a202972eb64cded80f80ab8083e2fb76a4eaf,fd0cd045aa0ed85a35c5ac0ba7deeac9b69659c95d3e1e6ad219561dcbaa8fce
wrong_actor,18,False,ACTOR,False,True,6c110538872ab7137685064bb417758808f7488db5291a7d61cc9a1f5e7c0d00,4d56deeb81120dbc873e2a8160ff24f62b9d3a7c7af2189384d0e9adc6814c5b
wrong_actor,19,False,ACTOR,False,True,7fa623c22d97bf25cd3324dba69c8b6dbf939e8800ba82b0e8b93fb32fd2540b,964ce77391c1f5378237d434d8710fbc65c3066b79cc0eba94398065502a8fb3
wrong_actor,20,False,ACTOR,False,True,989d5e72f2704e0bfa8559c976033aa6ed32be543f7a25587f5433269dbd91cf,7a489f3a91f0b1d7bdf0add162bcf3018ce95780c5eabdf244a6e9f86cbd4a16
wrong_actor,21,False,ACTOR,False,True,352126b680fda3f3276704ffde0fb5388f3b1bda50e51949dd2f6b53aeebc869,4f11994409a6741ac09cb80740bbe01584c50212b8d6b9b5cd715b018917d97d
wrong_actor,22,False,ACTOR,False,True,159d0567a931d17b46f995ef18d6bb82e0bc0aa101556071a62da5e286ab7300,0814c56b3613b45ffa32fd9858c2ffa16521894f64a5a22e67bca83ce6a5cd58
wrong_actor,23,False,ACTOR,False,True,4af5af09e37581c844b898f6f0f90e7b8963734c4a1f59d8b3d91a0a57a4556b,3e86e9811990ec1ba6c4b1c3d714ac93e3cd4f59f44f0edefe2e3c52f922f55b
wrong_actor,24,False,ACTOR,False,True,51eaebb9a5b1810375a20a0ad3b8cd012d9f25135bf0bc6e38b28d34275d993d,e04f65bc3eeb857e5a43e3933d7df6f0a75822c62e7fc116ec197cecb15b173e
wrong_actor,25,False,ACTOR,False,True,fc4f300daf728610264ced3d9962e6283540888c62be2ca92eb3d7e125c62f7d,ecdb02b13f6d089341f0796db5ee38785c7b56c6ff1123650ab464a38b943c83
wrong_actor,26,False,ACTOR,False,True,3c9dc2a403411582fcbd0dc8302f80b6b41879bce26ff1d8610aa67748cfade4,8db0731ba9a2f02303c8842540b550c300016170f43210fe6af6fdaf7c30db3c
wrong_actor,27,False,ACTOR,False,True,ef46226e0c17eee7129431e404afdeeb3b75122171bb48ee03bb1418bee12517,55451415e18cfcc98baf6f047272fa039cccfc4fbbe18ef2513697137f8fbfc7
wrong_actor,28,False,ACTOR,False,True,b15aa15e81dd23662cc3e552bf9395a33e9b5e5f6a61ef7ceee1324cd404feb3,04bbc9e7f1fc0748c5e2aba3dd3cc916fa0deefbc405a4ce80b1e27cafb792a4
wrong_actor,29,False,ACTOR,False,True,9b43dc0abd0b21fe5fd7cae5f6a8349cb1df0046561c3de92328ec6194e14901,62b15d057ef808b2096df4fc3504cf689d06bdc2db353ed451db02cb79f6482b
wrong_actor,30,False,ACTOR,False,True,f59b5eac76f45738cc280b71eca0ee64058d16afd220bc6abfd9e342bee4028e,311708108a2b6cbcdb9da055b978406d203e912ec82deff2c60234e29c6c4eb0
wrong_actor,31,False,ACTOR,False,True,c7617fa14f830641299906d66696e4d577407cee2a2af09ffdac31efcb098eb2,c569290e5c6fb606098c6c222db353be9151e35f38f72ea83742e8062246eaff
wrong_actor,32,False,ACTOR,False,True,4389ce6e44636dee787c0d5f62d72c6d250dc23bf6fda836d9c2e43e617964e2,bdd9b16ba989d67f744fee7cada51ee403e9ab598f0022736bb574420e95ed60
wrong_actor,33,False,ACTOR,False,True,695f9fb00af13e1e763e410807b0772c07531cdedfcf52a17a3704f523cd0f5a,56803befb2aedfda72efa0d16513f70801e51bb18b8c35841d7167a878cd32f1
wrong_actor,34,False,ACTOR,False,True,c59a5f8ce16239bb4bb1ea32d88f10ebbf11d35f3e270ab040d9c56b714d01ad,4a23f1a8636f03d4d2fe2ad986569cb2fc241da16397461c919b0537e2d6491e
wrong_actor,35,False,ACTOR,False,True,4ec4f20b3a5df09723d480e8bea6c8c518244ce87a9442da013e4012a739d881,bf3d648db981654ad6c43d982ef6c25046ced23e394df3d031e3b6f18159c3b0
wrong_actor,36,False,ACTOR,False,True,ba2414ce97e1dcbda301fb93b7a7379ff9cbc62584f9d724800ad636e4c28f6f,b59ebfb14988ce4f9c7f7608a2010088ee50c934f78c51cdc11713a98ff94185
wrong_actor,37,False,ACTOR,False,True,455d7498b0a2feb274d3706bccaa081b3cad4706f937db50f5df9342e23144a6,0eac9dcacf795bb983da4378fcd311afedd6f83ac77483e5f536c1fc50f37b90
wrong_actor,38,False,ACTOR,False,True,58c05a2f08c6af38755599acc4fab0ab403b1ce3d720dcc79dcc0328649ca7f6,03da0d5f52a3ba64f4c4d055346daede5831d37877ca5f00bd3c6f3934637715
wrong_actor,39,False,ACTOR,False,True,ca229fa19adc3db01a3818bb30f203a060b9f448e62d8c860daf38e723c73bf6,180294aaddee9821e7cacef5025e8f07e16cf3b9c5a508ccde13c4e97f187630
wrong_actor,40,False,ACTOR,False,True,1392f2dc73d5ba61d1d8a9fd99cf3be20c3c1a7abc63d5df6da8931c4ef1afc4,a5b28917cb73924d896d986bcc95043e3ff814f8d95de86076f700028acc9090
wrong_actor,41,False,ACTOR,False,True,f3598368b8e0f4e5e258d89f34e84704fc1b9856a1c9dd41aa5965d4237aff5c,9282d32e0631a433af2ad28321c4893494d6e9d2b2425da3bb7af8564c866817
wrong_actor,42,False,ACTOR,False,True,45966cad3d6f3f1d98005264a23c92cca52324bfbbc5355c732ba7011131a81c,cac13b113ca912e751ef5d47bffd0a1f999de2ca121a9bec50970880abe7cf92
wrong_actor,43,False,ACTOR,False,True,6d5bc7c6e972b194cc8f2cc175cd2c82ff86840c9d2b0b09916403272be18cf4,6833fc40296d4dad6eee2b9e8b5f6626a08040e91e29f9e446f8c7bd00c1e7d6
wrong_actor,44,False,ACTOR,False,True,47dd51b033190e7070ec587b8029ace4fc222fe06340e4fc62d5dce7d03ad7d4,19c6b6ecd8186a79b9f0abbaec60c8431a58bab86925dc49b906e7538965d42f
wrong_actor,45,False,ACTOR,False,True,604e8d8c9cef6fe06603d90031a0839dced00f95fe2f95b2cdaaa779738b69d0,e612ec79598d142d86d1e147c0cb5bf4ff81adb5a0edd70b972f7f4f3ea3c0a1
wrong_actor,46,False,ACTOR,False,True,33acaaeee2b775245b996bd9c9fa38ad72d6cfa7504c30b8d543b4d95f713860,6a0d5d500149c465a6543eb64c881a5625088a34487d417f52f1d3feb465566e
wrong_actor,47,False,ACTOR,False,True,20596ee931ddc6bafbd86c92c0ac8f8f75e762f8bd7f09fe7d6276f5fd4ee0a1,ea364bdc9f5f368a7d46e6135ca0243e0a52bee3e29de0128e7add12f600731a
wrong_actor,48,False,ACTOR,False,True,41f19c5e2b165e0b7d8ae3a89899624de1c3965b1f8d7712fd933d4391496665,0b4bc7e53c336ea864223b19f97405777a74d07d0368b8bb6eb7649c3113a471
wrong_actor,49,False,ACTOR,False,True,d502de2fc2ebe85df7d488e5b5f73dc8f7c7d3ff4f8aec222e1416bef8d5b649,374f6d1d146e77adfd75905c15f805b59ce97102cc009e9a352105e513d63441
wrong_actor,50,False,ACTOR,False,True,33c666f167a763d89d91d6e820764954de3487314f3c14745524f6fc11a0c1a1,57c3097a187b785f7bbb6cc3286455739bb9d1f5724e1683389e48138643a941
wrong_actor,51,False,ACTOR,False,True,0074fd6161580b1660e5449dc4b19f91ecc8e92ff1acbfd155e96dcfd5d4a09e,5a34562762e5e496af6729fef742e07425fabffd29078253144f7c7d8297883c
wrong_actor,52,False,ACTOR,False,True,4f79d39d69c03140fd317e9ea657ffd27aa2f82eba247ec944e7f3318e49183c,90f33aaf4d430157a7edcf67143f638a5d183a0da5678a4f77ba0de4c572e5b9
wrong_actor,53,False,ACTOR,False,True,813ff2dc91b2a11d06f038f442e0e7f8aec2529c8e7d2a7c4578e77fafcf2ed6,9422a36466ff94002157f85f8ac6dff2754eca2a24c9df1902d912b0754eaf73
wrong_actor,54,False,ACTOR,False,True,b34e20a08603d48399d9949a6e7f3eb37644ae437b8864e8f1685f701060cf0e,07856631f8cc5e50edc06cc6098ad1e1c9f7d22121df1e6f63e190c7453095c7
wrong_actor,55,False,ACTOR,False,True,846247bc777c23e23e6fcabdefd52e55cc12a2ee8031fda5c22a2857aebc4abd,b03d41ed9a5b8450519b6ef32ea4fb5ffcad8580ee3aca26b0d2950a0aa47ae3
wrong_actor,56,False,ACTOR,False,True,430e123275da5907941f3cf37460feddeeb0c22e214f5f340dd83cfe8bc33a0b,9203656bab4390d3078e031b2570d4dfb1be4510e9ca3f11d94f49f4b7fa8df2
wrong_actor,57,False,ACTOR,False,True,42c32ad0d82f739f2a720d57c5c5dba043fdb6361102d3e69d5f1aee4b359553,387e542c40ed35aa3b6a02c6646c57d620cccc3493d0d5430edc57629c64a48e
wrong_actor,58,False,ACTOR,False,True,f6be3caecde1f4d43c96b8fadf0a15df3a16b0ce54fe965e7d6263bc1ebbfa28,b2fbfd9b66941461791526d10e78d2701afc4dfbd5558e695ae1c3d30ecdb0cf
wrong_actor,59,False,ACTOR,False,True,a3e395fa4a63316557f8774f880b14c1aaa851c4129990c2f6335bcbed0b4ac7,46e0e6f33eb6c53455fab4c94f4098052c48e17bd5a681a567840d0ebc2a7837
wrong_actor,60,False,ACTOR,False,True,970f64f2b975feeaf28c1e29c8663aa31d833e5378a9c78cdee34899aca7fc68,f2b2c47b249ba173c88e2f453c5573ec2a4d194ba7045031cb26a52bf1e4ff2a
wrong_actor,61,False,ACTOR,False,True,7ff271c71cb9641777ed44e2c9e6973c844c1d0e891b9c08a6437c487246c112,48d9d77545877968b7e6c8f6e8e85d136c6039129ed8a592748b9d6bbbabe054
wrong_actor,62,False,ACTOR,False,True,a445d4c36c90cdb7d31e12d1188b24e0cc914ffb001c796be937e6ab962a3fb6,804fcf13a802fc9941ba21d1f11b0fb03617c3db157fc92f654676b36fb48891
wrong_actor,63,False,ACTOR,False,True,193e9aa446ef7bc3e572082252abdf063fa6cf87c16e796eeb2901774d917ae1,230ea83dd66bafb1be469d2fead832bff6e4aa1b04bd19c42d0fd69299197988
wrong_actor,64,False,ACTOR,False,True,e75af72f0d3a6cf51dbd5591364136bf79c879e07f768ff3432012680d9bc4ac,fe0e777ad0aa831d6a1afaa8b337b5abf250723584a14240b12677738574765d
wrong_actor,65,False,ACTOR,False,True,48817189e4a48b8918be782c6f05414cb6cc084ef933e82b7b3753a305f3baea,bce55cf7c413b096637a18f5bcf637e4a034f15957ae6efb52a6ae194671b8ff
wrong_actor,66,False,ACTOR,False,True,51f05e8dca3194f405dba217030b89af8aceadd925efaaca5b25202f968b95dd,51c3339e360b7a48ef942daab533b0f88748529fb780701c184449fd49737bbb
wrong_actor,67,False,ACTOR,False,True,df5538fd2167a4a3fb05dddd4ec233c9a14da131c94923fafafed25f4ae4c4c4,0840a935c5cc6f295e45b0f1f022429731b543ba51e25c230f0279411ca6423d
wrong_actor,68,False,ACTOR,False,True,9d6c5e331712ffc2a404add20aea20e8d757b65fb7328a52e1b1553d227da57b,312e65122a77b054513e27212c6d7eac8ee38d0a92c8226c2d2fc5f0ef39e928
wrong_actor,69,False,ACTOR,False,True,b8bad99b8cb296b3ed199e5d0a5f46eea395e9a63993164a03671aed53f173e1,7ba96ab7302954c7c9c181ee6c80804976cd167e9e0b6a3b830908d5a1cbd774
wrong_actor,70,False,ACTOR,False,True,450399834ac3104920fdb69bc743b46f720b7d642071d9ec0111f6ec686670e0,dac12a387fd532b7a8401c3fd83cd8b5591097c076b5aae0a80d074ef5a9a818
wrong_actor,71,False,ACTOR,False,True,c8d67bc2aedbb032200c67fa3bcea8c5b58117c270835d18f07fd662e7cc2916,15cde799e9d996cab1443f06402cb3823677e99068a4f0cdbaa17e11fcf612fe
wrong_actor,72,False,ACTOR,False,True,fc2931653c77560011ea5867757036732c8e44873d6a787e09186b6ab3a900f3,3928d46699d03276dd7104d380246e2196436c3af78401cb62e8cff43cfb267d
wrong_actor,73,False,ACTOR,False,True,e5cd45674fcfef143374a4a91f58160e03ecf5efa5a0deaca94b3d9a8ab6809c,911a93c8935ab9c17e7378ccf52bccfad74c7908e1c3ffdc17beecc33d6be3c7
wrong_actor,74,False,ACTOR,False,True,7ebb777e66d654cbfc99ddfabe42cbfe20730fe9cf58274ca8eed764cd91a166,3ddf684c7a6618cf2d4c4f237404088d9f0e7944f21ea8a2d5d8c9cfaabd4820
wrong_actor,75,False,ACTOR,False,True,74f5afda080d360a43a793ce7d4ff65e4247c83dc9f8bbf6f91549ffc692cf27,118b6520fa14d2f087048a5a4ad9cd86c81989d428839950cbc3ba68acfefa37
wrong_actor,76,False,ACTOR,False,True,259332aac7ec37876e1bcf11bc1b0f77ac47e055ac5f535119dd06e295e2c9ab,40fdb9b976636090992e6a7e37e0c25f2e6a4dbcc849f031633b9d8d048188df
wrong_actor,77,False,ACTOR,False,True,6a62ec54c6f55957ba5c5f94a1c9e37da02dd22c6463cfa7a023b0bb1ad7ca44,632c61d8329b42ef3cbf48cd13c4e10387220ef42cc2d553001abc8fe544277d
wrong_actor,78,False,ACTOR,False,True,3607cc190a0dadde918fe41eccdc87d8feca449ad89a154b40096d6dac6b62ea,7b9ab11895e0600f5bd83ecee44e1975942ed99107921b1f42ff821b279011ab
wrong_actor,79,False,ACTOR,False,True,4bbf0e6132ee696e23d13fd533e6fcd1a70443373854d79425aa277eedd99384,4976138a4ec8e5b74043b9c0210517e3a4f5a00a4ed12dd8ed0df8d36a9565f5
wrong_actor,80,False,ACTOR,False,True,6568340fb8a04a3be2e77ed8ddd044a3ded80f1ca4d55f4d1b6cb10223468725,0bf206ccc4232a122d701d8d4c7f02eef95c194831f4b14afcf451c1b9f42b08
wrong_actor,81,False,ACTOR,False,True,fbd41fc350005981dfddb182d302eefe491fa1dc58169d377bf88eef4ea3daf2,cbb91b43137edf1406f3782727f9dcdd8b5c7bee8e9e718769f8dd726a3aecff
wrong_actor,82,False,ACTOR,False,True,7618d549bb0e4ed2619bcd41e0fb816a59f7c40b3e6e8179fec5b4ad1bc9050d,96d7547fdfde424bb4fbc975e6135e8b98d561a449c4d5eb887a0999e1a099de
wrong_actor,83,False,ACTOR,False,True,ef83cb3b80862adeee6a624e5474b76ba9e86df758cc6933b1d77e36eff7ca33,31d1a165c7c1071764dba49d1d1b7cd96e9b6a91fb193ecf4508b58787fb8b62
wrong_actor,84,False,ACTOR,False,True,24490f9577ca3e04a568fa37724f9b15047eb2b34c2bc78a39470b9d93a59879,e8ee580a21066b5886ad2f0f250e156d8ff0f733c1b46ea4534db50344469766
wrong_actor,85,False,ACTOR,False,True,8cecbbe7a09b8ebe8417d8d6c20fa1e421f83c137fc9be28833dd49d6c685db7,aaf1e290f27430bef6e4acf8a07128d3a5df8e4aed67a6b09f9213679a49f1ab
wrong_actor,86,False,ACTOR,False,True,f2fb1ad320d87d473893b7ead75ce55761e2860866166e3477a5fd1fab81bb53,fcce6f657cc451137e984afe905093f3d1d1176f30453f22a1feba0bb9fe912a
wrong_actor,87,False,ACTOR,False,True,358006b48644fddd1a0ff33f8b1b76bc2f72cf4cb4d443afb4785931c94fbe1f,bfd79c7c7f2651b513114bba10e648855da6f6162452bc259ff205cabef7b0cc
wrong_actor,88,False,ACTOR,False,True,d8f1bb274b47c2f5f65d226eb978ef80dc9ce737569c35229439951e312b7c67,8c5a7cb91457d616eeaf5ec270daad05963cf2f13f260c1edc402620fd2c7992
wrong_actor,89,False,ACTOR,False,True,fca336f6909a7124fa593f7c9f2bae5a6cd4d001d9d9728424a5f8778bb634cf,2a5e026ad739e3e4bdbd91b7726499ecc52dfa44936b3ce7f5eaea2ff1a6a253
wrong_actor,90,False,ACTOR,False,True,88961419b6daddbd5dcbdbcb494d1dcc93bc1e2d00c45774c9e41286ae55d260,0d466e0ee1d5a26d044d33841ab487de259ff78c4f9479c09f628939d9fce47d
wrong_actor,91,False,ACTOR,False,True,22ec4f254109630bca72d1c41a19720a0ba64c8c7e8acbf85a6de06d75b994ea,b3490d814660becb7c5fe24681f4290a4a693b4797fa483dbb0621cd6a10a281
wrong_actor,92,False,ACTOR,False,True,c000e0ea3cb7b1027ae270c01bd2ba6ac75c39c1692887de835f8129fa2dd443,e67806cc748e81e7365a5471d9ced993715cf312e428a6fb5cbf20750c7b6e1f
wrong_actor,93,False,ACTOR,False,True,f65b7c97499054335707e5ff568177f98ffb2fb7c0dd7d246e03dceb244a5ee4,9dae4d2e5e85bb4d6994855aca49c58e244913331eaaa71c609f4a7445871524
wrong_actor,94,False,ACTOR,False,True,a805163d86f8f2d2d73ac1ce3936a7cddfd42d4a6330e998c58cc7f1a20e73f3,a8c975d6e441401dc26a55555b46ed9fb322106c6511c21df899e0b48c457ee2
wrong_actor,95,False,ACTOR,False,True,deca03c222fc4658b50fa50727c9229092d54d113436c684c32d3ae3a851582f,ebbefdd3536f868095db1a1590af81c080cafa0530d150b5f8fa8b1322b0091c
wrong_actor,96,False,ACTOR,False,True,5bd3778cc704e06a06875df840f5792a393d9c2aab9f131037f808bed7a02f56,ab50eb5e7b1eeab6ee9e1b26767e5889d1fa6c177f1fb775a0683b6f812cd894
wrong_actor,97,False,ACTOR,False,True,e6eebede86b429c7dfb8fe4ebfcd7a8febfb2cd79c941d69efc5f846125d06e2,6ca849bac12f87d9756d89047f8445f55f8c5104561cb3e9b800ada5a2672ea3
wrong_actor,98,False,ACTOR,False,True,d8bd4e7b9d6e6aa3cbb87630bb21fb56b742eeaa95b5608f026e47a3379c1679,f2e9e5b9450d16ecb0c5b5d6e7807d264b953e6fdd1279c84e10aa83c31b1ec9
wrong_actor,99,False,ACTOR,False,True,0953827c37cbbee3253dcd7cf1ffc7ee6d91ef4011a26699b3d96d91bba46fc0,a35ca79feb8e2b8087c30e4f62cd8ffd54ea2880bbfaecb10af1d7f487b26b90
wrong_actor,100,False,ACTOR,False,True,a19c5268c2a57e0a28d36efca33de385a736b10c7cbdc0c757bc59417f6e28c5,82e313a9789cda40000a856d017c2a7eb2585c5dffa16cf444c782bddcabf4eb
wrong_actor,101,False,ACTOR,False,True,16297fddd2c43a3d9af422b66cde9a925383cf20f4fa46ea8234991388da9d81,da4358186cca00ba101743ac0bc3b410d5828638235e31bec61963090f44e762
wrong_actor,102,False,ACTOR,False,True,b6224df7b4b77bbd93dc44c9c8f3fd099ba98e781f3e16e8c52b10d992b5b117,e99dfe29f7a5be9d4f59a39d6d0ec60ec9f7dfc8c58487c14d5c15204aa48387
wrong_actor,103,False,ACTOR,False,True,473a12956b9a3aea3230422f73821cfad8061378ae9287e831cee3c0758b3716,86267f049f4bcf466b16e0477a66e2fc27e19158ee920ed2c5aa57c2cb82691e
wrong_actor,104,False,ACTOR,False,True,bbf263620c9af832de297d62413a472455f43e914b2d14d94f5ac516d1a7d1e6,921c9354ef02a933b773fc024a1edb13a6c89fb77a8e0e6da4adf49d5d69d5d6
wrong_actor,105,False,ACTOR,False,True,bbb5e2b8ae7bda378af98a0431e0e173a7d83c791558f9ecd04329dc6d240460,0275f2f6cbd50717f1b5cc72cc8664d1cbce4326ac70793e721a8963c8af9b27
wrong_actor,106,False,ACTOR,False,True,07429f8a29a618ddd5f122f015b10a19f3e30161973b03af8f10a3b305c66982,dc30aae50b2d4444b9c245623e30b6f815af477d7c13944b0ca3dea7b56419bd
wrong_actor,107,False,ACTOR,False,True,0bbd3d067239baef7ac5e71729605792f2286d65f3f1f67207f07e8457b06249,dff88b7dec7c92e63348671030ca6cf21d71b08b173fb46245dcdac82ec71053
wrong_actor,108,False,ACTOR,False,True,f3476f589bbdafd5afae9d90452a75ef1b7c782490283d42cf60f8870f69a40f,3b5b5f62755b57b581351f967f9d4d61ac9c4995db1d2704a3bd95b43567fc3f
wrong_actor,109,False,ACTOR,False,True,3825d25da32e18e138b610781fffd5469bf36ce8650d75d837e163a13a30e515,c73967c5c5be7dec4936369754dd807565d64f4d5f9ada58032c53f9306bdec1
wrong_actor,110,False,ACTOR,False,True,6c272004ef43092c4db4a619b1985575dd101d3d408e7caef39a2fbd58ed2c16,178746ac213466093dd2d5e16ff79fdcf7ad67b04861ddd50d2f6ee920385a3f
wrong_actor,111,False,ACTOR,False,True,4f7597ca797230b174d96c4f91327f90dfbf379bf7a9664827937d7b3f6e0ccd,67d9d9a21cb3c36f5ecf49d26c6fa2e8b402b6320610744f729d28605d34becb
wrong_actor,112,False,ACTOR,False,True,695e8a6c71657ba36e132ee56d3f5c48a652dc11574ead4f5fe9564d6f33c041,d0ffc600d47915e63cca1d1b0cbf50fe541d7ce26cada9a939eb9db0ba2f81c5
wrong_actor,113,False,ACTOR,False,True,7b23c2f3d849cd44b14688e437e14510930ddbf7fe9b1430548410b1b8a9829b,3f658c3ded7a16963e43cc4e04791264d704039d53b3783f4e91475bd4100332
wrong_actor,114,False,ACTOR,False,True,f5abea1cef8f9e51b37f95460f792b7765888cdd9780263fef0757fdad3e9547,bc25e05cd3f98bd2c5d642adaf3fcc2e96d10f2426ec398ebee21a1ed3c529a0
wrong_actor,115,False,ACTOR,False,True,72b13c2c3a1bc97594500b6ea876a89469c091307a0ea2176878035c853544e5,24283dd07f53eaefaeace40c74c52e5306af241459ab3071ffee18aa8f6470b8
wrong_actor,116,False,ACTOR,False,True,dadc5ca7f89d7120bb8ddea1c4298fe03c5cb19107dfd2ddfd88ba1e9b29d2bc,3b134ee2e9b18dd8cc9db9af01ef07345976c0b010a58ac120d4fc06ee6e0dfb
wrong_actor,117,False,ACTOR,False,True,878db88b9c7b433a6fa995e30dc8d4bfa3e828ea5e2b1402c1fb415db0fe32fd,fc82a794f748f7f0e00ec99d1201ed545858a62bf6049645df598e81a1644c3c
wrong_actor,118,False,ACTOR,False,True,bc74dfd1e33aab554dbe1056286b330a106c81a3f2f7dd63c2e7875fea2f9235,874e60083ef229add624814f3c34e86cd8aa50308ffbd3487488594746636c37
wrong_actor,119,False,ACTOR,False,True,dab28247ce00f8f84275b4239a5a40af00a5564af7b9d54a69e0463066a6d967,e3190551e884ec607471e5629032522009191d24040a2a2e8be7278a5aa56625
wrong_tool,0,False,SIGNATURE,False,True,10d01068cfd584ac8ac9f7da04c1e00e8572dc9f31ac15beac491e2051a9d025,0cc02113fd34d1cc6d67cc542cecabe724987ca16a9e3a1e4c1248cdaf98782f
wrong_tool,1,False,SIGNATURE,False,True,14e7d6ed1038271e11f50f0b8827180df2881c1130650a72717f04b46b264314,0649d03e8aeda71a94613c88190e976b0f6c1a4b772e04ab60d177783b3f3dc8
wrong_tool,2,False,SIGNATURE,False,True,a7ddd2b9ad4b647c1dc96747707356a9d750702ce53ed0578d27434a0b698d32,4a108acdff5e55acd6a179204381e7c1b1a170893e8955b8f3f74d8a5885bd6c
wrong_tool,3,False,SIGNATURE,False,True,7db395b94b2c4ed93726cb0f86a28a5b94530223c5e6e8691979852644a1eee0,1fffa42a29dfa8b6776d5085bf007ec18a090afbec96f3c77a326e86176ee539
wrong_tool,4,False,SIGNATURE,False,True,f2ab39ec399c790867ae0012a9d07a425874970974f4ef11a12ada987f734879,206a3fe84b51aeb3a0bd7f45a68bb8d75606dbbccc3dd787dc53b9f9e538cc15
wrong_tool,5,False,SIGNATURE,False,True,df77274bf712ecf7c52399db63af3589963ab42557984b73b992aff516f32f3d,510d4315a77af5ab37c93edd5caab8c3ceb39ad4ffb8649db42eb040bc799793
wrong_tool,6,False,SIGNATURE,False,True,8b3dcc3ee274e1fd59525a1e3bf1155fbb74cbabdf32fb748fc47409682a587d,8dc3189ef7bd13c0b405633250070f40155179afbe3ef63bc9501790c0151194
wrong_tool,7,False,SIGNATURE,False,True,2c63872ccb699bab7277ba6f8b3635c56085eba1794d35ccea4157224a874ca0,b0acd0284cd2e810b5f90a1dc3955d196a9314a0238aec3a0b68d7863399127d
wrong_tool,8,False,SIGNATURE,False,True,51af8e8dcc89da5e7ed6e7562302ecf8d89628c5ffc5f545fe2ffdc8284ab5e6,486f016d658ae10c38720dc978e98d03f85b0526016ef8f1ea245d6407edc47b
wrong_tool,9,False,SIGNATURE,False,True,e1b9b6385cfa1e0c49f4c5d58bb129cdb04ef48e8afd73483819369a7c37909a,240116004a91ed6242c4a633da6cf69f77ed7faa2d8b4dbef9761fb5863fc895
wrong_tool,10,False,SIGNATURE,False,True,edc103798f4a15bbbe16e58eca39a96c692f59f9c76ebd0b8d89b6b90ac17f49,79013800637af50eada8793ac21570beec743480f6f68db4394dfa8ce3199412
wrong_tool,11,False,SIGNATURE,False,True,ce563cefeeafcb516bb3fdcc3e0a252e4c2cf9d1eb66adddc56667117b665876,4ad121b29cec36402ecd09e4a6115e29128752e2a2cbed89c492c7aba2527216
wrong_tool,12,False,SIGNATURE,False,True,eacbded827c164ebf39e3ed4fa88b9c683112461333503a618fa0689f8b430cf,d67090f2ab77faf67acf3718e3f28dff16bc75a89da89dbfabbc71aa7cc11371
wrong_tool,13,False,SIGNATURE,False,True,628bb18aaea8758679dd019aa95fb8dedf4944b7dc16244a0bd3c90994f24acf,26c3ccea7287674286fec8bf688f5ad50068842424fd26ab8a37ee8790ddc7c9
wrong_tool,14,False,SIGNATURE,False,True,c7318dc633ec2be7e2a5a0fbab14805768512b9dc7ae4dc58594a6b19a002e42,cfaf85ad9b385d4a7fbd70fd8a8c9edba6aad17c528b05e89761916e8f04220c
wrong_tool,15,False,SIGNATURE,False,True,0d1e216ade51df5cee5581466d99ba53e7c46c672f8e517980df2fcd055fc873,dd33551a6b234fa79ff1b6ebcd78618e92ac65b9c450ad0758fb41803950b4d9
wrong_tool,16,False,SIGNATURE,False,True,f6887599eca99f82aabbfd4f59b1bfb35c20cdaf136911685e6bb9ac116745e5,93df8693273b0733da79e629ee17e69d843c7db7bfe738bdd2d6619e294c4f82
wrong_tool,17,False,SIGNATURE,False,True,224711a39d77e0cc4346aca584542ac77c2fd2480a27e6bc7e03e087272738dd,26ffce5dcdb6fce9c060e878c0316b38d1cded55b62d95e419f143d3b0a2e058
wrong_tool,18,False,SIGNATURE,False,True,0078a85103beccab32abc38453e37705a588c6ab0f0b176e91b2d628c5b289f2,b75bfba73a9f9508ba070f03ddc4ccc806ca5475f72277dbb9f0eaea8480705b
wrong_tool,19,False,SIGNATURE,False,True,2e7f45bb6467cb631e64dbbb74d2b1631e671e0f0889150d41cd9a46dfb5b77c,f2c2a70cf5b7bf9bd20c131efadcace72ef7b7a33b30f5a71e4cad183ed65d05
wrong_tool,20,False,SIGNATURE,False,True,1a42ccebb11334af0ed8af641b53dae4ba6afdab84cb58e1205060f516669b3a,f106e4aef95f6e784bd5b5951e10bd9572e14c75f805201674bf1e37f724413f
wrong_tool,21,False,SIGNATURE,False,True,de5def62b7088b453855f5112851d38f7be12a2e5c8c8e7026c7fb586452d3ad,6cf6ae95a6a400355f3b11fcc5cb6dbac2f2e65cb8103f2d4e37319f3c3a771d
wrong_tool,22,False,SIGNATURE,False,True,09ec2cc7edce333e0be60222b339a323644729c5c436edc00d250c573a8a32f0,aa084379b394fdbb35c96ef928d0f255ceabb7c4101b3063e145c97c6ac78bae
wrong_tool,23,False,SIGNATURE,False,True,41844fd62f5f69defa38966fa3e09e5a12cbe26bb57b9e73ccf11b602c4755cd,136eae665159f25f946acc514dd1d899a6a28217e7bcf4de9e71e2581bfe2949
wrong_tool,24,False,SIGNATURE,False,True,d2b3f2963b796cb59a24833bb0cdc783fd24f6f36a8ba19b558a115e4a0b75c2,974450b9177fd1d68e9deca4b4a1f7a8be0673ef3d57a974282d88b1bc61fbb9
wrong_tool,25,False,SIGNATURE,False,True,3cbe7e8da209380f1985f98963edcfa35492916f1be6cfa12e38195c34ea87d8,d9867e521467456f490a699b376ec84f48e085dc24857133411c64bcf70ee877
wrong_tool,26,False,SIGNATURE,False,True,e743753e8d2a77b485cd6adf5baf1e8f6ed441866669413066e5222a00fa465b,6b8445ce7e0ce61d77bcef75f9e99b362807c69f97f6114ae12126bd6b90079d
wrong_tool,27,False,SIGNATURE,False,True,94797aa49808576d884f69f6b2a5a88f42ac5e94edd7247ed6389f5bfbf50c47,476696c9d66a0b446483d37ead4304c7038248c9497fdcc10b937f5c410a5a89
wrong_tool,28,False,SIGNATURE,False,True,5911d8c5e260056f4ad2bf569c4fb05b0f440f61aa447d5785d7d2470518f68d,f3a6275be17f8618922cb82442f401ffe9220835a3a9ca67f768f5c0bbb7832c
wrong_tool,29,False,SIGNATURE,False,True,58a97c41d08aafb361bcb105b381232e1af7025707a3b71229e1cd4149824030,f5a271cb72afb1dbeb79805b2e46453e61644613613ccbeabde08ee7f46b4bbd
wrong_tool,30,False,SIGNATURE,False,True,45dbc2e532a5b407a8c139727b17147a8808b65bcefd4a31d552603ed8bfd161,839d86fb38bed3ea71fb93f0645995eb516ff72a4502aaf6bebe5f30a3cff662
wrong_tool,31,False,SIGNATURE,False,True,4e8b80a681af1a6a3edb7724ca7ff8d291d4aba3274011a06430db22cd7dd1f0,4576c13e7d63e5e2d4571290cf7de3ec0ed5cb48c9afa9c0f06153b8c2872995
wrong_tool,32,False,SIGNATURE,False,True,d54b0bcfa19e4cf74e77efe34125e3cf97452c5901f53bfb794363ffdf0b0274,f6eda37eba3406d2e7801867be5ced6f4257458ed27163b84682ae7faf9f25e8
wrong_tool,33,False,SIGNATURE,False,True,de0e764352feb93bf0837c6a1bcfeb019e29500f131a13d0604422b43b51486c,2c6b6a22dc694d3a1a1541f2b039c9306e643be36bd733372c150df7d7e39a09
wrong_tool,34,False,SIGNATURE,False,True,37679c7e43e9c0fc39587bd94d0b26fa78c408706159d0d206f7215fad583a6e,e472f87de82644aac241a621b8d84aec831c4f819eaf05ca89e72029cc5a681b
wrong_tool,35,False,SIGNATURE,False,True,04984719e2aa8050c1b683fb0a4bf2caa3684de9144096c0a06a4740714bad76,fcb37dd1b1f761e700c1c7ed48e52542f4c55a45c51644e8fcaedf321ee93cdf
wrong_tool,36,False,SIGNATURE,False,True,00899b68822ad5ba5aeac331783a9e92b0ef48aa76a2b751e97e25092491fe7e,f082f55d40d0e56af0bb8eca3e810cc4096d03628217c862b964c700f21eaafd
wrong_tool,37,False,SIGNATURE,False,True,1b78adb367bd5d7c2fcb7f5cf620dc9e7cbed69b14927d974bae2494ec505a35,94383ae46eb5b573058282ac3738e263ab76dfb9a13d29f13c964d2b968146e9
wrong_tool,38,False,SIGNATURE,False,True,5bb912fb84db1e4ce925a7e50a2e57f67686f786ac020b804b196bfce2eea2a9,385411f849c40b3e8420d4c8175eebd397168bab3a8ca505f89b01188db5e0b4
wrong_tool,39,False,SIGNATURE,False,True,ab5dd6829a5d04fd4bae31d49b0d01df427a4907709b017c9745f90210249f2f,57900700ac1bd5d1d4e535d2ef80cf914ac504065ccd773eb91c297e66afb7a4
wrong_tool,40,False,SIGNATURE,False,True,7a477e38a074f11f65a33691c87653e5591f2ae20b0b2da70111ce8a37ae4965,92e3b924df779640ef7e9f4709053cb0352559bb39e77e4c95b751ab5ce4f9a1
wrong_tool,41,False,SIGNATURE,False,True,039c12552823ef79ce3060b1cd17db80c0b947e7cd1a0279af0713699a81e77d,69aa2d11b2a24b13d814a1dfac2c2e5523853fc06529b368a42d185a0fe87152
wrong_tool,42,False,SIGNATURE,False,True,6ce65259b9bf943ee573e826b28df71d341962ead86c83e55f209a132b7e2ffe,e3fa1bedba1af47bb1f3ca797231a7d5057d75bfd99575cd9a98e1761ac13350
wrong_tool,43,False,SIGNATURE,False,True,26441d91c51c26fe927eb71889565ebadea01c922750692067cc6597dc52a965,a200e76d10d525bb90c051157a729aeec65e7a9f8dbdb6505687abba1d96102f
wrong_tool,44,False,SIGNATURE,False,True,28f946365cc47637584c274dca3b20bbfaf3cc76f940a383603145e0ff10cdb2,fcc33da28cd4ed34326e26fd7761f44abc98f0262db5895a674618ae06bfdb37
wrong_tool,45,False,SIGNATURE,False,True,826e19cfdd2d3e45a79fdb42fbcc8f0a93be86a83aa9ae1f097be82692139037,2898851b4ac52bea879676ae7c789cfcc861aecaa59101420f27bcfd09bc6fc8
wrong_tool,46,False,SIGNATURE,False,True,940b49fcfd706c7230d017204f23321c7ce1848a67e5c20529e4e5fed7a5f78a,ee6ef524a597e8cec03dccdaae7592662d527a2c916210a5bd20f338d7228165
wrong_tool,47,False,SIGNATURE,False,True,14878d95b2d7e60b85ba54af3e4c48699c945f40e32fddbc3fa63d2935d13b62,050980826a28704ed8263062e6d6b7c8602a00f8f9153d260db4101595e84c23
wrong_tool,48,False,SIGNATURE,False,True,bfce082e1d77875b6c11993cd9b2ffcfe6b2f067093c9a2290c85d6593425b54,fa02f0c3be2b6298b8b94d8cc2e9777f18c313777057441a2aeb1586ad99f6ac
wrong_tool,49,False,SIGNATURE,False,True,741fe193f5b528c8cf155441d5b8b35073b1bccf5af4143960c736cc3f966117,e37f8dcc7c691fafad78238c6131101a4e9ca8bd244d8fcb2fb547e0fbf4154c
wrong_tool,50,False,SIGNATURE,False,True,7690d3b6b02cb967c3f11aeb4c304183f5b96f365ad4fe8295409da18a37d31c,20da9d168ab8af528e0a6cda199c4400980f9d501f31e998ca49ebf9c40853d7
wrong_tool,51,False,SIGNATURE,False,True,8ce9fa8a59bfa9b62cb0912a9d230d46b5521ae708f0294a06edd70daff2e21e,649b34b1cb2a20cf608270c394e41ef82e9c109dbdb6e3ebe5ef780885e05f6f
wrong_tool,52,False,SIGNATURE,False,True,356ffcba801c0f9e012aea2967cee2c911fedcca0c0cbbcd1167677507cec91e,3555b945b0ed5c6c84d77584c4e59851adf76f33049ac83779f56b671c192340
wrong_tool,53,False,SIGNATURE,False,True,4391971e3f16eea003d2ad6a614e82ae0f590b0665939e67534505af59ec6f84,f9eb5234b0e6c5e4b6057411b17e943c434ea77b90e095f947e6c26c73659582
wrong_tool,54,False,SIGNATURE,False,True,aadeefaed9a9ae5433324400e4208ee588d75fbb4761210c4b7903305ee14f1a,6754d18301e378c88162e7f1397de792b05f82127714de50e7d555f585ce1d0a
wrong_tool,55,False,SIGNATURE,False,True,037581b4badf633e18500ce971d45f05e1935d95df3c69b74c59f21e66498bb0,283f2812df4ce5320f28162eeacb35503ee81aab186d2d1037543f19f45a62e2
wrong_tool,56,False,SIGNATURE,False,True,7b33fea878e532593b0ccbd7a67dc0302b0347a66b4d2a5ef3943bced53e328d,905b84155bdacbdb6cdef012138f21febce88603b5f7d4f6b17affee83b18baf
wrong_tool,57,False,SIGNATURE,False,True,ee454b28f8b10368c0e7a98b95f34f379c7e0847f0592580868edccf88f3953f,fa250e5436d0576d92a6eb70f8f0823d292ec1fe5747e53f90f96d2d8611be64
wrong_tool,58,False,SIGNATURE,False,True,305979720d8865de6474947dd31c06b10e3d3c7f18a4746185bd0a0c68b2c241,c05dfa44c194a7bb10753243af859aba5ad15565395a0aae8b0b189f20f88b12
wrong_tool,59,False,SIGNATURE,False,True,30b8bef177287d12703ca3c8a3ed3e6eeb099d645c2e231edfe977bc88e39dcb,f1828d1f419fff3b0b1755d4b4165b3f6f697c89f50f9c94c469e929fba4d024
wrong_tool,60,False,SIGNATURE,False,True,c4beb00386c10fa23eea43119eb4abe3c96bcad299e43a3ac8ab0720d87243d7,d18533c51c8230c6bb64f444eb8f8bf19cd9e691eca6f8b928ccfae64055472a
wrong_tool,61,False,SIGNATURE,False,True,ffece9f8ac14b2138a06befa9b7a7d3331a234189eec7a9a20fa6c7102c6c1b2,d3226f446d1f1b85aaf6c917cd25789e9737198ffd8a66bf5a91efb658829eb5
wrong_tool,62,False,SIGNATURE,False,True,93cc5462f872816b73302678b61ce0f80c760026cd1c8925e52d0c40ead3337e,97120a73a6ec33bfc617d55d9dd2f6bd60c341b0a1dc2c393e751f9db17d4550
wrong_tool,63,False,SIGNATURE,False,True,e0aab655715c972ee245ca1fdd786b12a9b6e228af89fac34688639ec9d00781,11e7777be181248632c7c462b2092170077e205ff069c6447d4c957bab740c18
wrong_tool,64,False,SIGNATURE,False,True,f54f3ad541eeeacff3f2fac052ebf027400213c6f117b188a1dbd169941eff0b,3bd30b0f05ca4cb99bbeb03b23b75f0c464f4f8f1b3f01a049051c8f7539c4c2
wrong_tool,65,False,SIGNATURE,False,True,5dce11ce35bff5a73a6bea84704cb10378d6552cec39d237357616b21afe4940,cef86f60b1af70c9a716e95a4d710e00f1c1bc70b7ae398cec4870942a8369c0
wrong_tool,66,False,SIGNATURE,False,True,b9eb9e9dd9a8f07f03ad96d635255ddc5b26de5b58afbc53ae01db715f908f68,ee7c96375ee5e74e54a4fa75931510dc7f93551826ca8495667016c79661644d
wrong_tool,67,False,SIGNATURE,False,True,28b3211fa48c12f7f0853db0ab388b902deb957fcd52a783f12b6dd80becc829,9032239e2bdaed2793e84bd53e3ff6febd13c844dac531e242a9a4ff378b612c
wrong_tool,68,False,SIGNATURE,False,True,bf58995ca6b26a92baa5a040baf7f8b6d48243b5bb4d3ef9db18edc57011d1a8,4a52d50eda931ed24a9f71e36ebe3233209ae4d8adeff98ad56a38d51540b499
wrong_tool,69,False,SIGNATURE,False,True,ec1dd890bfc9b9cf7a1ac148416a6b018ed517ac0c2bf4a8b9f50037a15d6c64,021fbc2875387d07e44cd5255c527166434495b3490bbfdd11bbe2ccf55064c7
wrong_tool,70,False,SIGNATURE,False,True,342bca3ad0b4abae6a138cbaf940fce9d48d20927fa460d6059b1a34810627ba,0d8574bd48514993fc11945fdd8f2e72d37733db1a803facac8676d901ae07b9
wrong_tool,71,False,SIGNATURE,False,True,1da24630368ba959565b88c303f241829a199a8484bdb83c4ffa5e372ddb80c9,91864e629f5d0f6b075032832548462f703e7261c299c65fce678fb49ffc61b0
wrong_tool,72,False,SIGNATURE,False,True,a55fbd470cd4cdbc0fd1ac2e9c5bcbf99c63c8898ccd6ddb5ed3b337682063a5,169916876aa06ee591fe081d986da99329a952076a0dab00443348530373a7b0
wrong_tool,73,False,SIGNATURE,False,True,f78c1adae452cd52719d14194ab434e7f0f8cfa47553cb8e1e0b18062ad0162a,d56233d9dea1cdab63e0a51d9fa237210930ea2ed419db0f30825efb00dc01b3
wrong_tool,74,False,SIGNATURE,False,True,d8b6cac870a6a92705b0f157be8102603113bef321d13764695b19dbc4f907a8,88f0169f1e9d42521fe67b682b9f01f87f35288d16dba2fd9e8ec9458e8b8e1a
wrong_tool,75,False,SIGNATURE,False,True,9661f92df02722409111ff19ac502dba9d2f0bee8747dd23b5f2517765c5476e,e4762b3382668d0f6915d9ad5508a88e65bb397014bebfedf5476ba2aae5cf71
wrong_tool,76,False,SIGNATURE,False,True,2d7c4d737ab499c6d3b58010b622743d337cf115ebe72ee0370c61c804cd6dca,fba6f6ca53ce96076e4df1ff834fcd310daffe5a246cb3cf3fd945b9b28f916e
wrong_tool,77,False,SIGNATURE,False,True,1512fe8b267a27eae5af8afeb22c1aa46c8b9bf531d9d4202b32c49a6e9fccf9,dc1fc190c51fb5d005020d489a490f9e2987b6e2019f04f0224bf573a9e09335
wrong_tool,78,False,SIGNATURE,False,True,ad857acfc11d1e85f4adb26ba7a0254e5842c7b173bb587dc33b3adc81e278c2,098949c1bc9846f549e0c7eddd677b626f4b7239d057c4848baca9f6ee8be947
wrong_tool,79,False,SIGNATURE,False,True,c4e682dd6c788fbf570750fa8dee7ca03d5afa14ffe9900975d43ba4811dfdc8,d6cff8800ce456653e81cd1a7505483cb75c091c4b3858222ff29ab644437c99
wrong_tool,80,False,SIGNATURE,False,True,2dfff313c743a567b4ae68d8de0e784d0bb98e92a0b0a6010eb811319d06b275,fa5fb349904b7a61536fa866a37b1193b13b850783eb622e443af988d94b90aa
wrong_tool,81,False,SIGNATURE,False,True,115a20328f0b1dfea53eca3a275fe7d42c5a661f542859ab7b6831fa18752556,8e2dbfa8de5b91cb5ede60f2580b15f2ac9e4d4959ccae7b8e5ab14d05bb47b3
wrong_tool,82,False,SIGNATURE,False,True,0c05544092757e05fe43727c264f16b401be06d36e4351bf039d2bd4927983a8,c9c3cfa811d3f8b4225b62a293f01b996747d4fe1963bb281484242bd4f0ca2a
wrong_tool,83,False,SIGNATURE,False,True,e2567a35a31c07b07954fd8e3739f51b981e9461a24be67be6752acc44d0f1c1,55cc3c8cecad75cf451279a48c5f343ad06232a86e028fc09a6feaef141e6052
wrong_tool,84,False,SIGNATURE,False,True,d00d659b21cc4a3b1ecbdc0f7f1bca10c5f0ff3956105d6518508b8107c44c18,f766c3e116bf633e737ceed5a19a81cd10d7a1aa0ae1e072da8c3a4860ef058c
wrong_tool,85,False,SIGNATURE,False,True,0990cbfd9318d16415ee25e6de844dbc6922653e1bb4feade448c4cf4425bace,918ca322c85b0ef1488ade36f4e00db890f86fb4c660ca74a82552a7186ff24f
wrong_tool,86,False,SIGNATURE,False,True,f2189e89f4e298ae58a831ceee0130ff3b648d2c46be8205ce52e5532725d142,0594ebbe6eddeed44ccc24cf9c301e18404c6a662f5f27814666c18410d69651
wrong_tool,87,False,SIGNATURE,False,True,4d4ffc54955307c6a82ac4d3d37506b3160a39c011f0d74758baf77b1640a33d,9d386dda0ae0167f2ce9cdacf9f1eef85cab7e1090f0326bde586fd75fc25b92
wrong_tool,88,False,SIGNATURE,False,True,2e87a68d75c1bd05084cb0efccd47e4ab2e14686c28709b9b904be2e73babb7a,dc5d620c8bc8829f0292ca880e728433e7f2fef6067362d6321e5f4939d47f4e
wrong_tool,89,False,SIGNATURE,False,True,e78e6109c38eb323fe045b086fdfd8a5b625c5614db9eb6089bf65591239c9f2,fffa66ee8c7f12ec973ed48f0d8d6d6747a68a04a28715c0eee604d7a4a10bf7
wrong_tool,90,False,SIGNATURE,False,True,20830970315d98ed568432696c0f05efc236357d3386a034095fb681a9b05321,39462d6adb24fefbecdaaf09463c857499674a0297715fe5cb9db3891b866851
wrong_tool,91,False,SIGNATURE,False,True,ca64e0425eea77ff7e7f46945942add27928058a45aa3f489412cd57b8cbddd5,59055d1fce9274cb9675d05cc5bcfd0d3a6306c33109f54fb1c9d2d80e60197d
wrong_tool,92,False,SIGNATURE,False,True,29730820cb6d2a36803e9a4628bbd1182fe73eb75cc3b4830dfb054c207635fb,2d4699013bd8d28b3b099b83e006168dcc470da30c1a50b181422b9175f66e7c
wrong_tool,93,False,SIGNATURE,False,True,af18d8e1025fd41471fd9cf34130263ddd09f5a83953b00e3aadd4b1d3970674,f7ad80dbcd64632cf3852b18947f9d15f14cdab2f687701114ac5b962176a269
wrong_tool,94,False,SIGNATURE,False,True,9cb206c0f9a8dfffe9be09400c4998f436afed1c02f7ce49feda39104ca7346a,7830e4dbec5b37c33ed3ce52c6b75a7f35f2b74dad4f48809d4d48f1dfbc42d2
wrong_tool,95,False,SIGNATURE,False,True,5f674dc7c805a39ac0b61d62c623c1d20619c5f76d5ad4c80dbed2977f6e13b8,60ed9f8dbb74d38808fb4dd23ada61d704dcdef6a06089569deb355d3661886f
wrong_tool,96,False,SIGNATURE,False,True,d2f7590abb0ec7a0306b3b2fc10e5febd92b9dc9a7d191b2174a7cc26736ae83,d97ec3cdd1a64596dfc4407d12003a2816ed04257b316cfd84418c3d348d9c1c
wrong_tool,97,False,SIGNATURE,False,True,5120922abd7190dc05ad2720930a2ba8d82c40d78b6d72f7fda0c3a555858a6e,77d39996d836465b6d78e415986fa5fb951f9ae07d2773015d7ba9b543672bff
wrong_tool,98,False,SIGNATURE,False,True,4da57afcc6368971b34716b7a97963a9d7c6ede84cfc0d4da0f7506322c9e101,388bb19ae2f6c1c2126351e4cd453794ea7287cdbc08c4cfd269443fde52b885
wrong_tool,99,False,SIGNATURE,False,True,021d18546310120cefb2dbb41101529237c56dec3ef90c5fc01d3473d9b2ca57,181011342d98776e6f01e4ad6d8d30c486ee9baf71ca17624ce9e778b3c9bf38
wrong_tool,100,False,SIGNATURE,False,True,8dae41ceb6de42bd3f71726718c7de5cd37ccb2e10fe4f42072df34d7e9d7a03,621de59df544ac3400901f3c6bc59166f5d2e8f18cdc98a69d46e62169b41520
wrong_tool,101,False,SIGNATURE,False,True,6ac35f14eec29456123618e3430b94294d9346f7c194f25083b52094cb45ddbd,57ce06e6c75c614191c826948044381562ea7d57237d4ac4ecd5176f737e143f
wrong_tool,102,False,SIGNATURE,False,True,df002eb10572a15c427bd792c7fa4127b260ad4273aa7915728e2f10a68c12fd,a9489811ca11c9fa9a50b022a2d9bc4a365e197fe5ea1fdea0e6a952f493a831
wrong_tool,103,False,SIGNATURE,False,True,8ec58f7b75bcf9f35c3c7b6f8e304da7bb66b1d0a5ed52c10a459c4016118bae,c88e3f7ce765d342f0e2b35b8c174908e2b3f91022696907da0b55cf6c84c4ae
wrong_tool,104,False,SIGNATURE,False,True,c17d5993b1c46cbd0d5d07c7bade70e4ee8fa805d8ed29561d18748d2c77e926,2b4504245c01d3f664cc1948b782fde330ea178d497d3e5bc6abb044015db22b
wrong_tool,105,False,SIGNATURE,False,True,6d76e985ea25ed088bdbcd1001ed4e9856ef767665eff51559b4a9c140bb880f,1130502657f84beb66f7235d7aa79ea4b48566f2f92d72b9f2dafd638f990014
wrong_tool,106,False,SIGNATURE,False,True,d9dbc0473d6abb1f02a96fb61182ec71dc9a7b70c1b8cf29bf9d44615b49e414,66d354d1a17b3b44548d9ad346633cb06a969e938282b79b68524c229de552a2
wrong_tool,107,False,SIGNATURE,False,True,0c9e2b9b380a3ac914d129ff5ef5b7ad9c73628cd611253f2b441c31469cf9ec,f37cb751f6524975db0d593251ed0219275b678409621c5d963c6d73f8d45136
wrong_tool,108,False,SIGNATURE,False,True,82088daa64401b04da55aefa0acfcad85f90d8bee4f40484dedec69636c7bbdb,e4a2747c483ac54808b1643d6b04871e0fc79c9545f946d083e31b63ae9d7cdd
wrong_tool,109,False,SIGNATURE,False,True,90ee6a7cf2d56a3940dc1fc14cd47f033f4a729ca4fdc0628646ab4fede6e233,496d32f0f45ec6fe8552a1135bf66c7be3d18594f9264853ca8353b968bf30e4
wrong_tool,110,False,SIGNATURE,False,True,83f23f4c3a60147fd25e605049121c4cc648b6501551bc6b148e9eecc3913120,73a1d3f6c19d8a813e1aaf13691cb89a95f2c1e584c2acfff105b18008b4ee4e
wrong_tool,111,False,SIGNATURE,False,True,b790dcbce9998c28d46a09b9922f65a996edacea78b628ca0eb6dd144036ebaa,03421a91c87af5fd5f91ca5da61fb0f3a20174c906fa5a1aae8213f02f5b04fb
wrong_tool,112,False,SIGNATURE,False,True,ea62611bde0da5042b6a438308f48076df88c2e25045e1ee89a55ec51b74fd90,742ee5c030bef0ee110e2dba39b679ff5fdccceb71f57282a302b0f8a538947f
wrong_tool,113,False,SIGNATURE,False,True,fcc1a8745dea35ee0c0aef68a08e32752b89f72864b9422dcc141eac89eea85d,933c06d1ecc728d108348689a608bfc9a4dbfac8d6a8f326d40014f4982b1ed9
wrong_tool,114,False,SIGNATURE,False,True,9335d7b04b281c2ececa281e12b3c7abc485f2e411121ccccdc6fd98c5b8ac45,52a144266065c370f55db75504e62489a5202a3eac4ede6ee670a05de6a77d41
wrong_tool,115,False,SIGNATURE,False,True,b7f624238369bd398d57689053fbf0dd723ee9217e093a21a08890c9424542f5,cfc86122eee167dacb4abe854cb1c0baf85806652a6262a07792b2d9bc666781
wrong_tool,116,False,SIGNATURE,False,True,150d5bd8256d71de7f3e6b42de3a7f7a1e81fc21dc338aa72b14ffae01e819e8,c646d6b30d93821978d4822adf47b720eef4b69c42fba9389bcb23e7fe4a3a40
wrong_tool,117,False,SIGNATURE,False,True,93e107e76141f3f7b7a7220040f7d3cd29d8c4120446c33867639b3fa5a03b42,ef35897f4589995f534ba9cb52ad71aefefc980941568a1d771f7175bdabcbf5
wrong_tool,118,False,SIGNATURE,False,True,07b8a8b915a0afc93a6c8545c4b54d4eed2413867a136c387c3759d313a6bbf1,0fd4d7328d19c673adf508fea81cfbe928fb04d4ba0f523b4dc3106fc37c2c41
wrong_tool,119,False,SIGNATURE,False,True,13d16d0de471f726853a07b51e1dbdde1fec7302ba2b4040f523a1f97085bd0b,644182f1272c52dca1a58fe76fdefbaa6b1bac2f95b20c767f9782e0f5a145c2
forged_signature,0,False,SIGNATURE,False,True,3da526094ed8c832066caaa1e2ea317ec5389bb75515d5c41891a665076410af,97c440cd98bbf8793211ec191892b8f4fb632a46be4696c0fc2bd94ab9c97252
forged_signature,1,False,SIGNATURE,False,True,5cb275d11abb05a9076e8b305f647619b6c80e0f819cad993a364c506cd5de73,bcd8fa53d0b99bbe5b89f9c534afdd574eca855c170d5bc6539bd8f0f74844f1
forged_signature,2,False,SIGNATURE,False,True,fbee277adba1838bf359d64009638cc97f7f3bce287bee9c2d5c7ca90deb19ce,255afa8e5a9214cd4a47458c34a95d95620986b6b32e29b372f462082a3c2b32
forged_signature,3,False,SIGNATURE,False,True,85ed2a6472918724a7485c54b8e6a41039fb86ce56492298b43ebe9e96fc97f6,c4aff9e3a4e790a2f9948ac4aae68cb2977948ef868d276693a1237366cefdbb
forged_signature,4,False,SIGNATURE,False,True,4538b4c76adc41ec618c6db365c5a0a27ef06823d5640599f79871c06b49a608,9be5024d84327bc7ee2c702cc77bc94df8b6935274c22bad787a3d1b50f06e1a
forged_signature,5,False,SIGNATURE,False,True,66a166c83c723d63eaadf4e5d43ea46d23cb98032f474abdf4657c9978eeca8d,80210592ebf895893af8438fc792b5bba4fd6be407aeb379d7e0caeb6d3c9c1e
forged_signature,6,False,SIGNATURE,False,True,617ebdda8e1c3cbbace88da03013c14df44b10dcb19b1f0bcd6852f28d0bc1d9,1bdc0ea8aae384142935450b59b61302758e02f1a4fa8dce2002ed2cf9d0d49c
forged_signature,7,False,SIGNATURE,False,True,742b099f26c1c7f0063248bc3ef19668c42c2d8c35f3714553df2f6b01f74d09,5d65de517ee03bc035e85ac6e25a2f84ff4ce6ec990ef72388af81edbc33f370
forged_signature,8,False,SIGNATURE,False,True,44eb13024bac01b117d1af57b83dd5c616d2332564cb79a6a7bcab2a1f573557,d5382d46e95846ca36baba157b99e772b96f3c3f365f9dbdc42655d56bf51a93
forged_signature,9,False,SIGNATURE,False,True,c0c6e3348ccfd71bcb86c43c215e37d091b70b8871d1cb6581da88e8f2af7e6c,2d3c4433c78577e01b8b2a2019c6656020f1a6472dc1d1a5d20579922683ea22
forged_signature,10,False,SIGNATURE,False,True,6c01884ceb6bc64d196b9b810799fad1d154a1f2e6cd230515ae7f70ae247be2,e2b34bb04131f146bd320b78d364a3cf5e9b5feb6615eefe793ded11692d0231
forged_signature,11,False,SIGNATURE,False,True,c70d8bdfcab0ff4300372e64c97e4e0c031c22624ab0944e7bc79dfc448de984,332ff0481242e20fc505ffbec9791d25cd42e342b6e856e94f3481e3b55ab8fb
forged_signature,12,False,SIGNATURE,False,True,4f0ad80facd0e500dd26f694302e63fae8f27b9806267c6e786ecbebf866f303,c6ce62e5c226d8cd442eb3a2292f706655d54de10b5fecf857e03765e69b37e3
forged_signature,13,False,SIGNATURE,False,True,917ccf01a7cda8785f44e0625d061e2111666e41a40741d2d546c9cb688c5b87,0c2cd4059f997fd793d88b8e03dff2c6ce32cfa1fbd1f78613d22f11f8d0f0b9
forged_signature,14,False,SIGNATURE,False,True,34d7d0f839156abacadeda788de935fa1c00842e5f376881f6ae6952c85fe4ee,8f548097af5a948967c6cff499112d39de33bd783cc4993211232adcaf69d2e5
forged_signature,15,False,SIGNATURE,False,True,2ae204c6ce378a0a79b93302bc2f38943b6ecf4aedf4d87fa765ada87686e33f,0dae6b054a9058c528e06fd5bf43268b12a9f9e192c04995f0c10da38f186536
forged_signature,16,False,SIGNATURE,False,True,19d375225be00a870fc34bfdbe73623541f097aa733552e0061ca1a6fee295fe,76207391e3d7d4a482d7000be0795ca096d464057c952680b5be7315237e72da
forged_signature,17,False,SIGNATURE,False,True,094f537d86e58f383d56bf34e1ca6336cee9bac9db028a14a04c77d9172dc96c,d787fc4fe573bf853dc6b17717512770f868ace1f9f930cae80ccb21beaecfc0
forged_signature,18,False,SIGNATURE,False,True,e4f668c704020ee9be2d76b371d65e9d5107fb501fb97acf7c60d993d567246a,858d0a03f3ac7e172958cf04de7b8bf6e9462a4b443913c7516454461dbfa497
forged_signature,19,False,SIGNATURE,False,True,d2a136c635a60b0082ad5c9aeefee6de926d4129b69924c40d57d22e007f8bc7,9bbb0da5a634a0090be79a231ca4536d696f444e9f69d5c36e22283a461205fd
forged_signature,20,False,SIGNATURE,False,True,0b44274ee34aad074a922a2aca87048d3bb9da202e7222b6c0da682c2a339381,75fc8a5b5acb5dd6b852b69d69d2b3eed27f5b083629f30dff345fa1ae32ac20
forged_signature,21,False,SIGNATURE,False,True,d4e2c3ac7f6937fef678c9747a68af30f8b88d01a88794307222189be9375fbf,72a53de8255d57a5dfc03d582d0f59db9220b304359fbf4ff5c61cf7674180cb
forged_signature,22,False,SIGNATURE,False,True,ea956fccfda50814a75f388d0eb5d57719a178cd7972736ab99a6cfe0858ceeb,330e86749c07939e4602e26b97f1fb3c534d798b7694085d037573c48a97f978
forged_signature,23,False,SIGNATURE,False,True,2954fad6ef336f2c477fb4c134f3dfdb4dfa4d8bbb35c2cf9662955c27749a23,e085c003ee2513dae9ab6f36612633fcbecd9f2ee0377c013a10bb7dce7f89a1
forged_signature,24,False,SIGNATURE,False,True,064e77996114b7ea797eef55c7a9b0755515fbde67a47592276375b0393252fe,bca0e5a00f0a74d3f8540928a4e9cf0cf3f55773fc8af082844996bda190efce
forged_signature,25,False,SIGNATURE,False,True,2709f95047dc1754ef599b1fda283aba0b7f11df1325f36fb3f6a74ae2207da8,cc51ca13ea4b820e3ac2ba88f4f817ea962f9abab6aa2439f98dc5b7dba1195d
forged_signature,26,False,SIGNATURE,False,True,0273c4fb872e7f8ff8291305b652d1797ad8c22e37989d501c38af30f4b259e9,91954449b29c70b517fe77eb66945d14452827c72e552c75facf3c3a05683b09
forged_signature,27,False,SIGNATURE,False,True,4ecf2eb23a7eb343f459d99c5ee19ddf9b61f50e1238bdee23336eae44a1d1c0,e879d946341f0d00f826773f7970539ce82cd03ddfb7a4a8b7ac02c318c15de7
forged_signature,28,False,SIGNATURE,False,True,864abf89f08b2b375f71da30e423fc962fd21325ad2215e79dd337935c6beba4,2a48eab231ecca5181dec33692fb8eb20c32a11ecdd2cd0cd1c15c6684672131
forged_signature,29,False,SIGNATURE,False,True,f69292d7f594f6a26007569fb4030e45617e3911e52114d7fffc0349b8ac4a31,f5937cf6c96a9d340d165c61d2a4ffe58e54390c3221989b35895ffecbcac7cd
forged_signature,30,False,SIGNATURE,False,True,0aae49b29d572d69efc21ea88d540133549351faef4efd89a69f4f243fc91b0a,65181a4cf881326a760b02e487e151cc74444665617849085b29fa4213b7ba61
forged_signature,31,False,SIGNATURE,False,True,6f481b40232f6773452266d42a5623084c34efd3e56a093f1ffc73b98979240f,a2debfd4ab1acf3b6a504b6c7915bc84eff540f569ed639d5c2b7cdf950d55fe
forged_signature,32,False,SIGNATURE,False,True,844803cc1e9ceaa980c650dd88d0caf9e9403df8752d9c850c7f9a97b6958f9e,1d4ccc1077da845891a090b0149a1eedad5961e57ebe6cea809453e7aec3f717
forged_signature,33,False,SIGNATURE,False,True,a7346c2fedde80e8e870197ab4b74c19dd87558be70d543ed52d38b2186d729e,862bd695e3b6062fb09beb7632d30b884eddbe92f52e2af1cb4b5d6c99d6dced
forged_signature,34,False,SIGNATURE,False,True,9fad3418337a05db6270fb5d6469e9278ba82f04f0f390ee484603d23e8d715f,f9c4f062b35fae3dcffbcbfa83d2da3595ec14be415368ae9b2fcbd30e7facab
forged_signature,35,False,SIGNATURE,False,True,38a157021a511c17e0cc2efeb8dfcc3a609d76d24d1c96e2220c61177b7de81b,fb09888423efd2df3e527779f6b57fdb67490abfb137f15ba8a53af6633db47a
forged_signature,36,False,SIGNATURE,False,True,a142041c26f2ed887864f756252f9159281fd535a2acc301632f08b9066ab1c6,96ca331376d9b5468c288b2f968abcf0fe15ab3e94679aecf6a21e15d140a653
forged_signature,37,False,SIGNATURE,False,True,c0b387ae93c976a274ea294bfc3f5db19abdc7652023928ec4de5c60e23e9f79,3f775b898ce10d07935ca221705cf86c206e3c5b3d47b6fed07adb84d3a1c506
forged_signature,38,False,SIGNATURE,False,True,c548f32c0f2721197bccdde8b6d7981c0449c43dbb63e761ee2781e3832e2941,9149838c8cc9f9561b5be0eea63e9e6d00006c9fadd6651a69e871b742eee6c2
forged_signature,39,False,SIGNATURE,False,True,7a2b89a5c5caf136fdd0df99e536d541ca07718eee87ec4e482d072039aee7b8,3ec58aa62d2d161242840e10e04b0a8b397584888353e6103459bfd2fae5562d
forged_signature,40,False,SIGNATURE,False,True,50073133f7f03b865073779256839d3b80b63e2bb2d4c5c79645c71317190099,ea8d94130884c3f4a2a3fb932aa1f39eb851347ddad17b6ae454b88f31855e20
forged_signature,41,False,SIGNATURE,False,True,d7777c9f789047f7b6309bd9ccd73866a32889b7ca2c97ba796073ce76c6f3b9,80c78064c926b479419467bad89258274d0ffab33eecf9ca776453864232f518
forged_signature,42,False,SIGNATURE,False,True,c82b9f1b60ae5fa09f3ba6cf077a06d2329056fd4ab39c0c431c8799e3730acb,d603270270ef85f326ab54b0bb950189c24dd4e4d39da445b518930ad9299a8e
forged_signature,43,False,SIGNATURE,False,True,03dd39ed4d4db6de2183fdeece731bb6b85d7536fed32d380b35e8a9416ef861,6a04779977fd5de9ca9a5c5ae33bdd4099d7d3cb621a4df162ca0ddf1a32b971
forged_signature,44,False,SIGNATURE,False,True,ebfeeed041d7389870898a8cf277cdbee9417de5d82052319fa55da046e8049f,081c6a8bcef0e51161cfdaff1891cf144ca29e84aaab4c71d6d9793618698091
forged_signature,45,False,SIGNATURE,False,True,6650241345e8fd434eadc1b6b84b3ea50532995b6cf6bd5f70025b28b3506e8a,04f460d138ec0257cb47a56eec2fc2ab934c22decc4660e9905703b74f87e526
forged_signature,46,False,SIGNATURE,False,True,fd30dba57dca0b4c5d43c7b39edd6af05fd2fc8d923a6fc65a8ad2e93b5b12dc,742eeb9b09344ed9acd60739ad68944397b86da1259210d418a6287dfab852a9
forged_signature,47,False,SIGNATURE,False,True,51aa717ca1641d40b82d7be9c90cba4cfdabc1f1455bce1e9c867bf8907478d3,15c1196e71f872be089454c28721607801d6a5a1a8d9bddadfb962a18b04bce5
forged_signature,48,False,SIGNATURE,False,True,b1907405041ed17967e44e42581108a11e02b18680654e0186c9933273ed08bc,bbc0f492324b4f269602278f43a705555ea861fa3fca4b74ee2106e4e90e5d68
forged_signature,49,False,SIGNATURE,False,True,9d530a8c3a3031a8fa05e2aed4abc16ea83455cd2e2eba7101f23553c2a902b9,dfedc0adb72d97f5c5ceb8d030a013ef488b63f3fa70755529efb6d2a6dcbf78
forged_signature,50,False,SIGNATURE,False,True,268a211c6e5d020a6c74678157e0ebc2c336b534fdb5a5fd44f7840ac4770b98,2d5ef8cbadc22c316551e552929d108157bf28e6106508c8101a2a8c767926b1
forged_signature,51,False,SIGNATURE,False,True,b12508d76ba13cfd94b27052f723879d12c46ac114ee4598a1493131f16b5aaa,775303c3c2ad4f6b4b75c4cacf34d8e7cd7e2d57cc1add6e191d8677bb13e05c
forged_signature,52,False,SIGNATURE,False,True,3bed2dbadf46327b86fddab972df51d854c32e59ec1e02e840085659fc07784b,234eb912f5e6bf05643b3209a56b03e63d37e3eea802e0516376534c914762bc
forged_signature,53,False,SIGNATURE,False,True,c3c06803da37b6c95c0ed3be57790cd2e42333c980cd1e19ce5d97abfacf6a0b,52af060692dd38d052facd3f42f2042bfd23a4b15eba5c393e44a38130cb33ee
forged_signature,54,False,SIGNATURE,False,True,52ca853737b7e4ee65de6c2fa691442ec2d8545ab5456077bf0c7f1d116a45da,754fdb2ae3a6ab770858f533cc3980ba57531381cf7e9f6124c4465c8167cb1a
forged_signature,55,False,SIGNATURE,False,True,ed6c2f6672202d247e4e6d1e052cb325f9800f647ac71c4e85a373fb1300d391,e1b6801a921e5df5d7893196412dbbeba0873a76635b28a49fa611a03fb35c03
forged_signature,56,False,SIGNATURE,False,True,644b52f31e6f5cfecbb18cb6990aab63b3de15e732ce885abd5d0e4e1b2e51e5,a9316f249144e878d7369c25752d447a52226b7fe515afdf19862e87095f9c24
forged_signature,57,False,SIGNATURE,False,True,507d71c445010b00d62d36092da7da1e6c17e6c630a3d973e26dc9390dd1636a,5c96c54d3db17f2d6e683e8271ecbbdf82414888bd70704863a37502b0cc77a6
forged_signature,58,False,SIGNATURE,False,True,4edff037e9e7a405335cd610606fa04ccd612c25a4a15efe43b04d07753a10db,4763ea7d47328b26fd75a58f69b02f64b6fcca9b5f8857a248b5facb20c9165e
forged_signature,59,False,SIGNATURE,False,True,bb93ea0f6f17eb53e1e2c43cdb6fcc55089a76579d80b041a73f7f9df9cc98e7,4f23de94a0eddfbca8159fc1309e458225499ab7d0f56e20f9eec186ebae8396
forged_signature,60,False,SIGNATURE,False,True,1cfaedbe7a2c1ab9ef07762bd7a49e28345ac754053b71e45a1f989ce0cf5d41,531335d1161f72678944fce21dd62685a6fb1e792e7aa8e43981f4f02781e2ec
forged_signature,61,False,SIGNATURE,False,True,c3629ce0c2cb2ad13967cbad90d4a7371919fd8d9fb8fc768a796884812f1754,969676ae77d8719ecd7fde6fe1999e8fee0a33da076fc8c5b80a27e9f155066a
forged_signature,62,False,SIGNATURE,False,True,dad175483cb601adb1bd296a3d8476db8d5e592c0c01878bf1a2dc6b41c036df,f69d09fa915ccd9d8e0189ee03c907230cedd026d81fcf8fa5223ce34da33e67
forged_signature,63,False,SIGNATURE,False,True,3cd0a5565e7a9a0d732ce0c33c7d3def2649a9d65adef338532ba7af53664b91,6866297a6349489fae162e55d32efd62ffe539a769bad070f49bf1b97d987f6d
forged_signature,64,False,SIGNATURE,False,True,abf430f21f54f4c9f30622a5cc9197d054f8b4be60c4f7a9f97bbe6bb26de762,f525ee9e9657903b9b03943af61ec59e2d008050da4f46a8cd212032880107a7
forged_signature,65,False,SIGNATURE,False,True,401a84559dff8c7f1f0aaa1b605cf02cd7e90df82ffe068f58a776d094043b7a,b4721e5bac55243cc59371a57bc9d8207d3356adc5b05a9b12c0574d28353c7f
forged_signature,66,False,SIGNATURE,False,True,1a2726260f6f00b68c4884bae068ca1e3678d204aa0e60c43378bb3ff7b882e2,8f898a19e4a2b4eff93998a8b54e3ae2e953241be8238445e112b76350cb801a
forged_signature,67,False,SIGNATURE,False,True,87bf04e2784f3120ccaee8d2ebf8c8b163093195ebda20355279bad273f49a6a,f1a457e7247f4e3a176943935f158ac81f9cdacda3a6c4d27c5c4ab6c1fc6739
forged_signature,68,False,SIGNATURE,False,True,c9913997ffca084c1e13623849e35273402c7964fcfd170c950120b3666da400,60e9a82b03ee52370318503d80405dddcbd3743410fe561f49369b7b6ade0030
forged_signature,69,False,SIGNATURE,False,True,4e910817a0e335bd1bae97b86e305ab942460dca2fec9d4066c6866bd38d67df,d46c7cd5006177b1d9ef64413503e399211d3ebb10d944f99b484ae0a0a9265b
forged_signature,70,False,SIGNATURE,False,True,6e3e19c88d696500319201a94941cd16ccc075ab6248086115cd2bad1b3d544c,ff8711e934757520b634cf7c9d7efeea1b425c62cd45f46a4eda67ebeb61d29e
forged_signature,71,False,SIGNATURE,False,True,eb0bd3a1bde996479177f2da8c9586f675bcb23611326ac60733816731ceae0c,a75f9ca0aa670375cd9746317e849544e4dc354ddb550beb808fe3e4c21ea250
forged_signature,72,False,SIGNATURE,False,True,a3faba7a5b0f2dac8524ef8723ec923d84c3e3bd3892c2b314bd626645a18fae,6874e33d13511e7e126bc9ff5ebd0d40fd4edf2cb06389d4eb3b015996075ff2
forged_signature,73,False,SIGNATURE,False,True,2b9b8580d54e92d844bd1661c94ec31957c94f4ecd9d77f6835894e80b4cfa33,123d45aa9824cbd16cc1672686e6b0f24e5040b2a8dd055bbc4d78eff577f54f
forged_signature,74,False,SIGNATURE,False,True,278767ff4bca64eaca4bfe19ef0d264105003bd5e9e42f550abac298afbe48aa,53892cb036c9aab4e9f7e62ac3e97ef19ee521156f851329a019461d420f3c0e
forged_signature,75,False,SIGNATURE,False,True,887f590530d382191e968fce8ebea7665ec08779df88dda06a4ae6256a691fbb,1e83b5979a8cfa22fffe87eccc2efcb9ece289a79faff43ee5387803704eddf8
forged_signature,76,False,SIGNATURE,False,True,b1af4375503bbd2930065eb385557da948f8ad4d0b3dba2c9228e0be3bfa2ab4,128ab89c743401023aaf756db73d2b1ba4c435787e51fc7fad87c2b0a94d5059
forged_signature,77,False,SIGNATURE,False,True,5a2f070ca14bf94b8abcfbf54b6f78ab1ef483db950e86bc7d0596bb7a7e1823,add4f21651124b930b89e6901bd5578b14d723d80dfb7b493081224a70ec69b7
forged_signature,78,False,SIGNATURE,False,True,d0fc1382f27e54fe7884235863bff86f960d1629a1c00ff7f0bed8487dbf0033,933a87c63fdd5be01473fff82fd67e60e238560291a59fa76c5dcdc8fcfd2d68
forged_signature,79,False,SIGNATURE,False,True,117eb91608e820c53140225a88b608e5a16a989c7c4973643d4071315037d8c1,46a4e6594c171ad4791b48e13e11df1bdc93d3c2490bb707da9619eec3cd345e
forged_signature,80,False,SIGNATURE,False,True,2f717efc03ba7fafc88ad097d844f8a29bb01c152ca3c4a9998f43e1db919809,95dd6a8a9da3539cc4d75a5964f223249fa7b2409147f4ac82539bb49e626e0c
forged_signature,81,False,SIGNATURE,False,True,7b430659bcb18764b09b60404723af71f19b10da705c3b7d98d62e5a61e3785e,910ea2791920b4237d89eff53cc95f8f87f14344a21a6e31f622ff6514abb24a
forged_signature,82,False,SIGNATURE,False,True,45ef158224b072956106f01ef4bbd59401e28b76c7cf83e238cbed438daa5600,6a43e2a3d7505950f14e5ac1e42c8daa4f5b437d2c092fa58d476788bf4d5888
forged_signature,83,False,SIGNATURE,False,True,9d0c68ea1460d3ce95feae664215bb3e64c5c71b4558fb550d753335afb14005,eecf5fa01a8b40a5e68e252e7352dcb3db5db3a413e9475da031052c965159da
forged_signature,84,False,SIGNATURE,False,True,417b71096d00ee1800f50fb120e08112801f51c29bf128c1f428959d9b84fe43,54b69c590da27ba0d17a024bab56b4817448b66c72eabd9b961374a1e0474aec
forged_signature,85,False,SIGNATURE,False,True,c9c736f7f0d4f535f1ad609edd711c247015dcf79b70ab949511fd01c0873fb0,7fb3143174824fd4d56cb1249c463e96371c346156871de96b06f90905f67ce2
forged_signature,86,False,SIGNATURE,False,True,a81cf358c6a86d7cd9981aad29c6fa6498ed96f80be327efcddad099bc153744,ac36dcbf97c71a7ded2aa5e482226a6fff1bf560e71f835f9bfc8a3f9d3b6735
forged_signature,87,False,SIGNATURE,False,True,2ef6c2cb26b0d3ea734f2aba5633d334e3c2cfc0198c42ac2ac5b0105895fc74,e6df6b5d7adb27f459a7eaaa08c946356585b10007151e67654a772c76a4f343
forged_signature,88,False,SIGNATURE,False,True,c0d5259b165169c54482c8185ca58d19a3c7c58a782882de9766770e836a1eb6,7b5d554175f3baa341b5b489bfd9435d7408d12170cbd656fb4b7fe33a002ee5
forged_signature,89,False,SIGNATURE,False,True,9b70ab7eea6d272ac063a2f8092ec136938c038241a1ef8078df85cd31c8f69a,c11b3231511fbc6660820707ae354f5229a179e1687344a92c33c706bd69d1d7
forged_signature,90,False,SIGNATURE,False,True,8a2e35953309d8bf5e22447e77460021be2d872b3065b7bad1fa36b124524ca1,2c7467e0cc354e69f78a5191debcee11c4360ba478b427421ee8be84381c8241
forged_signature,91,False,SIGNATURE,False,True,24c88b8a47eb531ef6153337f197e48b3b8f5b1685304d13316c06de07e44191,3ed8edd045f544b01aa3f917ffa7144e4b16d0637d6ecb1589901f31be95314a
forged_signature,92,False,SIGNATURE,False,True,236b318baf45e9bc963136c59093bd4f62b839016f3c9812d7e647d3b8d8a074,e38eb0e4c6555161ce8ffa2e6f8f9a6668974aa28ca9ad4a4533bc8e12099f44
forged_signature,93,False,SIGNATURE,False,True,e8ca5f7f0b1abcd624477d84c1b422ba84a462150dda5fe8a1695b3fdcdedd70,c47cf4b183af305cdeadc890a7f4d62cac0b67f9f57ad0331d39412937f80b1b
forged_signature,94,False,SIGNATURE,False,True,03487bdd73d4c17a9b4cd887832a61048ca0435cc55d68aa9548204c6cc1f409,3d2cfc263110832d13d1e37c94effc75ab481665cbec6de3557a1ae8902c9f46
forged_signature,95,False,SIGNATURE,False,True,6115de88ae5c2383eaabd68497cbca8a27bdfc4df8c5c07dcff4963f424dc9a3,8c8a18a7c45fa3d819f5f6ccee0e707f2b9d12b1071baa6d53d250e2ce0fb0c1
forged_signature,96,False,SIGNATURE,False,True,590345ecb25860e0c2f3b834fdc13464371f174cb76c2e0d0e8f1c0bd26c06f9,e9c6a2ecb399b630b7aa2a5cedbe04a6bb1423faf0082426b5c61493e41c42e7
forged_signature,97,False,SIGNATURE,False,True,f683cd968f1176ada4ad6510fd9b8f796b5ebf10f2358db8b3e01b64b8ee692a,df65d8252a487855b3aa66fb5f7de8e7a9f50799759e2a6d4b01b5b148ecef99
forged_signature,98,False,SIGNATURE,False,True,89df4116ea11f925d5e55347efed756c3b41fd4a56baae4a86f33fc38922f251,8745af6dbf4c7532ce2ad5bd0334673a995da52c2c3c54cae87334cbece78354
forged_signature,99,False,SIGNATURE,False,True,729923e75f7279aed0a8596d419077fa2b85c35e2e1a9beeafc0924d4af71717,14aade7f494f51a82cd5b2354728ba63a88a6b8674eb166d04fed194163d50fc
forged_signature,100,False,SIGNATURE,False,True,a1a3a0ee8d29bc1706e21ccb135b40146a4e2bd7d574501ce1655b3e2a419c86,3148bce73347aeaa9a649524321a2c3376a67f45aa32ce96461b97b2c28e8b36
forged_signature,101,False,SIGNATURE,False,True,e206b254b4b56e2712383fcd51bc09ce62e6e623d3eba454fb054b1f0c28f112,5271f17b48ee9ff2023d412984b2162b772f0e7b9bfdff8bce31dc871f2ec3a4
forged_signature,102,False,SIGNATURE,False,True,cdc53202d9d69a9c5cc22c07c19ed29ab112ea4972dfb2353bc02beca10131bc,470c93b2c4d4c092bc30ce8df144c33ee127525182e80d2285a68816c789b07e
forged_signature,103,False,SIGNATURE,False,True,207b919058af9e1c73f18abd360c3a76d2ed130ce8918f84bba86735bd5d3611,8799aa699b2cf0fe3cc318eb26125804256a335e843e91d169bf9b07e7844cc0
forged_signature,104,False,SIGNATURE,False,True,fc21fafbebbc37bfd575cd51eb0b36cae69e56c98c3d696e1a09275e7712f073,0c0f6ac2ef8e78af19820ac20ba1139d553ea9b649b1434a3a0e6d1b33e86f24
forged_signature,105,False,SIGNATURE,False,True,16f925af1a20bd67d7b757aa8725637de39c56900be058895d2a9bec91ae7bfa,ec805abb3a27f78d1e79a75d56cb837d7436db3d23224b22558249c4f1dba242
forged_signature,106,False,SIGNATURE,False,True,59bea097231ac9a2cc1e49701a285c46310cd003c33cfa318336d07035cb4ae4,357b374c6ae8afac07344f5ab5289c8a71251da9827bb69b4383fe9fe1c13d18
forged_signature,107,False,SIGNATURE,False,True,e0c9c716c7ccbf9093efb735c177d951bcb56596884097c2dc79ffd89c2a3f8a,26ece53c9e64f7f1476ed60b767f849a95716daf5547bd1960aad33f73d2edb3
forged_signature,108,False,SIGNATURE,False,True,ec308586f2c2065ebd8553795b5a2d476d0f902111e5a397b9cd9581487373b2,9d163748b84d6ccb48d48a909c1d054d1e4e345f2d544c29ac28a52a743ae1b9
forged_signature,109,False,SIGNATURE,False,True,d17ea684c2eec9c077f76925014d9690f8e6fe91261b470ca2847c413e055e11,8003bb76d37eac6cb78d770a02267bd9fd2abedec4489f0dac476bf763704140
forged_signature,110,False,SIGNATURE,False,True,cfbfbc85e03476bfedeb1a636a359b8b25958586f3d9d7985985d055fa344fc7,62cc05ca8f06149d7fc94a6b56c5dc8b13379ebe97b43a4165b9ef2e5b9a814f
forged_signature,111,False,SIGNATURE,False,True,367c0fd0415299dd058887cb9e6cd3213f6d62b3334f72059635485bb711d969,5872d7cbf64f9144b4daa0ae7f58d0e905c31dd91108108cc952a0df1205e8b2
forged_signature,112,False,SIGNATURE,False,True,49cf748c4d2e1f991e07384f0a90d9d45a364bdeccc343bbb8b887df98ce39e7,07eef79fd1b389857601069b16ddfbbcdcb19ee22b6aa22fa28e9838b1936006
forged_signature,113,False,SIGNATURE,False,True,7420539129ef56caa4a1429f733f6619784e74ae0734056ea8d42c28d5a4e6b5,9c8ecb26dded0e968f71db90f60f2739fa575af26883a1c05cdf7ac6311ad021
forged_signature,114,False,SIGNATURE,False,True,836e9f87c164387a7071a84728ff21ba4d7d55bb04ddf5118ce77543fc9c4ee2,6b46ce6a7f9efe2f7e37897a5a42d10081cd94bef6c3cba3aa54156fecc096fc
forged_signature,115,False,SIGNATURE,False,True,ddc0cfd14f22d4fd2b4e9f36e3b366d7b7f7e86e92e648de1f1140c415c4f370,bbb433c3f3cb242930277adb6413f57763e6039743afaad98d18c43620b32da3
forged_signature,116,False,SIGNATURE,False,True,b4c47036cde5f273f07ffdd25d8e2f5c5e0e7fc6c1a975c92bdc238f2f27b62e,a10d33e48dad9d9a82f40bad3d73ea36183737093a3ad937f83a52698178f98a
forged_signature,117,False,SIGNATURE,False,True,b197dc02bb975be149a2d26a20b91e2bfa5d446ff03988539f40a68ad4d099e8,ba844853da744e0d14612cb105ee79daf0f83bc4c1628c54fa87cdad3eb59bcb
forged_signature,118,False,SIGNATURE,False,True,8259450df75313f43b8b954f3c41749d24f1bafc4152ec64660ac5ecd4f39ffa,51573e84e3c98a9f7b947045930749c63e1332102b9d78bcfb0700cc17f3e175
forged_signature,119,False,SIGNATURE,False,True,92caba5a5c5c85ec769c8cbdee870cd8479bcaf56161f87c58bb286abe888f3b,163bed8582e6d8e19cb6a12a9f8359fad8af0629bb4015634678d071d64a2236
predicted_ids_tamper,0,False,SIGNATURE,False,True,99241aed143bc0ff93b67142f59db75ca9519db7dd7d0322c4d828d43a0c634e,bf11b3ce6f5bdb4dc97d2cb2450ea763ffe2e94d8c5f343fd8763daf424145c2
predicted_ids_tamper,1,False,SIGNATURE,False,True,d4d79a57bb0c12cae54fbb0e22d64b122d3b3675457c98c2b95a494ef93b5fff,e1c9b65f66c4fe6e50b08f7a271ca0c700f4223cf7dca9ec8a80376b08c8ec12
predicted_ids_tamper,2,False,SIGNATURE,False,True,a1b6b4b55f95a58479d4de602814563630bd907f1455dc2951e81164e199c8da,9b79c68df148d7f60c65d6e1624a767c97bbc77ad1e618e919acc1912dc08cb0
predicted_ids_tamper,3,False,SIGNATURE,False,True,8477de67abfd35d211006e1445e53e3784f8345c9151b543a9e01ce67d8eed3d,9005ab853e8cee4dc9e0de42176af553f1873dba128d402e09d1677320feeab6
predicted_ids_tamper,4,False,SIGNATURE,False,True,62d13272a299e813694247de53b3e12d87f7709fd72bfebaf03492053a4ec878,9dd7aec18e18fa18c4d4ad25638f4b3314193f0642c428572559ee73c0a0b721
predicted_ids_tamper,5,False,SIGNATURE,False,True,2bda5037639f120de5e4369056798b04645c77a5d47b2a7415def23dfaa91976,97e85f539ca72a1706a0bb7e07cd31d8b6d4398829a7d125d86b7bbe178f1709
predicted_ids_tamper,6,False,SIGNATURE,False,True,76b2076223c97b142e86edbdab61af24e53b385a4fd330f4ea643a601dd0ba32,b87e15fb7106c4ae4eed4035a125a26da0854f9ab0fbeb57e1ae398bbd863bc4
predicted_ids_tamper,7,False,SIGNATURE,False,True,eeb6d7f5373b01142a13318826f6fddb7e0145d93e20be15c75947ce617d3483,394836dc6ccdc890903e2426287fd667cee176450c516735cf49b9a5bc1ea024
predicted_ids_tamper,8,False,SIGNATURE,False,True,5c169477f63f9f7d970a98b362e6c91fed31fa981c0b33f2db8bcebcbaf5f584,7997f51e5124cddebb8ff379c0211e0a05344d6ef9b80794acded1467ccd782f
predicted_ids_tamper,9,False,SIGNATURE,False,True,6aec7005fce7e0a8a6bfae4615de95aa153a38338337befa496a17b354a4b5db,5450167cbf92dc36adcc403363168f15f08903b472c11d978048cfabf94aa062
predicted_ids_tamper,10,False,SIGNATURE,False,True,d62076cad065f12a2fb7aba7ae38ebb998c29633fd95479d98f2851d9f540edd,d50020e0336d563d1cc0b1795a8b74e7db23994b7767fa468fd2808b611bf8eb
predicted_ids_tamper,11,False,SIGNATURE,False,True,c85b792e3d171e94d8a26c2f955419cb9af2957b1e3095835a66bfc172b8ff8a,f8d4050a526801a57229dddc234a221ba0c5fac5c1f85357304b9f63add06473
predicted_ids_tamper,12,False,SIGNATURE,False,True,26211065ce716c467143649dc8604cb519ae548dde69348fecbb659902bb1217,2fd1e61979507365e4e3e1a951de987643c28a2d5cf1116a8bfb86db5451f811
predicted_ids_tamper,13,False,SIGNATURE,False,True,4ae87761b222d5000c106ac64e8352a97682937882f2a930ceead78bd4f62111,4d685b4fac8c70b9835bcdfda23eaa1d6d7851c08dcee42e91ffeba682017656
predicted_ids_tamper,14,False,SIGNATURE,False,True,e9c7fb970821bfd26ba5923ffca9339e4a6cd4f4ae71557549222f9dbf8fb68d,62e1f351fac7654964235d0ea14966fbe6f37c02195aa92e8e519646b7b8b63b
predicted_ids_tamper,15,False,SIGNATURE,False,True,3c166f9d26f133e76f79fb3ec40764e2866462c5fbd185571ea584e74fba8595,3dd03ab963ca58087ea694357fbf0f1f5285632207bf2732e96d45be203d3131
predicted_ids_tamper,16,False,SIGNATURE,False,True,1aeaf32b9aa7bae4bcd3d04753fa4f22504816ce251ffa2ddf2f9e8b67d15bd8,5968ead7a121d5f5c4f26c3acfe9d5f38ca75d4aeb3d0f4acc7794516943e7ce
predicted_ids_tamper,17,False,SIGNATURE,False,True,e6132c5d393346a5c338a714848295fd28eb6ba3767f17fdb3ace291f3a75aef,28d6d1c6491c0453ec9edb37193f1a04a372668f71fdaf8583dd2289c477f08c
predicted_ids_tamper,18,False,SIGNATURE,False,True,3ac0101452b618f0a6ee5e1fc380c5232b21d56cebeb5836b20322b63a262c46,995dfee97e15992aaf09ccf1471a8ec5862067e69badf0a012107d5d59129411
predicted_ids_tamper,19,False,SIGNATURE,False,True,ef8e8d8fc952c942a7dcb518921cbb29e820658bb7a711ddb48e42b1b5c4f2ba,176423798cab47c82533ae6736a574b16d4b7a638a38282e490d28833a30af2c
predicted_ids_tamper,20,False,SIGNATURE,False,True,8e6231ea1e1b060a41fd5f394b45c781c2938d2f85c08773dc8ff25e856391f5,eb025043e6919cb4577766d5311388c90828eead1efc45a5c244bcf36d394b9b
predicted_ids_tamper,21,False,SIGNATURE,False,True,36a7dfad02c6906db8ccca055b6fe01717b4859d7dd1f144ff3ae3e8d8fcee4e,6a98b93fac4f4f505e20cbcbfdd63a6620e9831670f74da3d902b42543f003e4
predicted_ids_tamper,22,False,SIGNATURE,False,True,ccfba52f4da1b669205b42b4fd90749b18be2af48d4910e850c2483dd949f614,ab698fcdda5af0ca96b573796edce44a1431277a110b78d8a9b2b062c335784c
predicted_ids_tamper,23,False,SIGNATURE,False,True,2f3bf3baab831602e2ba5c806aa6a3f23b429abccd4a41d530418090a77b3478,8135be0886355d3fe387b6b811ffbe52ba81e112a72ecbb55e07aee7e1f878c5
predicted_ids_tamper,24,False,SIGNATURE,False,True,f7214b8191954b90c0d4096a18479a5bad946295501c40301b835b133b5a5bf4,11285c80dfbbe1d14e0acd3f2b9b8893cc8efc338d184461c060f928d8797c77
predicted_ids_tamper,25,False,SIGNATURE,False,True,12bbcca5336fdfca7b934be1953b80d6f40d33822bf9e6a6d5c1bc23f9821d00,3eeb9ecb92bbd395aea961de4d7258934887e7737e80988d842bb2ad12097925
predicted_ids_tamper,26,False,SIGNATURE,False,True,4735fe4de64ea62b12abe976f5cca3281d722ace72ac1ddaf085eb8e5b497497,15fe3c9e256c8b00545a23add44880f36d71fc2484247a5743821cfcf8d503a5
predicted_ids_tamper,27,False,SIGNATURE,False,True,d41f8fde2c6e2cd5551e62c0bfff5e4c6418b7aaaa3e4fcba6fff8e8db229f04,22827b66d942b979245312c9a9ca755c35888fe411fd6e34b5dea45851e362a4
predicted_ids_tamper,28,False,SIGNATURE,False,True,67e2fd149d27728d3c83e5e39a5a381b1e8c24c2b1c2ee7644208c284ff52bc8,4da2927a73d6980ffa23cce527ef055d580bd679b516820b429e858990d80162
predicted_ids_tamper,29,False,SIGNATURE,False,True,76b0e3260f0fd034ffba76574e9031331c4fefd0b437ad5ece0aa52a35f52c07,4a57aeaf85997132edfb6e4a8d2409251afdf534b01bf025f46d16cad9d736f4
predicted_ids_tamper,30,False,SIGNATURE,False,True,d328fd001fa91ad51be6989fbbda053cd3dd69a428540b42153d19c583d19cd6,e31ab89307387e0e417bf0957d59c0a88324453261272b20a985ae3a0cd203a4
predicted_ids_tamper,31,False,SIGNATURE,False,True,67cfe6b06b6a214ba978aef20efe6254b47081f70316486f0e9bc5e4a60cd35d,4cc7fb62f897dd2b49cc7fb118d6b1278be0896ec2d164a47c374999aad72db6
predicted_ids_tamper,32,False,SIGNATURE,False,True,dbecde8ee95bfee1e4bbfddadd7973a774a07615301d07cf4dcb843202aa7035,eb80d706c28f4e55dc1ca34b1af9431470da6c614f63c4e819cb66d97d91503f
predicted_ids_tamper,33,False,SIGNATURE,False,True,7335063bb59541d8fc8b1b09cbbbc70e4d4f12b580f24877bc83da6d13ebd401,6d32f23d1cd6bebd6f6e87f2264bddddd47cf6fd77780e22572b44bbd609699a
predicted_ids_tamper,34,False,SIGNATURE,False,True,d99ca32f9cf38051b68ce185dfe88913ed1911c7236ae4bebbba23d6dc2857d0,194d8715388a438329fc4d460a82838a42487e0237bc215c75eee926e95d72cc
predicted_ids_tamper,35,False,SIGNATURE,False,True,347dfe381a2f3bb6c2925c9820bb547beb4cecca29acf15f08d9667392355ff3,ffbac30b16c8b5d61858feb4335830c474a739176bbaec7c4d21c85fc363adaa
predicted_ids_tamper,36,False,SIGNATURE,False,True,5fbfec04abebaea3ffff261e5fa1e3768487184db7f48eac2c7bd22ccf64a8ea,94943e4e9a042514952400e794e3d591cb19bab354a606092d4dfd6f4ab82be8
predicted_ids_tamper,37,False,SIGNATURE,False,True,e9f75823a7453fd727c183cafbfbb796a5f11c582a06e3c000babe6c78028bfd,f084dd187e91aa573c6d201dbc6c68be32d51ee3707aed8f6f0eb45456d9c469
predicted_ids_tamper,38,False,SIGNATURE,False,True,abcbf0ed4472e9e4c218044e92a67e979b4d73b1fc961aef28acc62cb03a2a10,495a69e3b9b51f415757c13210a3b52b3b6c0ab37ff66629310d658b8d684b31
predicted_ids_tamper,39,False,SIGNATURE,False,True,ab602485cee10e85699472ed85882783dead3d8dbe9dd16ed8b888ba8f6db2b4,de1d2d3145ddf8fee22e2d7de535a27af86e112c66dbaefe9b744bcbdf321fc0
predicted_ids_tamper,40,False,SIGNATURE,False,True,6bbc2770e7e58ad4406dda1900120de11ac06155f33bdbf7da6f0b5447f0d67c,e71607d84879a84bc70bd3a9b64aa248c80508c02ae0497edcbd187bbdcf4780
predicted_ids_tamper,41,False,SIGNATURE,False,True,1c4b4b70ad0a9868ad1e5d6a2d9e8b7e5f12a64c7252d7f6f17114334784b22a,7ae1e7c0e7b32618b3202124b869677fd117d78a9aeb4f07f1d2060db29ccd78
predicted_ids_tamper,42,False,SIGNATURE,False,True,b6ca69299914d9057a1ccc6f63a84d34b844f488fb4734ad0069828a5da32190,7cf6cd948144592312d226f17e806627d7a54f9521290784bb56f7d9ac085b02
predicted_ids_tamper,43,False,SIGNATURE,False,True,829a3625f27402c539acdebceec68bb1fb2061c5411740d31c632dd9956bbef7,8c9399202340920936e617a1c32d996cd2ec058a1763cf03b0f118430d4dba52
predicted_ids_tamper,44,False,SIGNATURE,False,True,4be28a36b1d5c3092b04f982dbd4b31ad374bfac68be8e391a4a1690a180832a,ba53238ca5972ad0d5e7ecb675a954ee4457a6aafb5ad2d5fb32c9d11b49ea2f
predicted_ids_tamper,45,False,SIGNATURE,False,True,7c86f445679cab67c2a24891527ed3469dee4ea8c5284c314a1f1d2a5aa5c765,8a317f41c3baf550a54fbf7e2a30f2424fc549666555ad8fe2038f9fa4849c61
predicted_ids_tamper,46,False,SIGNATURE,False,True,3036f6e6b7b98b6acb0bb006a2ce321268ba24cbc22580c6a018499c31b16e80,07214eab957967a85739f6fa1a8dbd2f4951890a846fd69f32c6a34caac6e8bf
predicted_ids_tamper,47,False,SIGNATURE,False,True,3ead23ccf9be35b7d3c99ac3471e1fe73362f387f348707d2fe77b75fb76e85c,e890fc9d2c2fcb9c3ae73d10519ec9a5ee067d21dea1f0502682ea413cf332bf
predicted_ids_tamper,48,False,SIGNATURE,False,True,8c06c9a26b05d99021f68928b57a6efb47f9681c45cb6f7f1f7b67e8db6259ff,08235fbdc0c98815f5424fbc2d09a53358a47ad92262d5b0ad4f85adb227f7a6
predicted_ids_tamper,49,False,SIGNATURE,False,True,7d1c46297047bea89e7e925ec95b945f147e5b7f82e6cd4787b3b11d7878705e,cfdf076668ec264c9f4ac6cea82753caa35c76d018fabb31f8779e1e35dfa1a3
predicted_ids_tamper,50,False,SIGNATURE,False,True,86f7f9473b9988ea561bb70c354cde8575218d6883c78ce671368c84e5d69aa1,4ee3298291c4378a96d05606707fad9cf80fadc50201ad41fd60d52315099035
predicted_ids_tamper,51,False,SIGNATURE,False,True,8d7821cff9d444c56d9dfdf4312685fe51bc8f5daa64f9272af0e1deb14546d2,0a9e92a01ec09a0955b4f53cb3eb8821aab547a10e28b0e9f991d9eb84959c5d
predicted_ids_tamper,52,False,SIGNATURE,False,True,25d41f1125caf00291bcc6362ee9d8583e2a6d6338fe824fc3cdfcc4d302a697,dca422e1bd3944617854864ab2caabcaeaa9ef68cae21c9fc2d8678e398a3470
predicted_ids_tamper,53,False,SIGNATURE,False,True,fcebd336bc18e12e2e273284c83c774b7d23f808a0850364704f38cbd7658cc4,3ee4dcdde2c417ad9efd222273ca59625e07a5ed09dda80fcaf9c23c68ec2137
predicted_ids_tamper,54,False,SIGNATURE,False,True,c5aceae167050139c230ec99d0b54536da896f1a49175aaff156bc1f0d29d9bc,925be17cde262401604a2706da81a86f95b75655b4d71558d169c3bc2b147876
predicted_ids_tamper,55,False,SIGNATURE,False,True,ef67293d617923233f1c705b7f36bd24271ea8e58fce68024ad18735fc4ed386,47ec1d1277d71c56acc64d97e509c55bb70357ef2ab33b967b1903d98e4522a9
predicted_ids_tamper,56,False,SIGNATURE,False,True,2b501428808dd52c3359e6ab77bfb0e97c41529d2d1049e2366fb2c66b6a9730,374243e00ca381bf0125f33266f19bfd9882a57c4063bc754caab6632c55ca51
predicted_ids_tamper,57,False,SIGNATURE,False,True,bc367afe8f125b86b413704bb5279ea9592401afb56798661152270cd7308e6d,43bc5e66aea188931866d82b144a3aeac7e62107ab96da946840d5513796b64f
predicted_ids_tamper,58,False,SIGNATURE,False,True,74e4aed56382ae9d066dc8e02cf823a8490c9eae55e384da67f61f7480d1c630,1e0facd14e53406d18fc6984df9cdde0ef3bb2b1fd1fa14d82ce4c329de3c6df
predicted_ids_tamper,59,False,SIGNATURE,False,True,c5e29e4c302009721c543d04eef341b1e662a5cf30ea170c127dd25f3b5d4698,fdac02c013279ab50651651fc657772055aaa2b1c4ab44ae28dac7862d2e1a89
predicted_ids_tamper,60,False,SIGNATURE,False,True,500562b5ec9fc6fee9f8e2f412bb38ea56deb3817d4ca7f160dfa89b5355ada9,b7cf8f6e65b1af61ac898975a4ef758f6f46b1d11f36fa0ad66e1e31de303825
predicted_ids_tamper,61,False,SIGNATURE,False,True,41ce775ea0ef515db71ba51c70102882db8c1a9040a36d9731eef29293c313e5,900465eb77f3c5372f76e104a66650cea09c0a6b0b9d1188667a7032b4effdb1
predicted_ids_tamper,62,False,SIGNATURE,False,True,fa6c182a45928662da98a0c49d12c4169256d1c81152d4ad4fc6dd918b2372db,e8112177ebc3100858aabd827280476f7397e03a4f71f4531d0dd06c98d0844b
predicted_ids_tamper,63,False,SIGNATURE,False,True,8eefc45632e38db16c8bd9f53a512ccbe0f4f888a5b212456d240e67348ff5f8,dc193a44a0f270918abd398c9c01530a3b67fe70637e561ded8f46d607f1c7a0
predicted_ids_tamper,64,False,SIGNATURE,False,True,e50e368618ff9a1fea59bc4f06452a72de1a7d4587869cc1014b18d5e07f583c,d484fc6de6603065f97b0b96581316c9520d4a207da838c6d437270c3a5c4a6a
predicted_ids_tamper,65,False,SIGNATURE,False,True,d264bcdfc0dce8eeade42635eb2eb9e35ef127f47789ea5982288da29ef965e4,72febf7c1e8ec4cedff835b9e04818d1e1e2108aaf5df8a253c315edddf9d40f
predicted_ids_tamper,66,False,SIGNATURE,False,True,aebf85a167736d4a8b9902489d7e9230e6ac0ef91ed738932c4390b757b28784,8e92481aaeb78acdfa65bb65ce699ead21745cb5b2711da2ec2dc21bb6765310
predicted_ids_tamper,67,False,SIGNATURE,False,True,25de6152f61a4c84eb4725c1269826c86d89515f137af9e480ecd7467e57cfa0,dade8aae1d60c696548a3800617e2ab014879593a08f9ebe7cfafa072543356b
predicted_ids_tamper,68,False,SIGNATURE,False,True,1fc280bc659a8a73dfbe1125261a767f534329b7acd792e6a66cd890f528f9b5,19a9cefe05d65e2a4827dbf92b8a5eb85899b48d474e63397c120b1c6ff933ed
predicted_ids_tamper,69,False,SIGNATURE,False,True,d4b0e3df9f22f0fb2e3d553f5466dcba9bab05a0b0f0aa6c0bf76d56f4c874d3,09483f856a3a691f41b3029396b9e25a0ff5945b41cc0c9dba1782e7447f50ef
predicted_ids_tamper,70,False,SIGNATURE,False,True,4246c34f10976b4cc1f7acc49ff8b98e7f753790a0600d340d036ac62c59629b,f30dfa62a802bcdcc8426efa01c33356fb9b7d483cd1a8a7b18f4ab82e40fa64
predicted_ids_tamper,71,False,SIGNATURE,False,True,0288d60e539c09ee55cc84bb89382d23cf2f4b6137aa3e79701e8b257774fcb4,c9fbcda69f45c1de21bc86dd074f1804eae1a333c214a23c778b03bf1220a079
predicted_ids_tamper,72,False,SIGNATURE,False,True,e925573c5e20583c6b442dbc181608a46c724218227ff6a77ee01d2a22e7c072,0bfd1069ec3097f03d95ed344bcd56f135b86972a5c39cacca02fdd229010204
predicted_ids_tamper,73,False,SIGNATURE,False,True,2a2a56676878827ef5865937d0fa6538f50e11e5b873914af8f4d987cfe9c38a,160f29464403fe2240bd88b33c86e55f7cc344c22bea1862dc6eee2191936f4b
predicted_ids_tamper,74,False,SIGNATURE,False,True,27437c143981b496e84905eb24564af7adbeb922a9d36c23fbc777a555b644d5,1bcfc7dbc162b6f6e03ddd08137c5bead1860b768c05b32eb2cbf882c957d050
predicted_ids_tamper,75,False,SIGNATURE,False,True,c956952dd0a47bf9909a3f6934a6259518ff2d7288856ab504787dd4ce8e0551,8bcb14607151c4390758d472b455d97e08abcf2c15bae6d375d8af419a5c5079
predicted_ids_tamper,76,False,SIGNATURE,False,True,07501e84c17823ea41a6fa7d1164c4c053b18204ed9421bfb6efbbcb37446f8d,03460cd9a53120a54fded5d5a74682bdd7e21d4b635da7dafee4de6d4faefa68
predicted_ids_tamper,77,False,SIGNATURE,False,True,7a73fb12aa16948c519114fff360a88d30e99fb1124e119c8d82010268a3a5a9,5f2b8b745e0a61a62b6c436a3460f84720e1597c83c9e78ca0dc1f6229866884
predicted_ids_tamper,78,False,SIGNATURE,False,True,3568c0e5c7a565f4a18d7b26d7f991a0e3edf9c0e1440d6d58c5918c57990e94,7ec06a92e1ac50e70e17d1251ac39b23e7d710fc0e95ec169116f10f184b94d1
predicted_ids_tamper,79,False,SIGNATURE,False,True,d484c97017b1ba1c34d23116ee33178bea14154cb1eb76ac18feeec4adb51558,c279f58273c96d63f032c5ce5b31d1322113b889bf2134470030820741a0f0e9
predicted_ids_tamper,80,False,SIGNATURE,False,True,1bad9b3f3da467a60008c9b5e4453a288341c19507ebe0e44fa5d33848c7ee87,7a1d4285e24ff49978b85e2d15023d43e6e846d7b2555031cee1d82688058ec4
predicted_ids_tamper,81,False,SIGNATURE,False,True,818f29099d819c6d1ecb88129bee2d2e814d19fbcb08e70d91881121e9586afc,8bc286a89e92af531b7967097b4645976aacded77ba03a9379097181d2d98098
predicted_ids_tamper,82,False,SIGNATURE,False,True,07e0cbb0d1e35046fa30b73880d1ed2e63a4d2e2072a6b05f2a4186df4d246f9,60748a79f57d9e963974c56aab2666e54900578c970c432b65cd78512ff24064
predicted_ids_tamper,83,False,SIGNATURE,False,True,3ad32ddbde3026eea00d27b86aa09c684f7fb21a5e016b1df2888b1b2217c266,3cc1c0d77eb71a727b4c7cc6ab9d136eafc91a3bbf6dffda35a7bd06f086bcc0
predicted_ids_tamper,84,False,SIGNATURE,False,True,d7f1b7790ff63501aa6d72b252660566ed3f6fd109b22acdc3b886f25753fa2c,ac70d7f2318470480e27cca1520028cf55fd6001d1a7b20834b74385a9098be0
predicted_ids_tamper,85,False,SIGNATURE,False,True,2a2956ddbf76f276dd896b239ed9de24c2db7465ac61c383de9678f5e67a66ff,d459de053f469f8c7006ca3f22e5800dca0a8d7c0cff7d94ae7942c617d378d1
predicted_ids_tamper,86,False,SIGNATURE,False,True,355b495308364b37e099188b5635f8c8bc40005ce746b6adfcf056f213ae079d,d67337a288dbf24280a80a37a82ec675f5838621c97a13555bc17c3a480b777e
predicted_ids_tamper,87,False,SIGNATURE,False,True,5b96d37b3c3f2305126996f31440fabeea038ef92e1640d1aab73c384085cfbe,e7cbeaa032d9e274b92f9ddaf79a23f0b769596ff2db5d84d33f29d2757981e2
predicted_ids_tamper,88,False,SIGNATURE,False,True,06c31f17c9b275e1b800c1508ca7547cfd3f483bc56c44bdd6e9219482639937,7f2346cf73b7b4911038ee73255421ac7a3b4a3c7c4871743d85c9e7fe266035
predicted_ids_tamper,89,False,SIGNATURE,False,True,37dc9970f522759d24ce41135fa87aaa60e061bb2f49a9a25e97fde1e225e9c9,fa012802b879747854025672bf82b19fb7ad88063af7333df9adf47ae965ed8f
predicted_ids_tamper,90,False,SIGNATURE,False,True,ff2eb475f7a0fa438020d96b84e0391d0e1d6953be4d3f7a9357474b5367012c,e474b41df7b50a57273d2d0e817da81b24b15b7851d77d9a42679f2a553a6a25
predicted_ids_tamper,91,False,SIGNATURE,False,True,0601d4cf277b89a20df53a7cba2a03e55fbd50e47c23eb82feeca5b97b0b4fc5,d8dea08afec8363dbb27861991786d0951b4ea8a6a398a6b3a5ef5e0ab1da4aa
predicted_ids_tamper,92,False,SIGNATURE,False,True,806b7fe66304367f89dc8252d3d468159741f76f855d076c8a8b562a101fcbd0,d876ea1ddb260203544a4ad28e537a5eb1334cec31bb0d7fc0156df22d48574c
predicted_ids_tamper,93,False,SIGNATURE,False,True,698ab8e17cd02b5f41f9151a7ea0032a416fe80131ad061513762ba690f31165,7d09c6bca453fafb53c5aef74b30ba0fb309c684736a09283dff6ec0ba5d38e3
predicted_ids_tamper,94,False,SIGNATURE,False,True,7cd6934c97fef594d8a097454413957274344e0bb1a99a709504097024ff678f,b92b4bd2ad02ec5a96b7413583f04b1a1309ccafb9c0d8bb1356c5c3e60c1bcc
predicted_ids_tamper,95,False,SIGNATURE,False,True,a678c71c904446e998c420a1ef814f432e029e20a251c4c1ea7f2325987ca71a,082ea2a431fb41a445dfc5f3fd3ae0553b90ff9f64ec33e3d9fb3d9e97e8397e
predicted_ids_tamper,96,False,SIGNATURE,False,True,755b4e6fe27c490d2057af1aec23708d3478036b735808ad6263eb576aa5b801,46e135f523c7bc8c8cb493a68d224369351d1cc0d4826dbc8857edd38f19a122
predicted_ids_tamper,97,False,SIGNATURE,False,True,e1117ff225a145e7bc737ca739836f30b38356ccdcfe34ce6dae19fe06ae4aae,e9f558263d564384d8c06307863d8267e8c8d3501769b062fe476ac6a30f47d4
predicted_ids_tamper,98,False,SIGNATURE,False,True,79fa7535b30e710d91782f6fc1a93c1cb3d676f99acbe779bd5483834597048a,4b9d769e05b720c8d54a8b0a2ef7bfb65b65b64d75b1e89632224d38ddd8cee4
predicted_ids_tamper,99,False,SIGNATURE,False,True,a26dfe39a2b75972ecb135507d18f6430d6322fbd37e5a65f3919709e0e47fc8,cde1342b455a8166554ab9d4ac74e51250826429e084cfc5a3691ea751009162
predicted_ids_tamper,100,False,SIGNATURE,False,True,7f68ea5370911837df0fbc996fc81036432ec3481c7233634fd807f42eb6139e,fef83dd0cadf5706d16057a945f86b400a85e58b6e18d9f08e4b6cb93a605996
predicted_ids_tamper,101,False,SIGNATURE,False,True,83c089c462a52cf2bf8847bae8e3526839b9abe6888534620392ff9f3c234b44,325cd022d579128ca093b04e0c60ca9c0f4fd510f60eb91553d37d451eda88a8
predicted_ids_tamper,102,False,SIGNATURE,False,True,72342ddf5e7f276b78c155d62597adc3cc2941034b58d90ab15bfb6e1ac681f6,6367d2787961b43a26579b840b51b43e25117e709d46d2f37da3dfd311f5576b
predicted_ids_tamper,103,False,SIGNATURE,False,True,740e49024d8f054d90f5bc432178cf0f8ced75b662101da54b1365f3b791603e,4adbbe770ea9aba7829f62332fb6e84bd7fdaf0d948f19c545dbac74c2f913da
predicted_ids_tamper,104,False,SIGNATURE,False,True,e22c272a34c19f3d759f055a8ae5d576541e508269cff4eab66a585f54be1ef3,bf7abfbfe579becbd24c0bc94e55f0ec2289f754cd251e0a8a4856f7507589e6
predicted_ids_tamper,105,False,SIGNATURE,False,True,1afd5abb307fc51b151951cc041b43ec3984ebf9185702a6cfd69995cabbc199,72c3a48c35963be49b761b5f202520c7cfd1b76842fef2689bf27f78f99d6fd0
predicted_ids_tamper,106,False,SIGNATURE,False,True,3f11f59d614a9361f9aa1d33d0120339b6a55c322276a5caaafbdbbc150052dd,46772b0e22e67bda4816e21b49f953e1af5f6a281ba3f88751f88b21143397ae
predicted_ids_tamper,107,False,SIGNATURE,False,True,551ff45546da96cfde10094469a69c08e369602b29a226e703484eaefa04c4b0,b7a08dce7bf97b9caef3879880f1f02033ffe01271894420de2f3040a7137cd5
predicted_ids_tamper,108,False,SIGNATURE,False,True,cf982498fb9da2cb6c4607fdf939f2cbf96d12c95c05bba85941ab10e3c9a83f,401f66df1ac52fce7b55b55a8eb230d1d1448d994c2e4b96d72894cd57f014c0
predicted_ids_tamper,109,False,SIGNATURE,False,True,d6eb278412c6cdfe9bdfb5c6f262b941e4f62cecdab82a465de06e4d4596b815,f2f36dd9b36d042391aad2528ba0fbbce43a3dddc38508104c0039a37116a92c
predicted_ids_tamper,110,False,SIGNATURE,False,True,6e17f597070f243563a086b882ca1dd22632908eb6f7fdbf00ff1bb0d166e38e,2ebf90a5a0c47db3771bdb19d6e7468b87c932b37d6e312d848be31270d9143a
predicted_ids_tamper,111,False,SIGNATURE,False,True,ddd87890eb27aadb90f6cfcd32ca58ab56b2fcc338334d9c2d627146fe751dd6,744067ed6630bf5bcca53e79ab2717df066e72cdf557493115b1e78a20f5af2a
predicted_ids_tamper,112,False,SIGNATURE,False,True,c098a6f40282c3f48b0da95cd6a1541b409ba6830f69cd0b81f858faec7b60c8,35c675ff71b057bc31d4fc86189f412f67a71b591bcaadf31c1d18b2ece5c605
predicted_ids_tamper,113,False,SIGNATURE,False,True,819e5d5ceca2fe43cbacc14fe1e766e06a45b25fd3a264897252902787963862,0416f2ca9beb0abd1967d3bcb620f1e051d19de224212f4d22234117f1fd16bb
predicted_ids_tamper,114,False,SIGNATURE,False,True,9d2b6893e6b1c4489ffb6b073a21fbba16a8112f0c199e8875679f31a7eba44b,d6244e5cfccae432d613325ed6d4dc6b23a40b8489d30ca52b1552340abfa009
predicted_ids_tamper,115,False,SIGNATURE,False,True,9c62fb4b9193303fe80e0405c478ce4c80a99ad94f20530e8a7ceae3c33605a5,c8c8f34e5a58531db1cf61bd6fcdcf66774ea8a2c767c4aa026f74d0255aed55
predicted_ids_tamper,116,False,SIGNATURE,False,True,0e5ec876cea3639e8b2e6fe5f5ab9cf9ed8666dd1d7f473d744ea575daeb48e6,ed7d04155e160f39fe8ee728efa6a631013a0225824fe022aa147853c00690ec
predicted_ids_tamper,117,False,SIGNATURE,False,True,7f720efd53608ff45b5fa4a57801f24d859c298a1ad5cc08a08ed80e564743ae,b3e5efe14004b5ebccc0bab4c964b55bf7578366dc93a1d7591bde6d5191a478
predicted_ids_tamper,118,False,SIGNATURE,False,True,369c5ece9f381b01c11eb71771d57dcab39853ccc7dafcd72483c28bd0ebecc0,0d1452db4349e7e16e469334e5ed9526ed1ed047f52fc40f6a1a2a218b2b95a0
predicted_ids_tamper,119,False,SIGNATURE,False,True,12ffd011c6094e37a3488dd66ca6c4b4754ee3bcdcf6bcece7d2caec894b4b2c,f3db921f6d450c99bc39d30dfcc8156f8cfd42e3b4071f5decbaf423de86b5c2
crash_before_commit,0,False,ROLLBACK:RuntimeError,False,True,5e1e1bfe43047b72072e3bb113468f8062fa0fb01fb6edf6384a1c8984dce27e,bfb558360ffa451bbce576e8bf3e155a6d2e054352c0a46adcca237f9870f787
crash_before_commit,1,False,ROLLBACK:RuntimeError,False,True,1f432a644490703a2cd084badd1607f6ee084ccdb9dc72a6df259d1434efb186,17eb8b5149f2ea493df6c4320727577a1d2b825d45856b00071df02b2b89843c
crash_before_commit,2,False,ROLLBACK:RuntimeError,False,True,11fbffb7919dc946b93cab0a6e606ec5ed4218e862ca66b887faf38d69c36a3d,15b46e6e6e258e02d4ea90fdcb1c0d8f0dd0f644deb481c4c926e74dffa5f1d1
crash_before_commit,3,False,ROLLBACK:RuntimeError,False,True,32791fd5a1731fb39eb330d41d9c2bb44afe78582476efdca647b65e11709355,cfe1da54cd1f0212b6f290c2877de581a38d0cdca4ba01e47fab710b162be634
crash_before_commit,4,False,ROLLBACK:RuntimeError,False,True,610629c73d5ddfb6943bddd1b7c34de4c678e284a9e37b8d78a3f1a739e008d9,09dc46c8057694a092cd0af9c251422211b465eadf58ac38211d4517955eb279
crash_before_commit,5,False,ROLLBACK:RuntimeError,False,True,374f301c01b1178ded5e57a1e7f595225ab0492fcb6b4147f36bee9c7eb13070,782fc3dfb35a8cdb7091893b776aed2f6a237da4532825a4708369d572715ab6
crash_before_commit,6,False,ROLLBACK:RuntimeError,False,True,42c67a2b4977872a0f22d4d59dc8d0f45f610706948d02d3f809820b8312ecc8,bdc5d7faf39c7bd98223763d274e4e0508cbcfbb495927fac9090072bc3a36f4
crash_before_commit,7,False,ROLLBACK:RuntimeError,False,True,f4282d1a5fda5e602aaae1570b75b06225e2262de834851e9945aa8a74192872,98b672a3ef8f8f10df957441c5a026487a9116e640e18815a170d3723c1979a7
crash_before_commit,8,False,ROLLBACK:RuntimeError,False,True,b9975fe95644fcac69b20d780da0955eabc3cf57905b8fbf30fed57c4a2357e3,3423493e96171e373ef54e30b677f64ed735e43f8201df916ad74bcd6cbb1740
crash_before_commit,9,False,ROLLBACK:RuntimeError,False,True,deb682916c312389c196282af344ff3593edfef25e456c338337d7581b8d65cc,f1a776968dbb4720b2574ae4bc4e541a69c686b08f55cb8e839a0d6e7749a47e
crash_before_commit,10,False,ROLLBACK:RuntimeError,False,True,d9701869907a327c7f1fda7bfbfd89787b6fa6a313ff9c57d949d2764b0375cc,cb3bede49dd18eb8d0352c9e8b11eac7b10be3e03df27d2b451573889bf4a515
crash_before_commit,11,False,ROLLBACK:RuntimeError,False,True,901f20f394eaf229a47b09c59d3651b780adc8a155c1a1e183e0cfbca5d936a5,cf2ad7e1fd1b09ea9cad63abf42fa2646779dea1566ef23eb79bd5b8eadeb67d
crash_before_commit,12,False,ROLLBACK:RuntimeError,False,True,9c671b3e65924d1299c162b056b4e9901eb8cda9ab1228b96a5e431917b74831,466620c42b4aee5424759eb91490ff3b187b9dd6bc23b0aab76e166f9dbdab77
crash_before_commit,13,False,ROLLBACK:RuntimeError,False,True,528167aeffc9c61aaa10e7d87fb0cf0ff7f9220a7d33607022688ca5836b04ac,4cb4cf9f0ac85149e8d7444648762de7eab4a14e8aada472194f0ed745400fc5
crash_before_commit,14,False,ROLLBACK:RuntimeError,False,True,84f7d19858d70570a9582f4ae3a81f826af7ba6cfa3b82695e43bd3a59e49549,05bc80571edd17d531813528219b49c363516aa567103270af17a3b372fc4d9a
crash_before_commit,15,False,ROLLBACK:RuntimeError,False,True,528ca60622b00173e5985d614ecfe927dd496286548c21f8c267a30d30cacd1b,f4164546836c1a92fdcc2f78b978f08bc7e196a068457a0717f12651cf62a236
crash_before_commit,16,False,ROLLBACK:RuntimeError,False,True,b75ea564674da24d22113bfa981ff18f7254824fc1e500dce95ed2329a9fd347,3651c4cb89016b87bbf8ad0e148d7201bfff1c5b4c1d93bfba1b957c06b7c1d6
crash_before_commit,17,False,ROLLBACK:RuntimeError,False,True,36e586187bd8929338612ea04396384ddd958758d3c41f393a5448fd65973420,56e3a26193acdac188d455ea31107d08f09edddbedfdbcb08cf7ec6ec1a30cd9
crash_before_commit,18,False,ROLLBACK:RuntimeError,False,True,09d5b2e38dbda20825e7ea4fcbca47858ffdd2d7af097cf021379d9bb6fb3fc6,f277153c02c1eff57835c99849b5976dc8426415b4e8f32dfb539264c8863cfc
crash_before_commit,19,False,ROLLBACK:RuntimeError,False,True,0cc8d13ae09874dfe4ddf7e6e406c4550f406a1e58f40ffcc0cd2173b441bfdf,f39706d8a75f681594b731faa887672ac3c6c201ede9a6443b408af0c5c16fc2
crash_before_commit,20,False,ROLLBACK:RuntimeError,False,True,ac67f4dff4c07579fec162fe63717db5c7556445acd91b3d1193c574d8f728a8,be0f9dc8f9e630f48598600e0536918e244badbf828f9c55d8d1b440fd5c1787
crash_before_commit,21,False,ROLLBACK:RuntimeError,False,True,e2bb2053cbc59178491b4732275b004a44736c83dffa66c0543701a3ffcee36c,68bbae74cea147d85d746ac99b9cecb83d3bec7f8305d454ab5bf8337cfcca3c
crash_before_commit,22,False,ROLLBACK:RuntimeError,False,True,f9b2ee5c08ebe4eb7b1bc450c243e09c73c9b2ee60f2e857efc3d8d087797fca,a4b458d95e3538f775481571313adfe89ed19c42bd61bea1fdbda51121a381d1
crash_before_commit,23,False,ROLLBACK:RuntimeError,False,True,7f43d5194304a632b2aa2728b8ebe75f0e9c2fd27e4f8e8a1bb0dafa80f88951,6c0d2e8008b3753edbdfdf15bf142bf7b7845835f0157207916e3686f23fceb3
crash_before_commit,24,False,ROLLBACK:RuntimeError,False,True,25b76936fc4233e0aad6bfff2cec6cb9e51e7887477b3f95dbd1c8f3825c5700,693730a08c0fbcd351b99e07a34e5e33784c2457d6f8d6555a96e7eefc1079db
crash_before_commit,25,False,ROLLBACK:RuntimeError,False,True,fbbbe45906a2d8559e9120d45a65e8456e0c182ac8ddbf6a29899ba2831081b2,1b457039364f5a14b1d18d31c3a6832c968ed326ff6efea4f502645edf278ff0
crash_before_commit,26,False,ROLLBACK:RuntimeError,False,True,03b0a953e98fd6b1436823a9fa5566cb5fdd8acbb2eeddac449c048765accdaf,a1dc68291deef3a4ba229687351330c86fb5cceecaecc4a3cbf9ed39a3bb12eb
crash_before_commit,27,False,ROLLBACK:RuntimeError,False,True,5c34b7c57a1d8ec9ddefd0618c74810d5efbb09d7265687279500f1cf3824f9e,c622743fe83a7454d41322ea5c5afe6cc00653b5f188025e19a92bab00b821f1
crash_before_commit,28,False,ROLLBACK:RuntimeError,False,True,8f7c45cced44a82d26865142beb39400bd265ae9a62098c17b2e26322f4522e4,8c1977ac91e72d537cd0352108d4299eb16bd6c90f9741b0626d4faf38b03e08
crash_before_commit,29,False,ROLLBACK:RuntimeError,False,True,4fa0f1c854742845f35ab6e61836522de45c2563adf6d89794bb3abfb0f65bc7,bcc240c58cf132ee5bdd9850e547d02b74b15d4de8fa5dc847d551a8a5db569a
crash_before_commit,30,False,ROLLBACK:RuntimeError,False,True,2a2424a7243b662c605b0b9bfde19ccdda08dec924d3c8ffb7a56cf91869fa90,18d5bab4034ef584033795cc39bf434192f0d05388eb0f7b715d70fb3fcc8099
crash_before_commit,31,False,ROLLBACK:RuntimeError,False,True,e860bdc125b94687519b8e8c230a174940e086cf99eacc5e4f4b70341e5160bd,cbbc4315844642dce06ee06f6903cc4996e287a1fa7b101659f7e51aa0032b7e
crash_before_commit,32,False,ROLLBACK:RuntimeError,False,True,73a587aceeb8a81c8489a6ff29d2d9e4d4368430780676da83b9ce2d5136ef69,5f85526729af6541dbe0e9e631877d9514f77e17628bc35197beabc229baecf7
crash_before_commit,33,False,ROLLBACK:RuntimeError,False,True,f2eb976798cd650137c80356594e8f99e4e62ae8ddd67a46c57b6c67c51db066,955c8f8757194ceed067dcd31f3a338f5b1d606c645c635c94d95b8e116d3cb1
crash_before_commit,34,False,ROLLBACK:RuntimeError,False,True,15c2be7f3167ef07bcbd4961260ba60d04ac8bd5219deb2e8f63b57ff7ca8e03,e6383b32d5c0e687c028f9b18242ddb230d336da54d5b06f58ddb4706b03aa8a
crash_before_commit,35,False,ROLLBACK:RuntimeError,False,True,7c5b0ffb039ba31f5144feea9a1c780a8fbe01f70c70b8f5367299df49e7b963,3763d0fab66c9ce6cff3312f839444564b81bc5a825ac02af2ef8060dcb37001
crash_before_commit,36,False,ROLLBACK:RuntimeError,False,True,2e9b3feef5524ad9f82c96701ea759d350e43f75d8ad69a144efd818c9482702,29b0fc6f9049e76c68a74b07ea87af840b51c7eee5fc0836a70bc464d0b0c720
crash_before_commit,37,False,ROLLBACK:RuntimeError,False,True,0a8d1d460d8344921a040ebc4fb6f294f585267b6f25e591197745b2eaf8e5c8,07991649f35ee33adcbe14c7a4df113fbe1a075c30767e9672608b4b67ccfd7a
crash_before_commit,38,False,ROLLBACK:RuntimeError,False,True,c7443aaab93e5506030517e0abb1e545b889f152353296ad86bdbbb9d74f95b2,8048bd72efcf15472cb2741f8724394407216aec1c2738662a83fcefaf54bee3
crash_before_commit,39,False,ROLLBACK:RuntimeError,False,True,380fdfac46bc1921bf4d432ea7bba9b07720101b1a4f24a31567de3bd9d23fa6,7b7b778e20d529d55f758761f701cefbc0f2367f8d35c8675eb1cb4eb25b53eb
crash_before_commit,40,False,ROLLBACK:RuntimeError,False,True,186e1dd0bdb627fa67ca89e4ea79045a207629499cdd1c10704c6a88effb89d3,8a7f9e63a0ea21e9c4adec49aa8b5aa2febb80b40099334d27e6db2040fe6145
crash_before_commit,41,False,ROLLBACK:RuntimeError,False,True,586543d636e6894ed3397aa4aa22235d4e4ef62b986bf500c6a3efa2a1ec6b37,7ef7d91165794cb63817587ccc1c2e89f013999adcfe07ac88b64738bfe89d59
crash_before_commit,42,False,ROLLBACK:RuntimeError,False,True,fbfa755d47cd62b54d7296745d8f45f35b62b73fb642cf6cd4caa83597ca6c52,43fb0a845b40a0f761a7330a1f7fcce55522957aacbe33b393f946a1ca6c5d70
crash_before_commit,43,False,ROLLBACK:RuntimeError,False,True,f0ffe48ff338bc5e52a877f90b3d7efa322a2787e970845aaa9eb881d6549876,04ca3706fcdf1d0945febaa7f72f996b69d90839dd416e9f7e93df91a4585190
crash_before_commit,44,False,ROLLBACK:RuntimeError,False,True,b9424c8870ab7a6b5ca88862899af9b70740193f3e0d3123923b602c0a198733,935951204470b77341258ff0d27b307fafa93fe2076cd02e4dabcf8305763d31
crash_before_commit,45,False,ROLLBACK:RuntimeError,False,True,d7ad6a87fcea59241b7a48ca3a0a2d28463070ece49bb501f942f6896a643c98,e66eaa35bef098a15225dee579d5b0b19e7cd48b3f4b854096386e052881095c
crash_before_commit,46,False,ROLLBACK:RuntimeError,False,True,88d0f01c846cb5d8bad4861dde401b9c313d37b83ae65bf8b7fa9f31d85a1704,c8e2f47bc40adf215783b4a35e7fe7386d5a90ce5cd0f739d531b642467f3650
crash_before_commit,47,False,ROLLBACK:RuntimeError,False,True,c387bbb9cc1e99d473976f6e0c0a9a576ebcc6af06c972bf8f84b62e13434448,b5d264de703932fc52c3fda0d3620e51fcdc296d27475461e3c576d37920eed6
crash_before_commit,48,False,ROLLBACK:RuntimeError,False,True,c0c773ef4d54874aeec88ec976ee69554ef093a695a785b9d40b695320cec7e2,43825268e108aebdf0e5eb14c05eb634f6452cf336012446e91df2c54a590f91
crash_before_commit,49,False,ROLLBACK:RuntimeError,False,True,cdc4e32a1e0dd0a3519448a8e5a04ae5c8e3d0b0b86d5c03e9edb5927ba2b3b6,1c3c8575f7f77eaf73c003e8f972b0813164f0ba1d3383b3c7fbf24ef48e41fc
crash_before_commit,50,False,ROLLBACK:RuntimeError,False,True,ccbd394f04ccf41695d38aef9ccd01cc0b96884cb415057fb628706ac3cc80b5,52f5633ef17ac8b12e9db97f459965df8e4511ba1975b2fe3435e9e84c47fac8
crash_before_commit,51,False,ROLLBACK:RuntimeError,False,True,7bb1bc41af61fb5a3431d2e290ba05f8c87898f67bf494b9cd2ea5dc58734442,769fa83ab1f801d242048e343fd6c43aa92202ef73330ea49c7a90f1e46360eb
crash_before_commit,52,False,ROLLBACK:RuntimeError,False,True,59693e6b6cdb95f7d9681aa7bddc1074d25b0b3a39eabe8a692698269f45046a,d7c342c80c61cc18f028451a77577fcf6731216e6e34c0ead12bdf1c9eb86ffe
crash_before_commit,53,False,ROLLBACK:RuntimeError,False,True,132c88185bc2b4485734eba3a42173bc88731a187ca7a9f173be96faedd44d3f,1c1a693bcba582aa2f2f49db6381b5d8e30ced316af4ef09042989c375bb1112
crash_before_commit,54,False,ROLLBACK:RuntimeError,False,True,9c49679540c49484b4a913b4e1537b06716152b2057459a7eb52a28363cb5da2,0048d03af3ba8ed7520397e3831836ea3f460655f66a58c3aba33346c3a151e4
crash_before_commit,55,False,ROLLBACK:RuntimeError,False,True,e3361e382e361f7d8826f48f49a3b56e2fc3cba1ec920a71c625b640ecce0725,1ebc6c1b6c69c80063110ae3692a975692d5db0fc0bbff7904ce1f964186ed3c
crash_before_commit,56,False,ROLLBACK:RuntimeError,False,True,ed6c49200615b44df513c17d03268d541021ee0e03685ff2860d75c0da4af586,54acab177219a32cd7b6b101e5268585b23556bf5cf4f5882c605e2a05df05be
crash_before_commit,57,False,ROLLBACK:RuntimeError,False,True,0f8d8d2efd455624003c1ac68740184366740d1cd6493d9e0ce2bdb8806d2b99,1c5749465f2afcad3bf4db248c3e9aeeca27647b5111346993024c61d8672106
crash_before_commit,58,False,ROLLBACK:RuntimeError,False,True,c491e8e70727875e28b3656043a3d2b6106dc8f1813d1280e0310b751c5aa27c,b4b7983d07eb765b883231a754e7e2ed188530c3e9b9543703eed9f6cfff9d06
crash_before_commit,59,False,ROLLBACK:RuntimeError,False,True,5ecad9175546d80834a7d088952f44f2de1b95c8256263363c8b918b836cace3,29d091e2d4f4284d0bfd40d0e0d7d0a984f27d64fffb90ce6153622819c87ed3
crash_before_commit,60,False,ROLLBACK:RuntimeError,False,True,d73bdded323a747f610264e66258f0bf550f3a2a1cf93d9f79b9cb2c32f151b6,8a2ecb7f9d078aeb2f230d55eab2a623aa9811cafd0ffc5b332c800f309449bc
crash_before_commit,61,False,ROLLBACK:RuntimeError,False,True,cd706ad268fbcd4ffc8374d535d5090173b4ed24de1719531708397511cf7617,8ab407de2172a53e4f1a97c2ba77b309eb6666a8b5309e2d0e2efec8b6233079
crash_before_commit,62,False,ROLLBACK:RuntimeError,False,True,996fec1fa4f5e3e75b26710e7af19243a1a1d67edc07af44d670b9e68a946554,eeae730842d0585607b31d7f75310cdfee74a9294f795db9d2d72cfd702bc9f0
crash_before_commit,63,False,ROLLBACK:RuntimeError,False,True,155f9cdd35e3235ff0da21c3363e28b3fa165a091e6e57cd5dd2a62d77fb9f8e,c53d419fa182126e279e6d40580023559fabee56d40c086036473eaa5bde8710
crash_before_commit,64,False,ROLLBACK:RuntimeError,False,True,9c90e9e257dc7a9545cdf5497ce889bbedba21fc91e7ffee5a515826a4871257,83d6b71b9442d00fb1d45254f000272687f7824367fc848490b4b612b9c22ca8
crash_before_commit,65,False,ROLLBACK:RuntimeError,False,True,2717a74ba94f2f3707a44bdb6b85545c9395d72229b0919ab409f80d3ead4d20,31349bdbe2e0420f9c7b78b81e7d0a2a0691d6ba984ac52097e139255b4e5a98
crash_before_commit,66,False,ROLLBACK:RuntimeError,False,True,06e62670108a47a391178d81f5d98336fd79dd1e0a2714f33559deb1ee146dcb,056713a3cc34de07d3cc7117c094084c6d052269c47604f3771d57dc73734e54
crash_before_commit,67,False,ROLLBACK:RuntimeError,False,True,593d44f7c1145d8d07f099681e5ba97e5dbc030f3e1f279111b0c97f34fa7b95,540fe2b55e41c28a63c4ccf2a04473b331737cc111a90c1f017ff5e6adaa97ed
crash_before_commit,68,False,ROLLBACK:RuntimeError,False,True,29977d68cd2e5697be2fa44306c5ef51b60fa92f86e94a8540aca2b7f1837132,30bd52d761189fccfe707688df97a1e4a2d1dd2d7f9841e1d28379018406b82e
crash_before_commit,69,False,ROLLBACK:RuntimeError,False,True,ab20b960da1c342c859f2551deda4ee03bbb73c63c9ff2658cdf3d1ebe0fc70d,e2f0f45273460cf619e3a8056bc1e2c010435cea9e19835ca9a6d8c4382ac413
crash_before_commit,70,False,ROLLBACK:RuntimeError,False,True,ba1e87c6397e28dafbadecb0ccc8b8da6eba0f784bce8460ee18d2aedcff14f1,e78234b7d4dc047ba3a882ff0e9a3857242cfec2eec1d859d725976200ed5f99
crash_before_commit,71,False,ROLLBACK:RuntimeError,False,True,ed47327be59e1172d01df07f2d5905fd46ca305dc1b6a44a617380cf040ef6b0,2db7b615975b2080508009c05cb961b1fa8ca814885411a00cfcc890dc48440d
crash_before_commit,72,False,ROLLBACK:RuntimeError,False,True,dab68ccbc7a79de795a2bb5ab55fe6883eb9d9da8d07b1fee5fa2c84e2a56049,904e5775549b7e64da854706b44527bb3496a03fee360e3bf27c99399c9cada3
crash_before_commit,73,False,ROLLBACK:RuntimeError,False,True,24b16cf41fb59f4f929a823a1e40a11c50f0110d4f52b0204101e4b2fd77f6a8,f1cfb235c48c0b1287f588afcc419587149624efc09bb5caf931a4b395268f03
crash_before_commit,74,False,ROLLBACK:RuntimeError,False,True,e692a0c513ee61bf50909d648eb431e6d305519db7572378efa7708bc44c1753,66336f1aeee5e8bc96d5ffb9d19f049a150530655990e3a12b244c5ba4f0964d
crash_before_commit,75,False,ROLLBACK:RuntimeError,False,True,eedcff3f99bc9d94f180b9651244908d7bf5d09398fb2b83f57cd2b3406405e9,5c3e05488846eb810907671233d2b1a25f5fa7fc42803a10de8e8d1a631e4cbd
crash_before_commit,76,False,ROLLBACK:RuntimeError,False,True,2ec6a5aff7c23e38d637016139e64821c8fb5adf8b6b9864e1dce1d0c88353b5,4e6392b75f19910f028f538016d96dd8bbbef9d316ffa347b830925417f92e5f
crash_before_commit,77,False,ROLLBACK:RuntimeError,False,True,23ffbda17502dab7b5e5241d54eaf6d20bf7d40da7891504fcfa435265643f9b,b2b639980b1d68b17c047513ff4be861f85ba07636f5b103fb08601e56407ab0
crash_before_commit,78,False,ROLLBACK:RuntimeError,False,True,c645539f9739f05870bc80a21390ce5b9824e6bb32a8c83b231386b33a9a0183,b05f38adcc7edab59b026e6273594d48b0df73f3b0cc636bdb96bbf656142edb
crash_before_commit,79,False,ROLLBACK:RuntimeError,False,True,f99a5ada24781d0e1c31ea844c2c94cad83cbcbae9687d20ed066723afe410d3,c75a000483165df1bda4c2aba2958b0e5ed9d7f05df48f2406edc89e4f29c0e4
crash_before_commit,80,False,ROLLBACK:RuntimeError,False,True,4cdc5cdaa39550171132a58a5f29ec5f4d45c56a64c5bcc734e4ee1cc9d7fe92,b74097eb1166be86c4d90566a4666c1acc44a81778b13ce7f3f09636a3d200a8
crash_before_commit,81,False,ROLLBACK:RuntimeError,False,True,94fc8801188aece11d19d128529f88d58d94bbd1d960ed83e8009fd80b346205,9d5ba317287083ed065125154d85aac2181a9077e41191061f4205522f6bf689
crash_before_commit,82,False,ROLLBACK:RuntimeError,False,True,b7c9e85911bf051b50f20c0db5438d03c658d0af9b655895334f06e917bb2605,c939c93b2feac32a6b16804b220e204b3cd5d42fc6c784f35b7a077812085124
crash_before_commit,83,False,ROLLBACK:RuntimeError,False,True,51cc72b54329ea4965243d5f5a23a25b0738bc82f1d6ceb3f6d379da3e90a84d,bbd67eb04c15699dbd38db6bcea0e7d0b77d637deabd8c7c5047f55923ccbc6c
crash_before_commit,84,False,ROLLBACK:RuntimeError,False,True,7f616a0e56e76c6b266e7dfa85ecde4b192b974e7b4efd1c7b1b71f108e5470a,8a83152abcc518808d0baac5af40c3cb04ff7fe2becefbf0ad536f4f241620ba
crash_before_commit,85,False,ROLLBACK:RuntimeError,False,True,a5fd0c83be7ebc225110c8b25971d10a4af895102684ad2eeafab54969a26a23,f324c0de700c65f6c3d956128bd487dae52a270a58609fd6007801c8af65ecdd
crash_before_commit,86,False,ROLLBACK:RuntimeError,False,True,5c5fdfbb4b35e1822969099994b5416536f79e33abbee55de545f5d2499dc290,8b557c5d401520400d09cfeeb2400a0fea0f08cd0b0a8179fabc0a641510223d
crash_before_commit,87,False,ROLLBACK:RuntimeError,False,True,eff5308c13c3a177edd18eab5c7d7dfcf0303616195ce4eca551d03156cfc4bb,29b69f7b976c4e41fb418bb1eae284bd76791912249c7af3c28cd068e675b5cb
crash_before_commit,88,False,ROLLBACK:RuntimeError,False,True,3a3fed22897bc85a0002c9f4db6647fadad566f50bdc102b9d0b194695019210,0bd52fa9167583d9155eca2ed5d7cd8a1abe7721a3891df81bb5d27ea4468cc7
crash_before_commit,89,False,ROLLBACK:RuntimeError,False,True,d4193a3a2cf55d8ccb30eca46c402d85af5c16e6006baff5beb15281777d12f5,a3c7d3e2051e5ddd76f0ffff8e5479fcf039a13a3d402545fa74b52870ce603e
crash_before_commit,90,False,ROLLBACK:RuntimeError,False,True,ca277e8199546ed95402af2c168ba59e44620622f9c900a823762ec3d78d42f9,d29b1fa626f46504ecf38b18df2a4b1057456762b4ad33a1b51fb6aff1238ab2
crash_before_commit,91,False,ROLLBACK:RuntimeError,False,True,83c36e1d4438ca1a3f988d2e8bbe562126f0ce6570353c79679a5d336f882cac,141d11078b3817ec93700b5724c29539850a1fc5a6b734544c90987ae405ce69
crash_before_commit,92,False,ROLLBACK:RuntimeError,False,True,5a425ce3265ac4799f52416ca418924a210ec53f3a7d42f578ea95d729bfc33e,809cbcf64ad7e915d4de70bb2d4687edb8d8f73fd4a4d2368569d0ccc8cf6ab4
crash_before_commit,93,False,ROLLBACK:RuntimeError,False,True,bd65794e3a6b5abf382314a873c3721401cac902d91ce6c1b0e3aa618432533c,80078eb94b2ffcd26cad6440e51d22842b033c9ef641438afcd21ae324be080b
crash_before_commit,94,False,ROLLBACK:RuntimeError,False,True,1b686dab895ab0bda9a0dfd774106747f08c03e478add920b66d429548931960,083a472fcf2eb44fb41ceccad59daa4bf4b97cd4d4462feb5f8c34b2a70856bb
crash_before_commit,95,False,ROLLBACK:RuntimeError,False,True,ed605fadba71c65034af53814ba5c2cf19432ae95f72e5c3ceafcf143f7bd729,93bb2f6a0682b183228753a86858eed1122d0412c80a26fd7fa5a292c3ad50e0
crash_before_commit,96,False,ROLLBACK:RuntimeError,False,True,5930f391953d25646c2146f8c9e5db346ed61ec26939d428dc2720a0bc397e33,59c555c58ff9780e7f14136151685df82cefa5c9f1f99c803b9d8f2d3fb27904
crash_before_commit,97,False,ROLLBACK:RuntimeError,False,True,f3c0d524f18fe8982e00f7b83380b90f1067d83ee0769f103ed1f302a8e584cf,e48499c41047373e5c6f0204a9399b168bc711be5b930d8d1cd262e49e9c0c6f
crash_before_commit,98,False,ROLLBACK:RuntimeError,False,True,ce35532738b04d57e7cd218b8674f7d087214b4eb1fdfb953495b6a7aadba687,1a2a09fdb9d426864c6b4bd8756853165badf17116cbe026ab6c689f1d7810e9
crash_before_commit,99,False,ROLLBACK:RuntimeError,False,True,85fd7c55c6095a8b6423f3f6241cbbcbbf363434a18d710de7b19ecc9932af98,c89b7fa4c5ad68377930746ae19a414c9d20ba182bcceda2c71d145d2602d3c9
crash_before_commit,100,False,ROLLBACK:RuntimeError,False,True,48573d6cae23e4eef6582142673dd488413ad8cd2f804b7b2b7e24fa7f9233f8,3248f07463e98a08c4be2939bd985b577db9996cc3b4b153ad32f8d278ed49c6
crash_before_commit,101,False,ROLLBACK:RuntimeError,False,True,d07fb9056bb721ccdca3e41e7589b5f3de6949bbcce90dc3869952791aad3d69,f896eb7968d879957a62c247974f486b73b5e4e3ed558fa003adb653500fe4ab
crash_before_commit,102,False,ROLLBACK:RuntimeError,False,True,3c1be91bc242649eadd671cc65d4bf6cd7be4abdbc000ed544a78efb04588386,cc41418a773e702c95625053b1302863a3e5e573f2299bc57e48aa94077f326e
crash_before_commit,103,False,ROLLBACK:RuntimeError,False,True,c900770770606d4495b3b76a3b55f8f5037a95881ca63a60db829fc43c23d128,0af616cea9c34d5669cb860cedd13dbb1ebcfbf29440568a914a4e5ea916c681
crash_before_commit,104,False,ROLLBACK:RuntimeError,False,True,6fe43ccabdafcfeb89791214e1adfa7bec23cbf10909a2a7023bb3cb2b6bcef1,688ffc4dab8107fb4722b4284b1ecb4b737133d3f15e5d4bf52189adc2fe1909
crash_before_commit,105,False,ROLLBACK:RuntimeError,False,True,1307efddac68a76865ebcbdfe2ad2ab62ca3e51bdb15ce1998663384b1d3962b,4ba8483c7990e6ccab0353f6a4fb307d9bdba42111abbb0300654153bbeab188
crash_before_commit,106,False,ROLLBACK:RuntimeError,False,True,fd6bca31e9c18ca42ebd462b591b3d7ec3d2a0cf349b9963999d3a984070fd64,18e046e31f13d4ad409c36217566d6c12df3d4a756bbb71134e8c7401bd8126c
crash_before_commit,107,False,ROLLBACK:RuntimeError,False,True,5687eead52aaf49dc584d1de872ad4e39509087081ff8147172c402c61a4e3da,6b70090df969702093bd320b51c8fe3036e48ccfa6cbbbd465f130de2c96efa5
crash_before_commit,108,False,ROLLBACK:RuntimeError,False,True,0733b7c0a1f12111353d2fdd6fa035ed3c4135b7e53464a1d208fcef431b5c92,2a17c5764fc8005b9e2ddff1d86d137cbb9712378226bf8f1590c34ff058cf26
crash_before_commit,109,False,ROLLBACK:RuntimeError,False,True,67acb6757ebeed98c6c9e126805b816b252d952bf29af4262cafd18148e56e9b,dab09c128d8abbe5ef372a30b76c58cd667aa2c2d94354f4cfa3621cda346445
crash_before_commit,110,False,ROLLBACK:RuntimeError,False,True,28b34f831fd4fdc13dc57f52564cc981c7637cf0e26871a9bc41805a7225c0c1,9edeb2da0c9940941c5c059076d8ebcc09418361319407751083b9828c8ec408
crash_before_commit,111,False,ROLLBACK:RuntimeError,False,True,38ff2082bf0b83da9a0811a9ca075f694ebc072d4917303539e6df0a02b16ba5,ffe1e2056272a7aaf14b6b9779c4ba1941cfb5317a775060eb198c87c8022757
crash_before_commit,112,False,ROLLBACK:RuntimeError,False,True,7d196567c3755e63fc82d2502747cd988d307fe212947d348d87e8bac3221c7b,751ae9fa50e616b9aa00f59f3777666c70cd40f49a128a0d63f58599100751fc
crash_before_commit,113,False,ROLLBACK:RuntimeError,False,True,2c9f43e644683d6b6a7e8731cf86d600de7e0757333ebbbe6dddf8253d05dc6f,a866a757ed4101e7550bf1beeb49b7eba82d810ab156574cf5ccd8e851553c71
crash_before_commit,114,False,ROLLBACK:RuntimeError,False,True,048ecfce374b438bd586c5979e5338a6a5b0e5fec86ec626c0eb0304e031d93c,42fa776c965bf59293e79da52905de0905d99e79dd926c9a9410ad1afc36f02b
crash_before_commit,115,False,ROLLBACK:RuntimeError,False,True,5e2c52facb8cf50a4b25bef375241bf0525494aa58dbeebcd3b7e870f11d35d3,773ffd1135ae7e5a28b0b0789b9528e3a2f208f72467d7a5b5b9dbf6ed430a73
crash_before_commit,116,False,ROLLBACK:RuntimeError,False,True,c1498582070af31292ba799e1f915be5eab190934b588d58c1a69c6e3c8f3174,9fb4440870c5725c1b416e40fb70951524f900c25df579de1343093df3d91d2b
crash_before_commit,117,False,ROLLBACK:RuntimeError,False,True,fe02c39ecaba364bb230d843fc42b8070f7ee39d0bff15fdbbe4f09eea5bac34,f1dc1ccd0d35d1f677e8468f98ddaec81a9dc512a155cee0957ed604f477a5f0
crash_before_commit,118,False,ROLLBACK:RuntimeError,False,True,2d4550a135a43a9ec541f8f899475d5003d5ebc04d3a60c6707b365122b63e3b,d64053df95d28028313436623c33538678d7c78be8ab1463a6cdf832772cde08
crash_before_commit,119,False,ROLLBACK:RuntimeError,False,True,cf0091b648f463fc559875129e3483ed1a717c311712c935adf18d56676e8e3a,70d8a0adcfb719519e6b86ff9826eef98d65949a7e790700ad691df42c1e3e5a
