model,case_id,evaluable,missing_reason,v2_trigger,v3_trigger,new_v3_trigger
Qwen3.5-122B,ntx3-002299-0,True,,False,False,False
Qwen3.5-122B,ntx3-002299-1,True,,False,False,False
Qwen3.5-122B,ntx3-002299-2,True,,False,False,False
Qwen3.5-122B,ntx3-002299-3,True,,False,False,False
Qwen3.5-122B,ntx3-001529-0,True,,False,False,False
Qwen3.5-122B,ntx3-001529-1,True,,False,False,False
Qwen3.5-122B,ntx3-001529-2,True,,False,False,False
Qwen3.5-122B,ntx3-001529-3,True,,False,False,False
Qwen3.5-122B,ntx3-001644-0,True,,False,False,False
Qwen3.5-122B,ntx3-001644-1,True,,False,False,False
Qwen3.5-122B,ntx3-001644-2,True,,False,False,False
Qwen3.5-122B,ntx3-001644-3,True,,False,False,False
Qwen3.5-122B,ntx3-000175-0,True,,False,False,False
Qwen3.5-122B,ntx3-000175-1,True,,False,False,False
Qwen3.5-122B,ntx3-000175-2,True,,False,False,False
Qwen3.5-122B,ntx3-000175-3,True,,False,False,False
Qwen3.5-122B,ntx3-000679-0,True,,False,False,False
Qwen3.5-122B,ntx3-000679-1,True,,False,False,False
Qwen3.5-122B,ntx3-000679-2,True,,False,False,False
Qwen3.5-122B,ntx3-000679-3,True,,False,False,False
Qwen3.5-122B,ntx3-001307-0,True,,False,False,False
Qwen3.5-122B,ntx3-001307-1,True,,False,False,False
Qwen3.5-122B,ntx3-001307-2,True,,False,False,False
Qwen3.5-122B,ntx3-001307-3,True,,False,False,False
Qwen3.5-122B,ntx3-001476-0,True,,False,False,False
Qwen3.5-122B,ntx3-001476-1,True,,False,False,False
Qwen3.5-122B,ntx3-001476-2,True,,False,False,False
Qwen3.5-122B,ntx3-001476-3,True,,False,False,False
Qwen3.5-122B,ntx3-001929-0,True,,False,False,False
Qwen3.5-122B,ntx3-001929-1,True,,False,False,False
Qwen3.5-122B,ntx3-001929-2,True,,False,False,False
Qwen3.5-122B,ntx3-001929-3,True,,False,False,False
Qwen3.5-122B,ntx3-001674-0,True,,False,False,False
Qwen3.5-122B,ntx3-001674-1,True,,False,False,False
Qwen3.5-122B,ntx3-001674-2,True,,False,False,False
Qwen3.5-122B,ntx3-001674-3,True,,False,False,False
Qwen3.5-122B,ntx3-002470-0,True,,False,False,False
Qwen3.5-122B,ntx3-002470-1,True,,False,False,False
Qwen3.5-122B,ntx3-002470-2,True,,False,False,False
Qwen3.5-122B,ntx3-002470-3,True,,False,False,False
Qwen3.5-122B,ntx3-000825-0,True,,False,False,False
Qwen3.5-122B,ntx3-000825-1,True,,False,False,False
Qwen3.5-122B,ntx3-000825-2,True,,False,False,False
Qwen3.5-122B,ntx3-000825-3,True,,False,False,False
Qwen3.5-122B,ntx3-000324-0,True,,False,False,False
Qwen3.5-122B,ntx3-000324-1,True,,False,False,False
Qwen3.5-122B,ntx3-000324-2,True,,False,False,False
Qwen3.5-122B,ntx3-000324-3,True,,False,False,False
Qwen3.5-122B,ntx3-001878-0,True,,False,False,False
Qwen3.5-122B,ntx3-001878-1,True,,False,False,False
Qwen3.5-122B,ntx3-001878-2,True,,False,False,False
Qwen3.5-122B,ntx3-001878-3,True,,False,False,False
Qwen3.5-122B,ntx3-001705-0,True,,False,False,False
Qwen3.5-122B,ntx3-001705-1,True,,False,False,False
Qwen3.5-122B,ntx3-001705-2,True,,False,False,False
Qwen3.5-122B,ntx3-001705-3,True,,False,False,False
Qwen3.5-122B,ntx3-002485-0,True,,False,False,False
Qwen3.5-122B,ntx3-002485-1,True,,False,False,False
Qwen3.5-122B,ntx3-002485-2,True,,False,False,False
Qwen3.5-122B,ntx3-002485-3,True,,False,False,False
Qwen3.5-122B,ntx3-001225-0,True,,False,False,False
Qwen3.5-122B,ntx3-001225-1,True,,False,False,False
Qwen3.5-122B,ntx3-001225-2,True,,False,False,False
Qwen3.5-122B,ntx3-001225-3,True,,False,False,False
Qwen3.5-122B,ntx3-001049-0,True,,False,False,False
Qwen3.5-122B,ntx3-001049-1,True,,False,False,False
Qwen3.5-122B,ntx3-001049-2,True,,False,False,False
Qwen3.5-122B,ntx3-001049-3,True,,False,False,False
Qwen3.5-122B,ntx3-000595-0,True,,False,False,False
Qwen3.5-122B,ntx3-000595-1,True,,False,False,False
Qwen3.5-122B,ntx3-000595-2,True,,False,False,False
Qwen3.5-122B,ntx3-000595-3,True,,False,False,False
Qwen3.5-122B,ntx3-002124-0,True,,False,False,False
Qwen3.5-122B,ntx3-002124-1,True,,False,False,False
Qwen3.5-122B,ntx3-002124-2,True,,False,False,False
Qwen3.5-122B,ntx3-002124-3,True,,False,False,False
Qwen3.5-122B,ntx3-000153-0,True,,False,False,False
Qwen3.5-122B,ntx3-000153-1,True,,False,False,False
Qwen3.5-122B,ntx3-000153-2,True,,False,False,False
Qwen3.5-122B,ntx3-000153-3,True,,False,False,False
Qwen3.5-122B,ntx3-000857-0,True,,False,False,False
Qwen3.5-122B,ntx3-000857-1,True,,False,False,False
Qwen3.5-122B,ntx3-000857-2,True,,False,False,False
Qwen3.5-122B,ntx3-000857-3,True,,False,False,False
Qwen3.5-122B,ntx3-000505-0,True,,False,False,False
Qwen3.5-122B,ntx3-000505-1,True,,False,False,False
Qwen3.5-122B,ntx3-000505-2,True,,False,False,False
Qwen3.5-122B,ntx3-000505-3,True,,False,False,False
Qwen3.5-122B,ntx3-001415-0,True,,False,False,False
Qwen3.5-122B,ntx3-001415-1,True,,False,False,False
Qwen3.5-122B,ntx3-001415-2,True,,False,False,False
Qwen3.5-122B,ntx3-001415-3,True,,False,False,False
Qwen3.5-122B,ntx3-002309-0,True,,False,False,False
Qwen3.5-122B,ntx3-002309-1,True,,False,False,False
Qwen3.5-122B,ntx3-002309-2,True,,False,False,False
Qwen3.5-122B,ntx3-002309-3,True,,False,False,False
Qwen3.5-122B,ntx3-000413-0,True,,False,False,False
Qwen3.5-122B,ntx3-000413-1,True,,False,False,False
Qwen3.5-122B,ntx3-000413-2,True,,False,False,False
Qwen3.5-122B,ntx3-000413-3,True,,False,False,False
Qwen3.5-122B,ntx3-001084-0,True,,False,False,False
Qwen3.5-122B,ntx3-001084-1,True,,False,False,False
Qwen3.5-122B,ntx3-001084-2,True,,False,False,False
Qwen3.5-122B,ntx3-001084-3,True,,False,False,False
Qwen3.5-122B,ntx3-001016-0,True,,False,False,False
Qwen3.5-122B,ntx3-001016-1,True,,False,False,False
Qwen3.5-122B,ntx3-001016-2,True,,False,False,False
Qwen3.5-122B,ntx3-001016-3,True,,False,False,False
Qwen3.5-122B,ntx3-000127-0,True,,False,False,False
Qwen3.5-122B,ntx3-000127-1,True,,False,False,False
Qwen3.5-122B,ntx3-000127-2,True,,False,False,False
Qwen3.5-122B,ntx3-000127-3,True,,False,False,False
Qwen3.5-122B,ntx3-002295-0,True,,False,False,False
Qwen3.5-122B,ntx3-002295-1,True,,False,False,False
Qwen3.5-122B,ntx3-002295-2,True,,False,False,False
Qwen3.5-122B,ntx3-002295-3,True,,False,False,False
Qwen3.5-122B,ntx3-002486-0,True,,False,False,False
Qwen3.5-122B,ntx3-002486-1,True,,False,False,False
Qwen3.5-122B,ntx3-002486-2,True,,False,False,False
Qwen3.5-122B,ntx3-002486-3,True,,False,False,False
Qwen3.5-122B,ntx3-000540-0,True,,False,False,False
Qwen3.5-122B,ntx3-000540-1,True,,False,False,False
Qwen3.5-122B,ntx3-000540-2,True,,False,False,False
Qwen3.5-122B,ntx3-000540-3,True,,False,False,False
Qwen3.5-122B,ntx3-000958-0,True,,False,False,False
Qwen3.5-122B,ntx3-000958-1,True,,False,False,False
Qwen3.5-122B,ntx3-000958-2,True,,False,False,False
Qwen3.5-122B,ntx3-000958-3,True,,False,False,False
Qwen3.5-122B,ntx3-001786-0,True,,False,False,False
Qwen3.5-122B,ntx3-001786-1,True,,False,False,False
Qwen3.5-122B,ntx3-001786-2,True,,False,False,False
Qwen3.5-122B,ntx3-001786-3,True,,False,False,False
Qwen3.5-122B,ntx3-000697-0,True,,False,False,False
Qwen3.5-122B,ntx3-000697-1,True,,False,False,False
Qwen3.5-122B,ntx3-000697-2,True,,False,False,False
Qwen3.5-122B,ntx3-000697-3,True,,False,False,False
Qwen3.5-122B,ntx3-001970-0,True,,False,False,False
Qwen3.5-122B,ntx3-001970-1,True,,False,False,False
Qwen3.5-122B,ntx3-001970-2,True,,False,False,False
Qwen3.5-122B,ntx3-001970-3,True,,False,False,False
Qwen3.5-122B,ntx3-001903-0,True,,False,False,False
Qwen3.5-122B,ntx3-001903-1,True,,False,False,False
Qwen3.5-122B,ntx3-001903-2,True,,False,False,False
Qwen3.5-122B,ntx3-001903-3,True,,False,False,False
Qwen3.5-122B,ntx3-000452-0,True,,False,False,False
Qwen3.5-122B,ntx3-000452-1,True,,False,False,False
Qwen3.5-122B,ntx3-000452-2,True,,False,False,False
Qwen3.5-122B,ntx3-000452-3,True,,False,False,False
Qwen3.5-122B,ntx3-001577-0,True,,False,False,False
Qwen3.5-122B,ntx3-001577-1,True,,False,False,False
Qwen3.5-122B,ntx3-001577-2,True,,False,False,False
Qwen3.5-122B,ntx3-001577-3,True,,False,False,False
Qwen3.5-122B,ntx3-001029-0,True,,False,False,False
Qwen3.5-122B,ntx3-001029-1,True,,False,False,False
Qwen3.5-122B,ntx3-001029-2,True,,False,False,False
Qwen3.5-122B,ntx3-001029-3,True,,False,False,False
Qwen3.5-122B,ntx3-001846-0,True,,False,False,False
Qwen3.5-122B,ntx3-001846-1,True,,False,False,False
Qwen3.5-122B,ntx3-001846-2,True,,False,False,False
Qwen3.5-122B,ntx3-001846-3,True,,False,False,False
Qwen3.5-122B,ntx3-002172-0,True,,False,False,False
Qwen3.5-122B,ntx3-002172-1,True,,False,False,False
Qwen3.5-122B,ntx3-002172-2,True,,False,False,False
Qwen3.5-122B,ntx3-002172-3,True,,False,False,False
Qwen3.5-122B,ntx3-001668-0,True,,False,False,False
Qwen3.5-122B,ntx3-001668-1,True,,False,False,False
Qwen3.5-122B,ntx3-001668-2,True,,False,False,False
Qwen3.5-122B,ntx3-001668-3,True,,False,False,False
Qwen3.5-122B,ntx3-001426-0,True,,False,False,False
Qwen3.5-122B,ntx3-001426-1,True,,False,False,False
Qwen3.5-122B,ntx3-001426-2,True,,False,False,False
Qwen3.5-122B,ntx3-001426-3,True,,False,False,False
Qwen3.5-122B,ntx3-002318-0,True,,False,False,False
Qwen3.5-122B,ntx3-002318-1,True,,False,False,False
Qwen3.5-122B,ntx3-002318-2,True,,False,False,False
Qwen3.5-122B,ntx3-002318-3,True,,False,False,False
Qwen3.5-122B,ntx3-001496-0,True,,False,False,False
Qwen3.5-122B,ntx3-001496-1,True,,False,False,False
Qwen3.5-122B,ntx3-001496-2,True,,False,False,False
Qwen3.5-122B,ntx3-001496-3,True,,False,False,False
Qwen3.5-122B,ntx3-002036-0,True,,False,False,False
Qwen3.5-122B,ntx3-002036-1,True,,False,False,False
Qwen3.5-122B,ntx3-002036-2,True,,False,False,False
Qwen3.5-122B,ntx3-002036-3,True,,False,False,False
Qwen3.5-122B,ntx3-000561-0,True,,False,False,False
Qwen3.5-122B,ntx3-000561-1,True,,False,False,False
Qwen3.5-122B,ntx3-000561-2,True,,False,False,False
Qwen3.5-122B,ntx3-000561-3,True,,False,False,False
Qwen3.5-122B,ntx3-002386-0,True,,False,False,False
Qwen3.5-122B,ntx3-002386-1,True,,False,False,False
Qwen3.5-122B,ntx3-002386-2,True,,False,False,False
Qwen3.5-122B,ntx3-002386-3,True,,False,False,False
Qwen3.5-122B,ntx3-001091-0,True,,False,False,False
Qwen3.5-122B,ntx3-001091-1,True,,False,False,False
Qwen3.5-122B,ntx3-001091-2,True,,False,False,False
Qwen3.5-122B,ntx3-001091-3,True,,False,False,False
Qwen3.5-122B,ntx3-000379-0,True,,False,False,False
Qwen3.5-122B,ntx3-000379-1,True,,False,False,False
Qwen3.5-122B,ntx3-000379-2,True,,False,False,False
Qwen3.5-122B,ntx3-000379-3,True,,False,False,False
Qwen3.5-122B,ntx3-000457-0,True,,False,False,False
Qwen3.5-122B,ntx3-000457-1,True,,False,False,False
Qwen3.5-122B,ntx3-000457-2,True,,False,False,False
Qwen3.5-122B,ntx3-000457-3,True,,False,False,False
Qwen3.5-122B,ntx3-001751-0,True,,False,False,False
Qwen3.5-122B,ntx3-001751-1,True,,False,False,False
Qwen3.5-122B,ntx3-001751-2,True,,False,False,False
Qwen3.5-122B,ntx3-001751-3,True,,False,False,False
Qwen3.5-122B,ntx3-000645-0,True,,False,False,False
Qwen3.5-122B,ntx3-000645-1,True,,False,False,False
Qwen3.5-122B,ntx3-000645-2,True,,False,False,False
Qwen3.5-122B,ntx3-000645-3,True,,False,False,False
Qwen3.5-122B,ntx3-000164-0,True,,False,False,False
Qwen3.5-122B,ntx3-000164-1,True,,False,False,False
Qwen3.5-122B,ntx3-000164-2,True,,False,False,False
Qwen3.5-122B,ntx3-000164-3,True,,False,False,False
Qwen3.5-122B,ntx3-001695-0,True,,False,False,False
Qwen3.5-122B,ntx3-001695-1,True,,False,False,False
Qwen3.5-122B,ntx3-001695-2,True,,False,False,False
Qwen3.5-122B,ntx3-001695-3,True,,False,False,False
Qwen3.5-122B,ntx3-001957-0,True,,False,False,False
Qwen3.5-122B,ntx3-001957-1,True,,False,False,False
Qwen3.5-122B,ntx3-001957-2,True,,False,False,False
Qwen3.5-122B,ntx3-001957-3,True,,False,False,False
Qwen3.5-122B,ntx3-000449-0,True,,False,False,False
Qwen3.5-122B,ntx3-000449-1,True,,False,False,False
Qwen3.5-122B,ntx3-000449-2,True,,False,False,False
Qwen3.5-122B,ntx3-000449-3,True,,False,False,False
Qwen3.5-122B,ntx3-000496-0,True,,False,False,False
Qwen3.5-122B,ntx3-000496-1,True,,False,False,False
Qwen3.5-122B,ntx3-000496-2,True,,False,False,False
Qwen3.5-122B,ntx3-000496-3,True,,False,False,False
Qwen3.5-122B,ntx3-001519-0,True,,False,False,False
Qwen3.5-122B,ntx3-001519-1,True,,False,False,False
Qwen3.5-122B,ntx3-001519-2,True,,False,False,False
Qwen3.5-122B,ntx3-001519-3,True,,False,False,False
Qwen3.5-122B,ntx3-002337-0,True,,False,False,False
Qwen3.5-122B,ntx3-002337-1,True,,False,False,False
Qwen3.5-122B,ntx3-002337-2,True,,False,False,False
Qwen3.5-122B,ntx3-002337-3,True,,False,False,False
Qwen3.5-122B,ntx3-000940-0,True,,False,False,False
Qwen3.5-122B,ntx3-000940-1,True,,False,False,False
Qwen3.5-122B,ntx3-000940-2,True,,False,False,False
Qwen3.5-122B,ntx3-000940-3,True,,False,False,False
Qwen3.5-122B,ntx3-001324-0,True,,False,False,False
Qwen3.5-122B,ntx3-001324-1,True,,False,False,False
Qwen3.5-122B,ntx3-001324-2,True,,False,False,False
Qwen3.5-122B,ntx3-001324-3,True,,False,False,False
Qwen3.5-122B,ntx3-002308-0,True,,False,False,False
Qwen3.5-122B,ntx3-002308-1,True,,False,False,False
Qwen3.5-122B,ntx3-002308-2,True,,False,False,False
Qwen3.5-122B,ntx3-002308-3,True,,False,False,False
Qwen3.5-122B,ntx3-000898-0,True,,False,False,False
Qwen3.5-122B,ntx3-000898-1,True,,False,False,False
Qwen3.5-122B,ntx3-000898-2,True,,False,False,False
Qwen3.5-122B,ntx3-000898-3,True,,False,False,False
Qwen3.5-122B,ntx3-000375-0,True,,False,False,False
Qwen3.5-122B,ntx3-000375-1,True,,False,False,False
Qwen3.5-122B,ntx3-000375-2,True,,False,False,False
Qwen3.5-122B,ntx3-000375-3,True,,False,False,False
Qwen3.5-122B,ntx3-001366-0,True,,False,False,False
Qwen3.5-122B,ntx3-001366-1,True,,False,False,False
Qwen3.5-122B,ntx3-001366-2,True,,False,False,False
Qwen3.5-122B,ntx3-001366-3,True,,False,False,False
Qwen3.5-122B,ntx3-002181-0,True,,False,False,False
Qwen3.5-122B,ntx3-002181-1,True,,False,False,False
Qwen3.5-122B,ntx3-002181-2,True,,False,False,False
Qwen3.5-122B,ntx3-002181-3,True,,False,False,False
Qwen3.5-122B,ntx3-001816-0,True,,False,False,False
Qwen3.5-122B,ntx3-001816-1,True,,False,False,False
Qwen3.5-122B,ntx3-001816-2,True,,False,False,False
Qwen3.5-122B,ntx3-001816-3,True,,False,False,False
Qwen3.5-122B,ntx3-002436-0,True,,False,False,False
Qwen3.5-122B,ntx3-002436-1,True,,False,False,False
Qwen3.5-122B,ntx3-002436-2,True,,False,False,False
Qwen3.5-122B,ntx3-002436-3,True,,False,False,False
Qwen3.5-122B,ntx3-002412-0,True,,False,False,False
Qwen3.5-122B,ntx3-002412-1,True,,False,False,False
Qwen3.5-122B,ntx3-002412-2,True,,False,False,False
Qwen3.5-122B,ntx3-002412-3,True,,False,False,False
Qwen3.5-122B,ntx3-001757-0,True,,False,False,False
Qwen3.5-122B,ntx3-001757-1,True,,False,False,False
Qwen3.5-122B,ntx3-001757-2,True,,False,False,False
Qwen3.5-122B,ntx3-001757-3,True,,False,False,False
Qwen3.5-122B,ntx3-000272-0,True,,False,False,False
Qwen3.5-122B,ntx3-000272-1,True,,False,False,False
Qwen3.5-122B,ntx3-000272-2,True,,False,False,False
Qwen3.5-122B,ntx3-000272-3,True,,False,False,False
Qwen3.5-122B,ntx3-002215-0,True,,False,False,False
Qwen3.5-122B,ntx3-002215-1,True,,False,False,False
Qwen3.5-122B,ntx3-002215-2,True,,False,False,False
Qwen3.5-122B,ntx3-002215-3,True,,False,False,False
Qwen3.5-122B,ntx3-000628-0,True,,False,False,False
Qwen3.5-122B,ntx3-000628-1,True,,False,False,False
Qwen3.5-122B,ntx3-000628-2,True,,False,False,False
Qwen3.5-122B,ntx3-000628-3,True,,False,False,False
Qwen3.5-122B,ntx3-002212-0,True,,False,False,False
Qwen3.5-122B,ntx3-002212-1,True,,False,False,False
Qwen3.5-122B,ntx3-002212-2,True,,False,False,False
Qwen3.5-122B,ntx3-002212-3,True,,False,False,False
Qwen3.5-122B,ntx3-000445-0,True,,False,False,False
Qwen3.5-122B,ntx3-000445-1,True,,False,False,False
Qwen3.5-122B,ntx3-000445-2,True,,False,False,False
Qwen3.5-122B,ntx3-000445-3,True,,False,False,False
Qwen3.5-122B,ntx3-001478-0,True,,False,False,False
Qwen3.5-122B,ntx3-001478-1,True,,False,False,False
Qwen3.5-122B,ntx3-001478-2,True,,False,False,False
Qwen3.5-122B,ntx3-001478-3,True,,False,False,False
Qwen3.5-122B,ntx3-001477-0,True,,False,False,False
Qwen3.5-122B,ntx3-001477-1,True,,False,False,False
Qwen3.5-122B,ntx3-001477-2,True,,False,False,False
Qwen3.5-122B,ntx3-001477-3,True,,False,False,False
Qwen3.5-122B,ntx3-001514-0,True,,False,False,False
Qwen3.5-122B,ntx3-001514-1,True,,False,False,False
Qwen3.5-122B,ntx3-001514-2,True,,False,False,False
Qwen3.5-122B,ntx3-001514-3,True,,False,False,False
Qwen3.5-122B,ntx3-000800-0,True,,False,False,False
Qwen3.5-122B,ntx3-000800-1,True,,False,False,False
Qwen3.5-122B,ntx3-000800-2,True,,False,False,False
Qwen3.5-122B,ntx3-000800-3,True,,False,False,False
Qwen3.5-122B,ntx3-001857-0,True,,False,False,False
Qwen3.5-122B,ntx3-001857-1,True,,False,False,False
Qwen3.5-122B,ntx3-001857-2,True,,False,False,False
Qwen3.5-122B,ntx3-001857-3,True,,False,False,False
Qwen3.5-122B,ntx3-002428-0,True,,False,False,False
Qwen3.5-122B,ntx3-002428-1,True,,False,False,False
Qwen3.5-122B,ntx3-002428-2,True,,False,False,False
Qwen3.5-122B,ntx3-002428-3,True,,False,False,False
Qwen3.5-122B,ntx3-001506-0,True,,False,False,False
Qwen3.5-122B,ntx3-001506-1,True,,False,False,False
Qwen3.5-122B,ntx3-001506-2,True,,False,False,False
Qwen3.5-122B,ntx3-001506-3,True,,False,False,False
Qwen3.5-122B,ntx3-000504-0,True,,False,False,False
Qwen3.5-122B,ntx3-000504-1,True,,False,False,False
Qwen3.5-122B,ntx3-000504-2,True,,False,False,False
Qwen3.5-122B,ntx3-000504-3,True,,False,False,False
Qwen3.5-122B,ntx3-001147-0,True,,False,False,False
Qwen3.5-122B,ntx3-001147-1,True,,False,False,False
Qwen3.5-122B,ntx3-001147-2,True,,False,False,False
Qwen3.5-122B,ntx3-001147-3,True,,False,False,False
Qwen3.5-122B,ntx3-000395-0,True,,False,False,False
Qwen3.5-122B,ntx3-000395-1,True,,False,False,False
Qwen3.5-122B,ntx3-000395-2,True,,False,False,False
Qwen3.5-122B,ntx3-000395-3,True,,False,False,False
Qwen3.5-122B,ntx3-000815-0,True,,False,False,False
Qwen3.5-122B,ntx3-000815-1,True,,False,False,False
Qwen3.5-122B,ntx3-000815-2,True,,False,False,False
Qwen3.5-122B,ntx3-000815-3,True,,False,False,False
Qwen3.5-122B,ntx3-001154-0,True,,False,False,False
Qwen3.5-122B,ntx3-001154-1,True,,False,False,False
Qwen3.5-122B,ntx3-001154-2,True,,False,False,False
Qwen3.5-122B,ntx3-001154-3,True,,False,False,False
Qwen3.5-122B,ntx3-000261-0,True,,False,False,False
Qwen3.5-122B,ntx3-000261-1,True,,False,False,False
Qwen3.5-122B,ntx3-000261-2,True,,False,False,False
Qwen3.5-122B,ntx3-000261-3,True,,False,False,False
Qwen3.5-122B,ntx3-000709-0,True,,False,False,False
Qwen3.5-122B,ntx3-000709-1,True,,False,False,False
Qwen3.5-122B,ntx3-000709-2,True,,False,False,False
Qwen3.5-122B,ntx3-000709-3,True,,False,False,False
Qwen3.5-122B,ntx3-000530-0,True,,False,False,False
Qwen3.5-122B,ntx3-000530-1,True,,False,False,False
Qwen3.5-122B,ntx3-000530-2,True,,False,False,False
Qwen3.5-122B,ntx3-000530-3,True,,False,False,False
Qwen3.5-122B,ntx3-001390-0,True,,False,False,False
Qwen3.5-122B,ntx3-001390-1,True,,False,False,False
Qwen3.5-122B,ntx3-001390-2,True,,False,False,False
Qwen3.5-122B,ntx3-001390-3,True,,False,False,False
Qwen3.5-122B,ntx3-001985-0,True,,False,False,False
Qwen3.5-122B,ntx3-001985-1,True,,False,False,False
Qwen3.5-122B,ntx3-001985-2,True,,False,False,False
Qwen3.5-122B,ntx3-001985-3,True,,False,False,False
Qwen3.5-122B,ntx3-001233-0,True,,False,False,False
Qwen3.5-122B,ntx3-001233-1,True,,False,False,False
Qwen3.5-122B,ntx3-001233-2,True,,False,False,False
Qwen3.5-122B,ntx3-001233-3,True,,False,False,False
Qwen3.5-122B,ntx3-002434-0,True,,False,False,False
Qwen3.5-122B,ntx3-002434-1,True,,False,False,False
Qwen3.5-122B,ntx3-002434-2,True,,False,False,False
Qwen3.5-122B,ntx3-002434-3,True,,False,False,False
Qwen3.5-122B,ntx3-001213-0,True,,False,False,False
Qwen3.5-122B,ntx3-001213-1,True,,False,False,False
Qwen3.5-122B,ntx3-001213-2,True,,False,False,False
Qwen3.5-122B,ntx3-001213-3,True,,False,False,False
Qwen3.5-122B,ntx3-001584-0,True,,False,False,False
Qwen3.5-122B,ntx3-001584-1,True,,False,False,False
Qwen3.5-122B,ntx3-001584-2,True,,False,False,False
Qwen3.5-122B,ntx3-001584-3,True,,False,False,False
Qwen3.5-122B,ntx3-002065-0,True,,False,False,False
Qwen3.5-122B,ntx3-002065-1,True,,False,False,False
Qwen3.5-122B,ntx3-002065-2,True,,False,False,False
Qwen3.5-122B,ntx3-002065-3,True,,False,False,False
Qwen3.5-122B,ntx3-001967-0,True,,False,False,False
Qwen3.5-122B,ntx3-001967-1,True,,False,False,False
Qwen3.5-122B,ntx3-001967-2,True,,False,False,False
Qwen3.5-122B,ntx3-001967-3,True,,False,False,False
Qwen3.5-122B,ntx3-001486-0,True,,False,False,False
Qwen3.5-122B,ntx3-001486-1,True,,False,False,False
Qwen3.5-122B,ntx3-001486-2,True,,False,False,False
Qwen3.5-122B,ntx3-001486-3,True,,False,False,False
Qwen3.5-122B,ntx3-000232-0,True,,False,False,False
Qwen3.5-122B,ntx3-000232-1,True,,False,False,False
Qwen3.5-122B,ntx3-000232-2,True,,False,False,False
Qwen3.5-122B,ntx3-000232-3,True,,False,False,False
Qwen3.5-122B,ntx3-001670-0,True,,False,False,False
Qwen3.5-122B,ntx3-001670-1,True,,False,False,False
Qwen3.5-122B,ntx3-001670-2,True,,False,False,False
Qwen3.5-122B,ntx3-001670-3,True,,False,False,False
Qwen3.5-122B,ntx3-000600-0,True,,False,False,False
Qwen3.5-122B,ntx3-000600-1,True,,False,False,False
Qwen3.5-122B,ntx3-000600-2,True,,False,False,False
Qwen3.5-122B,ntx3-000600-3,True,,False,False,False
Qwen3.5-122B,ntx3-000464-0,True,,False,False,False
Qwen3.5-122B,ntx3-000464-1,True,,False,False,False
Qwen3.5-122B,ntx3-000464-2,True,,False,False,False
Qwen3.5-122B,ntx3-000464-3,True,,False,False,False
Qwen3.5-122B,ntx3-002211-0,True,,False,False,False
Qwen3.5-122B,ntx3-002211-1,True,,False,False,False
Qwen3.5-122B,ntx3-002211-2,True,,False,False,False
Qwen3.5-122B,ntx3-002211-3,True,,False,False,False
Qwen3.5-122B,ntx3-001936-0,True,,False,False,False
Qwen3.5-122B,ntx3-001936-1,True,,False,False,False
Qwen3.5-122B,ntx3-001936-2,True,,False,False,False
Qwen3.5-122B,ntx3-001936-3,True,,False,False,False
Qwen3.5-122B,ntx3-002037-0,True,,False,False,False
Qwen3.5-122B,ntx3-002037-1,True,,False,False,False
Qwen3.5-122B,ntx3-002037-2,True,,False,False,False
Qwen3.5-122B,ntx3-002037-3,True,,False,False,False
Qwen3.5-122B,ntx3-000410-0,True,,False,False,False
Qwen3.5-122B,ntx3-000410-1,True,,False,False,False
Qwen3.5-122B,ntx3-000410-2,True,,False,False,False
Qwen3.5-122B,ntx3-000410-3,True,,False,False,False
Qwen3.5-122B,ntx3-001652-0,True,,False,False,False
Qwen3.5-122B,ntx3-001652-1,True,,False,False,False
Qwen3.5-122B,ntx3-001652-2,True,,False,False,False
Qwen3.5-122B,ntx3-001652-3,True,,False,False,False
Qwen3.5-122B,ntx3-000721-0,True,,False,False,False
Qwen3.5-122B,ntx3-000721-1,True,,False,False,False
Qwen3.5-122B,ntx3-000721-2,True,,False,False,False
Qwen3.5-122B,ntx3-000721-3,True,,False,False,False
Qwen3.5-122B,ntx3-002206-0,True,,False,False,False
Qwen3.5-122B,ntx3-002206-1,True,,False,False,False
Qwen3.5-122B,ntx3-002206-2,True,,False,False,False
Qwen3.5-122B,ntx3-002206-3,True,,False,False,False
Qwen3.5-122B,ntx3-002224-0,True,,False,False,False
Qwen3.5-122B,ntx3-002224-1,True,,False,False,False
Qwen3.5-122B,ntx3-002224-2,True,,False,False,False
Qwen3.5-122B,ntx3-002224-3,True,,False,False,False
Qwen3.5-122B,ntx3-000349-0,True,,False,False,False
Qwen3.5-122B,ntx3-000349-1,True,,False,False,False
Qwen3.5-122B,ntx3-000349-2,True,,False,False,False
Qwen3.5-122B,ntx3-000349-3,True,,False,False,False
Qwen3.5-122B,ntx3-000539-0,True,,False,False,False
Qwen3.5-122B,ntx3-000539-1,True,,False,False,False
Qwen3.5-122B,ntx3-000539-2,True,,False,False,False
Qwen3.5-122B,ntx3-000539-3,True,,False,False,False
Qwen3.5-122B,ntx3-001968-0,True,,False,False,False
Qwen3.5-122B,ntx3-001968-1,True,,False,False,False
Qwen3.5-122B,ntx3-001968-2,True,,False,False,False
Qwen3.5-122B,ntx3-001968-3,True,,False,False,False
Qwen3.5-122B,ntx3-001889-0,True,,False,False,False
Qwen3.5-122B,ntx3-001889-1,True,,False,False,False
Qwen3.5-122B,ntx3-001889-2,True,,False,False,False
Qwen3.5-122B,ntx3-001889-3,True,,False,False,False
Qwen3.5-122B,ntx3-001838-0,True,,False,False,False
Qwen3.5-122B,ntx3-001838-1,True,,False,False,False
Qwen3.5-122B,ntx3-001838-2,True,,False,False,False
Qwen3.5-122B,ntx3-001838-3,True,,False,False,False
Qwen3.5-122B,ntx3-001904-0,True,,False,False,False
Qwen3.5-122B,ntx3-001904-1,True,,False,False,False
Qwen3.5-122B,ntx3-001904-2,True,,False,False,False
Qwen3.5-122B,ntx3-001904-3,True,,False,False,False
Qwen3.5-122B,ntx3-000315-0,True,,False,False,False
Qwen3.5-122B,ntx3-000315-1,True,,False,False,False
Qwen3.5-122B,ntx3-000315-2,True,,False,False,False
Qwen3.5-122B,ntx3-000315-3,True,,False,False,False
Qwen3.5-122B,ntx3-002270-0,True,,False,False,False
Qwen3.5-122B,ntx3-002270-1,True,,False,False,False
Qwen3.5-122B,ntx3-002270-2,True,,False,False,False
Qwen3.5-122B,ntx3-002270-3,True,,False,False,False
Qwen3.5-122B,ntx3-002439-0,True,,False,False,False
Qwen3.5-122B,ntx3-002439-1,True,,False,False,False
Qwen3.5-122B,ntx3-002439-2,True,,False,False,False
Qwen3.5-122B,ntx3-002439-3,True,,False,False,False
Qwen3.5-122B,ntx3-001645-0,True,,False,False,False
Qwen3.5-122B,ntx3-001645-1,True,,False,False,False
Qwen3.5-122B,ntx3-001645-2,True,,False,False,False
Qwen3.5-122B,ntx3-001645-3,True,,False,False,False
Qwen3.5-122B,ntx3-001221-0,True,,False,False,False
Qwen3.5-122B,ntx3-001221-1,True,,False,False,False
Qwen3.5-122B,ntx3-001221-2,True,,False,False,False
Qwen3.5-122B,ntx3-001221-3,True,,False,False,False
Qwen3.5-122B,ntx3-000337-0,True,,False,False,False
Qwen3.5-122B,ntx3-000337-1,True,,False,False,False
Qwen3.5-122B,ntx3-000337-2,True,,False,False,False
Qwen3.5-122B,ntx3-000337-3,True,,False,False,False
Qwen3.5-122B,ntx3-002402-0,True,,False,False,False
Qwen3.5-122B,ntx3-002402-1,True,,False,False,False
Qwen3.5-122B,ntx3-002402-2,True,,False,False,False
Qwen3.5-122B,ntx3-002402-3,True,,False,False,False
Qwen3.5-122B,ntx3-000901-0,True,,False,False,False
Qwen3.5-122B,ntx3-000901-1,True,,False,False,False
Qwen3.5-122B,ntx3-000901-2,True,,False,False,False
Qwen3.5-122B,ntx3-000901-3,True,,False,False,False
Qwen3.5-122B,ntx3-000230-0,True,,False,False,False
Qwen3.5-122B,ntx3-000230-1,True,,False,False,False
Qwen3.5-122B,ntx3-000230-2,True,,True,True,False
Qwen3.5-122B,ntx3-000230-3,True,,False,False,False
Qwen3.5-122B,ntx3-001188-0,True,,False,False,False
Qwen3.5-122B,ntx3-001188-1,True,,False,False,False
Qwen3.5-122B,ntx3-001188-2,True,,False,False,False
Qwen3.5-122B,ntx3-001188-3,True,,False,False,False
Qwen3.5-122B,ntx3-000954-0,True,,False,False,False
Qwen3.5-122B,ntx3-000954-1,True,,False,False,False
Qwen3.5-122B,ntx3-000954-2,True,,False,False,False
Qwen3.5-122B,ntx3-000954-3,True,,False,False,False
Qwen3.5-122B,ntx3-000304-0,True,,False,False,False
Qwen3.5-122B,ntx3-000304-1,True,,False,False,False
Qwen3.5-122B,ntx3-000304-2,True,,False,False,False
Qwen3.5-122B,ntx3-000304-3,True,,False,False,False
Qwen3.5-122B,ntx3-001732-0,True,,False,False,False
Qwen3.5-122B,ntx3-001732-1,True,,False,False,False
Qwen3.5-122B,ntx3-001732-2,True,,False,False,False
Qwen3.5-122B,ntx3-001732-3,True,,False,False,False
Qwen3.5-122B,ntx3-001125-0,True,,False,False,False
Qwen3.5-122B,ntx3-001125-1,True,,False,False,False
Qwen3.5-122B,ntx3-001125-2,True,,False,False,False
Qwen3.5-122B,ntx3-001125-3,True,,False,False,False
Qwen3.5-122B,ntx3-002081-0,True,,False,False,False
Qwen3.5-122B,ntx3-002081-1,True,,False,False,False
Qwen3.5-122B,ntx3-002081-2,True,,True,True,False
Qwen3.5-122B,ntx3-002081-3,True,,False,False,False
Qwen3.5-122B,ntx3-001787-0,True,,False,False,False
Qwen3.5-122B,ntx3-001787-1,True,,False,False,False
Qwen3.5-122B,ntx3-001787-2,True,,True,True,False
Qwen3.5-122B,ntx3-001787-3,True,,False,False,False
Qwen3.5-122B,ntx3-000602-0,True,,False,False,False
Qwen3.5-122B,ntx3-000602-1,True,,False,False,False
Qwen3.5-122B,ntx3-000602-2,True,,True,True,False
Qwen3.5-122B,ntx3-000602-3,True,,False,False,False
Qwen3.5-122B,ntx3-001685-0,True,,False,False,False
Qwen3.5-122B,ntx3-001685-1,True,,False,False,False
Qwen3.5-122B,ntx3-001685-2,True,,False,False,False
Qwen3.5-122B,ntx3-001685-3,True,,False,False,False
Qwen3.5-122B,ntx3-002223-0,True,,False,False,False
Qwen3.5-122B,ntx3-002223-1,True,,False,False,False
Qwen3.5-122B,ntx3-002223-2,True,,False,False,False
Qwen3.5-122B,ntx3-002223-3,True,,False,False,False
Qwen3.5-122B,ntx3-002021-0,True,,False,False,False
Qwen3.5-122B,ntx3-002021-1,True,,False,False,False
Qwen3.5-122B,ntx3-002021-2,True,,True,True,False
Qwen3.5-122B,ntx3-002021-3,True,,False,False,False
Qwen3.5-122B,ntx3-001729-0,True,,False,False,False
Qwen3.5-122B,ntx3-001729-1,True,,False,False,False
Qwen3.5-122B,ntx3-001729-2,True,,False,False,False
Qwen3.5-122B,ntx3-001729-3,True,,False,False,False
Qwen3.5-122B,ntx3-002498-0,True,,False,False,False
Qwen3.5-122B,ntx3-002498-1,True,,False,False,False
Qwen3.5-122B,ntx3-002498-2,True,,True,True,False
Qwen3.5-122B,ntx3-002498-3,True,,False,False,False
Qwen3.5-122B,ntx3-000665-0,True,,False,False,False
Qwen3.5-122B,ntx3-000665-1,True,,False,False,False
Qwen3.5-122B,ntx3-000665-2,True,,False,False,False
Qwen3.5-122B,ntx3-000665-3,True,,False,False,False
Qwen3.5-122B,ntx3-000495-0,True,,False,False,False
Qwen3.5-122B,ntx3-000495-1,True,,False,False,False
Qwen3.5-122B,ntx3-000495-2,True,,False,False,False
Qwen3.5-122B,ntx3-000495-3,True,,False,False,False
Qwen3.5-122B,ntx3-001019-0,True,,False,False,False
Qwen3.5-122B,ntx3-001019-1,True,,False,False,False
Qwen3.5-122B,ntx3-001019-2,True,,True,True,False
Qwen3.5-122B,ntx3-001019-3,True,,False,False,False
Qwen3.5-122B,ntx3-001868-0,True,,False,False,False
Qwen3.5-122B,ntx3-001868-1,True,,False,False,False
Qwen3.5-122B,ntx3-001868-2,True,,True,True,False
Qwen3.5-122B,ntx3-001868-3,True,,False,False,False
Qwen3.5-122B,ntx3-002322-0,True,,False,False,False
Qwen3.5-122B,ntx3-002322-1,True,,False,False,False
Qwen3.5-122B,ntx3-002322-2,True,,False,False,False
Qwen3.5-122B,ntx3-002322-3,True,,False,False,False
Qwen3.5-122B,ntx3-001860-0,True,,False,False,False
Qwen3.5-122B,ntx3-001860-1,True,,False,False,False
Qwen3.5-122B,ntx3-001860-2,True,,True,True,False
Qwen3.5-122B,ntx3-001860-3,True,,False,False,False
Qwen3.5-122B,ntx3-001918-0,True,,False,False,False
Qwen3.5-122B,ntx3-001918-1,True,,False,False,False
Qwen3.5-122B,ntx3-001918-2,True,,False,False,False
Qwen3.5-122B,ntx3-001918-3,True,,False,False,False
Qwen3.5-122B,ntx3-001301-0,True,,False,False,False
Qwen3.5-122B,ntx3-001301-1,True,,False,False,False
Qwen3.5-122B,ntx3-001301-2,True,,True,True,False
Qwen3.5-122B,ntx3-001301-3,True,,False,False,False
Qwen3.5-122B,ntx3-001361-0,True,,False,False,False
Qwen3.5-122B,ntx3-001361-1,True,,False,False,False
Qwen3.5-122B,ntx3-001361-2,True,,False,False,False
Qwen3.5-122B,ntx3-001361-3,True,,False,False,False
Qwen3.5-122B,ntx3-001756-0,True,,False,False,False
Qwen3.5-122B,ntx3-001756-1,True,,False,False,False
Qwen3.5-122B,ntx3-001756-2,True,,True,True,False
Qwen3.5-122B,ntx3-001756-3,True,,False,False,False
Qwen3.5-122B,ntx3-002111-0,True,,False,False,False
Qwen3.5-122B,ntx3-002111-1,True,,False,False,False
Qwen3.5-122B,ntx3-002111-2,True,,True,True,False
Qwen3.5-122B,ntx3-002111-3,True,,False,False,False
Qwen3.5-122B,ntx3-001171-0,True,,False,False,False
Qwen3.5-122B,ntx3-001171-1,True,,False,False,False
Qwen3.5-122B,ntx3-001171-2,True,,False,False,False
Qwen3.5-122B,ntx3-001171-3,True,,False,False,False
Qwen3.5-122B,ntx3-000616-0,True,,False,False,False
Qwen3.5-122B,ntx3-000616-1,True,,False,False,False
Qwen3.5-122B,ntx3-000616-2,True,,False,False,False
Qwen3.5-122B,ntx3-000616-3,True,,True,True,False
Qwen3.5-122B,ntx3-001628-0,True,,False,False,False
Qwen3.5-122B,ntx3-001628-1,True,,False,False,False
Qwen3.5-122B,ntx3-001628-2,True,,False,False,False
Qwen3.5-122B,ntx3-001628-3,True,,False,False,False
Qwen3.5-122B,ntx3-000809-0,True,,False,False,False
Qwen3.5-122B,ntx3-000809-1,True,,False,False,False
Qwen3.5-122B,ntx3-000809-2,True,,False,False,False
Qwen3.5-122B,ntx3-000809-3,True,,False,False,False
Qwen3.5-122B,ntx3-002359-0,True,,False,False,False
Qwen3.5-122B,ntx3-002359-1,True,,False,False,False
Qwen3.5-122B,ntx3-002359-2,True,,False,False,False
Qwen3.5-122B,ntx3-002359-3,True,,False,False,False
Qwen3.5-122B,ntx3-000381-0,True,,False,False,False
Qwen3.5-122B,ntx3-000381-1,True,,False,False,False
Qwen3.5-122B,ntx3-000381-2,True,,False,False,False
Qwen3.5-122B,ntx3-000381-3,True,,False,False,False
Qwen3.5-122B,ntx3-000913-0,True,,False,False,False
Qwen3.5-122B,ntx3-000913-1,True,,False,False,False
Qwen3.5-122B,ntx3-000913-2,True,,False,False,False
Qwen3.5-122B,ntx3-000913-3,True,,False,False,False
Qwen3.5-122B,ntx3-001280-0,True,,False,False,False
Qwen3.5-122B,ntx3-001280-1,True,,False,False,False
Qwen3.5-122B,ntx3-001280-2,True,,False,False,False
Qwen3.5-122B,ntx3-001280-3,True,,False,False,False
Qwen3.5-122B,ntx3-001795-0,True,,False,False,False
Qwen3.5-122B,ntx3-001795-1,True,,False,False,False
Qwen3.5-122B,ntx3-001795-2,True,,False,False,False
Qwen3.5-122B,ntx3-001795-3,True,,False,False,False
Qwen3.5-122B,ntx3-000797-0,True,,False,False,False
Qwen3.5-122B,ntx3-000797-1,True,,False,False,False
Qwen3.5-122B,ntx3-000797-2,True,,False,False,False
Qwen3.5-122B,ntx3-000797-3,True,,False,False,False
Qwen3.5-122B,ntx3-000458-0,True,,False,False,False
Qwen3.5-122B,ntx3-000458-1,True,,False,False,False
Qwen3.5-122B,ntx3-000458-2,True,,True,True,False
Qwen3.5-122B,ntx3-000458-3,True,,False,False,False
Qwen3.5-122B,ntx3-000267-0,True,,False,False,False
Qwen3.5-122B,ntx3-000267-1,True,,False,False,False
Qwen3.5-122B,ntx3-000267-2,True,,False,False,False
Qwen3.5-122B,ntx3-000267-3,True,,False,False,False
Qwen3.5-122B,ntx3-002291-0,True,,False,False,False
Qwen3.5-122B,ntx3-002291-1,True,,False,False,False
Qwen3.5-122B,ntx3-002291-2,True,,True,True,False
Qwen3.5-122B,ntx3-002291-3,True,,False,False,False
Qwen3.5-122B,ntx3-001450-0,True,,False,False,False
Qwen3.5-122B,ntx3-001450-1,True,,False,False,False
Qwen3.5-122B,ntx3-001450-2,True,,True,True,False
Qwen3.5-122B,ntx3-001450-3,True,,False,False,False
Qwen3.5-122B,ntx3-000238-0,True,,False,False,False
Qwen3.5-122B,ntx3-000238-1,True,,False,False,False
Qwen3.5-122B,ntx3-000238-2,True,,False,False,False
Qwen3.5-122B,ntx3-000238-3,True,,False,False,False
Qwen3.5-122B,ntx3-001020-0,True,,False,False,False
Qwen3.5-122B,ntx3-001020-1,True,,False,False,False
Qwen3.5-122B,ntx3-001020-2,True,,False,False,False
Qwen3.5-122B,ntx3-001020-3,True,,False,False,False
Qwen3.5-122B,ntx3-001742-0,True,,False,False,False
Qwen3.5-122B,ntx3-001742-1,True,,False,False,False
Qwen3.5-122B,ntx3-001742-2,True,,True,True,False
Qwen3.5-122B,ntx3-001742-3,True,,False,False,False
Qwen3.5-122B,ntx3-000364-0,True,,False,False,False
Qwen3.5-122B,ntx3-000364-1,True,,False,False,False
Qwen3.5-122B,ntx3-000364-2,True,,True,True,False
Qwen3.5-122B,ntx3-000364-3,True,,False,False,False
Qwen3.5-122B,ntx3-002327-0,True,,False,False,False
Qwen3.5-122B,ntx3-002327-1,True,,False,False,False
Qwen3.5-122B,ntx3-002327-2,True,,False,False,False
Qwen3.5-122B,ntx3-002327-3,True,,False,False,False
Qwen3.5-122B,ntx3-001424-0,True,,False,False,False
Qwen3.5-122B,ntx3-001424-1,True,,False,False,False
Qwen3.5-122B,ntx3-001424-2,True,,False,False,False
Qwen3.5-122B,ntx3-001424-3,True,,False,False,False
Qwen3.5-122B,ntx3-000726-0,True,,False,False,False
Qwen3.5-122B,ntx3-000726-1,True,,False,False,False
Qwen3.5-122B,ntx3-000726-2,True,,True,True,False
Qwen3.5-122B,ntx3-000726-3,True,,False,False,False
Qwen3.5-122B,ntx3-000837-0,True,,False,False,False
Qwen3.5-122B,ntx3-000837-1,True,,False,False,False
Qwen3.5-122B,ntx3-000837-2,True,,False,False,False
Qwen3.5-122B,ntx3-000837-3,True,,False,False,False
Qwen3.5-122B,ntx3-002182-0,True,,False,False,False
Qwen3.5-122B,ntx3-002182-1,True,,False,False,False
Qwen3.5-122B,ntx3-002182-2,True,,True,True,False
Qwen3.5-122B,ntx3-002182-3,True,,False,False,False
Qwen3.5-122B,ntx3-000555-0,True,,False,False,False
Qwen3.5-122B,ntx3-000555-1,True,,False,False,False
Qwen3.5-122B,ntx3-000555-2,True,,False,False,False
Qwen3.5-122B,ntx3-000555-3,True,,False,False,False
Qwen3.5-122B,ntx3-002089-0,True,,False,False,False
Qwen3.5-122B,ntx3-002089-1,True,,False,False,False
Qwen3.5-122B,ntx3-002089-2,True,,True,True,False
Qwen3.5-122B,ntx3-002089-3,True,,False,False,False
Qwen3.5-122B,ntx3-001153-0,True,,False,False,False
Qwen3.5-122B,ntx3-001153-1,True,,False,False,False
Qwen3.5-122B,ntx3-001153-2,True,,False,False,False
Qwen3.5-122B,ntx3-001153-3,True,,False,False,False
Qwen3.5-122B,ntx3-001048-0,True,,False,False,False
Qwen3.5-122B,ntx3-001048-1,True,,False,False,False
Qwen3.5-122B,ntx3-001048-2,True,,False,False,False
Qwen3.5-122B,ntx3-001048-3,True,,False,False,False
Qwen3.5-122B,ntx3-001612-0,True,,False,False,False
Qwen3.5-122B,ntx3-001612-1,True,,False,False,False
Qwen3.5-122B,ntx3-001612-2,True,,True,True,False
Qwen3.5-122B,ntx3-001612-3,True,,False,False,False
Qwen3.5-122B,ntx3-000259-0,True,,False,False,False
Qwen3.5-122B,ntx3-000259-1,True,,False,False,False
Qwen3.5-122B,ntx3-000259-2,True,,True,True,False
Qwen3.5-122B,ntx3-000259-3,True,,False,False,False
Qwen3.5-122B,ntx3-000893-0,True,,False,False,False
Qwen3.5-122B,ntx3-000893-1,True,,False,False,False
Qwen3.5-122B,ntx3-000893-2,True,,False,False,False
Qwen3.5-122B,ntx3-000893-3,True,,False,False,False
Qwen3.5-122B,ntx3-001179-0,True,,False,False,False
Qwen3.5-122B,ntx3-001179-1,True,,False,False,False
Qwen3.5-122B,ntx3-001179-2,True,,False,False,False
Qwen3.5-122B,ntx3-001179-3,True,,False,False,False
Qwen3.5-122B,ntx3-001131-0,True,,False,False,False
Qwen3.5-122B,ntx3-001131-1,True,,False,False,False
Qwen3.5-122B,ntx3-001131-2,True,,False,False,False
Qwen3.5-122B,ntx3-001131-3,True,,False,False,False
Qwen3.5-122B,ntx3-001629-0,True,,False,False,False
Qwen3.5-122B,ntx3-001629-1,True,,False,False,False
Qwen3.5-122B,ntx3-001629-2,True,,True,True,False
Qwen3.5-122B,ntx3-001629-3,True,,False,False,False
Qwen3.5-122B,ntx3-002303-0,True,,False,False,False
Qwen3.5-122B,ntx3-002303-1,True,,False,False,False
Qwen3.5-122B,ntx3-002303-2,True,,False,False,False
Qwen3.5-122B,ntx3-002303-3,True,,False,False,False
Qwen3.5-122B,ntx3-001975-0,True,,False,False,False
Qwen3.5-122B,ntx3-001975-1,True,,False,False,False
Qwen3.5-122B,ntx3-001975-2,True,,False,False,False
Qwen3.5-122B,ntx3-001975-3,True,,False,False,False
Qwen3.5-122B,ntx3-002138-0,True,,False,False,False
Qwen3.5-122B,ntx3-002138-1,True,,False,False,False
Qwen3.5-122B,ntx3-002138-2,True,,False,False,False
Qwen3.5-122B,ntx3-002138-3,True,,False,False,False
Qwen3.5-122B,ntx3-000218-0,True,,False,False,False
Qwen3.5-122B,ntx3-000218-1,True,,False,False,False
Qwen3.5-122B,ntx3-000218-2,True,,False,False,False
Qwen3.5-122B,ntx3-000218-3,True,,False,False,False
Qwen3.5-122B,ntx3-001844-0,True,,False,False,False
Qwen3.5-122B,ntx3-001844-1,True,,False,False,False
Qwen3.5-122B,ntx3-001844-2,True,,True,True,False
Qwen3.5-122B,ntx3-001844-3,True,,False,False,False
Qwen3.5-122B,ntx3-000675-0,True,,False,False,False
Qwen3.5-122B,ntx3-000675-1,True,,False,False,False
Qwen3.5-122B,ntx3-000675-2,True,,True,True,False
Qwen3.5-122B,ntx3-000675-3,True,,False,False,False
Qwen3.5-122B,ntx3-000869-0,True,,False,False,False
Qwen3.5-122B,ntx3-000869-1,True,,False,False,False
Qwen3.5-122B,ntx3-000869-2,True,,True,True,False
Qwen3.5-122B,ntx3-000869-3,True,,False,False,False
Qwen3.5-122B,ntx3-000538-0,True,,False,False,False
Qwen3.5-122B,ntx3-000538-1,True,,False,False,False
Qwen3.5-122B,ntx3-000538-2,True,,True,True,False
Qwen3.5-122B,ntx3-000538-3,True,,False,False,False
Qwen3.5-122B,ntx3-002356-0,True,,False,False,False
Qwen3.5-122B,ntx3-002356-1,True,,False,False,False
Qwen3.5-122B,ntx3-002356-2,True,,True,True,False
Qwen3.5-122B,ntx3-002356-3,True,,False,False,False
Qwen3.5-122B,ntx3-001208-0,True,,False,False,False
Qwen3.5-122B,ntx3-001208-1,True,,False,False,False
Qwen3.5-122B,ntx3-001208-2,True,,True,True,False
Qwen3.5-122B,ntx3-001208-3,True,,False,False,False
Qwen3.5-122B,ntx3-002253-0,True,,False,False,False
Qwen3.5-122B,ntx3-002253-1,True,,False,False,False
Qwen3.5-122B,ntx3-002253-2,True,,True,True,False
Qwen3.5-122B,ntx3-002253-3,True,,False,False,False
Qwen3.5-122B,ntx3-002315-0,True,,False,False,False
Qwen3.5-122B,ntx3-002315-1,True,,False,False,False
Qwen3.5-122B,ntx3-002315-2,True,,True,True,False
Qwen3.5-122B,ntx3-002315-3,True,,False,False,False
Qwen3.5-122B,ntx3-001810-0,True,,False,False,False
Qwen3.5-122B,ntx3-001810-1,True,,False,False,False
Qwen3.5-122B,ntx3-001810-2,True,,True,True,False
Qwen3.5-122B,ntx3-001810-3,True,,False,False,False
Qwen3.5-122B,ntx3-001039-0,True,,False,False,False
Qwen3.5-122B,ntx3-001039-1,True,,False,False,False
Qwen3.5-122B,ntx3-001039-2,True,,True,True,False
Qwen3.5-122B,ntx3-001039-3,True,,False,False,False
Qwen3.5-122B,ntx3-001445-0,True,,False,False,False
Qwen3.5-122B,ntx3-001445-1,True,,False,False,False
Qwen3.5-122B,ntx3-001445-2,True,,True,True,False
Qwen3.5-122B,ntx3-001445-3,True,,False,False,False
Qwen3.5-122B,ntx3-000812-0,True,,False,False,False
Qwen3.5-122B,ntx3-000812-1,True,,False,False,False
Qwen3.5-122B,ntx3-000812-2,True,,True,True,False
Qwen3.5-122B,ntx3-000812-3,True,,False,False,False
Qwen3.5-122B,ntx3-000795-0,True,,False,False,False
Qwen3.5-122B,ntx3-000795-1,True,,False,False,False
Qwen3.5-122B,ntx3-000795-2,True,,True,True,False
Qwen3.5-122B,ntx3-000795-3,True,,False,False,False
Qwen3.5-122B,ntx3-001564-0,True,,False,False,False
Qwen3.5-122B,ntx3-001564-1,True,,False,False,False
Qwen3.5-122B,ntx3-001564-2,True,,True,True,False
Qwen3.5-122B,ntx3-001564-3,True,,False,False,False
Qwen3.5-122B,ntx3-001679-0,True,,False,False,False
Qwen3.5-122B,ntx3-001679-1,True,,False,False,False
Qwen3.5-122B,ntx3-001679-2,True,,True,True,False
Qwen3.5-122B,ntx3-001679-3,True,,False,False,False
Qwen3.5-122B,ntx3-000878-0,True,,False,False,False
Qwen3.5-122B,ntx3-000878-1,True,,False,False,False
Qwen3.5-122B,ntx3-000878-2,True,,True,True,False
Qwen3.5-122B,ntx3-000878-3,True,,False,False,False
Qwen3.5-122B,ntx3-002019-0,True,,False,False,False
Qwen3.5-122B,ntx3-002019-1,True,,False,False,False
Qwen3.5-122B,ntx3-002019-2,True,,True,True,False
Qwen3.5-122B,ntx3-002019-3,True,,False,False,False
Qwen3.5-122B,ntx3-001503-0,True,,False,False,False
Qwen3.5-122B,ntx3-001503-1,True,,False,False,False
Qwen3.5-122B,ntx3-001503-2,True,,True,True,False
Qwen3.5-122B,ntx3-001503-3,True,,False,False,False
Qwen3.5-122B,ntx3-001818-0,True,,False,False,False
Qwen3.5-122B,ntx3-001818-1,True,,False,False,False
Qwen3.5-122B,ntx3-001818-2,True,,True,True,False
Qwen3.5-122B,ntx3-001818-3,True,,False,False,False
Qwen3.5-122B,ntx3-001509-0,True,,False,False,False
Qwen3.5-122B,ntx3-001509-1,True,,False,False,False
Qwen3.5-122B,ntx3-001509-2,True,,True,True,False
Qwen3.5-122B,ntx3-001509-3,True,,False,False,False
Qwen3.5-122B,ntx3-001814-0,True,,False,False,False
Qwen3.5-122B,ntx3-001814-1,True,,False,False,False
Qwen3.5-122B,ntx3-001814-2,True,,True,True,False
Qwen3.5-122B,ntx3-001814-3,True,,False,False,False
Qwen3.5-122B,ntx3-001526-0,True,,False,False,False
Qwen3.5-122B,ntx3-001526-1,True,,False,False,False
Qwen3.5-122B,ntx3-001526-2,True,,True,True,False
Qwen3.5-122B,ntx3-001526-3,True,,False,False,False
Qwen3.5-122B,ntx3-001311-0,True,,False,False,False
Qwen3.5-122B,ntx3-001311-1,True,,False,False,False
Qwen3.5-122B,ntx3-001311-2,True,,True,True,False
Qwen3.5-122B,ntx3-001311-3,True,,False,False,False
Qwen3.5-122B,ntx3-002135-0,True,,False,False,False
Qwen3.5-122B,ntx3-002135-1,True,,False,False,False
Qwen3.5-122B,ntx3-002135-2,True,,True,True,False
Qwen3.5-122B,ntx3-002135-3,True,,False,False,False
Qwen3.5-122B,ntx3-001368-0,True,,False,False,False
Qwen3.5-122B,ntx3-001368-1,True,,False,False,False
Qwen3.5-122B,ntx3-001368-2,True,,True,True,False
Qwen3.5-122B,ntx3-001368-3,True,,False,False,False
Qwen3.5-122B,ntx3-002235-0,True,,False,False,False
Qwen3.5-122B,ntx3-002235-1,True,,False,False,False
Qwen3.5-122B,ntx3-002235-2,True,,True,True,False
Qwen3.5-122B,ntx3-002235-3,True,,False,False,False
Qwen3.5-122B,ntx3-001696-0,True,,False,False,False
Qwen3.5-122B,ntx3-001696-1,True,,False,False,False
Qwen3.5-122B,ntx3-001696-2,True,,True,True,False
Qwen3.5-122B,ntx3-001696-3,True,,False,False,False
Qwen3.5-122B,ntx3-001723-0,True,,False,False,False
Qwen3.5-122B,ntx3-001723-1,True,,False,False,False
Qwen3.5-122B,ntx3-001723-2,True,,True,True,False
Qwen3.5-122B,ntx3-001723-3,True,,False,False,False
Qwen3.5-122B,ntx3-002495-0,True,,False,False,False
Qwen3.5-122B,ntx3-002495-1,True,,False,False,False
Qwen3.5-122B,ntx3-002495-2,True,,True,True,False
Qwen3.5-122B,ntx3-002495-3,True,,False,False,False
Qwen3.5-122B,ntx3-001524-0,True,,False,False,False
Qwen3.5-122B,ntx3-001524-1,True,,False,False,False
Qwen3.5-122B,ntx3-001524-2,True,,True,True,False
Qwen3.5-122B,ntx3-001524-3,True,,False,False,False
Qwen3.5-122B,ntx3-001269-0,True,,False,False,False
Qwen3.5-122B,ntx3-001269-1,True,,False,False,False
Qwen3.5-122B,ntx3-001269-2,True,,True,True,False
Qwen3.5-122B,ntx3-001269-3,True,,False,False,False
Qwen3.5-122B,ntx3-000404-0,True,,False,False,False
Qwen3.5-122B,ntx3-000404-1,True,,False,False,False
Qwen3.5-122B,ntx3-000404-2,True,,True,True,False
Qwen3.5-122B,ntx3-000404-3,True,,False,False,False
Qwen3.5-122B,ntx3-000877-0,True,,False,False,False
Qwen3.5-122B,ntx3-000877-1,True,,False,False,False
Qwen3.5-122B,ntx3-000877-2,True,,True,True,False
Qwen3.5-122B,ntx3-000877-3,True,,False,False,False
Qwen3.5-122B,ntx3-000996-0,True,,False,False,False
Qwen3.5-122B,ntx3-000996-1,True,,False,False,False
Qwen3.5-122B,ntx3-000996-2,True,,True,True,False
Qwen3.5-122B,ntx3-000996-3,True,,False,False,False
Qwen3.5-122B,ntx3-000248-0,True,,False,False,False
Qwen3.5-122B,ntx3-000248-1,True,,False,False,False
Qwen3.5-122B,ntx3-000248-2,True,,True,True,False
Qwen3.5-122B,ntx3-000248-3,True,,False,False,False
Qwen3.5-122B,ntx3-000953-0,True,,False,False,False
Qwen3.5-122B,ntx3-000953-1,True,,False,False,False
Qwen3.5-122B,ntx3-000953-2,True,,True,True,False
Qwen3.5-122B,ntx3-000953-3,True,,False,False,False
Qwen3.5-122B,ntx3-001411-0,True,,False,False,False
Qwen3.5-122B,ntx3-001411-1,True,,False,False,False
Qwen3.5-122B,ntx3-001411-2,True,,True,True,False
Qwen3.5-122B,ntx3-001411-3,True,,False,False,False
Qwen3.5-122B,ntx3-002477-0,True,,False,False,False
Qwen3.5-122B,ntx3-002477-1,True,,False,False,False
Qwen3.5-122B,ntx3-002477-2,True,,True,True,False
Qwen3.5-122B,ntx3-002477-3,True,,False,False,False
Qwen3.5-122B,ntx3-001398-0,True,,False,False,False
Qwen3.5-122B,ntx3-001398-1,True,,False,False,False
Qwen3.5-122B,ntx3-001398-2,True,,True,True,False
Qwen3.5-122B,ntx3-001398-3,True,,False,False,False
Qwen3.5-122B,ntx3-001198-0,True,,False,False,False
Qwen3.5-122B,ntx3-001198-1,True,,False,False,False
Qwen3.5-122B,ntx3-001198-2,True,,True,True,False
Qwen3.5-122B,ntx3-001198-3,True,,False,False,False
Qwen3.5-122B,ntx3-000520-0,True,,False,False,False
Qwen3.5-122B,ntx3-000520-1,True,,False,False,False
Qwen3.5-122B,ntx3-000520-2,True,,True,True,False
Qwen3.5-122B,ntx3-000520-3,True,,False,False,False
Qwen3.5-122B,ntx3-001246-0,True,,False,False,False
Qwen3.5-122B,ntx3-001246-1,True,,False,False,False
Qwen3.5-122B,ntx3-001246-2,True,,True,True,False
Qwen3.5-122B,ntx3-001246-3,True,,False,False,False
Qwen3.5-122B,ntx3-001531-0,True,,False,False,False
Qwen3.5-122B,ntx3-001531-1,True,,False,False,False
Qwen3.5-122B,ntx3-001531-2,True,,True,True,False
Qwen3.5-122B,ntx3-001531-3,True,,False,False,False
Qwen3.5-122B,ntx3-002420-0,True,,False,False,False
Qwen3.5-122B,ntx3-002420-1,True,,False,False,False
Qwen3.5-122B,ntx3-002420-2,True,,True,True,False
Qwen3.5-122B,ntx3-002420-3,True,,False,False,False
Qwen3.5-122B,ntx3-001912-0,True,,False,False,False
Qwen3.5-122B,ntx3-001912-1,True,,False,False,False
Qwen3.5-122B,ntx3-001912-2,True,,True,True,False
Qwen3.5-122B,ntx3-001912-3,True,,False,False,False
Qwen3.5-122B,ntx3-001035-0,True,,False,False,False
Qwen3.5-122B,ntx3-001035-1,True,,False,False,False
Qwen3.5-122B,ntx3-001035-2,True,,True,True,False
Qwen3.5-122B,ntx3-001035-3,True,,False,False,False
Qwen3.5-122B,ntx3-001528-0,True,,False,False,False
Qwen3.5-122B,ntx3-001528-1,True,,False,False,False
Qwen3.5-122B,ntx3-001528-2,True,,True,True,False
Qwen3.5-122B,ntx3-001528-3,True,,False,False,False
Qwen3.5-122B,ntx3-000425-0,True,,False,False,False
Qwen3.5-122B,ntx3-000425-1,True,,False,False,False
Qwen3.5-122B,ntx3-000425-2,True,,True,True,False
Qwen3.5-122B,ntx3-000425-3,True,,False,False,False
Qwen3.5-122B,ntx3-001948-0,True,,False,False,False
Qwen3.5-122B,ntx3-001948-1,True,,False,False,False
Qwen3.5-122B,ntx3-001948-2,True,,True,True,False
Qwen3.5-122B,ntx3-001948-3,True,,False,False,False
Qwen3.5-122B,ntx3-000577-0,True,,False,False,False
Qwen3.5-122B,ntx3-000577-1,True,,False,False,False
Qwen3.5-122B,ntx3-000577-2,True,,True,True,False
Qwen3.5-122B,ntx3-000577-3,True,,False,False,False
Qwen3.5-122B,ntx3-000710-0,True,,False,False,False
Qwen3.5-122B,ntx3-000710-1,True,,False,False,False
Qwen3.5-122B,ntx3-000710-2,True,,True,True,False
Qwen3.5-122B,ntx3-000710-3,True,,False,False,False
Qwen3.5-122B,ntx3-002395-0,True,,False,False,False
Qwen3.5-122B,ntx3-002395-1,True,,False,False,False
Qwen3.5-122B,ntx3-002395-2,True,,True,True,False
Qwen3.5-122B,ntx3-002395-3,True,,False,False,False
Qwen3.5-122B,ntx3-000556-0,True,,False,False,False
Qwen3.5-122B,ntx3-000556-1,True,,False,False,False
Qwen3.5-122B,ntx3-000556-2,True,,False,False,False
Qwen3.5-122B,ntx3-000556-3,True,,False,False,False
Qwen3.5-122B,ntx3-001910-0,True,,False,False,False
Qwen3.5-122B,ntx3-001910-1,True,,False,False,False
Qwen3.5-122B,ntx3-001910-2,True,,True,True,False
Qwen3.5-122B,ntx3-001910-3,True,,False,False,False
Qwen3.5-122B,ntx3-001927-0,True,,False,False,False
Qwen3.5-122B,ntx3-001927-1,True,,False,False,False
Qwen3.5-122B,ntx3-001927-2,True,,True,True,False
Qwen3.5-122B,ntx3-001927-3,True,,False,False,False
Qwen3.5-122B,ntx3-001736-0,True,,False,False,False
Qwen3.5-122B,ntx3-001736-1,True,,False,False,False
Qwen3.5-122B,ntx3-001736-2,True,,True,True,False
Qwen3.5-122B,ntx3-001736-3,True,,False,False,False
Qwen3.5-122B,ntx3-001010-0,True,,False,False,False
Qwen3.5-122B,ntx3-001010-1,True,,False,False,False
Qwen3.5-122B,ntx3-001010-2,True,,True,True,False
Qwen3.5-122B,ntx3-001010-3,True,,False,False,False
Qwen3.5-122B,ntx3-001741-0,True,,False,False,False
Qwen3.5-122B,ntx3-001741-1,True,,False,False,False
Qwen3.5-122B,ntx3-001741-2,True,,True,True,False
Qwen3.5-122B,ntx3-001741-3,True,,False,False,False
Qwen3.5-122B,ntx3-002448-0,True,,False,False,False
Qwen3.5-122B,ntx3-002448-1,True,,False,False,False
Qwen3.5-122B,ntx3-002448-2,True,,True,True,False
Qwen3.5-122B,ntx3-002448-3,True,,False,False,False
Qwen3.5-122B,ntx3-000389-0,True,,False,False,False
Qwen3.5-122B,ntx3-000389-1,True,,False,False,False
Qwen3.5-122B,ntx3-000389-2,True,,True,True,False
Qwen3.5-122B,ntx3-000389-3,True,,False,False,False
Qwen3.5-122B,ntx3-000552-0,True,,False,False,False
Qwen3.5-122B,ntx3-000552-1,True,,False,False,False
Qwen3.5-122B,ntx3-000552-2,True,,True,True,False
Qwen3.5-122B,ntx3-000552-3,True,,False,False,False
Qwen3.5-122B,ntx3-001040-0,True,,False,False,False
Qwen3.5-122B,ntx3-001040-1,True,,False,False,False
Qwen3.5-122B,ntx3-001040-2,True,,True,True,False
Qwen3.5-122B,ntx3-001040-3,True,,False,False,False
Qwen3.5-122B,ntx3-002040-0,True,,False,False,False
Qwen3.5-122B,ntx3-002040-1,True,,False,False,False
Qwen3.5-122B,ntx3-002040-2,True,,True,True,False
Qwen3.5-122B,ntx3-002040-3,True,,False,False,False
Qwen3.5-122B,ntx3-001643-0,True,,False,False,False
Qwen3.5-122B,ntx3-001643-1,True,,False,False,False
Qwen3.5-122B,ntx3-001643-2,True,,True,True,False
Qwen3.5-122B,ntx3-001643-3,True,,False,False,False
Qwen3.5-122B,ntx3-002497-0,True,,False,False,False
Qwen3.5-122B,ntx3-002497-1,True,,False,False,False
Qwen3.5-122B,ntx3-002497-2,True,,False,False,False
Qwen3.5-122B,ntx3-002497-3,True,,False,False,False
Qwen3.5-122B,ntx3-002335-0,True,,False,False,False
Qwen3.5-122B,ntx3-002335-1,True,,False,False,False
Qwen3.5-122B,ntx3-002335-2,True,,False,False,False
Qwen3.5-122B,ntx3-002335-3,True,,False,False,False
Qwen3.5-122B,ntx3-000468-0,True,,False,False,False
Qwen3.5-122B,ntx3-000468-1,True,,False,False,False
Qwen3.5-122B,ntx3-000468-2,True,,False,False,False
Qwen3.5-122B,ntx3-000468-3,True,,False,False,False
Qwen3.5-122B,ntx3-000717-0,True,,False,False,False
Qwen3.5-122B,ntx3-000717-1,True,,False,False,False
Qwen3.5-122B,ntx3-000717-2,True,,False,False,False
Qwen3.5-122B,ntx3-000717-3,True,,False,False,False
Qwen3.5-122B,ntx3-000548-0,True,,False,False,False
Qwen3.5-122B,ntx3-000548-1,True,,False,False,False
Qwen3.5-122B,ntx3-000548-2,True,,False,False,False
Qwen3.5-122B,ntx3-000548-3,True,,False,False,False
Qwen3.5-122B,ntx3-001101-0,True,,False,False,False
Qwen3.5-122B,ntx3-001101-1,True,,False,False,False
Qwen3.5-122B,ntx3-001101-2,True,,False,False,False
Qwen3.5-122B,ntx3-001101-3,True,,False,False,False
Qwen3.5-122B,ntx3-002365-0,True,,False,False,False
Qwen3.5-122B,ntx3-002365-1,True,,False,False,False
Qwen3.5-122B,ntx3-002365-2,True,,False,False,False
Qwen3.5-122B,ntx3-002365-3,True,,False,False,False
Qwen3.5-122B,ntx3-000979-0,True,,False,False,False
Qwen3.5-122B,ntx3-000979-1,True,,False,False,False
Qwen3.5-122B,ntx3-000979-2,True,,False,False,False
Qwen3.5-122B,ntx3-000979-3,True,,False,False,False
Qwen3.5-122B,ntx3-001766-0,True,,False,False,False
Qwen3.5-122B,ntx3-001766-1,True,,False,False,False
Qwen3.5-122B,ntx3-001766-2,True,,False,False,False
Qwen3.5-122B,ntx3-001766-3,True,,False,False,False
Qwen3.5-122B,ntx3-001133-0,True,,False,False,False
Qwen3.5-122B,ntx3-001133-1,True,,False,False,False
Qwen3.5-122B,ntx3-001133-2,True,,False,False,False
Qwen3.5-122B,ntx3-001133-3,True,,False,False,False
Qwen3.5-122B,ntx3-002083-0,True,,False,False,False
Qwen3.5-122B,ntx3-002083-1,True,,False,False,False
Qwen3.5-122B,ntx3-002083-2,True,,False,False,False
Qwen3.5-122B,ntx3-002083-3,True,,False,False,False
Qwen3.5-122B,ntx3-002478-0,True,,False,False,False
Qwen3.5-122B,ntx3-002478-1,True,,False,False,False
Qwen3.5-122B,ntx3-002478-2,True,,False,False,False
Qwen3.5-122B,ntx3-002478-3,True,,False,False,False
Qwen3.5-122B,ntx3-000633-0,True,,False,False,False
Qwen3.5-122B,ntx3-000633-1,True,,False,False,False
Qwen3.5-122B,ntx3-000633-2,True,,False,False,False
Qwen3.5-122B,ntx3-000633-3,True,,False,False,False
Qwen3.5-122B,ntx3-001933-0,True,,False,False,False
Qwen3.5-122B,ntx3-001933-1,True,,False,False,False
Qwen3.5-122B,ntx3-001933-2,True,,False,False,False
Qwen3.5-122B,ntx3-001933-3,True,,False,False,False
Qwen3.5-122B,ntx3-002147-0,True,,False,False,False
Qwen3.5-122B,ntx3-002147-1,True,,False,False,False
Qwen3.5-122B,ntx3-002147-2,True,,False,False,False
Qwen3.5-122B,ntx3-002147-3,True,,False,False,False
Qwen3.5-122B,ntx3-002043-0,True,,False,False,False
Qwen3.5-122B,ntx3-002043-1,True,,False,False,False
Qwen3.5-122B,ntx3-002043-2,True,,False,False,False
Qwen3.5-122B,ntx3-002043-3,True,,False,False,False
Qwen3.5-122B,ntx3-000300-0,True,,False,False,False
Qwen3.5-122B,ntx3-000300-1,True,,False,False,False
Qwen3.5-122B,ntx3-000300-2,True,,False,False,False
Qwen3.5-122B,ntx3-000300-3,True,,False,False,False
Qwen3.5-122B,ntx3-000438-0,True,,False,False,False
Qwen3.5-122B,ntx3-000438-1,True,,False,False,False
Qwen3.5-122B,ntx3-000438-2,True,,False,False,False
Qwen3.5-122B,ntx3-000438-3,True,,False,False,False
Qwen3.5-122B,ntx3-002237-0,True,,False,False,False
Qwen3.5-122B,ntx3-002237-1,True,,False,False,False
Qwen3.5-122B,ntx3-002237-2,True,,False,False,False
Qwen3.5-122B,ntx3-002237-3,True,,False,False,False
Qwen3.5-122B,ntx3-001897-0,True,,False,False,False
Qwen3.5-122B,ntx3-001897-1,True,,False,False,False
Qwen3.5-122B,ntx3-001897-2,True,,False,False,False
Qwen3.5-122B,ntx3-001897-3,True,,False,False,False
Qwen3.5-122B,ntx3-000705-0,True,,False,False,False
Qwen3.5-122B,ntx3-000705-1,True,,False,False,False
Qwen3.5-122B,ntx3-000705-2,True,,False,False,False
Qwen3.5-122B,ntx3-000705-3,True,,False,False,False
Qwen3.5-122B,ntx3-002234-0,True,,False,False,False
Qwen3.5-122B,ntx3-002234-1,True,,False,False,False
Qwen3.5-122B,ntx3-002234-2,True,,False,False,False
Qwen3.5-122B,ntx3-002234-3,True,,False,False,False
Qwen3.5-122B,ntx3-002078-0,True,,False,False,False
Qwen3.5-122B,ntx3-002078-1,True,,False,False,False
Qwen3.5-122B,ntx3-002078-2,True,,False,False,False
Qwen3.5-122B,ntx3-002078-3,True,,False,False,False
Qwen3.5-122B,ntx3-000331-0,True,,False,False,False
Qwen3.5-122B,ntx3-000331-1,True,,False,False,False
Qwen3.5-122B,ntx3-000331-2,True,,False,False,False
Qwen3.5-122B,ntx3-000331-3,True,,False,False,False
Qwen3.5-122B,ntx3-001817-0,True,,False,False,False
Qwen3.5-122B,ntx3-001817-1,True,,False,False,False
Qwen3.5-122B,ntx3-001817-2,True,,False,False,False
Qwen3.5-122B,ntx3-001817-3,True,,False,False,False
Qwen3.5-122B,ntx3-000310-0,True,,False,False,False
Qwen3.5-122B,ntx3-000310-1,True,,False,False,False
Qwen3.5-122B,ntx3-000310-2,True,,False,False,False
Qwen3.5-122B,ntx3-000310-3,True,,False,False,False
Qwen3.5-122B,ntx3-002267-0,True,,False,False,False
Qwen3.5-122B,ntx3-002267-1,True,,False,False,False
Qwen3.5-122B,ntx3-002267-2,True,,False,False,False
Qwen3.5-122B,ntx3-002267-3,True,,False,False,False
Qwen3.5-122B,ntx3-001966-0,True,,False,False,False
Qwen3.5-122B,ntx3-001966-1,True,,False,False,False
Qwen3.5-122B,ntx3-001966-2,True,,False,False,False
Qwen3.5-122B,ntx3-001966-3,True,,False,False,False
Qwen3.5-122B,ntx3-001716-0,True,,False,False,False
Qwen3.5-122B,ntx3-001716-1,True,,False,False,False
Qwen3.5-122B,ntx3-001716-2,True,,False,False,False
Qwen3.5-122B,ntx3-001716-3,True,,False,False,False
Qwen3.5-122B,ntx3-002462-0,True,,False,False,False
Qwen3.5-122B,ntx3-002462-1,True,,False,False,False
Qwen3.5-122B,ntx3-002462-2,True,,False,False,False
Qwen3.5-122B,ntx3-002462-3,True,,False,False,False
Qwen3.5-122B,ntx3-001081-0,True,,False,False,False
Qwen3.5-122B,ntx3-001081-1,True,,False,False,False
Qwen3.5-122B,ntx3-001081-2,True,,False,False,False
Qwen3.5-122B,ntx3-001081-3,True,,False,False,False
Qwen3.5-122B,ntx3-000828-0,True,,False,False,False
Qwen3.5-122B,ntx3-000828-1,True,,False,False,False
Qwen3.5-122B,ntx3-000828-2,True,,False,False,False
Qwen3.5-122B,ntx3-000828-3,True,,False,False,False
Qwen3.5-122B,ntx3-001580-0,True,,False,False,False
Qwen3.5-122B,ntx3-001580-1,True,,False,False,False
Qwen3.5-122B,ntx3-001580-2,True,,False,False,False
Qwen3.5-122B,ntx3-001580-3,True,,False,False,False
Qwen3.5-122B,ntx3-000387-0,True,,False,False,False
Qwen3.5-122B,ntx3-000387-1,True,,False,False,False
Qwen3.5-122B,ntx3-000387-2,True,,False,False,False
Qwen3.5-122B,ntx3-000387-3,True,,False,False,False
Qwen3.5-122B,ntx3-002493-0,True,,False,False,False
Qwen3.5-122B,ntx3-002493-1,True,,False,False,False
Qwen3.5-122B,ntx3-002493-2,True,,False,False,False
Qwen3.5-122B,ntx3-002493-3,True,,False,False,False
Qwen3.5-122B,ntx3-000985-0,True,,False,False,False
Qwen3.5-122B,ntx3-000985-1,True,,False,False,False
Qwen3.5-122B,ntx3-000985-2,True,,False,False,False
Qwen3.5-122B,ntx3-000985-3,True,,False,False,False
Qwen3.5-122B,ntx3-000951-0,True,,False,False,False
Qwen3.5-122B,ntx3-000951-1,True,,False,False,False
Qwen3.5-122B,ntx3-000951-2,True,,False,False,False
Qwen3.5-122B,ntx3-000951-3,True,,False,False,False
Qwen3.5-122B,ntx3-001780-0,True,,False,False,False
Qwen3.5-122B,ntx3-001780-1,True,,False,False,False
Qwen3.5-122B,ntx3-001780-2,True,,False,False,False
Qwen3.5-122B,ntx3-001780-3,True,,False,False,False
Qwen3.5-122B,ntx3-000454-0,True,,False,False,False
Qwen3.5-122B,ntx3-000454-1,True,,False,False,False
Qwen3.5-122B,ntx3-000454-2,True,,False,False,False
Qwen3.5-122B,ntx3-000454-3,True,,False,False,False
Qwen3.5-122B,ntx3-001726-0,True,,False,False,False
Qwen3.5-122B,ntx3-001726-1,True,,False,False,False
Qwen3.5-122B,ntx3-001726-2,True,,False,False,False
Qwen3.5-122B,ntx3-001726-3,True,,False,False,False
Qwen3.5-122B,ntx3-001250-0,True,,False,False,False
Qwen3.5-122B,ntx3-001250-1,True,,False,False,False
Qwen3.5-122B,ntx3-001250-2,True,,False,False,False
Qwen3.5-122B,ntx3-001250-3,True,,False,False,False
Qwen3.5-122B,ntx3-001260-0,True,,False,False,False
Qwen3.5-122B,ntx3-001260-1,True,,False,False,False
Qwen3.5-122B,ntx3-001260-2,True,,False,False,False
Qwen3.5-122B,ntx3-001260-3,True,,False,False,False
Qwen3.5-122B,ntx3-001971-0,True,,False,False,False
Qwen3.5-122B,ntx3-001971-1,True,,False,False,False
Qwen3.5-122B,ntx3-001971-2,True,,False,False,False
Qwen3.5-122B,ntx3-001971-3,True,,False,False,False
Qwen3.5-122B,ntx3-000399-0,True,,False,False,False
Qwen3.5-122B,ntx3-000399-1,True,,False,False,False
Qwen3.5-122B,ntx3-000399-2,True,,False,False,False
Qwen3.5-122B,ntx3-000399-3,True,,False,False,False
Qwen3.5-122B,ntx3-001075-0,True,,False,False,False
Qwen3.5-122B,ntx3-001075-1,True,,False,False,False
Qwen3.5-122B,ntx3-001075-2,True,,False,False,False
Qwen3.5-122B,ntx3-001075-3,True,,False,False,False
Qwen3.5-122B,ntx3-001698-0,True,,False,False,False
Qwen3.5-122B,ntx3-001698-1,True,,False,False,False
Qwen3.5-122B,ntx3-001698-2,True,,False,False,False
Qwen3.5-122B,ntx3-001698-3,True,,False,False,False
Qwen3.5-122B,ntx3-002338-0,True,,False,False,False
Qwen3.5-122B,ntx3-002338-1,True,,False,False,False
Qwen3.5-122B,ntx3-002338-2,True,,False,False,False
Qwen3.5-122B,ntx3-002338-3,True,,False,False,False
Qwen3.5-122B,ntx3-001859-0,True,,False,False,False
Qwen3.5-122B,ntx3-001859-1,True,,False,False,False
Qwen3.5-122B,ntx3-001859-2,True,,False,False,False
Qwen3.5-122B,ntx3-001859-3,True,,False,False,False
Qwen3.5-122B,ntx3-000814-0,True,,False,False,False
Qwen3.5-122B,ntx3-000814-1,True,,False,False,False
Qwen3.5-122B,ntx3-000814-2,True,,False,False,False
Qwen3.5-122B,ntx3-000814-3,True,,False,False,False
Qwen3.5-122B,ntx3-001651-0,True,,False,False,False
Qwen3.5-122B,ntx3-001651-1,True,,False,False,False
Qwen3.5-122B,ntx3-001651-2,True,,False,False,False
Qwen3.5-122B,ntx3-001651-3,True,,False,False,False
Qwen3.5-122B,ntx3-000912-0,True,,False,False,False
Qwen3.5-122B,ntx3-000912-1,True,,False,False,False
Qwen3.5-122B,ntx3-000912-2,True,,False,False,False
Qwen3.5-122B,ntx3-000912-3,True,,False,False,False
Qwen3.5-122B,ntx3-001032-0,True,,False,False,False
Qwen3.5-122B,ntx3-001032-1,True,,False,False,False
Qwen3.5-122B,ntx3-001032-2,True,,False,False,False
Qwen3.5-122B,ntx3-001032-3,True,,False,False,False
Qwen3.5-122B,ntx3-002296-0,True,,False,False,False
Qwen3.5-122B,ntx3-002296-1,True,,False,False,False
Qwen3.5-122B,ntx3-002296-2,True,,False,False,False
Qwen3.5-122B,ntx3-002296-3,True,,False,False,False
Qwen3.5-122B,ntx3-000943-0,True,,False,False,False
Qwen3.5-122B,ntx3-000943-1,True,,False,False,False
Qwen3.5-122B,ntx3-000943-2,True,,False,False,False
Qwen3.5-122B,ntx3-000943-3,True,,False,False,False
Qwen3.5-122B,ntx3-000302-0,True,,False,False,False
Qwen3.5-122B,ntx3-000302-1,True,,False,False,False
Qwen3.5-122B,ntx3-000302-2,True,,False,False,False
Qwen3.5-122B,ntx3-000302-3,True,,False,False,False
Qwen3.5-122B,ntx3-000529-0,True,,False,False,False
Qwen3.5-122B,ntx3-000529-1,True,,False,False,False
Qwen3.5-122B,ntx3-000529-2,True,,False,False,False
Qwen3.5-122B,ntx3-000529-3,True,,False,False,False
Qwen3.5-122B,ntx3-001112-0,True,,False,False,False
Qwen3.5-122B,ntx3-001112-1,True,,False,False,False
Qwen3.5-122B,ntx3-001112-2,True,,False,False,False
Qwen3.5-122B,ntx3-001112-3,True,,False,False,False
Qwen3.5-122B,ntx3-001001-0,True,,False,False,False
Qwen3.5-122B,ntx3-001001-1,True,,False,False,False
Qwen3.5-122B,ntx3-001001-2,True,,False,False,False
Qwen3.5-122B,ntx3-001001-3,True,,False,False,False
Qwen3.5-122B,ntx3-001937-0,True,,False,False,False
Qwen3.5-122B,ntx3-001937-1,True,,False,False,False
Qwen3.5-122B,ntx3-001937-2,True,,False,False,False
Qwen3.5-122B,ntx3-001937-3,True,,False,False,False
Qwen3.5-122B,ntx3-001703-0,True,,False,False,False
Qwen3.5-122B,ntx3-001703-1,True,,False,False,False
Qwen3.5-122B,ntx3-001703-2,True,,False,False,False
Qwen3.5-122B,ntx3-001703-3,True,,False,False,False
Qwen3.5-122B,ntx3-000639-0,True,,False,False,False
Qwen3.5-122B,ntx3-000639-1,True,,False,False,False
Qwen3.5-122B,ntx3-000639-2,True,,False,False,False
Qwen3.5-122B,ntx3-000639-3,True,,False,False,False
Qwen3.5-122B,ntx3-002035-0,True,,False,False,False
Qwen3.5-122B,ntx3-002035-1,True,,False,False,False
Qwen3.5-122B,ntx3-002035-2,True,,False,False,False
Qwen3.5-122B,ntx3-002035-3,True,,False,False,False
Qwen3.5-122B,ntx3-001087-0,True,,False,False,False
Qwen3.5-122B,ntx3-001087-1,True,,False,False,False
Qwen3.5-122B,ntx3-001087-2,True,,False,False,False
Qwen3.5-122B,ntx3-001087-3,True,,False,False,False
Qwen3.5-122B,ntx3-001282-0,True,,False,False,False
Qwen3.5-122B,ntx3-001282-1,True,,False,False,False
Qwen3.5-122B,ntx3-001282-2,True,,False,False,False
Qwen3.5-122B,ntx3-001282-3,True,,False,False,False
Qwen3.5-122B,ntx3-001428-0,True,,False,False,False
Qwen3.5-122B,ntx3-001428-1,True,,False,False,False
Qwen3.5-122B,ntx3-001428-2,True,,False,False,False
Qwen3.5-122B,ntx3-001428-3,True,,False,False,False
Qwen3.5-122B,ntx3-000192-0,True,,False,False,False
Qwen3.5-122B,ntx3-000192-1,True,,False,False,False
Qwen3.5-122B,ntx3-000192-2,True,,False,False,False
Qwen3.5-122B,ntx3-000192-3,True,,False,False,False
Qwen3.5-122B,ntx3-001014-0,True,,False,False,False
Qwen3.5-122B,ntx3-001014-1,True,,False,False,False
Qwen3.5-122B,ntx3-001014-2,True,,False,False,False
Qwen3.5-122B,ntx3-001014-3,True,,False,False,False
Qwen3.5-122B,ntx3-001472-0,True,,False,False,False
Qwen3.5-122B,ntx3-001472-1,True,,False,False,False
Qwen3.5-122B,ntx3-001472-2,True,,False,False,False
Qwen3.5-122B,ntx3-001472-3,True,,False,False,False
Qwen3.5-122B,ntx3-001336-0,True,,False,False,False
Qwen3.5-122B,ntx3-001336-1,True,,False,False,False
Qwen3.5-122B,ntx3-001336-2,True,,False,False,False
Qwen3.5-122B,ntx3-001336-3,True,,False,False,False
Qwen3.5-122B,ntx3-000890-0,True,,False,False,False
Qwen3.5-122B,ntx3-000890-1,True,,False,False,False
Qwen3.5-122B,ntx3-000890-2,True,,False,False,False
Qwen3.5-122B,ntx3-000890-3,True,,False,False,False
Qwen3.5-122B,ntx3-000370-0,True,,False,False,False
Qwen3.5-122B,ntx3-000370-1,True,,False,False,False
Qwen3.5-122B,ntx3-000370-2,True,,False,False,False
Qwen3.5-122B,ntx3-000370-3,True,,False,False,False
Qwen3.5-122B,ntx3-002173-0,True,,False,False,False
Qwen3.5-122B,ntx3-002173-1,True,,False,False,False
Qwen3.5-122B,ntx3-002173-2,True,,False,False,False
Qwen3.5-122B,ntx3-002173-3,True,,False,False,False
Qwen3.5-122B,ntx3-000527-0,True,,False,False,False
Qwen3.5-122B,ntx3-000527-1,True,,False,False,False
Qwen3.5-122B,ntx3-000527-2,True,,False,False,False
Qwen3.5-122B,ntx3-000527-3,True,,False,False,False
Qwen3.5-122B,ntx3-000328-0,True,,False,False,False
Qwen3.5-122B,ntx3-000328-1,True,,False,False,False
Qwen3.5-122B,ntx3-000328-2,True,,False,False,False
Qwen3.5-122B,ntx3-000328-3,True,,False,False,False
Qwen3.5-122B,ntx3-001636-0,True,,False,False,False
Qwen3.5-122B,ntx3-001636-1,True,,False,False,False
Qwen3.5-122B,ntx3-001636-2,True,,False,False,False
Qwen3.5-122B,ntx3-001636-3,True,,False,False,False
Qwen3.5-122B,ntx3-000902-0,True,,False,False,False
Qwen3.5-122B,ntx3-000902-1,True,,False,False,False
Qwen3.5-122B,ntx3-000902-2,True,,False,False,False
Qwen3.5-122B,ntx3-000902-3,True,,False,False,False
Qwen3.5-122B,ntx3-000968-0,True,,False,False,False
Qwen3.5-122B,ntx3-000968-1,True,,False,False,False
Qwen3.5-122B,ntx3-000968-2,True,,False,False,False
Qwen3.5-122B,ntx3-000968-3,True,,False,False,False
Qwen3.5-122B,ntx3-000213-0,True,,False,False,False
Qwen3.5-122B,ntx3-000213-1,True,,False,False,False
Qwen3.5-122B,ntx3-000213-2,True,,False,False,False
Qwen3.5-122B,ntx3-000213-3,True,,False,False,False
Qwen3.5-122B,ntx3-002316-0,True,,False,False,False
Qwen3.5-122B,ntx3-002316-1,True,,False,False,False
Qwen3.5-122B,ntx3-002316-2,True,,False,False,False
Qwen3.5-122B,ntx3-002316-3,True,,False,False,False
Qwen3.5-122B,ntx3-001129-0,True,,False,False,False
Qwen3.5-122B,ntx3-001129-1,True,,False,False,False
Qwen3.5-122B,ntx3-001129-2,True,,False,False,False
Qwen3.5-122B,ntx3-001129-3,True,,False,False,False
Qwen3.5-122B,ntx3-000876-0,True,,False,False,False
Qwen3.5-122B,ntx3-000876-1,True,,False,False,False
Qwen3.5-122B,ntx3-000876-2,True,,False,False,False
Qwen3.5-122B,ntx3-000876-3,True,,False,False,False
Qwen3.5-122B,ntx3-001759-0,True,,False,False,False
Qwen3.5-122B,ntx3-001759-1,True,,False,False,False
Qwen3.5-122B,ntx3-001759-2,True,,False,False,False
Qwen3.5-122B,ntx3-001759-3,True,,False,False,False
Qwen3.5-122B,ntx3-002329-0,True,,False,False,False
Qwen3.5-122B,ntx3-002329-1,True,,False,False,False
Qwen3.5-122B,ntx3-002329-2,True,,False,False,False
Qwen3.5-122B,ntx3-002329-3,True,,False,False,False
Qwen3.5-122B,ntx3-001012-0,True,,False,False,False
Qwen3.5-122B,ntx3-001012-1,True,,False,False,False
Qwen3.5-122B,ntx3-001012-2,True,,False,False,False
Qwen3.5-122B,ntx3-001012-3,True,,False,False,False
Qwen3.5-122B,ntx3-001263-0,True,,False,False,False
Qwen3.5-122B,ntx3-001263-1,True,,False,False,False
Qwen3.5-122B,ntx3-001263-2,True,,False,False,False
Qwen3.5-122B,ntx3-001263-3,True,,False,False,False
Qwen3.5-122B,ntx3-002050-0,True,,False,False,False
Qwen3.5-122B,ntx3-002050-1,True,,False,False,False
Qwen3.5-122B,ntx3-002050-2,True,,False,False,False
Qwen3.5-122B,ntx3-002050-3,True,,False,False,False
Qwen3.5-122B,ntx3-001045-0,True,,False,False,False
Qwen3.5-122B,ntx3-001045-1,True,,False,False,False
Qwen3.5-122B,ntx3-001045-2,True,,False,False,False
Qwen3.5-122B,ntx3-001045-3,True,,False,False,False
Qwen3.5-122B,ntx3-002194-0,True,,False,False,False
Qwen3.5-122B,ntx3-002194-1,True,,False,False,False
Qwen3.5-122B,ntx3-002194-2,True,,False,False,False
Qwen3.5-122B,ntx3-002194-3,True,,False,False,False
Qwen3.5-122B,ntx3-000772-0,True,,False,False,False
Qwen3.5-122B,ntx3-000772-1,True,,False,False,False
Qwen3.5-122B,ntx3-000772-2,True,,False,False,False
Qwen3.5-122B,ntx3-000772-3,True,,False,False,False
Qwen3.5-122B,ntx3-001825-0,True,,False,False,False
Qwen3.5-122B,ntx3-001825-1,True,,False,False,False
Qwen3.5-122B,ntx3-001825-2,True,,False,False,False
Qwen3.5-122B,ntx3-001825-3,True,,False,False,False
Qwen3.5-122B,ntx3-002191-0,True,,False,False,False
Qwen3.5-122B,ntx3-002191-1,True,,False,False,False
Qwen3.5-122B,ntx3-002191-2,True,,False,False,False
Qwen3.5-122B,ntx3-002191-3,True,,False,False,False
Qwen3.5-122B,ntx3-002272-0,True,,False,False,False
Qwen3.5-122B,ntx3-002272-1,True,,False,False,False
Qwen3.5-122B,ntx3-002272-2,True,,False,False,False
Qwen3.5-122B,ntx3-002272-3,True,,False,False,False
Qwen3.5-122B,ntx3-002023-0,True,,False,False,False
Qwen3.5-122B,ntx3-002023-1,True,,False,False,False
Qwen3.5-122B,ntx3-002023-2,True,,False,False,False
Qwen3.5-122B,ntx3-002023-3,True,,False,False,False
Qwen3.5-122B,ntx3-001660-0,True,,False,False,False
Qwen3.5-122B,ntx3-001660-1,True,,False,False,False
Qwen3.5-122B,ntx3-001660-2,True,,False,False,False
Qwen3.5-122B,ntx3-001660-3,True,,False,False,False
Qwen3.5-122B,ntx3-001479-0,True,,False,False,False
Qwen3.5-122B,ntx3-001479-1,True,,False,False,False
Qwen3.5-122B,ntx3-001479-2,True,,False,False,False
Qwen3.5-122B,ntx3-001479-3,True,,False,False,False
Qwen3.5-122B,ntx3-001211-0,True,,False,False,False
Qwen3.5-122B,ntx3-001211-1,True,,False,False,False
Qwen3.5-122B,ntx3-001211-2,True,,False,False,False
Qwen3.5-122B,ntx3-001211-3,True,,False,False,False
Qwen3.5-122B,ntx3-001980-0,True,,False,False,False
Qwen3.5-122B,ntx3-001980-1,True,,False,False,False
Qwen3.5-122B,ntx3-001980-2,True,,False,False,False
Qwen3.5-122B,ntx3-001980-3,True,,False,False,False
Qwen3.5-122B,ntx3-001231-0,True,,False,False,False
Qwen3.5-122B,ntx3-001231-1,True,,False,False,False
Qwen3.5-122B,ntx3-001231-2,True,,False,False,False
Qwen3.5-122B,ntx3-001231-3,True,,False,False,False
Qwen3.5-122B,ntx3-001832-0,True,,False,False,False
Qwen3.5-122B,ntx3-001832-1,True,,False,False,False
Qwen3.5-122B,ntx3-001832-2,True,,False,False,False
Qwen3.5-122B,ntx3-001832-3,True,,False,False,False
Qwen3.5-122B,ntx3-000863-0,True,,False,False,False
Qwen3.5-122B,ntx3-000863-1,True,,False,False,False
Qwen3.5-122B,ntx3-000863-2,True,,False,False,False
Qwen3.5-122B,ntx3-000863-3,True,,False,False,False
Qwen3.5-122B,ntx3-001013-0,True,,False,False,False
Qwen3.5-122B,ntx3-001013-1,True,,False,False,False
Qwen3.5-122B,ntx3-001013-2,True,,False,False,False
Qwen3.5-122B,ntx3-001013-3,True,,False,False,False
Qwen3.5-122B,ntx3-001197-0,True,,False,False,False
Qwen3.5-122B,ntx3-001197-1,True,,False,False,False
Qwen3.5-122B,ntx3-001197-2,True,,False,False,False
Qwen3.5-122B,ntx3-001197-3,True,,False,False,False
Qwen3.5-122B,ntx3-001123-0,True,,False,False,False
Qwen3.5-122B,ntx3-001123-1,True,,False,False,False
Qwen3.5-122B,ntx3-001123-2,True,,False,False,False
Qwen3.5-122B,ntx3-001123-3,True,,False,False,False
Qwen3.5-122B,ntx3-001055-0,True,,False,False,False
Qwen3.5-122B,ntx3-001055-1,True,,False,False,False
Qwen3.5-122B,ntx3-001055-2,True,,False,False,False
Qwen3.5-122B,ntx3-001055-3,True,,False,False,False
Qwen3.5-122B,ntx3-000792-0,True,,False,False,False
Qwen3.5-122B,ntx3-000792-1,True,,False,False,False
Qwen3.5-122B,ntx3-000792-2,True,,False,False,False
Qwen3.5-122B,ntx3-000792-3,True,,False,False,False
Qwen3.5-122B,ntx3-001304-0,True,,False,False,False
Qwen3.5-122B,ntx3-001304-1,True,,False,False,False
Qwen3.5-122B,ntx3-001304-2,True,,False,False,False
Qwen3.5-122B,ntx3-001304-3,True,,False,False,False
Qwen3.5-122B,ntx3-000790-0,True,,False,False,False
Qwen3.5-122B,ntx3-000790-1,True,,False,False,False
Qwen3.5-122B,ntx3-000790-2,True,,False,False,False
Qwen3.5-122B,ntx3-000790-3,True,,False,False,False
Qwen3.5-122B,ntx3-000851-0,True,,False,False,False
Qwen3.5-122B,ntx3-000851-1,True,,False,False,False
Qwen3.5-122B,ntx3-000851-2,True,,False,False,False
Qwen3.5-122B,ntx3-000851-3,True,,False,False,False
Qwen3.5-122B,ntx3-001148-0,True,,False,False,False
Qwen3.5-122B,ntx3-001148-1,True,,False,False,False
Qwen3.5-122B,ntx3-001148-2,True,,False,False,False
Qwen3.5-122B,ntx3-001148-3,True,,False,False,False
Qwen3.5-122B,ntx3-000751-0,True,,False,False,False
Qwen3.5-122B,ntx3-000751-1,True,,False,False,False
Qwen3.5-122B,ntx3-000751-2,True,,False,False,False
Qwen3.5-122B,ntx3-000751-3,True,,False,False,False
Qwen3.5-122B,ntx3-001821-0,True,,False,False,False
Qwen3.5-122B,ntx3-001821-1,True,,False,False,False
Qwen3.5-122B,ntx3-001821-2,True,,False,False,False
Qwen3.5-122B,ntx3-001821-3,True,,False,False,False
Qwen3.5-122B,ntx3-002000-0,True,,False,False,False
Qwen3.5-122B,ntx3-002000-1,True,,False,False,False
Qwen3.5-122B,ntx3-002000-2,True,,False,False,False
Qwen3.5-122B,ntx3-002000-3,True,,False,False,False
Qwen3.5-122B,ntx3-000332-0,True,,False,False,False
Qwen3.5-122B,ntx3-000332-1,True,,False,False,False
Qwen3.5-122B,ntx3-000332-2,True,,False,False,False
Qwen3.5-122B,ntx3-000332-3,True,,False,False,False
Qwen3.5-122B,ntx3-000285-0,True,,False,False,False
Qwen3.5-122B,ntx3-000285-1,True,,False,False,False
Qwen3.5-122B,ntx3-000285-2,True,,False,False,False
Qwen3.5-122B,ntx3-000285-3,True,,False,False,False
Qwen3.5-122B,ntx3-002492-0,True,,False,False,False
Qwen3.5-122B,ntx3-002492-1,True,,False,False,False
Qwen3.5-122B,ntx3-002492-2,True,,False,False,False
Qwen3.5-122B,ntx3-002492-3,True,,False,False,False
Qwen3.5-122B,ntx3-001201-0,True,,False,False,False
Qwen3.5-122B,ntx3-001201-1,True,,False,False,False
Qwen3.5-122B,ntx3-001201-2,True,,False,False,False
Qwen3.5-122B,ntx3-001201-3,True,,False,False,False
Qwen3.5-122B,ntx3-001391-0,True,,False,False,False
Qwen3.5-122B,ntx3-001391-1,True,,False,False,False
Qwen3.5-122B,ntx3-001391-2,True,,False,False,False
Qwen3.5-122B,ntx3-001391-3,True,,False,False,False
Qwen3.5-122B,ntx3-001141-0,True,,False,False,False
Qwen3.5-122B,ntx3-001141-1,True,,False,False,False
Qwen3.5-122B,ntx3-001141-2,True,,False,False,False
Qwen3.5-122B,ntx3-001141-3,True,,False,False,False
Qwen3.5-122B,ntx3-002240-0,True,,False,False,False
Qwen3.5-122B,ntx3-002240-1,True,,False,False,False
Qwen3.5-122B,ntx3-002240-2,True,,False,False,False
Qwen3.5-122B,ntx3-002240-3,True,,False,False,False
Qwen3.5-122B,ntx3-000485-0,True,,False,False,False
Qwen3.5-122B,ntx3-000485-1,True,,False,False,False
Qwen3.5-122B,ntx3-000485-2,True,,False,False,False
Qwen3.5-122B,ntx3-000485-3,True,,False,False,False
Qwen3.5-122B,ntx3-002430-0,True,,False,False,False
Qwen3.5-122B,ntx3-002430-1,True,,False,False,False
Qwen3.5-122B,ntx3-002430-2,True,,False,False,False
Qwen3.5-122B,ntx3-002430-3,True,,False,False,False
Qwen3.5-122B,ntx3-001277-0,True,,False,False,False
Qwen3.5-122B,ntx3-001277-1,True,,False,False,False
Qwen3.5-122B,ntx3-001277-2,True,,False,False,False
Qwen3.5-122B,ntx3-001277-3,True,,False,False,False
Qwen3.5-122B,ntx3-002354-0,True,,False,False,False
Qwen3.5-122B,ntx3-002354-1,True,,False,False,False
Qwen3.5-122B,ntx3-002354-2,True,,False,False,False
Qwen3.5-122B,ntx3-002354-3,True,,False,False,False
Qwen3.5-122B,ntx3-001915-0,True,,False,False,False
Qwen3.5-122B,ntx3-001915-1,True,,False,False,False
Qwen3.5-122B,ntx3-001915-2,True,,False,False,False
Qwen3.5-122B,ntx3-001915-3,True,,False,False,False
Qwen3.5-122B,ntx3-001599-0,True,,False,False,False
Qwen3.5-122B,ntx3-001599-1,True,,False,False,False
Qwen3.5-122B,ntx3-001599-2,True,,False,False,False
Qwen3.5-122B,ntx3-001599-3,True,,False,False,False
Qwen3.5-122B,ntx3-001555-0,True,,False,False,False
Qwen3.5-122B,ntx3-001555-1,True,,False,False,False
Qwen3.5-122B,ntx3-001555-2,True,,False,False,False
Qwen3.5-122B,ntx3-001555-3,True,,False,False,False
Qwen3.5-122B,ntx3-001500-0,True,,False,False,False
Qwen3.5-122B,ntx3-001500-1,True,,False,False,False
Qwen3.5-122B,ntx3-001500-2,True,,False,False,False
Qwen3.5-122B,ntx3-001500-3,True,,False,False,False
Qwen3.5-122B,ntx3-001570-0,True,,False,False,False
Qwen3.5-122B,ntx3-001570-1,True,,False,False,False
Qwen3.5-122B,ntx3-001570-2,True,,False,False,False
Qwen3.5-122B,ntx3-001570-3,True,,False,False,False
Qwen3.5-122B,ntx3-001466-0,True,,False,False,False
Qwen3.5-122B,ntx3-001466-1,True,,False,False,False
Qwen3.5-122B,ntx3-001466-2,True,,False,False,False
Qwen3.5-122B,ntx3-001466-3,True,,False,False,False
Qwen3.5-122B,ntx3-000817-0,True,,False,False,False
Qwen3.5-122B,ntx3-000817-1,True,,False,False,False
Qwen3.5-122B,ntx3-000817-2,True,,False,False,False
Qwen3.5-122B,ntx3-000817-3,True,,False,False,False
Qwen3.5-122B,ntx3-001653-0,True,,False,False,False
Qwen3.5-122B,ntx3-001653-1,True,,False,False,False
Qwen3.5-122B,ntx3-001653-2,True,,False,False,False
Qwen3.5-122B,ntx3-001653-3,True,,False,False,False
Qwen3.5-122B,ntx3-001353-0,True,,False,False,False
Qwen3.5-122B,ntx3-001353-1,True,,False,False,False
Qwen3.5-122B,ntx3-001353-2,True,,False,False,False
Qwen3.5-122B,ntx3-001353-3,True,,False,False,False
Qwen3.5-122B,ntx3-002108-0,True,,False,False,False
Qwen3.5-122B,ntx3-002108-1,True,,False,False,False
Qwen3.5-122B,ntx3-002108-2,True,,False,False,False
Qwen3.5-122B,ntx3-002108-3,True,,False,False,False
Qwen3.5-122B,ntx3-000868-0,True,,False,False,False
Qwen3.5-122B,ntx3-000868-1,True,,False,False,False
Qwen3.5-122B,ntx3-000868-2,True,,False,False,False
Qwen3.5-122B,ntx3-000868-3,True,,False,False,False
Qwen3.5-122B,ntx3-000941-0,True,,False,False,False
Qwen3.5-122B,ntx3-000941-1,True,,False,False,False
Qwen3.5-122B,ntx3-000941-2,True,,False,False,False
Qwen3.5-122B,ntx3-000941-3,True,,False,False,False
Qwen3.5-122B,ntx3-002164-0,True,,False,False,False
Qwen3.5-122B,ntx3-002164-1,True,,False,False,False
Qwen3.5-122B,ntx3-002164-2,True,,False,False,False
Qwen3.5-122B,ntx3-002164-3,True,,False,False,False
Qwen3.5-122B,ntx3-001434-0,True,,False,False,False
Qwen3.5-122B,ntx3-001434-1,True,,False,False,False
Qwen3.5-122B,ntx3-001434-2,True,,False,False,False
Qwen3.5-122B,ntx3-001434-3,True,,False,False,False
Qwen3.5-122B,ntx3-001103-0,True,,False,False,False
Qwen3.5-122B,ntx3-001103-1,True,,False,False,False
Qwen3.5-122B,ntx3-001103-2,True,,False,False,False
Qwen3.5-122B,ntx3-001103-3,True,,False,False,False
Qwen3.5-122B,ntx3-000741-0,True,,False,False,False
Qwen3.5-122B,ntx3-000741-1,True,,False,False,False
Qwen3.5-122B,ntx3-000741-2,True,,False,False,False
Qwen3.5-122B,ntx3-000741-3,True,,False,False,False
Qwen3.5-122B,ntx3-000805-0,True,,False,False,False
Qwen3.5-122B,ntx3-000805-1,True,,False,False,False
Qwen3.5-122B,ntx3-000805-2,True,,False,False,False
Qwen3.5-122B,ntx3-000805-3,True,,False,False,False
Qwen3.5-122B,ntx3-000513-0,True,,False,False,False
Qwen3.5-122B,ntx3-000513-1,True,,False,False,False
Qwen3.5-122B,ntx3-000513-2,True,,False,False,False
Qwen3.5-122B,ntx3-000513-3,True,,False,False,False
Qwen3.5-122B,ntx3-001491-0,True,,False,False,False
Qwen3.5-122B,ntx3-001491-1,True,,False,False,False
Qwen3.5-122B,ntx3-001491-2,True,,False,False,False
Qwen3.5-122B,ntx3-001491-3,True,,False,False,False
Qwen3.5-122B,ntx3-000840-0,True,,False,False,False
Qwen3.5-122B,ntx3-000840-1,True,,False,False,False
Qwen3.5-122B,ntx3-000840-2,True,,False,False,False
Qwen3.5-122B,ntx3-000840-3,True,,False,False,False
Qwen3.5-122B,ntx3-001613-0,True,,False,False,False
Qwen3.5-122B,ntx3-001613-1,True,,False,False,False
Qwen3.5-122B,ntx3-001613-2,True,,False,False,False
Qwen3.5-122B,ntx3-001613-3,True,,False,False,False
Qwen3.5-122B,ntx3-000844-0,True,,False,False,False
Qwen3.5-122B,ntx3-000844-1,True,,False,False,False
Qwen3.5-122B,ntx3-000844-2,True,,False,False,False
Qwen3.5-122B,ntx3-000844-3,True,,False,False,False
Qwen3.5-122B,ntx3-002230-0,True,,False,False,False
Qwen3.5-122B,ntx3-002230-1,True,,False,False,False
Qwen3.5-122B,ntx3-002230-2,True,,False,False,False
Qwen3.5-122B,ntx3-002230-3,True,,False,False,False
Qwen3.5-122B,ntx3-000589-0,True,,False,False,False
Qwen3.5-122B,ntx3-000589-1,True,,False,False,False
Qwen3.5-122B,ntx3-000589-2,True,,False,False,False
Qwen3.5-122B,ntx3-000589-3,True,,False,False,False
Qwen3.5-122B,ntx3-002260-0,True,,False,False,False
Qwen3.5-122B,ntx3-002260-1,True,,False,False,False
Qwen3.5-122B,ntx3-002260-2,True,,False,False,False
Qwen3.5-122B,ntx3-002260-3,True,,False,False,False
Qwen3.5-122B,ntx3-000689-0,True,,False,False,False
Qwen3.5-122B,ntx3-000689-1,True,,False,False,False
Qwen3.5-122B,ntx3-000689-2,True,,False,False,False
Qwen3.5-122B,ntx3-000689-3,True,,False,False,False
Qwen3.5-122B,ntx3-002304-0,True,,False,False,False
Qwen3.5-122B,ntx3-002304-1,True,,False,False,False
Qwen3.5-122B,ntx3-002304-2,True,,False,False,False
Qwen3.5-122B,ntx3-002304-3,True,,False,False,False
Qwen3.5-122B,ntx3-001399-0,True,,False,False,False
Qwen3.5-122B,ntx3-001399-1,True,,False,False,False
Qwen3.5-122B,ntx3-001399-2,True,,False,False,False
Qwen3.5-122B,ntx3-001399-3,True,,False,False,False
Qwen3.5-122B,ntx3-001288-0,True,,False,False,False
Qwen3.5-122B,ntx3-001288-1,True,,False,False,False
Qwen3.5-122B,ntx3-001288-2,True,,False,False,False
Qwen3.5-122B,ntx3-001288-3,True,,False,False,False
Qwen3.5-122B,ntx3-002474-0,True,,False,False,False
Qwen3.5-122B,ntx3-002474-1,True,,False,False,False
Qwen3.5-122B,ntx3-002474-2,True,,False,False,False
Qwen3.5-122B,ntx3-002474-3,True,,False,False,False
Qwen3.5-122B,ntx3-002197-0,True,,False,False,False
Qwen3.5-122B,ntx3-002197-1,True,,False,False,False
Qwen3.5-122B,ntx3-002197-2,True,,False,False,False
Qwen3.5-122B,ntx3-002197-3,True,,False,False,False
Qwen3.5-122B,ntx3-002210-0,True,,False,False,False
Qwen3.5-122B,ntx3-002210-1,True,,False,False,False
Qwen3.5-122B,ntx3-002210-2,True,,False,False,False
Qwen3.5-122B,ntx3-002210-3,True,,False,False,False
Qwen3.5-122B,ntx3-002046-0,True,,False,False,False
Qwen3.5-122B,ntx3-002046-1,True,,False,False,False
Qwen3.5-122B,ntx3-002046-2,True,,False,False,False
Qwen3.5-122B,ntx3-002046-3,True,,False,False,False
Qwen3.5-122B,ntx3-002426-0,True,,False,False,False
Qwen3.5-122B,ntx3-002426-1,True,,False,False,False
Qwen3.5-122B,ntx3-002426-2,True,,False,False,False
Qwen3.5-122B,ntx3-002426-3,True,,False,False,False
Qwen3.5-122B,ntx3-002255-0,True,,False,False,False
Qwen3.5-122B,ntx3-002255-1,True,,False,False,False
Qwen3.5-122B,ntx3-002255-2,True,,False,False,False
Qwen3.5-122B,ntx3-002255-3,True,,False,False,False
Qwen3.5-122B,ntx3-001191-0,True,,False,False,False
Qwen3.5-122B,ntx3-001191-1,True,,False,False,False
Qwen3.5-122B,ntx3-001191-2,True,,False,False,False
Qwen3.5-122B,ntx3-001191-3,True,,False,False,False
Qwen3.5-122B,ntx3-001370-0,True,,False,False,False
Qwen3.5-122B,ntx3-001370-1,True,,False,False,False
Qwen3.5-122B,ntx3-001370-2,True,,False,False,False
Qwen3.5-122B,ntx3-001370-3,True,,False,False,False
Qwen3.5-122B,ntx3-001763-0,True,,False,False,False
Qwen3.5-122B,ntx3-001763-1,True,,False,False,False
Qwen3.5-122B,ntx3-001763-2,True,,False,False,False
Qwen3.5-122B,ntx3-001763-3,True,,False,False,False
Qwen3.5-122B,ntx3-000765-0,True,,False,False,False
Qwen3.5-122B,ntx3-000765-1,True,,False,False,False
Qwen3.5-122B,ntx3-000765-2,True,,False,False,False
Qwen3.5-122B,ntx3-000765-3,True,,False,False,False
Qwen3.5-122B,ntx3-001244-0,True,,False,False,False
Qwen3.5-122B,ntx3-001244-1,True,,False,False,False
Qwen3.5-122B,ntx3-001244-2,True,,False,False,False
Qwen3.5-122B,ntx3-001244-3,True,,False,False,False
Qwen3.5-122B,ntx3-000776-0,True,,False,False,False
Qwen3.5-122B,ntx3-000776-1,True,,False,False,False
Qwen3.5-122B,ntx3-000776-2,True,,False,False,False
Qwen3.5-122B,ntx3-000776-3,True,,False,False,False
Qwen3.5-122B,ntx3-002129-0,True,,False,False,False
Qwen3.5-122B,ntx3-002129-1,True,,False,False,False
Qwen3.5-122B,ntx3-002129-2,True,,False,False,False
Qwen3.5-122B,ntx3-002129-3,True,,False,False,False
Qwen3.5-122B,ntx3-001930-0,True,,False,False,False
Qwen3.5-122B,ntx3-001930-1,True,,False,False,False
Qwen3.5-122B,ntx3-001930-2,True,,False,False,False
Qwen3.5-122B,ntx3-001930-3,True,,False,False,False
Qwen3.5-122B,ntx3-000607-0,True,,False,False,False
Qwen3.5-122B,ntx3-000607-1,True,,False,False,False
Qwen3.5-122B,ntx3-000607-2,True,,False,False,False
Qwen3.5-122B,ntx3-000607-3,True,,False,False,False
Qwen3.5-122B,ntx3-002229-0,True,,False,False,False
Qwen3.5-122B,ntx3-002229-1,True,,False,False,False
Qwen3.5-122B,ntx3-002229-2,True,,False,False,False
Qwen3.5-122B,ntx3-002229-3,True,,False,False,False
Qwen3.5-122B,ntx3-001475-0,True,,False,False,False
Qwen3.5-122B,ntx3-001475-1,True,,False,False,False
Qwen3.5-122B,ntx3-001475-2,True,,False,False,False
Qwen3.5-122B,ntx3-001475-3,True,,False,False,False
Qwen3.5-122B,ntx3-001051-0,True,,False,False,False
Qwen3.5-122B,ntx3-001051-1,True,,False,False,False
Qwen3.5-122B,ntx3-001051-2,True,,False,False,False
Qwen3.5-122B,ntx3-001051-3,True,,False,False,False
Qwen3.5-122B,ntx3-001284-0,True,,False,False,False
Qwen3.5-122B,ntx3-001284-1,True,,False,False,False
Qwen3.5-122B,ntx3-001284-2,True,,False,False,False
Qwen3.5-122B,ntx3-001284-3,True,,False,False,False
Qwen3.5-122B,ntx3-001852-0,True,,False,False,False
Qwen3.5-122B,ntx3-001852-1,True,,False,False,False
Qwen3.5-122B,ntx3-001852-2,True,,False,False,False
Qwen3.5-122B,ntx3-001852-3,True,,False,False,False
Qwen3.5-122B,ntx3-002249-0,True,,False,False,False
Qwen3.5-122B,ntx3-002249-1,True,,False,False,False
Qwen3.5-122B,ntx3-002249-2,True,,False,False,False
Qwen3.5-122B,ntx3-002249-3,True,,False,False,False
Qwen3.5-122B,ntx3-002098-0,True,,False,False,False
Qwen3.5-122B,ntx3-002098-1,True,,False,False,False
Qwen3.5-122B,ntx3-002098-2,True,,False,False,False
Qwen3.5-122B,ntx3-002098-3,True,,False,False,False
Qwen3.5-122B,ntx3-001566-0,True,,False,False,False
Qwen3.5-122B,ntx3-001566-1,True,,False,False,False
Qwen3.5-122B,ntx3-001566-2,True,,False,False,False
Qwen3.5-122B,ntx3-001566-3,True,,False,False,False
Qwen3.5-122B,ntx3-002456-0,True,,False,False,False
Qwen3.5-122B,ntx3-002456-1,True,,False,False,False
Qwen3.5-122B,ntx3-002456-2,True,,False,False,False
Qwen3.5-122B,ntx3-002456-3,True,,False,False,False
Qwen3.5-122B,ntx3-001892-0,True,,False,False,False
Qwen3.5-122B,ntx3-001892-1,True,,False,False,False
Qwen3.5-122B,ntx3-001892-2,True,,False,False,False
Qwen3.5-122B,ntx3-001892-3,True,,False,False,False
Qwen3.5-122B,ntx3-002367-0,True,,False,False,False
Qwen3.5-122B,ntx3-002367-1,True,,False,False,False
Qwen3.5-122B,ntx3-002367-2,True,,False,False,False
Qwen3.5-122B,ntx3-002367-3,True,,False,False,False
Qwen3.5-122B,ntx3-000759-0,True,,False,False,False
Qwen3.5-122B,ntx3-000759-1,True,,False,False,False
Qwen3.5-122B,ntx3-000759-2,True,,False,False,False
Qwen3.5-122B,ntx3-000759-3,True,,False,False,False
Qwen3.5-122B,ntx3-000762-0,True,,False,False,False
Qwen3.5-122B,ntx3-000762-1,True,,False,False,False
Qwen3.5-122B,ntx3-000762-2,True,,False,False,False
Qwen3.5-122B,ntx3-000762-3,True,,False,False,False
Qwen3.5-122B,ntx3-001487-0,True,,False,False,False
Qwen3.5-122B,ntx3-001487-1,True,,False,False,False
Qwen3.5-122B,ntx3-001487-2,True,,False,False,False
Qwen3.5-122B,ntx3-001487-3,True,,False,False,False
Qwen3.5-122B,ntx3-001779-0,True,,False,False,False
Qwen3.5-122B,ntx3-001779-1,True,,False,False,False
Qwen3.5-122B,ntx3-001779-2,True,,False,False,False
Qwen3.5-122B,ntx3-001779-3,True,,False,False,False
Qwen3.5-122B,ntx3-002460-0,True,,False,False,False
Qwen3.5-122B,ntx3-002460-1,True,,False,False,False
Qwen3.5-122B,ntx3-002460-2,True,,False,False,False
Qwen3.5-122B,ntx3-002460-3,True,,False,False,False
Qwen3.5-122B,ntx3-002185-0,True,,False,False,False
Qwen3.5-122B,ntx3-002185-1,True,,False,False,False
Qwen3.5-122B,ntx3-002185-2,True,,False,False,False
Qwen3.5-122B,ntx3-002185-3,True,,False,False,False
Qwen3.5-122B,ntx3-002357-0,True,,False,False,False
Qwen3.5-122B,ntx3-002357-1,True,,False,False,False
Qwen3.5-122B,ntx3-002357-2,True,,False,False,False
Qwen3.5-122B,ntx3-002357-3,True,,False,False,False
Qwen3.5-122B,ntx3-002054-0,True,,False,False,False
Qwen3.5-122B,ntx3-002054-1,True,,False,False,False
Qwen3.5-122B,ntx3-002054-2,True,,False,False,False
Qwen3.5-122B,ntx3-002054-3,True,,False,False,False
Qwen3.5-122B,ntx3-000246-0,True,,False,False,False
Qwen3.5-122B,ntx3-000246-1,True,,False,False,False
Qwen3.5-122B,ntx3-000246-2,True,,False,False,False
Qwen3.5-122B,ntx3-000246-3,True,,False,False,False
Qwen3.5-122B,ntx3-000469-0,True,,False,False,False
Qwen3.5-122B,ntx3-000469-1,True,,False,False,False
Qwen3.5-122B,ntx3-000469-2,True,,False,False,False
Qwen3.5-122B,ntx3-000469-3,True,,False,False,False
Qwen3.5-122B,ntx3-001694-0,True,,False,False,False
Qwen3.5-122B,ntx3-001694-1,True,,False,False,False
Qwen3.5-122B,ntx3-001694-2,True,,False,False,False
Qwen3.5-122B,ntx3-001694-3,True,,False,False,False
Qwen3.5-122B,ntx3-000516-0,True,,False,False,False
Qwen3.5-122B,ntx3-000516-1,True,,False,False,False
Qwen3.5-122B,ntx3-000516-2,True,,False,False,False
Qwen3.5-122B,ntx3-000516-3,True,,False,False,False
Qwen3.5-122B,ntx3-000514-0,True,,False,False,False
Qwen3.5-122B,ntx3-000514-1,True,,False,False,False
Qwen3.5-122B,ntx3-000514-2,True,,False,False,False
Qwen3.5-122B,ntx3-000514-3,True,,False,False,False
Qwen3.5-122B,ntx3-001625-0,True,,False,False,False
Qwen3.5-122B,ntx3-001625-1,True,,False,False,False
Qwen3.5-122B,ntx3-001625-2,True,,False,False,False
Qwen3.5-122B,ntx3-001625-3,True,,False,False,False
Qwen3.5-122B,ntx3-002236-0,True,,False,False,False
Qwen3.5-122B,ntx3-002236-1,True,,False,False,False
Qwen3.5-122B,ntx3-002236-2,True,,False,False,False
Qwen3.5-122B,ntx3-002236-3,True,,False,False,False
Qwen3.5-122B,ntx3-001352-0,True,,False,False,False
Qwen3.5-122B,ntx3-001352-1,True,,False,False,False
Qwen3.5-122B,ntx3-001352-2,True,,False,False,False
Qwen3.5-122B,ntx3-001352-3,True,,False,False,False
Qwen3.5-122B,ntx3-000698-0,True,,False,False,False
Qwen3.5-122B,ntx3-000698-1,True,,False,False,False
Qwen3.5-122B,ntx3-000698-2,True,,False,False,False
Qwen3.5-122B,ntx3-000698-3,True,,False,False,False
Qwen3.5-122B,ntx3-001735-0,True,,False,False,False
Qwen3.5-122B,ntx3-001735-1,True,,False,False,False
Qwen3.5-122B,ntx3-001735-2,True,,False,False,False
Qwen3.5-122B,ntx3-001735-3,True,,False,False,False
Qwen3.5-122B,ntx3-001059-0,True,,False,False,False
Qwen3.5-122B,ntx3-001059-1,True,,False,False,False
Qwen3.5-122B,ntx3-001059-2,True,,False,False,False
Qwen3.5-122B,ntx3-001059-3,True,,False,False,False
Qwen3.5-122B,ntx3-002141-0,True,,False,False,False
Qwen3.5-122B,ntx3-002141-1,True,,False,False,False
Qwen3.5-122B,ntx3-002141-2,True,,False,False,False
Qwen3.5-122B,ntx3-002141-3,True,,False,False,False
Qwen3.5-122B,ntx3-001497-0,True,,False,False,False
Qwen3.5-122B,ntx3-001497-1,True,,False,False,False
Qwen3.5-122B,ntx3-001497-2,True,,False,False,False
Qwen3.5-122B,ntx3-001497-3,True,,False,False,False
Qwen3.5-122B,ntx3-001321-0,True,,False,False,False
Qwen3.5-122B,ntx3-001321-1,True,,False,False,False
Qwen3.5-122B,ntx3-001321-2,True,,False,False,False
Qwen3.5-122B,ntx3-001321-3,True,,False,False,False
Qwen3.5-122B,ntx3-002334-0,True,,False,False,False
Qwen3.5-122B,ntx3-002334-1,True,,False,False,False
Qwen3.5-122B,ntx3-002334-2,True,,False,False,False
Qwen3.5-122B,ntx3-002334-3,True,,False,False,False
Qwen3.5-122B,ntx3-001567-0,True,,False,False,False
Qwen3.5-122B,ntx3-001567-1,True,,False,False,False
Qwen3.5-122B,ntx3-001567-2,True,,False,False,False
Qwen3.5-122B,ntx3-001567-3,True,,False,False,False
Qwen3.5-122B,ntx3-000584-0,True,,False,False,False
Qwen3.5-122B,ntx3-000584-1,True,,False,False,False
Qwen3.5-122B,ntx3-000584-2,True,,False,False,False
Qwen3.5-122B,ntx3-000584-3,True,,False,False,False
Qwen3.5-122B,ntx3-002026-0,True,,False,False,False
Qwen3.5-122B,ntx3-002026-1,True,,False,False,False
Qwen3.5-122B,ntx3-002026-2,True,,False,False,False
Qwen3.5-122B,ntx3-002026-3,True,,False,False,False
Qwen3.5-122B,ntx3-002406-0,True,,False,False,False
Qwen3.5-122B,ntx3-002406-1,True,,False,False,False
Qwen3.5-122B,ntx3-002406-2,True,,False,False,False
Qwen3.5-122B,ntx3-002406-3,True,,False,False,False
Qwen3.5-122B,ntx3-001950-0,True,,False,False,False
Qwen3.5-122B,ntx3-001950-1,True,,False,False,False
Qwen3.5-122B,ntx3-001950-2,True,,False,False,False
Qwen3.5-122B,ntx3-001950-3,True,,False,False,False
Qwen3.5-122B,ntx3-002055-0,True,,False,False,False
Qwen3.5-122B,ntx3-002055-1,True,,False,False,False
Qwen3.5-122B,ntx3-002055-2,True,,False,False,False
Qwen3.5-122B,ntx3-002055-3,True,,False,False,False
Qwen3.5-122B,ntx3-000746-0,True,,False,False,False
Qwen3.5-122B,ntx3-000746-1,True,,False,False,False
Qwen3.5-122B,ntx3-000746-2,True,,False,False,False
Qwen3.5-122B,ntx3-000746-3,True,,False,False,False
Qwen3.5-122B,ntx3-001033-0,True,,False,False,False
Qwen3.5-122B,ntx3-001033-1,True,,False,False,False
Qwen3.5-122B,ntx3-001033-2,True,,False,False,False
Qwen3.5-122B,ntx3-001033-3,True,,False,False,False
Qwen3.5-122B,ntx3-002459-0,True,,False,False,False
Qwen3.5-122B,ntx3-002459-1,True,,False,False,False
Qwen3.5-122B,ntx3-002459-2,True,,False,False,False
Qwen3.5-122B,ntx3-002459-3,True,,False,False,False
Qwen3.5-122B,ntx3-000254-0,True,,False,False,False
Qwen3.5-122B,ntx3-000254-1,True,,False,False,False
Qwen3.5-122B,ntx3-000254-2,True,,False,False,False
Qwen3.5-122B,ntx3-000254-3,True,,False,False,False
Qwen3.5-122B,ntx3-000888-0,True,,False,False,False
Qwen3.5-122B,ntx3-000888-1,True,,False,False,False
Qwen3.5-122B,ntx3-000888-2,True,,False,False,False
Qwen3.5-122B,ntx3-000888-3,True,,False,False,False
Qwen3.5-122B,ntx3-001457-0,True,,False,False,False
Qwen3.5-122B,ntx3-001457-1,True,,False,False,False
Qwen3.5-122B,ntx3-001457-2,True,,False,False,False
Qwen3.5-122B,ntx3-001457-3,True,,False,False,False
Qwen3.5-122B,ntx3-001384-0,True,,False,False,False
Qwen3.5-122B,ntx3-001384-1,True,,False,False,False
Qwen3.5-122B,ntx3-001384-2,True,,False,False,False
Qwen3.5-122B,ntx3-001384-3,True,,False,False,False
Qwen3.5-122B,ntx3-002117-0,True,,False,False,False
Qwen3.5-122B,ntx3-002117-1,True,,False,False,False
Qwen3.5-122B,ntx3-002117-2,True,,False,False,False
Qwen3.5-122B,ntx3-002117-3,True,,False,False,False
Qwen3.5-122B,ntx3-001836-0,True,,False,False,False
Qwen3.5-122B,ntx3-001836-1,True,,False,False,False
Qwen3.5-122B,ntx3-001836-2,True,,False,False,False
Qwen3.5-122B,ntx3-001836-3,True,,False,False,False
Qwen3.5-122B,ntx3-001932-0,True,,False,False,False
Qwen3.5-122B,ntx3-001932-1,True,,False,False,False
Qwen3.5-122B,ntx3-001932-2,True,,False,False,False
Qwen3.5-122B,ntx3-001932-3,True,,False,False,False
Qwen3.5-122B,ntx3-000152-0,True,,False,False,False
Qwen3.5-122B,ntx3-000152-1,True,,False,False,False
Qwen3.5-122B,ntx3-000152-2,True,,False,False,False
Qwen3.5-122B,ntx3-000152-3,True,,False,False,False
Qwen3.5-122B,ntx3-001931-0,True,,False,False,False
Qwen3.5-122B,ntx3-001931-1,True,,False,False,False
Qwen3.5-122B,ntx3-001931-2,True,,False,False,False
Qwen3.5-122B,ntx3-001931-3,True,,False,False,False
Qwen3.5-122B,ntx3-000518-0,True,,False,False,False
Qwen3.5-122B,ntx3-000518-1,True,,False,False,False
Qwen3.5-122B,ntx3-000518-2,True,,False,False,False
Qwen3.5-122B,ntx3-000518-3,True,,False,False,False
Qwen3.5-122B,ntx3-001465-0,True,,False,False,False
Qwen3.5-122B,ntx3-001465-1,True,,False,False,False
Qwen3.5-122B,ntx3-001465-2,True,,False,False,False
Qwen3.5-122B,ntx3-001465-3,True,,False,False,False
Qwen3.5-122B,ntx3-000659-0,True,,False,False,False
Qwen3.5-122B,ntx3-000659-1,True,,False,False,False
Qwen3.5-122B,ntx3-000659-2,True,,False,False,False
Qwen3.5-122B,ntx3-000659-3,True,,False,False,False
Qwen3.5-122B,ntx3-000740-0,True,,False,False,False
Qwen3.5-122B,ntx3-000740-1,True,,False,False,False
Qwen3.5-122B,ntx3-000740-2,True,,False,False,False
Qwen3.5-122B,ntx3-000740-3,True,,False,False,False
Qwen3.5-122B,ntx3-000884-0,True,,False,False,False
Qwen3.5-122B,ntx3-000884-1,True,,False,False,False
Qwen3.5-122B,ntx3-000884-2,True,,False,False,False
Qwen3.5-122B,ntx3-000884-3,True,,False,False,False
Qwen3.5-122B,ntx3-002221-0,True,,False,False,False
Qwen3.5-122B,ntx3-002221-1,True,,False,False,False
Qwen3.5-122B,ntx3-002221-2,True,,False,False,False
Qwen3.5-122B,ntx3-002221-3,True,,False,False,False
Qwen3.5-122B,ntx3-001551-0,True,,False,False,False
Qwen3.5-122B,ntx3-001551-1,True,,False,False,False
Qwen3.5-122B,ntx3-001551-2,True,,False,False,False
Qwen3.5-122B,ntx3-001551-3,True,,False,False,False
Qwen3.5-122B,ntx3-001583-0,True,,False,False,False
Qwen3.5-122B,ntx3-001583-1,True,,False,False,False
Qwen3.5-122B,ntx3-001583-2,True,,False,False,False
Qwen3.5-122B,ntx3-001583-3,True,,False,False,False
Qwen3.5-122B,ntx3-000585-0,True,,False,False,False
Qwen3.5-122B,ntx3-000585-1,True,,False,False,False
Qwen3.5-122B,ntx3-000585-2,True,,False,False,False
Qwen3.5-122B,ntx3-000585-3,True,,False,False,False
Qwen3.5-122B,ntx3-001544-0,True,,False,False,False
Qwen3.5-122B,ntx3-001544-1,True,,False,False,False
Qwen3.5-122B,ntx3-001544-2,True,,False,False,False
Qwen3.5-122B,ntx3-001544-3,True,,False,False,False
Qwen3.5-122B,ntx3-000820-0,True,,False,False,False
Qwen3.5-122B,ntx3-000820-1,True,,False,False,False
Qwen3.5-122B,ntx3-000820-2,True,,False,False,False
Qwen3.5-122B,ntx3-000820-3,True,,False,False,False
Qwen3.5-122B,ntx3-001709-0,True,,False,False,False
Qwen3.5-122B,ntx3-001709-1,True,,False,False,False
Qwen3.5-122B,ntx3-001709-2,True,,False,False,False
Qwen3.5-122B,ntx3-001709-3,True,,False,False,False
Qwen3.5-122B,ntx3-001848-0,True,,False,False,False
Qwen3.5-122B,ntx3-001848-1,True,,False,False,False
Qwen3.5-122B,ntx3-001848-2,True,,False,False,False
Qwen3.5-122B,ntx3-001848-3,True,,False,False,False
Qwen3.5-122B,ntx3-001663-0,True,,False,False,False
Qwen3.5-122B,ntx3-001663-1,True,,False,False,False
Qwen3.5-122B,ntx3-001663-2,True,,False,False,False
Qwen3.5-122B,ntx3-001663-3,True,,False,False,False
Qwen3.5-122B,ntx3-002011-0,True,,False,False,False
Qwen3.5-122B,ntx3-002011-1,True,,False,False,False
Qwen3.5-122B,ntx3-002011-2,True,,False,False,False
Qwen3.5-122B,ntx3-002011-3,True,,False,False,False
Qwen3.5-122B,ntx3-001692-0,True,,False,False,False
Qwen3.5-122B,ntx3-001692-1,True,,False,False,False
Qwen3.5-122B,ntx3-001692-2,True,,False,False,False
Qwen3.5-122B,ntx3-001692-3,True,,False,False,False
Qwen3.5-122B,ntx3-002100-0,True,,False,False,False
Qwen3.5-122B,ntx3-002100-1,True,,False,False,False
Qwen3.5-122B,ntx3-002100-2,True,,False,False,False
Qwen3.5-122B,ntx3-002100-3,True,,False,False,False
Qwen3.5-122B,ntx3-002179-0,True,,False,False,False
Qwen3.5-122B,ntx3-002179-1,True,,False,False,False
Qwen3.5-122B,ntx3-002179-2,True,,False,False,False
Qwen3.5-122B,ntx3-002179-3,True,,False,False,False
Qwen3.5-122B,ntx3-001315-0,True,,False,False,False
Qwen3.5-122B,ntx3-001315-1,True,,False,False,False
Qwen3.5-122B,ntx3-001315-2,True,,False,False,False
Qwen3.5-122B,ntx3-001315-3,True,,False,False,False
Qwen3.5-122B,ntx3-000160-0,True,,False,False,False
Qwen3.5-122B,ntx3-000160-1,True,,False,False,False
Qwen3.5-122B,ntx3-000160-2,True,,False,False,False
Qwen3.5-122B,ntx3-000160-3,True,,False,False,False
Qwen3.5-122B,ntx3-000492-0,True,,False,False,False
Qwen3.5-122B,ntx3-000492-1,True,,False,False,False
Qwen3.5-122B,ntx3-000492-2,True,,False,False,False
Qwen3.5-122B,ntx3-000492-3,True,,False,False,False
Qwen3.5-122B,ntx3-000839-0,True,,False,False,False
Qwen3.5-122B,ntx3-000839-1,True,,False,False,False
Qwen3.5-122B,ntx3-000839-2,True,,False,False,False
Qwen3.5-122B,ntx3-000839-3,True,,False,False,False
Qwen3.5-122B,ntx3-001721-0,True,,False,False,False
Qwen3.5-122B,ntx3-001721-1,True,,False,False,False
Qwen3.5-122B,ntx3-001721-2,True,,False,False,False
Qwen3.5-122B,ntx3-001721-3,True,,False,False,False
Qwen3.5-122B,ntx3-001733-0,True,,False,False,False
Qwen3.5-122B,ntx3-001733-1,True,,False,False,False
Qwen3.5-122B,ntx3-001733-2,True,,False,False,False
Qwen3.5-122B,ntx3-001733-3,True,,False,False,False
Qwen3.5-122B,ntx3-001874-0,True,,False,False,False
Qwen3.5-122B,ntx3-001874-1,True,,False,False,False
Qwen3.5-122B,ntx3-001874-2,True,,False,False,False
Qwen3.5-122B,ntx3-001874-3,True,,False,False,False
Qwen3.5-122B,ntx3-000312-0,True,,False,False,False
Qwen3.5-122B,ntx3-000312-1,True,,False,False,False
Qwen3.5-122B,ntx3-000312-2,True,,False,False,False
Qwen3.5-122B,ntx3-000312-3,True,,False,False,False
Qwen3.5-122B,ntx3-001578-0,True,,False,False,False
Qwen3.5-122B,ntx3-001578-1,True,,False,False,False
Qwen3.5-122B,ntx3-001578-2,True,,False,False,False
Qwen3.5-122B,ntx3-001578-3,True,,False,False,False
Qwen3.5-122B,ntx3-001338-0,True,,False,False,False
Qwen3.5-122B,ntx3-001338-1,True,,False,False,False
Qwen3.5-122B,ntx3-001338-2,True,,False,False,False
Qwen3.5-122B,ntx3-001338-3,True,,False,False,False
Qwen3.5-122B,ntx3-002494-0,True,,False,False,False
Qwen3.5-122B,ntx3-002494-1,True,,False,False,False
Qwen3.5-122B,ntx3-002494-2,True,,False,False,False
Qwen3.5-122B,ntx3-002494-3,True,,False,False,False
GPT-OSS-120B,ntx3-002299-0,True,,False,False,False
GPT-OSS-120B,ntx3-002299-1,True,,False,False,False
GPT-OSS-120B,ntx3-002299-2,True,,False,False,False
GPT-OSS-120B,ntx3-002299-3,True,,False,False,False
GPT-OSS-120B,ntx3-001529-0,True,,False,False,False
GPT-OSS-120B,ntx3-001529-1,True,,False,False,False
GPT-OSS-120B,ntx3-001529-2,True,,False,False,False
GPT-OSS-120B,ntx3-001529-3,True,,False,False,False
GPT-OSS-120B,ntx3-001644-0,True,,False,False,False
GPT-OSS-120B,ntx3-001644-1,True,,False,False,False
GPT-OSS-120B,ntx3-001644-2,True,,False,False,False
GPT-OSS-120B,ntx3-001644-3,True,,False,False,False
GPT-OSS-120B,ntx3-000175-0,True,,False,False,False
GPT-OSS-120B,ntx3-000175-1,True,,False,False,False
GPT-OSS-120B,ntx3-000175-2,True,,False,False,False
GPT-OSS-120B,ntx3-000175-3,True,,False,False,False
GPT-OSS-120B,ntx3-000679-0,True,,False,False,False
GPT-OSS-120B,ntx3-000679-1,True,,False,False,False
GPT-OSS-120B,ntx3-000679-2,True,,False,False,False
GPT-OSS-120B,ntx3-000679-3,True,,False,False,False
GPT-OSS-120B,ntx3-001307-0,True,,False,False,False
GPT-OSS-120B,ntx3-001307-1,True,,False,False,False
GPT-OSS-120B,ntx3-001307-2,True,,False,False,False
GPT-OSS-120B,ntx3-001307-3,True,,False,False,False
GPT-OSS-120B,ntx3-001476-0,True,,False,False,False
GPT-OSS-120B,ntx3-001476-1,True,,False,False,False
GPT-OSS-120B,ntx3-001476-2,True,,False,False,False
GPT-OSS-120B,ntx3-001476-3,True,,False,False,False
GPT-OSS-120B,ntx3-001929-0,True,,False,False,False
GPT-OSS-120B,ntx3-001929-1,True,,False,False,False
GPT-OSS-120B,ntx3-001929-2,True,,False,False,False
GPT-OSS-120B,ntx3-001929-3,True,,False,False,False
GPT-OSS-120B,ntx3-001674-0,True,,False,False,False
GPT-OSS-120B,ntx3-001674-1,True,,False,False,False
GPT-OSS-120B,ntx3-001674-2,True,,False,False,False
GPT-OSS-120B,ntx3-001674-3,True,,False,False,False
GPT-OSS-120B,ntx3-002470-0,True,,False,False,False
GPT-OSS-120B,ntx3-002470-1,True,,False,False,False
GPT-OSS-120B,ntx3-002470-2,True,,False,False,False
GPT-OSS-120B,ntx3-002470-3,True,,False,False,False
GPT-OSS-120B,ntx3-000825-0,True,,False,False,False
GPT-OSS-120B,ntx3-000825-1,True,,False,False,False
GPT-OSS-120B,ntx3-000825-2,True,,False,False,False
GPT-OSS-120B,ntx3-000825-3,True,,False,False,False
GPT-OSS-120B,ntx3-000324-0,True,,False,False,False
GPT-OSS-120B,ntx3-000324-1,True,,False,False,False
GPT-OSS-120B,ntx3-000324-2,True,,False,False,False
GPT-OSS-120B,ntx3-000324-3,True,,False,False,False
GPT-OSS-120B,ntx3-001878-0,True,,False,False,False
GPT-OSS-120B,ntx3-001878-1,True,,False,False,False
GPT-OSS-120B,ntx3-001878-2,True,,False,False,False
GPT-OSS-120B,ntx3-001878-3,True,,False,False,False
GPT-OSS-120B,ntx3-001705-0,True,,False,False,False
GPT-OSS-120B,ntx3-001705-1,True,,False,False,False
GPT-OSS-120B,ntx3-001705-2,True,,False,False,False
GPT-OSS-120B,ntx3-001705-3,True,,False,False,False
GPT-OSS-120B,ntx3-002485-0,True,,False,False,False
GPT-OSS-120B,ntx3-002485-1,True,,False,False,False
GPT-OSS-120B,ntx3-002485-2,True,,False,False,False
GPT-OSS-120B,ntx3-002485-3,True,,False,False,False
GPT-OSS-120B,ntx3-001225-0,True,,False,False,False
GPT-OSS-120B,ntx3-001225-1,True,,False,False,False
GPT-OSS-120B,ntx3-001225-2,True,,False,False,False
GPT-OSS-120B,ntx3-001225-3,True,,False,False,False
GPT-OSS-120B,ntx3-001049-0,True,,False,False,False
GPT-OSS-120B,ntx3-001049-1,True,,False,False,False
GPT-OSS-120B,ntx3-001049-2,True,,False,False,False
GPT-OSS-120B,ntx3-001049-3,True,,False,False,False
GPT-OSS-120B,ntx3-000595-0,True,,False,False,False
GPT-OSS-120B,ntx3-000595-1,True,,False,False,False
GPT-OSS-120B,ntx3-000595-2,True,,False,False,False
GPT-OSS-120B,ntx3-000595-3,True,,False,False,False
GPT-OSS-120B,ntx3-002124-0,True,,False,False,False
GPT-OSS-120B,ntx3-002124-1,True,,False,False,False
GPT-OSS-120B,ntx3-002124-2,True,,False,False,False
GPT-OSS-120B,ntx3-002124-3,True,,False,False,False
GPT-OSS-120B,ntx3-000153-0,True,,False,False,False
GPT-OSS-120B,ntx3-000153-1,True,,False,False,False
GPT-OSS-120B,ntx3-000153-2,True,,False,False,False
GPT-OSS-120B,ntx3-000153-3,True,,False,False,False
GPT-OSS-120B,ntx3-000857-0,True,,False,False,False
GPT-OSS-120B,ntx3-000857-1,True,,False,False,False
GPT-OSS-120B,ntx3-000857-2,True,,False,False,False
GPT-OSS-120B,ntx3-000857-3,True,,False,False,False
GPT-OSS-120B,ntx3-000505-0,True,,False,False,False
GPT-OSS-120B,ntx3-000505-1,True,,False,False,False
GPT-OSS-120B,ntx3-000505-2,True,,False,False,False
GPT-OSS-120B,ntx3-000505-3,True,,False,False,False
GPT-OSS-120B,ntx3-001415-0,True,,False,False,False
GPT-OSS-120B,ntx3-001415-1,True,,False,False,False
GPT-OSS-120B,ntx3-001415-2,True,,False,False,False
GPT-OSS-120B,ntx3-001415-3,True,,False,False,False
GPT-OSS-120B,ntx3-002309-0,True,,False,False,False
GPT-OSS-120B,ntx3-002309-1,True,,False,False,False
GPT-OSS-120B,ntx3-002309-2,True,,False,False,False
GPT-OSS-120B,ntx3-002309-3,True,,False,False,False
GPT-OSS-120B,ntx3-000413-0,True,,False,False,False
GPT-OSS-120B,ntx3-000413-1,True,,False,False,False
GPT-OSS-120B,ntx3-000413-2,True,,False,False,False
GPT-OSS-120B,ntx3-000413-3,True,,False,False,False
GPT-OSS-120B,ntx3-001084-0,True,,False,False,False
GPT-OSS-120B,ntx3-001084-1,True,,False,False,False
GPT-OSS-120B,ntx3-001084-2,True,,False,False,False
GPT-OSS-120B,ntx3-001084-3,True,,False,False,False
GPT-OSS-120B,ntx3-001016-0,True,,False,False,False
GPT-OSS-120B,ntx3-001016-1,True,,False,False,False
GPT-OSS-120B,ntx3-001016-2,True,,False,False,False
GPT-OSS-120B,ntx3-001016-3,True,,False,False,False
GPT-OSS-120B,ntx3-000127-0,True,,False,False,False
GPT-OSS-120B,ntx3-000127-1,True,,False,False,False
GPT-OSS-120B,ntx3-000127-2,True,,False,False,False
GPT-OSS-120B,ntx3-000127-3,True,,False,False,False
GPT-OSS-120B,ntx3-002295-0,True,,False,False,False
GPT-OSS-120B,ntx3-002295-1,True,,False,False,False
GPT-OSS-120B,ntx3-002295-2,True,,False,False,False
GPT-OSS-120B,ntx3-002295-3,True,,False,False,False
GPT-OSS-120B,ntx3-002486-0,True,,False,False,False
GPT-OSS-120B,ntx3-002486-1,True,,False,False,False
GPT-OSS-120B,ntx3-002486-2,True,,False,False,False
GPT-OSS-120B,ntx3-002486-3,True,,False,False,False
GPT-OSS-120B,ntx3-000540-0,True,,False,False,False
GPT-OSS-120B,ntx3-000540-1,True,,False,False,False
GPT-OSS-120B,ntx3-000540-2,True,,False,False,False
GPT-OSS-120B,ntx3-000540-3,True,,False,False,False
GPT-OSS-120B,ntx3-000958-0,True,,False,False,False
GPT-OSS-120B,ntx3-000958-1,True,,False,False,False
GPT-OSS-120B,ntx3-000958-2,True,,False,False,False
GPT-OSS-120B,ntx3-000958-3,True,,False,False,False
GPT-OSS-120B,ntx3-001786-0,True,,False,False,False
GPT-OSS-120B,ntx3-001786-1,True,,False,False,False
GPT-OSS-120B,ntx3-001786-2,True,,False,False,False
GPT-OSS-120B,ntx3-001786-3,True,,False,False,False
GPT-OSS-120B,ntx3-000697-0,True,,False,False,False
GPT-OSS-120B,ntx3-000697-1,True,,False,False,False
GPT-OSS-120B,ntx3-000697-2,True,,False,False,False
GPT-OSS-120B,ntx3-000697-3,True,,False,False,False
GPT-OSS-120B,ntx3-001970-0,True,,False,False,False
GPT-OSS-120B,ntx3-001970-1,True,,False,False,False
GPT-OSS-120B,ntx3-001970-2,True,,False,False,False
GPT-OSS-120B,ntx3-001970-3,True,,False,False,False
GPT-OSS-120B,ntx3-001903-0,True,,False,False,False
GPT-OSS-120B,ntx3-001903-1,True,,False,False,False
GPT-OSS-120B,ntx3-001903-2,True,,False,False,False
GPT-OSS-120B,ntx3-001903-3,True,,False,False,False
GPT-OSS-120B,ntx3-000452-0,True,,False,False,False
GPT-OSS-120B,ntx3-000452-1,True,,False,False,False
GPT-OSS-120B,ntx3-000452-2,True,,False,False,False
GPT-OSS-120B,ntx3-000452-3,True,,False,False,False
GPT-OSS-120B,ntx3-001577-0,True,,False,False,False
GPT-OSS-120B,ntx3-001577-1,True,,False,False,False
GPT-OSS-120B,ntx3-001577-2,True,,False,False,False
GPT-OSS-120B,ntx3-001577-3,True,,False,False,False
GPT-OSS-120B,ntx3-001029-0,True,,False,False,False
GPT-OSS-120B,ntx3-001029-1,True,,False,False,False
GPT-OSS-120B,ntx3-001029-2,True,,False,False,False
GPT-OSS-120B,ntx3-001029-3,True,,False,False,False
GPT-OSS-120B,ntx3-001846-0,True,,False,False,False
GPT-OSS-120B,ntx3-001846-1,True,,False,False,False
GPT-OSS-120B,ntx3-001846-2,True,,False,False,False
GPT-OSS-120B,ntx3-001846-3,True,,False,False,False
GPT-OSS-120B,ntx3-002172-0,True,,False,False,False
GPT-OSS-120B,ntx3-002172-1,True,,False,False,False
GPT-OSS-120B,ntx3-002172-2,True,,False,False,False
GPT-OSS-120B,ntx3-002172-3,True,,False,False,False
GPT-OSS-120B,ntx3-001668-0,True,,False,False,False
GPT-OSS-120B,ntx3-001668-1,True,,False,False,False
GPT-OSS-120B,ntx3-001668-2,True,,False,False,False
GPT-OSS-120B,ntx3-001668-3,True,,False,False,False
GPT-OSS-120B,ntx3-001426-0,True,,False,False,False
GPT-OSS-120B,ntx3-001426-1,True,,False,False,False
GPT-OSS-120B,ntx3-001426-2,True,,False,False,False
GPT-OSS-120B,ntx3-001426-3,True,,False,False,False
GPT-OSS-120B,ntx3-002318-0,True,,False,False,False
GPT-OSS-120B,ntx3-002318-1,True,,False,False,False
GPT-OSS-120B,ntx3-002318-2,True,,False,False,False
GPT-OSS-120B,ntx3-002318-3,True,,False,False,False
GPT-OSS-120B,ntx3-001496-0,True,,False,False,False
GPT-OSS-120B,ntx3-001496-1,True,,False,False,False
GPT-OSS-120B,ntx3-001496-2,True,,False,False,False
GPT-OSS-120B,ntx3-001496-3,True,,False,False,False
GPT-OSS-120B,ntx3-002036-0,True,,False,False,False
GPT-OSS-120B,ntx3-002036-1,True,,False,False,False
GPT-OSS-120B,ntx3-002036-2,True,,False,False,False
GPT-OSS-120B,ntx3-002036-3,True,,False,False,False
GPT-OSS-120B,ntx3-000561-0,True,,False,False,False
GPT-OSS-120B,ntx3-000561-1,True,,False,False,False
GPT-OSS-120B,ntx3-000561-2,True,,False,False,False
GPT-OSS-120B,ntx3-000561-3,True,,False,False,False
GPT-OSS-120B,ntx3-002386-0,True,,False,False,False
GPT-OSS-120B,ntx3-002386-1,True,,False,False,False
GPT-OSS-120B,ntx3-002386-2,True,,False,False,False
GPT-OSS-120B,ntx3-002386-3,True,,False,False,False
GPT-OSS-120B,ntx3-001091-0,True,,False,False,False
GPT-OSS-120B,ntx3-001091-1,True,,False,False,False
GPT-OSS-120B,ntx3-001091-2,True,,False,False,False
GPT-OSS-120B,ntx3-001091-3,True,,False,False,False
GPT-OSS-120B,ntx3-000379-0,True,,False,False,False
GPT-OSS-120B,ntx3-000379-1,True,,False,False,False
GPT-OSS-120B,ntx3-000379-2,True,,False,False,False
GPT-OSS-120B,ntx3-000379-3,True,,False,False,False
GPT-OSS-120B,ntx3-000457-0,True,,False,False,False
GPT-OSS-120B,ntx3-000457-1,True,,False,False,False
GPT-OSS-120B,ntx3-000457-2,True,,False,False,False
GPT-OSS-120B,ntx3-000457-3,True,,False,False,False
GPT-OSS-120B,ntx3-001751-0,True,,False,False,False
GPT-OSS-120B,ntx3-001751-1,True,,False,False,False
GPT-OSS-120B,ntx3-001751-2,True,,False,False,False
GPT-OSS-120B,ntx3-001751-3,True,,False,False,False
GPT-OSS-120B,ntx3-000645-0,True,,False,False,False
GPT-OSS-120B,ntx3-000645-1,True,,False,False,False
GPT-OSS-120B,ntx3-000645-2,True,,False,False,False
GPT-OSS-120B,ntx3-000645-3,True,,False,False,False
GPT-OSS-120B,ntx3-000164-0,True,,False,False,False
GPT-OSS-120B,ntx3-000164-1,True,,False,False,False
GPT-OSS-120B,ntx3-000164-2,True,,False,False,False
GPT-OSS-120B,ntx3-000164-3,True,,False,False,False
GPT-OSS-120B,ntx3-001695-0,True,,False,False,False
GPT-OSS-120B,ntx3-001695-1,True,,False,False,False
GPT-OSS-120B,ntx3-001695-2,True,,False,False,False
GPT-OSS-120B,ntx3-001695-3,True,,False,False,False
GPT-OSS-120B,ntx3-001957-0,True,,False,False,False
GPT-OSS-120B,ntx3-001957-1,True,,False,False,False
GPT-OSS-120B,ntx3-001957-2,True,,False,False,False
GPT-OSS-120B,ntx3-001957-3,True,,False,False,False
GPT-OSS-120B,ntx3-000449-0,True,,False,False,False
GPT-OSS-120B,ntx3-000449-1,True,,False,False,False
GPT-OSS-120B,ntx3-000449-2,True,,False,False,False
GPT-OSS-120B,ntx3-000449-3,True,,False,False,False
GPT-OSS-120B,ntx3-000496-0,True,,False,False,False
GPT-OSS-120B,ntx3-000496-1,True,,False,False,False
GPT-OSS-120B,ntx3-000496-2,True,,False,False,False
GPT-OSS-120B,ntx3-000496-3,True,,False,False,False
GPT-OSS-120B,ntx3-001519-0,True,,False,False,False
GPT-OSS-120B,ntx3-001519-1,True,,False,False,False
GPT-OSS-120B,ntx3-001519-2,True,,False,False,False
GPT-OSS-120B,ntx3-001519-3,True,,False,False,False
GPT-OSS-120B,ntx3-002337-0,True,,False,False,False
GPT-OSS-120B,ntx3-002337-1,True,,False,False,False
GPT-OSS-120B,ntx3-002337-2,True,,False,False,False
GPT-OSS-120B,ntx3-002337-3,True,,False,False,False
GPT-OSS-120B,ntx3-000940-0,True,,False,False,False
GPT-OSS-120B,ntx3-000940-1,True,,False,False,False
GPT-OSS-120B,ntx3-000940-2,True,,False,False,False
GPT-OSS-120B,ntx3-000940-3,True,,False,False,False
GPT-OSS-120B,ntx3-001324-0,True,,False,False,False
GPT-OSS-120B,ntx3-001324-1,True,,False,False,False
GPT-OSS-120B,ntx3-001324-2,True,,False,False,False
GPT-OSS-120B,ntx3-001324-3,True,,False,False,False
GPT-OSS-120B,ntx3-002308-0,True,,False,False,False
GPT-OSS-120B,ntx3-002308-1,True,,False,False,False
GPT-OSS-120B,ntx3-002308-2,True,,False,False,False
GPT-OSS-120B,ntx3-002308-3,True,,False,False,False
GPT-OSS-120B,ntx3-000898-0,True,,False,False,False
GPT-OSS-120B,ntx3-000898-1,True,,False,False,False
GPT-OSS-120B,ntx3-000898-2,True,,False,False,False
GPT-OSS-120B,ntx3-000898-3,True,,False,False,False
GPT-OSS-120B,ntx3-000375-0,True,,False,False,False
GPT-OSS-120B,ntx3-000375-1,True,,False,False,False
GPT-OSS-120B,ntx3-000375-2,True,,False,False,False
GPT-OSS-120B,ntx3-000375-3,True,,False,False,False
GPT-OSS-120B,ntx3-001366-0,True,,False,False,False
GPT-OSS-120B,ntx3-001366-1,True,,False,False,False
GPT-OSS-120B,ntx3-001366-2,True,,False,False,False
GPT-OSS-120B,ntx3-001366-3,True,,False,False,False
GPT-OSS-120B,ntx3-002181-0,True,,False,False,False
GPT-OSS-120B,ntx3-002181-1,True,,False,False,False
GPT-OSS-120B,ntx3-002181-2,True,,False,False,False
GPT-OSS-120B,ntx3-002181-3,True,,False,False,False
GPT-OSS-120B,ntx3-001816-0,True,,False,False,False
GPT-OSS-120B,ntx3-001816-1,True,,False,False,False
GPT-OSS-120B,ntx3-001816-2,True,,False,False,False
GPT-OSS-120B,ntx3-001816-3,True,,False,False,False
GPT-OSS-120B,ntx3-002436-0,True,,False,False,False
GPT-OSS-120B,ntx3-002436-1,True,,False,False,False
GPT-OSS-120B,ntx3-002436-2,True,,False,False,False
GPT-OSS-120B,ntx3-002436-3,True,,False,False,False
GPT-OSS-120B,ntx3-002412-0,True,,False,False,False
GPT-OSS-120B,ntx3-002412-1,True,,False,False,False
GPT-OSS-120B,ntx3-002412-2,True,,False,False,False
GPT-OSS-120B,ntx3-002412-3,True,,False,False,False
GPT-OSS-120B,ntx3-001757-0,True,,False,False,False
GPT-OSS-120B,ntx3-001757-1,True,,False,False,False
GPT-OSS-120B,ntx3-001757-2,True,,False,False,False
GPT-OSS-120B,ntx3-001757-3,True,,False,False,False
GPT-OSS-120B,ntx3-000272-0,True,,False,False,False
GPT-OSS-120B,ntx3-000272-1,True,,False,False,False
GPT-OSS-120B,ntx3-000272-2,True,,False,False,False
GPT-OSS-120B,ntx3-000272-3,True,,False,False,False
GPT-OSS-120B,ntx3-002215-0,True,,False,False,False
GPT-OSS-120B,ntx3-002215-1,True,,False,False,False
GPT-OSS-120B,ntx3-002215-2,True,,False,False,False
GPT-OSS-120B,ntx3-002215-3,True,,False,False,False
GPT-OSS-120B,ntx3-000628-0,True,,False,False,False
GPT-OSS-120B,ntx3-000628-1,True,,False,False,False
GPT-OSS-120B,ntx3-000628-2,True,,False,False,False
GPT-OSS-120B,ntx3-000628-3,True,,False,False,False
GPT-OSS-120B,ntx3-002212-0,True,,False,False,False
GPT-OSS-120B,ntx3-002212-1,True,,False,False,False
GPT-OSS-120B,ntx3-002212-2,True,,False,False,False
GPT-OSS-120B,ntx3-002212-3,True,,False,False,False
GPT-OSS-120B,ntx3-000445-0,True,,False,False,False
GPT-OSS-120B,ntx3-000445-1,True,,False,False,False
GPT-OSS-120B,ntx3-000445-2,True,,False,False,False
GPT-OSS-120B,ntx3-000445-3,True,,False,False,False
GPT-OSS-120B,ntx3-001478-0,True,,False,False,False
GPT-OSS-120B,ntx3-001478-1,True,,False,False,False
GPT-OSS-120B,ntx3-001478-2,True,,False,False,False
GPT-OSS-120B,ntx3-001478-3,True,,False,False,False
GPT-OSS-120B,ntx3-001477-0,True,,False,False,False
GPT-OSS-120B,ntx3-001477-1,True,,False,False,False
GPT-OSS-120B,ntx3-001477-2,True,,False,False,False
GPT-OSS-120B,ntx3-001477-3,True,,False,False,False
GPT-OSS-120B,ntx3-001514-0,True,,False,False,False
GPT-OSS-120B,ntx3-001514-1,True,,False,False,False
GPT-OSS-120B,ntx3-001514-2,True,,False,False,False
GPT-OSS-120B,ntx3-001514-3,True,,False,False,False
GPT-OSS-120B,ntx3-000800-0,True,,False,False,False
GPT-OSS-120B,ntx3-000800-1,True,,False,False,False
GPT-OSS-120B,ntx3-000800-2,True,,False,False,False
GPT-OSS-120B,ntx3-000800-3,True,,False,False,False
GPT-OSS-120B,ntx3-001857-0,True,,False,False,False
GPT-OSS-120B,ntx3-001857-1,True,,False,False,False
GPT-OSS-120B,ntx3-001857-2,True,,False,False,False
GPT-OSS-120B,ntx3-001857-3,True,,False,False,False
GPT-OSS-120B,ntx3-002428-0,True,,False,False,False
GPT-OSS-120B,ntx3-002428-1,True,,False,False,False
GPT-OSS-120B,ntx3-002428-2,True,,False,False,False
GPT-OSS-120B,ntx3-002428-3,True,,False,False,False
GPT-OSS-120B,ntx3-001506-0,True,,False,False,False
GPT-OSS-120B,ntx3-001506-1,True,,False,False,False
GPT-OSS-120B,ntx3-001506-2,True,,False,False,False
GPT-OSS-120B,ntx3-001506-3,True,,False,False,False
GPT-OSS-120B,ntx3-000504-0,True,,False,False,False
GPT-OSS-120B,ntx3-000504-1,True,,False,False,False
GPT-OSS-120B,ntx3-000504-2,True,,False,False,False
GPT-OSS-120B,ntx3-000504-3,True,,False,False,False
GPT-OSS-120B,ntx3-001147-0,True,,False,False,False
GPT-OSS-120B,ntx3-001147-1,True,,False,False,False
GPT-OSS-120B,ntx3-001147-2,True,,False,False,False
GPT-OSS-120B,ntx3-001147-3,True,,False,False,False
GPT-OSS-120B,ntx3-000395-0,True,,False,False,False
GPT-OSS-120B,ntx3-000395-1,True,,False,False,False
GPT-OSS-120B,ntx3-000395-2,True,,False,False,False
GPT-OSS-120B,ntx3-000395-3,True,,False,False,False
GPT-OSS-120B,ntx3-000815-0,True,,False,False,False
GPT-OSS-120B,ntx3-000815-1,True,,False,False,False
GPT-OSS-120B,ntx3-000815-2,True,,False,False,False
GPT-OSS-120B,ntx3-000815-3,True,,False,False,False
GPT-OSS-120B,ntx3-001154-0,True,,False,False,False
GPT-OSS-120B,ntx3-001154-1,True,,False,False,False
GPT-OSS-120B,ntx3-001154-2,True,,False,False,False
GPT-OSS-120B,ntx3-001154-3,True,,False,False,False
GPT-OSS-120B,ntx3-000261-0,True,,False,False,False
GPT-OSS-120B,ntx3-000261-1,True,,False,False,False
GPT-OSS-120B,ntx3-000261-2,True,,False,False,False
GPT-OSS-120B,ntx3-000261-3,True,,False,False,False
GPT-OSS-120B,ntx3-000709-0,True,,False,False,False
GPT-OSS-120B,ntx3-000709-1,True,,False,False,False
GPT-OSS-120B,ntx3-000709-2,True,,False,False,False
GPT-OSS-120B,ntx3-000709-3,True,,False,False,False
GPT-OSS-120B,ntx3-000530-0,True,,False,False,False
GPT-OSS-120B,ntx3-000530-1,True,,False,False,False
GPT-OSS-120B,ntx3-000530-2,True,,False,False,False
GPT-OSS-120B,ntx3-000530-3,True,,False,False,False
GPT-OSS-120B,ntx3-001390-0,True,,False,False,False
GPT-OSS-120B,ntx3-001390-1,True,,False,False,False
GPT-OSS-120B,ntx3-001390-2,True,,False,False,False
GPT-OSS-120B,ntx3-001390-3,True,,False,False,False
GPT-OSS-120B,ntx3-001985-0,True,,False,False,False
GPT-OSS-120B,ntx3-001985-1,True,,False,False,False
GPT-OSS-120B,ntx3-001985-2,True,,False,False,False
GPT-OSS-120B,ntx3-001985-3,True,,False,False,False
GPT-OSS-120B,ntx3-001233-0,True,,False,False,False
GPT-OSS-120B,ntx3-001233-1,True,,False,False,False
GPT-OSS-120B,ntx3-001233-2,True,,False,False,False
GPT-OSS-120B,ntx3-001233-3,True,,False,False,False
GPT-OSS-120B,ntx3-002434-0,True,,False,False,False
GPT-OSS-120B,ntx3-002434-1,True,,False,False,False
GPT-OSS-120B,ntx3-002434-2,True,,False,False,False
GPT-OSS-120B,ntx3-002434-3,True,,False,False,False
GPT-OSS-120B,ntx3-001213-0,True,,False,False,False
GPT-OSS-120B,ntx3-001213-1,True,,False,False,False
GPT-OSS-120B,ntx3-001213-2,True,,False,False,False
GPT-OSS-120B,ntx3-001213-3,True,,False,False,False
GPT-OSS-120B,ntx3-001584-0,True,,False,False,False
GPT-OSS-120B,ntx3-001584-1,True,,False,False,False
GPT-OSS-120B,ntx3-001584-2,True,,False,False,False
GPT-OSS-120B,ntx3-001584-3,True,,False,False,False
GPT-OSS-120B,ntx3-002065-0,True,,False,False,False
GPT-OSS-120B,ntx3-002065-1,True,,False,False,False
GPT-OSS-120B,ntx3-002065-2,True,,False,False,False
GPT-OSS-120B,ntx3-002065-3,True,,False,False,False
GPT-OSS-120B,ntx3-001967-0,True,,False,False,False
GPT-OSS-120B,ntx3-001967-1,True,,False,False,False
GPT-OSS-120B,ntx3-001967-2,True,,False,False,False
GPT-OSS-120B,ntx3-001967-3,True,,False,False,False
GPT-OSS-120B,ntx3-001486-0,True,,False,False,False
GPT-OSS-120B,ntx3-001486-1,True,,False,False,False
GPT-OSS-120B,ntx3-001486-2,True,,False,False,False
GPT-OSS-120B,ntx3-001486-3,True,,False,False,False
GPT-OSS-120B,ntx3-000232-0,True,,False,False,False
GPT-OSS-120B,ntx3-000232-1,True,,False,False,False
GPT-OSS-120B,ntx3-000232-2,True,,False,False,False
GPT-OSS-120B,ntx3-000232-3,True,,False,False,False
GPT-OSS-120B,ntx3-001670-0,True,,False,False,False
GPT-OSS-120B,ntx3-001670-1,True,,False,False,False
GPT-OSS-120B,ntx3-001670-2,True,,False,False,False
GPT-OSS-120B,ntx3-001670-3,True,,False,False,False
GPT-OSS-120B,ntx3-000600-0,True,,False,False,False
GPT-OSS-120B,ntx3-000600-1,True,,False,False,False
GPT-OSS-120B,ntx3-000600-2,True,,False,False,False
GPT-OSS-120B,ntx3-000600-3,True,,False,False,False
GPT-OSS-120B,ntx3-000464-0,True,,False,False,False
GPT-OSS-120B,ntx3-000464-1,True,,False,False,False
GPT-OSS-120B,ntx3-000464-2,True,,False,False,False
GPT-OSS-120B,ntx3-000464-3,True,,False,False,False
GPT-OSS-120B,ntx3-002211-0,True,,False,False,False
GPT-OSS-120B,ntx3-002211-1,True,,False,False,False
GPT-OSS-120B,ntx3-002211-2,True,,False,False,False
GPT-OSS-120B,ntx3-002211-3,True,,False,False,False
GPT-OSS-120B,ntx3-001936-0,True,,False,False,False
GPT-OSS-120B,ntx3-001936-1,True,,False,False,False
GPT-OSS-120B,ntx3-001936-2,True,,False,False,False
GPT-OSS-120B,ntx3-001936-3,True,,False,False,False
GPT-OSS-120B,ntx3-002037-0,True,,False,False,False
GPT-OSS-120B,ntx3-002037-1,True,,False,False,False
GPT-OSS-120B,ntx3-002037-2,True,,False,False,False
GPT-OSS-120B,ntx3-002037-3,True,,False,False,False
GPT-OSS-120B,ntx3-000410-0,True,,False,False,False
GPT-OSS-120B,ntx3-000410-1,True,,False,False,False
GPT-OSS-120B,ntx3-000410-2,True,,False,False,False
GPT-OSS-120B,ntx3-000410-3,True,,False,False,False
GPT-OSS-120B,ntx3-001652-0,True,,False,False,False
GPT-OSS-120B,ntx3-001652-1,True,,False,False,False
GPT-OSS-120B,ntx3-001652-2,True,,False,False,False
GPT-OSS-120B,ntx3-001652-3,True,,False,False,False
GPT-OSS-120B,ntx3-000721-0,True,,False,False,False
GPT-OSS-120B,ntx3-000721-1,True,,False,False,False
GPT-OSS-120B,ntx3-000721-2,True,,False,False,False
GPT-OSS-120B,ntx3-000721-3,True,,False,False,False
GPT-OSS-120B,ntx3-002206-0,True,,False,False,False
GPT-OSS-120B,ntx3-002206-1,True,,False,False,False
GPT-OSS-120B,ntx3-002206-2,True,,False,False,False
GPT-OSS-120B,ntx3-002206-3,True,,False,False,False
GPT-OSS-120B,ntx3-002224-0,True,,False,False,False
GPT-OSS-120B,ntx3-002224-1,True,,False,False,False
GPT-OSS-120B,ntx3-002224-2,True,,False,False,False
GPT-OSS-120B,ntx3-002224-3,True,,False,False,False
GPT-OSS-120B,ntx3-000349-0,True,,False,False,False
GPT-OSS-120B,ntx3-000349-1,True,,False,False,False
GPT-OSS-120B,ntx3-000349-2,True,,False,False,False
GPT-OSS-120B,ntx3-000349-3,True,,False,False,False
GPT-OSS-120B,ntx3-000539-0,True,,False,False,False
GPT-OSS-120B,ntx3-000539-1,True,,False,False,False
GPT-OSS-120B,ntx3-000539-2,True,,False,False,False
GPT-OSS-120B,ntx3-000539-3,True,,False,False,False
GPT-OSS-120B,ntx3-001968-0,True,,False,False,False
GPT-OSS-120B,ntx3-001968-1,True,,False,False,False
GPT-OSS-120B,ntx3-001968-2,True,,False,False,False
GPT-OSS-120B,ntx3-001968-3,True,,False,False,False
GPT-OSS-120B,ntx3-001889-0,True,,False,False,False
GPT-OSS-120B,ntx3-001889-1,True,,False,False,False
GPT-OSS-120B,ntx3-001889-2,True,,False,False,False
GPT-OSS-120B,ntx3-001889-3,True,,False,False,False
GPT-OSS-120B,ntx3-001838-0,True,,False,False,False
GPT-OSS-120B,ntx3-001838-1,True,,False,False,False
GPT-OSS-120B,ntx3-001838-2,True,,False,False,False
GPT-OSS-120B,ntx3-001838-3,True,,False,False,False
GPT-OSS-120B,ntx3-001904-0,True,,False,False,False
GPT-OSS-120B,ntx3-001904-1,True,,False,False,False
GPT-OSS-120B,ntx3-001904-2,True,,False,False,False
GPT-OSS-120B,ntx3-001904-3,True,,False,False,False
GPT-OSS-120B,ntx3-000315-0,True,,False,False,False
GPT-OSS-120B,ntx3-000315-1,True,,False,False,False
GPT-OSS-120B,ntx3-000315-2,True,,False,False,False
GPT-OSS-120B,ntx3-000315-3,True,,False,False,False
GPT-OSS-120B,ntx3-002270-0,True,,False,False,False
GPT-OSS-120B,ntx3-002270-1,True,,False,False,False
GPT-OSS-120B,ntx3-002270-2,True,,False,False,False
GPT-OSS-120B,ntx3-002270-3,True,,False,False,False
GPT-OSS-120B,ntx3-002439-0,True,,False,False,False
GPT-OSS-120B,ntx3-002439-1,True,,False,False,False
GPT-OSS-120B,ntx3-002439-2,True,,False,False,False
GPT-OSS-120B,ntx3-002439-3,True,,False,False,False
GPT-OSS-120B,ntx3-001645-0,True,,False,False,False
GPT-OSS-120B,ntx3-001645-1,True,,False,False,False
GPT-OSS-120B,ntx3-001645-2,True,,False,False,False
GPT-OSS-120B,ntx3-001645-3,True,,False,False,False
GPT-OSS-120B,ntx3-001221-0,True,,False,False,False
GPT-OSS-120B,ntx3-001221-1,True,,False,False,False
GPT-OSS-120B,ntx3-001221-2,True,,False,False,False
GPT-OSS-120B,ntx3-001221-3,True,,False,False,False
GPT-OSS-120B,ntx3-000337-0,True,,False,False,False
GPT-OSS-120B,ntx3-000337-1,True,,False,False,False
GPT-OSS-120B,ntx3-000337-2,True,,False,False,False
GPT-OSS-120B,ntx3-000337-3,True,,False,False,False
GPT-OSS-120B,ntx3-002402-0,True,,False,False,False
GPT-OSS-120B,ntx3-002402-1,True,,False,False,False
GPT-OSS-120B,ntx3-002402-2,True,,False,False,False
GPT-OSS-120B,ntx3-002402-3,True,,False,False,False
GPT-OSS-120B,ntx3-000901-0,True,,False,False,False
GPT-OSS-120B,ntx3-000901-1,True,,False,False,False
GPT-OSS-120B,ntx3-000901-2,True,,False,False,False
GPT-OSS-120B,ntx3-000901-3,True,,False,False,False
GPT-OSS-120B,ntx3-000230-0,True,,False,False,False
GPT-OSS-120B,ntx3-000230-1,True,,False,False,False
GPT-OSS-120B,ntx3-000230-2,True,,False,False,False
GPT-OSS-120B,ntx3-000230-3,True,,False,False,False
GPT-OSS-120B,ntx3-001188-0,True,,False,False,False
GPT-OSS-120B,ntx3-001188-1,True,,True,True,False
GPT-OSS-120B,ntx3-001188-2,True,,False,False,False
GPT-OSS-120B,ntx3-001188-3,True,,False,False,False
GPT-OSS-120B,ntx3-000954-0,True,,False,False,False
GPT-OSS-120B,ntx3-000954-1,True,,False,False,False
GPT-OSS-120B,ntx3-000954-2,True,,False,False,False
GPT-OSS-120B,ntx3-000954-3,True,,False,False,False
GPT-OSS-120B,ntx3-000304-0,True,,False,False,False
GPT-OSS-120B,ntx3-000304-1,True,,False,False,False
GPT-OSS-120B,ntx3-000304-2,True,,False,False,False
GPT-OSS-120B,ntx3-000304-3,True,,False,False,False
GPT-OSS-120B,ntx3-001732-0,True,,False,False,False
GPT-OSS-120B,ntx3-001732-1,True,,False,False,False
GPT-OSS-120B,ntx3-001732-2,True,,False,False,False
GPT-OSS-120B,ntx3-001732-3,True,,False,False,False
GPT-OSS-120B,ntx3-001125-0,True,,False,False,False
GPT-OSS-120B,ntx3-001125-1,True,,False,False,False
GPT-OSS-120B,ntx3-001125-2,True,,False,False,False
GPT-OSS-120B,ntx3-001125-3,True,,False,False,False
GPT-OSS-120B,ntx3-002081-0,True,,False,False,False
GPT-OSS-120B,ntx3-002081-1,True,,False,False,False
GPT-OSS-120B,ntx3-002081-2,True,,False,False,False
GPT-OSS-120B,ntx3-002081-3,True,,False,False,False
GPT-OSS-120B,ntx3-001787-0,True,,False,False,False
GPT-OSS-120B,ntx3-001787-1,True,,False,False,False
GPT-OSS-120B,ntx3-001787-2,True,,False,False,False
GPT-OSS-120B,ntx3-001787-3,True,,False,False,False
GPT-OSS-120B,ntx3-000602-0,True,,False,False,False
GPT-OSS-120B,ntx3-000602-1,True,,False,False,False
GPT-OSS-120B,ntx3-000602-2,True,,False,False,False
GPT-OSS-120B,ntx3-000602-3,True,,False,False,False
GPT-OSS-120B,ntx3-001685-0,True,,False,False,False
GPT-OSS-120B,ntx3-001685-1,True,,False,False,False
GPT-OSS-120B,ntx3-001685-2,True,,False,False,False
GPT-OSS-120B,ntx3-001685-3,True,,False,False,False
GPT-OSS-120B,ntx3-002223-0,True,,False,False,False
GPT-OSS-120B,ntx3-002223-1,True,,False,False,False
GPT-OSS-120B,ntx3-002223-2,True,,False,False,False
GPT-OSS-120B,ntx3-002223-3,True,,False,False,False
GPT-OSS-120B,ntx3-002021-0,True,,False,False,False
GPT-OSS-120B,ntx3-002021-1,True,,False,False,False
GPT-OSS-120B,ntx3-002021-2,True,,False,False,False
GPT-OSS-120B,ntx3-002021-3,True,,False,False,False
GPT-OSS-120B,ntx3-001729-0,True,,False,False,False
GPT-OSS-120B,ntx3-001729-1,True,,False,False,False
GPT-OSS-120B,ntx3-001729-2,True,,False,False,False
GPT-OSS-120B,ntx3-001729-3,True,,False,False,False
GPT-OSS-120B,ntx3-002498-0,True,,False,False,False
GPT-OSS-120B,ntx3-002498-1,True,,False,False,False
GPT-OSS-120B,ntx3-002498-2,True,,False,False,False
GPT-OSS-120B,ntx3-002498-3,True,,False,False,False
GPT-OSS-120B,ntx3-000665-0,True,,False,False,False
GPT-OSS-120B,ntx3-000665-1,True,,False,False,False
GPT-OSS-120B,ntx3-000665-2,True,,False,False,False
GPT-OSS-120B,ntx3-000665-3,True,,False,False,False
GPT-OSS-120B,ntx3-000495-0,True,,False,False,False
GPT-OSS-120B,ntx3-000495-1,True,,False,False,False
GPT-OSS-120B,ntx3-000495-2,True,,False,False,False
GPT-OSS-120B,ntx3-000495-3,True,,False,False,False
GPT-OSS-120B,ntx3-001019-0,True,,False,False,False
GPT-OSS-120B,ntx3-001019-1,True,,False,False,False
GPT-OSS-120B,ntx3-001019-2,True,,False,False,False
GPT-OSS-120B,ntx3-001019-3,True,,False,False,False
GPT-OSS-120B,ntx3-001868-0,True,,False,False,False
GPT-OSS-120B,ntx3-001868-1,True,,True,True,False
GPT-OSS-120B,ntx3-001868-2,True,,False,False,False
GPT-OSS-120B,ntx3-001868-3,True,,False,False,False
GPT-OSS-120B,ntx3-002322-0,True,,False,False,False
GPT-OSS-120B,ntx3-002322-1,True,,False,False,False
GPT-OSS-120B,ntx3-002322-2,True,,False,False,False
GPT-OSS-120B,ntx3-002322-3,True,,False,False,False
GPT-OSS-120B,ntx3-001860-0,True,,False,False,False
GPT-OSS-120B,ntx3-001860-1,True,,False,False,False
GPT-OSS-120B,ntx3-001860-2,True,,False,False,False
GPT-OSS-120B,ntx3-001860-3,True,,False,False,False
GPT-OSS-120B,ntx3-001918-0,True,,False,False,False
GPT-OSS-120B,ntx3-001918-1,True,,False,False,False
GPT-OSS-120B,ntx3-001918-2,True,,False,False,False
GPT-OSS-120B,ntx3-001918-3,True,,False,False,False
GPT-OSS-120B,ntx3-001301-0,True,,False,False,False
GPT-OSS-120B,ntx3-001301-1,True,,False,False,False
GPT-OSS-120B,ntx3-001301-2,True,,False,False,False
GPT-OSS-120B,ntx3-001301-3,True,,False,False,False
GPT-OSS-120B,ntx3-001361-0,True,,False,False,False
GPT-OSS-120B,ntx3-001361-1,True,,False,False,False
GPT-OSS-120B,ntx3-001361-2,True,,False,False,False
GPT-OSS-120B,ntx3-001361-3,True,,False,False,False
GPT-OSS-120B,ntx3-001756-0,True,,False,False,False
GPT-OSS-120B,ntx3-001756-1,True,,False,False,False
GPT-OSS-120B,ntx3-001756-2,True,,False,False,False
GPT-OSS-120B,ntx3-001756-3,True,,False,False,False
GPT-OSS-120B,ntx3-002111-0,True,,False,False,False
GPT-OSS-120B,ntx3-002111-1,True,,False,False,False
GPT-OSS-120B,ntx3-002111-2,True,,False,False,False
GPT-OSS-120B,ntx3-002111-3,True,,False,False,False
GPT-OSS-120B,ntx3-001171-0,True,,False,False,False
GPT-OSS-120B,ntx3-001171-1,True,,False,False,False
GPT-OSS-120B,ntx3-001171-2,True,,False,False,False
GPT-OSS-120B,ntx3-001171-3,True,,False,False,False
GPT-OSS-120B,ntx3-000616-0,True,,False,False,False
GPT-OSS-120B,ntx3-000616-1,True,,False,False,False
GPT-OSS-120B,ntx3-000616-2,True,,False,False,False
GPT-OSS-120B,ntx3-000616-3,True,,False,False,False
GPT-OSS-120B,ntx3-001628-0,True,,False,False,False
GPT-OSS-120B,ntx3-001628-1,True,,False,False,False
GPT-OSS-120B,ntx3-001628-2,True,,False,False,False
GPT-OSS-120B,ntx3-001628-3,True,,False,False,False
GPT-OSS-120B,ntx3-000809-0,True,,False,False,False
GPT-OSS-120B,ntx3-000809-1,True,,False,False,False
GPT-OSS-120B,ntx3-000809-2,True,,False,False,False
GPT-OSS-120B,ntx3-000809-3,True,,False,False,False
GPT-OSS-120B,ntx3-002359-0,True,,False,False,False
GPT-OSS-120B,ntx3-002359-1,True,,False,False,False
GPT-OSS-120B,ntx3-002359-2,True,,False,False,False
GPT-OSS-120B,ntx3-002359-3,True,,False,False,False
GPT-OSS-120B,ntx3-000381-0,True,,False,False,False
GPT-OSS-120B,ntx3-000381-1,True,,False,False,False
GPT-OSS-120B,ntx3-000381-2,True,,False,False,False
GPT-OSS-120B,ntx3-000381-3,True,,False,False,False
GPT-OSS-120B,ntx3-000913-0,True,,False,False,False
GPT-OSS-120B,ntx3-000913-1,True,,False,False,False
GPT-OSS-120B,ntx3-000913-2,True,,False,False,False
GPT-OSS-120B,ntx3-000913-3,True,,False,False,False
GPT-OSS-120B,ntx3-001280-0,True,,False,False,False
GPT-OSS-120B,ntx3-001280-1,True,,False,False,False
GPT-OSS-120B,ntx3-001280-2,True,,False,False,False
GPT-OSS-120B,ntx3-001280-3,True,,False,False,False
GPT-OSS-120B,ntx3-001795-0,True,,False,False,False
GPT-OSS-120B,ntx3-001795-1,True,,False,False,False
GPT-OSS-120B,ntx3-001795-2,True,,False,False,False
GPT-OSS-120B,ntx3-001795-3,True,,False,False,False
GPT-OSS-120B,ntx3-000797-0,True,,False,False,False
GPT-OSS-120B,ntx3-000797-1,True,,False,False,False
GPT-OSS-120B,ntx3-000797-2,True,,False,False,False
GPT-OSS-120B,ntx3-000797-3,True,,False,False,False
GPT-OSS-120B,ntx3-000458-0,True,,False,False,False
GPT-OSS-120B,ntx3-000458-1,True,,False,False,False
GPT-OSS-120B,ntx3-000458-2,True,,False,False,False
GPT-OSS-120B,ntx3-000458-3,True,,False,False,False
GPT-OSS-120B,ntx3-000267-0,True,,False,False,False
GPT-OSS-120B,ntx3-000267-1,True,,False,False,False
GPT-OSS-120B,ntx3-000267-2,True,,False,False,False
GPT-OSS-120B,ntx3-000267-3,True,,False,False,False
GPT-OSS-120B,ntx3-002291-0,True,,False,False,False
GPT-OSS-120B,ntx3-002291-1,True,,False,False,False
GPT-OSS-120B,ntx3-002291-2,True,,False,False,False
GPT-OSS-120B,ntx3-002291-3,True,,False,False,False
GPT-OSS-120B,ntx3-001450-0,True,,False,False,False
GPT-OSS-120B,ntx3-001450-1,True,,False,False,False
GPT-OSS-120B,ntx3-001450-2,True,,False,False,False
GPT-OSS-120B,ntx3-001450-3,True,,False,False,False
GPT-OSS-120B,ntx3-000238-0,True,,False,False,False
GPT-OSS-120B,ntx3-000238-1,True,,False,False,False
GPT-OSS-120B,ntx3-000238-2,True,,False,False,False
GPT-OSS-120B,ntx3-000238-3,True,,False,False,False
GPT-OSS-120B,ntx3-001020-0,True,,False,False,False
GPT-OSS-120B,ntx3-001020-1,True,,False,False,False
GPT-OSS-120B,ntx3-001020-2,True,,False,False,False
GPT-OSS-120B,ntx3-001020-3,True,,False,False,False
GPT-OSS-120B,ntx3-001742-0,True,,False,False,False
GPT-OSS-120B,ntx3-001742-1,True,,False,False,False
GPT-OSS-120B,ntx3-001742-2,True,,False,False,False
GPT-OSS-120B,ntx3-001742-3,True,,False,False,False
GPT-OSS-120B,ntx3-000364-0,True,,False,False,False
GPT-OSS-120B,ntx3-000364-1,True,,False,False,False
GPT-OSS-120B,ntx3-000364-2,True,,False,False,False
GPT-OSS-120B,ntx3-000364-3,True,,False,False,False
GPT-OSS-120B,ntx3-002327-0,True,,False,False,False
GPT-OSS-120B,ntx3-002327-1,True,,False,False,False
GPT-OSS-120B,ntx3-002327-2,True,,False,False,False
GPT-OSS-120B,ntx3-002327-3,True,,False,False,False
GPT-OSS-120B,ntx3-001424-0,True,,False,False,False
GPT-OSS-120B,ntx3-001424-1,True,,False,False,False
GPT-OSS-120B,ntx3-001424-2,True,,False,False,False
GPT-OSS-120B,ntx3-001424-3,True,,False,False,False
GPT-OSS-120B,ntx3-000726-0,True,,False,False,False
GPT-OSS-120B,ntx3-000726-1,True,,False,False,False
GPT-OSS-120B,ntx3-000726-2,True,,False,False,False
GPT-OSS-120B,ntx3-000726-3,True,,False,False,False
GPT-OSS-120B,ntx3-000837-0,True,,False,False,False
GPT-OSS-120B,ntx3-000837-1,True,,False,False,False
GPT-OSS-120B,ntx3-000837-2,True,,False,False,False
GPT-OSS-120B,ntx3-000837-3,True,,False,False,False
GPT-OSS-120B,ntx3-002182-0,True,,False,False,False
GPT-OSS-120B,ntx3-002182-1,True,,False,False,False
GPT-OSS-120B,ntx3-002182-2,True,,False,False,False
GPT-OSS-120B,ntx3-002182-3,True,,False,False,False
GPT-OSS-120B,ntx3-000555-0,True,,False,False,False
GPT-OSS-120B,ntx3-000555-1,True,,False,False,False
GPT-OSS-120B,ntx3-000555-2,True,,False,False,False
GPT-OSS-120B,ntx3-000555-3,True,,False,False,False
GPT-OSS-120B,ntx3-002089-0,True,,False,False,False
GPT-OSS-120B,ntx3-002089-1,True,,False,False,False
GPT-OSS-120B,ntx3-002089-2,True,,False,False,False
GPT-OSS-120B,ntx3-002089-3,True,,False,False,False
GPT-OSS-120B,ntx3-001153-0,True,,False,False,False
GPT-OSS-120B,ntx3-001153-1,True,,False,False,False
GPT-OSS-120B,ntx3-001153-2,True,,False,False,False
GPT-OSS-120B,ntx3-001153-3,True,,False,False,False
GPT-OSS-120B,ntx3-001048-0,True,,False,False,False
GPT-OSS-120B,ntx3-001048-1,True,,False,False,False
GPT-OSS-120B,ntx3-001048-2,True,,False,False,False
GPT-OSS-120B,ntx3-001048-3,True,,False,False,False
GPT-OSS-120B,ntx3-001612-0,True,,False,False,False
GPT-OSS-120B,ntx3-001612-1,True,,False,False,False
GPT-OSS-120B,ntx3-001612-2,True,,False,False,False
GPT-OSS-120B,ntx3-001612-3,True,,False,False,False
GPT-OSS-120B,ntx3-000259-0,True,,False,False,False
GPT-OSS-120B,ntx3-000259-1,True,,False,False,False
GPT-OSS-120B,ntx3-000259-2,True,,False,False,False
GPT-OSS-120B,ntx3-000259-3,True,,False,False,False
GPT-OSS-120B,ntx3-000893-0,True,,False,False,False
GPT-OSS-120B,ntx3-000893-1,True,,False,False,False
GPT-OSS-120B,ntx3-000893-2,True,,False,False,False
GPT-OSS-120B,ntx3-000893-3,True,,False,False,False
GPT-OSS-120B,ntx3-001179-0,True,,False,False,False
GPT-OSS-120B,ntx3-001179-1,True,,False,False,False
GPT-OSS-120B,ntx3-001179-2,True,,False,False,False
GPT-OSS-120B,ntx3-001179-3,True,,False,False,False
GPT-OSS-120B,ntx3-001131-0,True,,False,False,False
GPT-OSS-120B,ntx3-001131-1,True,,False,False,False
GPT-OSS-120B,ntx3-001131-2,True,,False,False,False
GPT-OSS-120B,ntx3-001131-3,True,,False,False,False
GPT-OSS-120B,ntx3-001629-0,True,,False,False,False
GPT-OSS-120B,ntx3-001629-1,True,,False,False,False
GPT-OSS-120B,ntx3-001629-2,True,,False,False,False
GPT-OSS-120B,ntx3-001629-3,True,,False,False,False
GPT-OSS-120B,ntx3-002303-0,True,,False,False,False
GPT-OSS-120B,ntx3-002303-1,True,,False,False,False
GPT-OSS-120B,ntx3-002303-2,True,,False,False,False
GPT-OSS-120B,ntx3-002303-3,True,,False,False,False
GPT-OSS-120B,ntx3-001975-0,True,,False,False,False
GPT-OSS-120B,ntx3-001975-1,True,,False,False,False
GPT-OSS-120B,ntx3-001975-2,True,,False,False,False
GPT-OSS-120B,ntx3-001975-3,True,,False,False,False
GPT-OSS-120B,ntx3-002138-0,True,,False,False,False
GPT-OSS-120B,ntx3-002138-1,True,,False,False,False
GPT-OSS-120B,ntx3-002138-2,True,,False,False,False
GPT-OSS-120B,ntx3-002138-3,True,,False,False,False
GPT-OSS-120B,ntx3-000218-0,True,,False,False,False
GPT-OSS-120B,ntx3-000218-1,True,,False,False,False
GPT-OSS-120B,ntx3-000218-2,True,,False,False,False
GPT-OSS-120B,ntx3-000218-3,True,,False,False,False
GPT-OSS-120B,ntx3-001844-0,True,,False,False,False
GPT-OSS-120B,ntx3-001844-1,True,,False,False,False
GPT-OSS-120B,ntx3-001844-2,True,,False,False,False
GPT-OSS-120B,ntx3-001844-3,True,,False,False,False
GPT-OSS-120B,ntx3-000675-0,True,,False,False,False
GPT-OSS-120B,ntx3-000675-1,True,,False,False,False
GPT-OSS-120B,ntx3-000675-2,True,,False,False,False
GPT-OSS-120B,ntx3-000675-3,True,,False,False,False
GPT-OSS-120B,ntx3-000869-0,True,,False,False,False
GPT-OSS-120B,ntx3-000869-1,True,,False,False,False
GPT-OSS-120B,ntx3-000869-2,True,,False,False,False
GPT-OSS-120B,ntx3-000869-3,True,,False,False,False
GPT-OSS-120B,ntx3-000538-0,True,,False,False,False
GPT-OSS-120B,ntx3-000538-1,True,,False,False,False
GPT-OSS-120B,ntx3-000538-2,True,,False,False,False
GPT-OSS-120B,ntx3-000538-3,True,,False,False,False
GPT-OSS-120B,ntx3-002356-0,True,,False,False,False
GPT-OSS-120B,ntx3-002356-1,True,,False,False,False
GPT-OSS-120B,ntx3-002356-2,True,,False,False,False
GPT-OSS-120B,ntx3-002356-3,True,,False,False,False
GPT-OSS-120B,ntx3-001208-0,True,,False,False,False
GPT-OSS-120B,ntx3-001208-1,True,,False,False,False
GPT-OSS-120B,ntx3-001208-2,True,,False,False,False
GPT-OSS-120B,ntx3-001208-3,True,,False,False,False
GPT-OSS-120B,ntx3-002253-0,True,,False,False,False
GPT-OSS-120B,ntx3-002253-1,True,,False,False,False
GPT-OSS-120B,ntx3-002253-2,True,,False,False,False
GPT-OSS-120B,ntx3-002253-3,True,,False,False,False
GPT-OSS-120B,ntx3-002315-0,True,,False,False,False
GPT-OSS-120B,ntx3-002315-1,True,,False,False,False
GPT-OSS-120B,ntx3-002315-2,True,,False,False,False
GPT-OSS-120B,ntx3-002315-3,True,,False,False,False
GPT-OSS-120B,ntx3-001810-0,True,,False,False,False
GPT-OSS-120B,ntx3-001810-1,True,,False,False,False
GPT-OSS-120B,ntx3-001810-2,True,,False,False,False
GPT-OSS-120B,ntx3-001810-3,True,,False,False,False
GPT-OSS-120B,ntx3-001039-0,True,,False,False,False
GPT-OSS-120B,ntx3-001039-1,True,,False,False,False
GPT-OSS-120B,ntx3-001039-2,True,,False,False,False
GPT-OSS-120B,ntx3-001039-3,True,,False,False,False
GPT-OSS-120B,ntx3-001445-0,True,,False,False,False
GPT-OSS-120B,ntx3-001445-1,True,,False,False,False
GPT-OSS-120B,ntx3-001445-2,True,,False,False,False
GPT-OSS-120B,ntx3-001445-3,True,,False,False,False
GPT-OSS-120B,ntx3-000812-0,True,,False,False,False
GPT-OSS-120B,ntx3-000812-1,True,,False,False,False
GPT-OSS-120B,ntx3-000812-2,True,,False,False,False
GPT-OSS-120B,ntx3-000812-3,True,,False,False,False
GPT-OSS-120B,ntx3-000795-0,True,,False,False,False
GPT-OSS-120B,ntx3-000795-1,True,,False,False,False
GPT-OSS-120B,ntx3-000795-2,True,,False,False,False
GPT-OSS-120B,ntx3-000795-3,True,,False,False,False
GPT-OSS-120B,ntx3-001564-0,True,,False,False,False
GPT-OSS-120B,ntx3-001564-1,True,,False,False,False
GPT-OSS-120B,ntx3-001564-2,True,,False,False,False
GPT-OSS-120B,ntx3-001564-3,True,,False,False,False
GPT-OSS-120B,ntx3-001679-0,True,,False,False,False
GPT-OSS-120B,ntx3-001679-1,True,,False,False,False
GPT-OSS-120B,ntx3-001679-2,True,,False,False,False
GPT-OSS-120B,ntx3-001679-3,True,,False,False,False
GPT-OSS-120B,ntx3-000878-0,True,,False,False,False
GPT-OSS-120B,ntx3-000878-1,True,,False,False,False
GPT-OSS-120B,ntx3-000878-2,True,,False,False,False
GPT-OSS-120B,ntx3-000878-3,True,,False,False,False
GPT-OSS-120B,ntx3-002019-0,True,,False,False,False
GPT-OSS-120B,ntx3-002019-1,True,,False,False,False
GPT-OSS-120B,ntx3-002019-2,True,,False,False,False
GPT-OSS-120B,ntx3-002019-3,True,,False,False,False
GPT-OSS-120B,ntx3-001503-0,True,,False,False,False
GPT-OSS-120B,ntx3-001503-1,True,,False,False,False
GPT-OSS-120B,ntx3-001503-2,True,,False,False,False
GPT-OSS-120B,ntx3-001503-3,True,,False,False,False
GPT-OSS-120B,ntx3-001818-0,True,,False,False,False
GPT-OSS-120B,ntx3-001818-1,True,,False,False,False
GPT-OSS-120B,ntx3-001818-2,True,,False,False,False
GPT-OSS-120B,ntx3-001818-3,True,,False,False,False
GPT-OSS-120B,ntx3-001509-0,True,,False,False,False
GPT-OSS-120B,ntx3-001509-1,True,,False,False,False
GPT-OSS-120B,ntx3-001509-2,True,,False,False,False
GPT-OSS-120B,ntx3-001509-3,True,,False,False,False
GPT-OSS-120B,ntx3-001814-0,True,,False,False,False
GPT-OSS-120B,ntx3-001814-1,True,,False,False,False
GPT-OSS-120B,ntx3-001814-2,True,,False,False,False
GPT-OSS-120B,ntx3-001814-3,True,,False,False,False
GPT-OSS-120B,ntx3-001526-0,True,,False,False,False
GPT-OSS-120B,ntx3-001526-1,True,,False,False,False
GPT-OSS-120B,ntx3-001526-2,True,,False,False,False
GPT-OSS-120B,ntx3-001526-3,True,,False,False,False
GPT-OSS-120B,ntx3-001311-0,True,,False,False,False
GPT-OSS-120B,ntx3-001311-1,True,,False,False,False
GPT-OSS-120B,ntx3-001311-2,True,,False,False,False
GPT-OSS-120B,ntx3-001311-3,True,,False,False,False
GPT-OSS-120B,ntx3-002135-0,True,,False,False,False
GPT-OSS-120B,ntx3-002135-1,True,,False,False,False
GPT-OSS-120B,ntx3-002135-2,True,,False,False,False
GPT-OSS-120B,ntx3-002135-3,True,,False,False,False
GPT-OSS-120B,ntx3-001368-0,True,,False,False,False
GPT-OSS-120B,ntx3-001368-1,True,,False,False,False
GPT-OSS-120B,ntx3-001368-2,True,,False,False,False
GPT-OSS-120B,ntx3-001368-3,True,,False,False,False
GPT-OSS-120B,ntx3-002235-0,True,,False,False,False
GPT-OSS-120B,ntx3-002235-1,True,,False,False,False
GPT-OSS-120B,ntx3-002235-2,True,,False,False,False
GPT-OSS-120B,ntx3-002235-3,True,,False,False,False
GPT-OSS-120B,ntx3-001696-0,True,,False,False,False
GPT-OSS-120B,ntx3-001696-1,True,,False,False,False
GPT-OSS-120B,ntx3-001696-2,True,,False,False,False
GPT-OSS-120B,ntx3-001696-3,True,,False,False,False
GPT-OSS-120B,ntx3-001723-0,True,,False,False,False
GPT-OSS-120B,ntx3-001723-1,True,,False,False,False
GPT-OSS-120B,ntx3-001723-2,True,,False,False,False
GPT-OSS-120B,ntx3-001723-3,True,,False,False,False
GPT-OSS-120B,ntx3-002495-0,True,,False,False,False
GPT-OSS-120B,ntx3-002495-1,True,,False,False,False
GPT-OSS-120B,ntx3-002495-2,True,,False,False,False
GPT-OSS-120B,ntx3-002495-3,True,,False,False,False
GPT-OSS-120B,ntx3-001524-0,True,,False,False,False
GPT-OSS-120B,ntx3-001524-1,True,,False,False,False
GPT-OSS-120B,ntx3-001524-2,True,,False,False,False
GPT-OSS-120B,ntx3-001524-3,True,,False,False,False
GPT-OSS-120B,ntx3-001269-0,True,,False,False,False
GPT-OSS-120B,ntx3-001269-1,True,,False,False,False
GPT-OSS-120B,ntx3-001269-2,True,,False,False,False
GPT-OSS-120B,ntx3-001269-3,True,,False,False,False
GPT-OSS-120B,ntx3-000404-0,True,,False,False,False
GPT-OSS-120B,ntx3-000404-1,True,,False,False,False
GPT-OSS-120B,ntx3-000404-2,True,,False,False,False
GPT-OSS-120B,ntx3-000404-3,True,,False,False,False
GPT-OSS-120B,ntx3-000877-0,True,,False,False,False
GPT-OSS-120B,ntx3-000877-1,True,,False,False,False
GPT-OSS-120B,ntx3-000877-2,True,,False,False,False
GPT-OSS-120B,ntx3-000877-3,True,,False,False,False
GPT-OSS-120B,ntx3-000996-0,True,,False,False,False
GPT-OSS-120B,ntx3-000996-1,True,,False,False,False
GPT-OSS-120B,ntx3-000996-2,True,,False,False,False
GPT-OSS-120B,ntx3-000996-3,True,,False,False,False
GPT-OSS-120B,ntx3-000248-0,True,,False,False,False
GPT-OSS-120B,ntx3-000248-1,True,,False,False,False
GPT-OSS-120B,ntx3-000248-2,True,,False,False,False
GPT-OSS-120B,ntx3-000248-3,True,,False,False,False
GPT-OSS-120B,ntx3-000953-0,True,,False,False,False
GPT-OSS-120B,ntx3-000953-1,True,,False,False,False
GPT-OSS-120B,ntx3-000953-2,True,,False,False,False
GPT-OSS-120B,ntx3-000953-3,True,,False,False,False
GPT-OSS-120B,ntx3-001411-0,True,,False,False,False
GPT-OSS-120B,ntx3-001411-1,True,,False,False,False
GPT-OSS-120B,ntx3-001411-2,True,,False,False,False
GPT-OSS-120B,ntx3-001411-3,True,,False,False,False
GPT-OSS-120B,ntx3-002477-0,True,,False,False,False
GPT-OSS-120B,ntx3-002477-1,True,,False,False,False
GPT-OSS-120B,ntx3-002477-2,True,,False,False,False
GPT-OSS-120B,ntx3-002477-3,True,,False,False,False
GPT-OSS-120B,ntx3-001398-0,True,,False,False,False
GPT-OSS-120B,ntx3-001398-1,True,,False,False,False
GPT-OSS-120B,ntx3-001398-2,True,,False,False,False
GPT-OSS-120B,ntx3-001398-3,True,,False,False,False
GPT-OSS-120B,ntx3-001198-0,True,,False,False,False
GPT-OSS-120B,ntx3-001198-1,True,,False,False,False
GPT-OSS-120B,ntx3-001198-2,True,,False,False,False
GPT-OSS-120B,ntx3-001198-3,True,,False,False,False
GPT-OSS-120B,ntx3-000520-0,True,,False,False,False
GPT-OSS-120B,ntx3-000520-1,True,,False,False,False
GPT-OSS-120B,ntx3-000520-2,True,,False,False,False
GPT-OSS-120B,ntx3-000520-3,True,,False,False,False
GPT-OSS-120B,ntx3-001246-0,True,,False,False,False
GPT-OSS-120B,ntx3-001246-1,True,,False,False,False
GPT-OSS-120B,ntx3-001246-2,True,,False,False,False
GPT-OSS-120B,ntx3-001246-3,True,,False,False,False
GPT-OSS-120B,ntx3-001531-0,True,,False,False,False
GPT-OSS-120B,ntx3-001531-1,True,,False,False,False
GPT-OSS-120B,ntx3-001531-2,True,,False,False,False
GPT-OSS-120B,ntx3-001531-3,True,,False,False,False
GPT-OSS-120B,ntx3-002420-0,True,,False,False,False
GPT-OSS-120B,ntx3-002420-1,True,,False,False,False
GPT-OSS-120B,ntx3-002420-2,True,,False,False,False
GPT-OSS-120B,ntx3-002420-3,True,,False,False,False
GPT-OSS-120B,ntx3-001912-0,True,,False,False,False
GPT-OSS-120B,ntx3-001912-1,True,,False,False,False
GPT-OSS-120B,ntx3-001912-2,True,,False,False,False
GPT-OSS-120B,ntx3-001912-3,True,,False,False,False
GPT-OSS-120B,ntx3-001035-0,True,,False,False,False
GPT-OSS-120B,ntx3-001035-1,True,,False,False,False
GPT-OSS-120B,ntx3-001035-2,True,,False,False,False
GPT-OSS-120B,ntx3-001035-3,True,,False,False,False
GPT-OSS-120B,ntx3-001528-0,True,,False,False,False
GPT-OSS-120B,ntx3-001528-1,True,,False,False,False
GPT-OSS-120B,ntx3-001528-2,True,,False,False,False
GPT-OSS-120B,ntx3-001528-3,True,,False,False,False
GPT-OSS-120B,ntx3-000425-0,True,,False,False,False
GPT-OSS-120B,ntx3-000425-1,True,,False,False,False
GPT-OSS-120B,ntx3-000425-2,True,,False,False,False
GPT-OSS-120B,ntx3-000425-3,True,,False,False,False
GPT-OSS-120B,ntx3-001948-0,True,,False,False,False
GPT-OSS-120B,ntx3-001948-1,True,,False,False,False
GPT-OSS-120B,ntx3-001948-2,True,,False,False,False
GPT-OSS-120B,ntx3-001948-3,True,,False,False,False
GPT-OSS-120B,ntx3-000577-0,True,,False,False,False
GPT-OSS-120B,ntx3-000577-1,True,,False,False,False
GPT-OSS-120B,ntx3-000577-2,True,,False,False,False
GPT-OSS-120B,ntx3-000577-3,True,,False,False,False
GPT-OSS-120B,ntx3-000710-0,True,,False,False,False
GPT-OSS-120B,ntx3-000710-1,True,,False,False,False
GPT-OSS-120B,ntx3-000710-2,True,,False,False,False
GPT-OSS-120B,ntx3-000710-3,True,,False,False,False
GPT-OSS-120B,ntx3-002395-0,True,,False,False,False
GPT-OSS-120B,ntx3-002395-1,True,,False,False,False
GPT-OSS-120B,ntx3-002395-2,True,,False,False,False
GPT-OSS-120B,ntx3-002395-3,True,,False,False,False
GPT-OSS-120B,ntx3-000556-0,True,,False,False,False
GPT-OSS-120B,ntx3-000556-1,True,,False,False,False
GPT-OSS-120B,ntx3-000556-2,True,,False,False,False
GPT-OSS-120B,ntx3-000556-3,True,,False,False,False
GPT-OSS-120B,ntx3-001910-0,True,,False,False,False
GPT-OSS-120B,ntx3-001910-1,True,,False,False,False
GPT-OSS-120B,ntx3-001910-2,True,,False,False,False
GPT-OSS-120B,ntx3-001910-3,True,,False,False,False
GPT-OSS-120B,ntx3-001927-0,True,,False,False,False
GPT-OSS-120B,ntx3-001927-1,True,,False,False,False
GPT-OSS-120B,ntx3-001927-2,True,,False,False,False
GPT-OSS-120B,ntx3-001927-3,True,,False,False,False
GPT-OSS-120B,ntx3-001736-0,True,,False,False,False
GPT-OSS-120B,ntx3-001736-1,True,,False,False,False
GPT-OSS-120B,ntx3-001736-2,True,,False,False,False
GPT-OSS-120B,ntx3-001736-3,True,,False,False,False
GPT-OSS-120B,ntx3-001010-0,True,,False,False,False
GPT-OSS-120B,ntx3-001010-1,True,,False,False,False
GPT-OSS-120B,ntx3-001010-2,True,,False,False,False
GPT-OSS-120B,ntx3-001010-3,True,,False,False,False
GPT-OSS-120B,ntx3-001741-0,True,,False,False,False
GPT-OSS-120B,ntx3-001741-1,True,,False,False,False
GPT-OSS-120B,ntx3-001741-2,True,,False,False,False
GPT-OSS-120B,ntx3-001741-3,True,,False,False,False
GPT-OSS-120B,ntx3-002448-0,True,,False,False,False
GPT-OSS-120B,ntx3-002448-1,True,,False,False,False
GPT-OSS-120B,ntx3-002448-2,True,,False,False,False
GPT-OSS-120B,ntx3-002448-3,True,,False,False,False
GPT-OSS-120B,ntx3-000389-0,True,,False,False,False
GPT-OSS-120B,ntx3-000389-1,True,,False,False,False
GPT-OSS-120B,ntx3-000389-2,True,,False,False,False
GPT-OSS-120B,ntx3-000389-3,True,,False,False,False
GPT-OSS-120B,ntx3-000552-0,True,,False,False,False
GPT-OSS-120B,ntx3-000552-1,True,,False,False,False
GPT-OSS-120B,ntx3-000552-2,True,,False,False,False
GPT-OSS-120B,ntx3-000552-3,True,,False,False,False
GPT-OSS-120B,ntx3-001040-0,True,,False,False,False
GPT-OSS-120B,ntx3-001040-1,True,,False,False,False
GPT-OSS-120B,ntx3-001040-2,True,,False,False,False
GPT-OSS-120B,ntx3-001040-3,True,,False,False,False
GPT-OSS-120B,ntx3-002040-0,True,,False,False,False
GPT-OSS-120B,ntx3-002040-1,True,,False,False,False
GPT-OSS-120B,ntx3-002040-2,True,,False,False,False
GPT-OSS-120B,ntx3-002040-3,True,,False,False,False
GPT-OSS-120B,ntx3-001643-0,True,,False,False,False
GPT-OSS-120B,ntx3-001643-1,True,,False,False,False
GPT-OSS-120B,ntx3-001643-2,True,,False,False,False
GPT-OSS-120B,ntx3-001643-3,True,,False,False,False
GPT-OSS-120B,ntx3-002497-0,True,,False,False,False
GPT-OSS-120B,ntx3-002497-1,True,,False,False,False
GPT-OSS-120B,ntx3-002497-2,True,,False,False,False
GPT-OSS-120B,ntx3-002497-3,True,,False,False,False
GPT-OSS-120B,ntx3-002335-0,True,,False,False,False
GPT-OSS-120B,ntx3-002335-1,True,,False,False,False
GPT-OSS-120B,ntx3-002335-2,True,,False,False,False
GPT-OSS-120B,ntx3-002335-3,True,,False,False,False
GPT-OSS-120B,ntx3-000468-0,True,,False,False,False
GPT-OSS-120B,ntx3-000468-1,True,,False,False,False
GPT-OSS-120B,ntx3-000468-2,True,,False,False,False
GPT-OSS-120B,ntx3-000468-3,True,,False,False,False
GPT-OSS-120B,ntx3-000717-0,True,,False,False,False
GPT-OSS-120B,ntx3-000717-1,True,,False,False,False
GPT-OSS-120B,ntx3-000717-2,True,,False,False,False
GPT-OSS-120B,ntx3-000717-3,True,,False,False,False
GPT-OSS-120B,ntx3-000548-0,True,,False,False,False
GPT-OSS-120B,ntx3-000548-1,True,,False,False,False
GPT-OSS-120B,ntx3-000548-2,True,,False,False,False
GPT-OSS-120B,ntx3-000548-3,True,,False,False,False
GPT-OSS-120B,ntx3-001101-0,True,,False,False,False
GPT-OSS-120B,ntx3-001101-1,True,,False,False,False
GPT-OSS-120B,ntx3-001101-2,True,,False,False,False
GPT-OSS-120B,ntx3-001101-3,True,,False,False,False
GPT-OSS-120B,ntx3-002365-0,True,,False,False,False
GPT-OSS-120B,ntx3-002365-1,True,,False,False,False
GPT-OSS-120B,ntx3-002365-2,True,,False,False,False
GPT-OSS-120B,ntx3-002365-3,True,,False,False,False
GPT-OSS-120B,ntx3-000979-0,True,,False,False,False
GPT-OSS-120B,ntx3-000979-1,True,,False,False,False
GPT-OSS-120B,ntx3-000979-2,True,,False,False,False
GPT-OSS-120B,ntx3-000979-3,True,,False,False,False
GPT-OSS-120B,ntx3-001766-0,True,,False,False,False
GPT-OSS-120B,ntx3-001766-1,True,,False,False,False
GPT-OSS-120B,ntx3-001766-2,True,,False,False,False
GPT-OSS-120B,ntx3-001766-3,True,,False,False,False
GPT-OSS-120B,ntx3-001133-0,True,,False,False,False
GPT-OSS-120B,ntx3-001133-1,True,,False,False,False
GPT-OSS-120B,ntx3-001133-2,True,,False,False,False
GPT-OSS-120B,ntx3-001133-3,True,,False,False,False
GPT-OSS-120B,ntx3-002083-0,True,,False,False,False
GPT-OSS-120B,ntx3-002083-1,True,,False,False,False
GPT-OSS-120B,ntx3-002083-2,True,,False,False,False
GPT-OSS-120B,ntx3-002083-3,True,,False,False,False
GPT-OSS-120B,ntx3-002478-0,True,,False,False,False
GPT-OSS-120B,ntx3-002478-1,True,,False,False,False
GPT-OSS-120B,ntx3-002478-2,True,,False,False,False
GPT-OSS-120B,ntx3-002478-3,True,,False,False,False
GPT-OSS-120B,ntx3-000633-0,True,,False,False,False
GPT-OSS-120B,ntx3-000633-1,True,,False,False,False
GPT-OSS-120B,ntx3-000633-2,True,,False,False,False
GPT-OSS-120B,ntx3-000633-3,True,,False,False,False
GPT-OSS-120B,ntx3-001933-0,True,,False,False,False
GPT-OSS-120B,ntx3-001933-1,True,,False,False,False
GPT-OSS-120B,ntx3-001933-2,True,,False,False,False
GPT-OSS-120B,ntx3-001933-3,True,,False,False,False
GPT-OSS-120B,ntx3-002147-0,True,,False,False,False
GPT-OSS-120B,ntx3-002147-1,True,,False,False,False
GPT-OSS-120B,ntx3-002147-2,True,,False,False,False
GPT-OSS-120B,ntx3-002147-3,True,,False,False,False
GPT-OSS-120B,ntx3-002043-0,True,,False,False,False
GPT-OSS-120B,ntx3-002043-1,True,,False,False,False
GPT-OSS-120B,ntx3-002043-2,True,,False,False,False
GPT-OSS-120B,ntx3-002043-3,True,,False,False,False
GPT-OSS-120B,ntx3-000300-0,True,,False,False,False
GPT-OSS-120B,ntx3-000300-1,True,,False,False,False
GPT-OSS-120B,ntx3-000300-2,True,,False,False,False
GPT-OSS-120B,ntx3-000300-3,True,,False,False,False
GPT-OSS-120B,ntx3-000438-0,True,,False,False,False
GPT-OSS-120B,ntx3-000438-1,True,,False,False,False
GPT-OSS-120B,ntx3-000438-2,True,,False,False,False
GPT-OSS-120B,ntx3-000438-3,True,,False,False,False
GPT-OSS-120B,ntx3-002237-0,True,,False,False,False
GPT-OSS-120B,ntx3-002237-1,True,,False,False,False
GPT-OSS-120B,ntx3-002237-2,True,,False,False,False
GPT-OSS-120B,ntx3-002237-3,True,,False,False,False
GPT-OSS-120B,ntx3-001897-0,True,,False,False,False
GPT-OSS-120B,ntx3-001897-1,True,,False,False,False
GPT-OSS-120B,ntx3-001897-2,True,,False,False,False
GPT-OSS-120B,ntx3-001897-3,True,,False,False,False
GPT-OSS-120B,ntx3-000705-0,True,,False,False,False
GPT-OSS-120B,ntx3-000705-1,True,,False,False,False
GPT-OSS-120B,ntx3-000705-2,True,,False,False,False
GPT-OSS-120B,ntx3-000705-3,True,,False,False,False
GPT-OSS-120B,ntx3-002234-0,True,,False,False,False
GPT-OSS-120B,ntx3-002234-1,True,,False,False,False
GPT-OSS-120B,ntx3-002234-2,True,,False,False,False
GPT-OSS-120B,ntx3-002234-3,True,,False,False,False
GPT-OSS-120B,ntx3-002078-0,True,,False,False,False
GPT-OSS-120B,ntx3-002078-1,True,,False,False,False
GPT-OSS-120B,ntx3-002078-2,True,,False,False,False
GPT-OSS-120B,ntx3-002078-3,True,,False,False,False
GPT-OSS-120B,ntx3-000331-0,True,,False,False,False
GPT-OSS-120B,ntx3-000331-1,False,top_candidate_not_dict,,,
GPT-OSS-120B,ntx3-000331-2,True,,False,False,False
GPT-OSS-120B,ntx3-000331-3,True,,False,False,False
GPT-OSS-120B,ntx3-001817-0,True,,False,False,False
GPT-OSS-120B,ntx3-001817-1,True,,False,False,False
GPT-OSS-120B,ntx3-001817-2,True,,False,False,False
GPT-OSS-120B,ntx3-001817-3,True,,False,False,False
GPT-OSS-120B,ntx3-000310-0,True,,False,False,False
GPT-OSS-120B,ntx3-000310-1,True,,False,False,False
GPT-OSS-120B,ntx3-000310-2,True,,False,False,False
GPT-OSS-120B,ntx3-000310-3,True,,False,False,False
GPT-OSS-120B,ntx3-002267-0,True,,False,False,False
GPT-OSS-120B,ntx3-002267-1,True,,False,False,False
GPT-OSS-120B,ntx3-002267-2,True,,False,False,False
GPT-OSS-120B,ntx3-002267-3,True,,False,False,False
GPT-OSS-120B,ntx3-001966-0,True,,False,False,False
GPT-OSS-120B,ntx3-001966-1,True,,False,False,False
GPT-OSS-120B,ntx3-001966-2,True,,False,False,False
GPT-OSS-120B,ntx3-001966-3,True,,False,False,False
GPT-OSS-120B,ntx3-001716-0,True,,False,False,False
GPT-OSS-120B,ntx3-001716-1,True,,False,False,False
GPT-OSS-120B,ntx3-001716-2,True,,False,False,False
GPT-OSS-120B,ntx3-001716-3,True,,False,False,False
GPT-OSS-120B,ntx3-002462-0,True,,False,False,False
GPT-OSS-120B,ntx3-002462-1,True,,False,False,False
GPT-OSS-120B,ntx3-002462-2,True,,False,False,False
GPT-OSS-120B,ntx3-002462-3,True,,False,False,False
GPT-OSS-120B,ntx3-001081-0,True,,False,False,False
GPT-OSS-120B,ntx3-001081-1,True,,False,False,False
GPT-OSS-120B,ntx3-001081-2,True,,False,False,False
GPT-OSS-120B,ntx3-001081-3,True,,False,False,False
GPT-OSS-120B,ntx3-000828-0,True,,False,False,False
GPT-OSS-120B,ntx3-000828-1,True,,False,False,False
GPT-OSS-120B,ntx3-000828-2,True,,False,False,False
GPT-OSS-120B,ntx3-000828-3,True,,False,False,False
GPT-OSS-120B,ntx3-001580-0,True,,False,False,False
GPT-OSS-120B,ntx3-001580-1,True,,False,False,False
GPT-OSS-120B,ntx3-001580-2,True,,False,False,False
GPT-OSS-120B,ntx3-001580-3,True,,False,False,False
GPT-OSS-120B,ntx3-000387-0,True,,False,False,False
GPT-OSS-120B,ntx3-000387-1,True,,False,False,False
GPT-OSS-120B,ntx3-000387-2,True,,False,False,False
GPT-OSS-120B,ntx3-000387-3,True,,False,False,False
GPT-OSS-120B,ntx3-002493-0,True,,False,False,False
GPT-OSS-120B,ntx3-002493-1,True,,False,False,False
GPT-OSS-120B,ntx3-002493-2,True,,False,False,False
GPT-OSS-120B,ntx3-002493-3,True,,False,False,False
GPT-OSS-120B,ntx3-000985-0,True,,False,False,False
GPT-OSS-120B,ntx3-000985-1,True,,False,False,False
GPT-OSS-120B,ntx3-000985-2,True,,False,False,False
GPT-OSS-120B,ntx3-000985-3,True,,False,False,False
GPT-OSS-120B,ntx3-000951-0,True,,False,False,False
GPT-OSS-120B,ntx3-000951-1,True,,False,False,False
GPT-OSS-120B,ntx3-000951-2,True,,False,False,False
GPT-OSS-120B,ntx3-000951-3,True,,False,False,False
GPT-OSS-120B,ntx3-001780-0,True,,False,False,False
GPT-OSS-120B,ntx3-001780-1,True,,False,False,False
GPT-OSS-120B,ntx3-001780-2,True,,False,False,False
GPT-OSS-120B,ntx3-001780-3,True,,False,False,False
GPT-OSS-120B,ntx3-000454-0,True,,False,False,False
GPT-OSS-120B,ntx3-000454-1,True,,False,False,False
GPT-OSS-120B,ntx3-000454-2,True,,False,False,False
GPT-OSS-120B,ntx3-000454-3,True,,False,False,False
GPT-OSS-120B,ntx3-001726-0,True,,False,False,False
GPT-OSS-120B,ntx3-001726-1,True,,False,False,False
GPT-OSS-120B,ntx3-001726-2,True,,False,False,False
GPT-OSS-120B,ntx3-001726-3,True,,False,False,False
GPT-OSS-120B,ntx3-001250-0,True,,False,False,False
GPT-OSS-120B,ntx3-001250-1,True,,False,False,False
GPT-OSS-120B,ntx3-001250-2,True,,False,False,False
GPT-OSS-120B,ntx3-001250-3,True,,False,False,False
GPT-OSS-120B,ntx3-001260-0,True,,False,False,False
GPT-OSS-120B,ntx3-001260-1,True,,False,False,False
GPT-OSS-120B,ntx3-001260-2,True,,False,False,False
GPT-OSS-120B,ntx3-001260-3,True,,False,False,False
GPT-OSS-120B,ntx3-001971-0,True,,False,False,False
GPT-OSS-120B,ntx3-001971-1,True,,False,False,False
GPT-OSS-120B,ntx3-001971-2,True,,False,False,False
GPT-OSS-120B,ntx3-001971-3,True,,False,False,False
GPT-OSS-120B,ntx3-000399-0,True,,False,False,False
GPT-OSS-120B,ntx3-000399-1,True,,False,False,False
GPT-OSS-120B,ntx3-000399-2,True,,False,False,False
GPT-OSS-120B,ntx3-000399-3,True,,False,False,False
GPT-OSS-120B,ntx3-001075-0,True,,False,False,False
GPT-OSS-120B,ntx3-001075-1,True,,False,False,False
GPT-OSS-120B,ntx3-001075-2,True,,False,False,False
GPT-OSS-120B,ntx3-001075-3,True,,False,False,False
GPT-OSS-120B,ntx3-001698-0,True,,False,False,False
GPT-OSS-120B,ntx3-001698-1,True,,False,False,False
GPT-OSS-120B,ntx3-001698-2,True,,False,False,False
GPT-OSS-120B,ntx3-001698-3,True,,False,False,False
GPT-OSS-120B,ntx3-002338-0,True,,False,False,False
GPT-OSS-120B,ntx3-002338-1,True,,False,False,False
GPT-OSS-120B,ntx3-002338-2,True,,False,False,False
GPT-OSS-120B,ntx3-002338-3,True,,False,False,False
GPT-OSS-120B,ntx3-001859-0,True,,False,False,False
GPT-OSS-120B,ntx3-001859-1,True,,False,False,False
GPT-OSS-120B,ntx3-001859-2,True,,False,False,False
GPT-OSS-120B,ntx3-001859-3,True,,False,False,False
GPT-OSS-120B,ntx3-000814-0,True,,False,False,False
GPT-OSS-120B,ntx3-000814-1,True,,False,False,False
GPT-OSS-120B,ntx3-000814-2,True,,False,False,False
GPT-OSS-120B,ntx3-000814-3,True,,False,False,False
GPT-OSS-120B,ntx3-001651-0,True,,False,False,False
GPT-OSS-120B,ntx3-001651-1,True,,False,False,False
GPT-OSS-120B,ntx3-001651-2,True,,False,False,False
GPT-OSS-120B,ntx3-001651-3,True,,False,False,False
GPT-OSS-120B,ntx3-000912-0,True,,False,False,False
GPT-OSS-120B,ntx3-000912-1,True,,False,False,False
GPT-OSS-120B,ntx3-000912-2,True,,False,False,False
GPT-OSS-120B,ntx3-000912-3,True,,False,False,False
GPT-OSS-120B,ntx3-001032-0,True,,False,False,False
GPT-OSS-120B,ntx3-001032-1,True,,False,False,False
GPT-OSS-120B,ntx3-001032-2,True,,False,False,False
GPT-OSS-120B,ntx3-001032-3,True,,False,False,False
GPT-OSS-120B,ntx3-002296-0,True,,False,False,False
GPT-OSS-120B,ntx3-002296-1,True,,False,False,False
GPT-OSS-120B,ntx3-002296-2,True,,False,False,False
GPT-OSS-120B,ntx3-002296-3,True,,False,False,False
GPT-OSS-120B,ntx3-000943-0,True,,False,False,False
GPT-OSS-120B,ntx3-000943-1,True,,False,False,False
GPT-OSS-120B,ntx3-000943-2,True,,False,False,False
GPT-OSS-120B,ntx3-000943-3,True,,False,False,False
GPT-OSS-120B,ntx3-000302-0,True,,False,False,False
GPT-OSS-120B,ntx3-000302-1,True,,False,False,False
GPT-OSS-120B,ntx3-000302-2,True,,False,False,False
GPT-OSS-120B,ntx3-000302-3,True,,False,False,False
GPT-OSS-120B,ntx3-000529-0,True,,False,False,False
GPT-OSS-120B,ntx3-000529-1,True,,False,False,False
GPT-OSS-120B,ntx3-000529-2,True,,False,False,False
GPT-OSS-120B,ntx3-000529-3,True,,False,False,False
GPT-OSS-120B,ntx3-001112-0,True,,False,False,False
GPT-OSS-120B,ntx3-001112-1,True,,False,False,False
GPT-OSS-120B,ntx3-001112-2,True,,False,False,False
GPT-OSS-120B,ntx3-001112-3,True,,False,False,False
GPT-OSS-120B,ntx3-001001-0,True,,False,False,False
GPT-OSS-120B,ntx3-001001-1,True,,False,False,False
GPT-OSS-120B,ntx3-001001-2,True,,False,False,False
GPT-OSS-120B,ntx3-001001-3,True,,False,False,False
GPT-OSS-120B,ntx3-001937-0,True,,False,False,False
GPT-OSS-120B,ntx3-001937-1,True,,False,False,False
GPT-OSS-120B,ntx3-001937-2,True,,False,False,False
GPT-OSS-120B,ntx3-001937-3,True,,False,False,False
GPT-OSS-120B,ntx3-001703-0,True,,False,False,False
GPT-OSS-120B,ntx3-001703-1,True,,False,False,False
GPT-OSS-120B,ntx3-001703-2,True,,False,False,False
GPT-OSS-120B,ntx3-001703-3,True,,False,False,False
GPT-OSS-120B,ntx3-000639-0,True,,False,False,False
GPT-OSS-120B,ntx3-000639-1,True,,False,False,False
GPT-OSS-120B,ntx3-000639-2,True,,False,False,False
GPT-OSS-120B,ntx3-000639-3,True,,False,False,False
GPT-OSS-120B,ntx3-002035-0,True,,False,False,False
GPT-OSS-120B,ntx3-002035-1,True,,False,False,False
GPT-OSS-120B,ntx3-002035-2,True,,False,False,False
GPT-OSS-120B,ntx3-002035-3,True,,False,False,False
GPT-OSS-120B,ntx3-001087-0,True,,False,False,False
GPT-OSS-120B,ntx3-001087-1,True,,False,False,False
GPT-OSS-120B,ntx3-001087-2,True,,False,False,False
GPT-OSS-120B,ntx3-001087-3,True,,False,False,False
GPT-OSS-120B,ntx3-001282-0,True,,False,False,False
GPT-OSS-120B,ntx3-001282-1,True,,False,False,False
GPT-OSS-120B,ntx3-001282-2,True,,False,False,False
GPT-OSS-120B,ntx3-001282-3,True,,False,False,False
GPT-OSS-120B,ntx3-001428-0,True,,False,False,False
GPT-OSS-120B,ntx3-001428-1,True,,False,False,False
GPT-OSS-120B,ntx3-001428-2,True,,False,False,False
GPT-OSS-120B,ntx3-001428-3,True,,False,False,False
GPT-OSS-120B,ntx3-000192-0,True,,False,False,False
GPT-OSS-120B,ntx3-000192-1,True,,False,False,False
GPT-OSS-120B,ntx3-000192-2,True,,False,False,False
GPT-OSS-120B,ntx3-000192-3,True,,False,False,False
GPT-OSS-120B,ntx3-001014-0,True,,False,False,False
GPT-OSS-120B,ntx3-001014-1,True,,False,False,False
GPT-OSS-120B,ntx3-001014-2,True,,False,False,False
GPT-OSS-120B,ntx3-001014-3,True,,False,False,False
GPT-OSS-120B,ntx3-001472-0,True,,False,False,False
GPT-OSS-120B,ntx3-001472-1,True,,False,False,False
GPT-OSS-120B,ntx3-001472-2,True,,False,False,False
GPT-OSS-120B,ntx3-001472-3,True,,False,False,False
GPT-OSS-120B,ntx3-001336-0,True,,False,False,False
GPT-OSS-120B,ntx3-001336-1,True,,False,False,False
GPT-OSS-120B,ntx3-001336-2,True,,False,False,False
GPT-OSS-120B,ntx3-001336-3,True,,False,False,False
GPT-OSS-120B,ntx3-000890-0,True,,False,False,False
GPT-OSS-120B,ntx3-000890-1,True,,False,False,False
GPT-OSS-120B,ntx3-000890-2,True,,False,False,False
GPT-OSS-120B,ntx3-000890-3,True,,False,False,False
GPT-OSS-120B,ntx3-000370-0,True,,False,False,False
GPT-OSS-120B,ntx3-000370-1,True,,False,False,False
GPT-OSS-120B,ntx3-000370-2,True,,False,False,False
GPT-OSS-120B,ntx3-000370-3,True,,False,False,False
GPT-OSS-120B,ntx3-002173-0,True,,False,False,False
GPT-OSS-120B,ntx3-002173-1,True,,False,False,False
GPT-OSS-120B,ntx3-002173-2,True,,False,False,False
GPT-OSS-120B,ntx3-002173-3,True,,False,False,False
GPT-OSS-120B,ntx3-000527-0,True,,False,False,False
GPT-OSS-120B,ntx3-000527-1,True,,False,False,False
GPT-OSS-120B,ntx3-000527-2,True,,False,False,False
GPT-OSS-120B,ntx3-000527-3,True,,False,False,False
GPT-OSS-120B,ntx3-000328-0,True,,False,False,False
GPT-OSS-120B,ntx3-000328-1,True,,False,False,False
GPT-OSS-120B,ntx3-000328-2,True,,False,False,False
GPT-OSS-120B,ntx3-000328-3,True,,False,False,False
GPT-OSS-120B,ntx3-001636-0,True,,False,False,False
GPT-OSS-120B,ntx3-001636-1,True,,False,False,False
GPT-OSS-120B,ntx3-001636-2,True,,False,False,False
GPT-OSS-120B,ntx3-001636-3,True,,False,False,False
GPT-OSS-120B,ntx3-000902-0,True,,False,False,False
GPT-OSS-120B,ntx3-000902-1,True,,False,False,False
GPT-OSS-120B,ntx3-000902-2,True,,False,False,False
GPT-OSS-120B,ntx3-000902-3,True,,False,False,False
GPT-OSS-120B,ntx3-000968-0,True,,False,False,False
GPT-OSS-120B,ntx3-000968-1,True,,False,False,False
GPT-OSS-120B,ntx3-000968-2,True,,False,False,False
GPT-OSS-120B,ntx3-000968-3,True,,False,False,False
GPT-OSS-120B,ntx3-000213-0,True,,False,False,False
GPT-OSS-120B,ntx3-000213-1,True,,False,False,False
GPT-OSS-120B,ntx3-000213-2,True,,False,False,False
GPT-OSS-120B,ntx3-000213-3,True,,False,False,False
GPT-OSS-120B,ntx3-002316-0,True,,False,False,False
GPT-OSS-120B,ntx3-002316-1,True,,False,False,False
GPT-OSS-120B,ntx3-002316-2,True,,False,False,False
GPT-OSS-120B,ntx3-002316-3,True,,False,False,False
GPT-OSS-120B,ntx3-001129-0,True,,False,False,False
GPT-OSS-120B,ntx3-001129-1,True,,False,False,False
GPT-OSS-120B,ntx3-001129-2,True,,False,False,False
GPT-OSS-120B,ntx3-001129-3,True,,False,False,False
GPT-OSS-120B,ntx3-000876-0,True,,False,False,False
GPT-OSS-120B,ntx3-000876-1,True,,False,False,False
GPT-OSS-120B,ntx3-000876-2,True,,False,False,False
GPT-OSS-120B,ntx3-000876-3,True,,False,False,False
GPT-OSS-120B,ntx3-001759-0,True,,False,False,False
GPT-OSS-120B,ntx3-001759-1,True,,False,False,False
GPT-OSS-120B,ntx3-001759-2,True,,False,False,False
GPT-OSS-120B,ntx3-001759-3,True,,False,False,False
GPT-OSS-120B,ntx3-002329-0,True,,False,False,False
GPT-OSS-120B,ntx3-002329-1,True,,False,False,False
GPT-OSS-120B,ntx3-002329-2,True,,False,False,False
GPT-OSS-120B,ntx3-002329-3,True,,False,False,False
GPT-OSS-120B,ntx3-001012-0,True,,False,False,False
GPT-OSS-120B,ntx3-001012-1,True,,False,False,False
GPT-OSS-120B,ntx3-001012-2,True,,False,False,False
GPT-OSS-120B,ntx3-001012-3,True,,False,False,False
GPT-OSS-120B,ntx3-001263-0,True,,False,False,False
GPT-OSS-120B,ntx3-001263-1,True,,False,False,False
GPT-OSS-120B,ntx3-001263-2,True,,False,False,False
GPT-OSS-120B,ntx3-001263-3,True,,False,False,False
GPT-OSS-120B,ntx3-002050-0,True,,False,False,False
GPT-OSS-120B,ntx3-002050-1,True,,False,False,False
GPT-OSS-120B,ntx3-002050-2,True,,False,False,False
GPT-OSS-120B,ntx3-002050-3,True,,False,False,False
GPT-OSS-120B,ntx3-001045-0,True,,False,False,False
GPT-OSS-120B,ntx3-001045-1,True,,False,False,False
GPT-OSS-120B,ntx3-001045-2,True,,False,False,False
GPT-OSS-120B,ntx3-001045-3,True,,False,False,False
GPT-OSS-120B,ntx3-002194-0,True,,False,False,False
GPT-OSS-120B,ntx3-002194-1,True,,False,False,False
GPT-OSS-120B,ntx3-002194-2,True,,False,False,False
GPT-OSS-120B,ntx3-002194-3,True,,False,False,False
GPT-OSS-120B,ntx3-000772-0,True,,False,False,False
GPT-OSS-120B,ntx3-000772-1,True,,False,False,False
GPT-OSS-120B,ntx3-000772-2,True,,False,False,False
GPT-OSS-120B,ntx3-000772-3,True,,False,False,False
GPT-OSS-120B,ntx3-001825-0,True,,False,False,False
GPT-OSS-120B,ntx3-001825-1,True,,False,False,False
GPT-OSS-120B,ntx3-001825-2,True,,False,False,False
GPT-OSS-120B,ntx3-001825-3,True,,False,False,False
GPT-OSS-120B,ntx3-002191-0,True,,False,False,False
GPT-OSS-120B,ntx3-002191-1,True,,False,False,False
GPT-OSS-120B,ntx3-002191-2,True,,False,False,False
GPT-OSS-120B,ntx3-002191-3,True,,False,False,False
GPT-OSS-120B,ntx3-002272-0,True,,False,False,False
GPT-OSS-120B,ntx3-002272-1,True,,False,False,False
GPT-OSS-120B,ntx3-002272-2,True,,False,False,False
GPT-OSS-120B,ntx3-002272-3,True,,False,False,False
GPT-OSS-120B,ntx3-002023-0,True,,False,False,False
GPT-OSS-120B,ntx3-002023-1,True,,False,False,False
GPT-OSS-120B,ntx3-002023-2,True,,False,False,False
GPT-OSS-120B,ntx3-002023-3,True,,False,False,False
GPT-OSS-120B,ntx3-001660-0,True,,False,False,False
GPT-OSS-120B,ntx3-001660-1,True,,False,False,False
GPT-OSS-120B,ntx3-001660-2,True,,False,False,False
GPT-OSS-120B,ntx3-001660-3,True,,False,False,False
GPT-OSS-120B,ntx3-001479-0,True,,False,False,False
GPT-OSS-120B,ntx3-001479-1,True,,False,False,False
GPT-OSS-120B,ntx3-001479-2,True,,False,False,False
GPT-OSS-120B,ntx3-001479-3,True,,False,False,False
GPT-OSS-120B,ntx3-001211-0,True,,False,False,False
GPT-OSS-120B,ntx3-001211-1,True,,False,False,False
GPT-OSS-120B,ntx3-001211-2,True,,False,False,False
GPT-OSS-120B,ntx3-001211-3,True,,False,False,False
GPT-OSS-120B,ntx3-001980-0,True,,False,False,False
GPT-OSS-120B,ntx3-001980-1,True,,False,False,False
GPT-OSS-120B,ntx3-001980-2,True,,False,False,False
GPT-OSS-120B,ntx3-001980-3,True,,False,False,False
GPT-OSS-120B,ntx3-001231-0,True,,False,False,False
GPT-OSS-120B,ntx3-001231-1,True,,False,False,False
GPT-OSS-120B,ntx3-001231-2,True,,False,False,False
GPT-OSS-120B,ntx3-001231-3,True,,False,False,False
GPT-OSS-120B,ntx3-001832-0,True,,False,False,False
GPT-OSS-120B,ntx3-001832-1,True,,False,False,False
GPT-OSS-120B,ntx3-001832-2,True,,False,False,False
GPT-OSS-120B,ntx3-001832-3,True,,False,False,False
GPT-OSS-120B,ntx3-000863-0,True,,False,False,False
GPT-OSS-120B,ntx3-000863-1,True,,False,False,False
GPT-OSS-120B,ntx3-000863-2,True,,False,False,False
GPT-OSS-120B,ntx3-000863-3,True,,False,False,False
GPT-OSS-120B,ntx3-001013-0,True,,False,False,False
GPT-OSS-120B,ntx3-001013-1,True,,False,False,False
GPT-OSS-120B,ntx3-001013-2,True,,False,False,False
GPT-OSS-120B,ntx3-001013-3,True,,False,False,False
GPT-OSS-120B,ntx3-001197-0,True,,False,False,False
GPT-OSS-120B,ntx3-001197-1,True,,False,False,False
GPT-OSS-120B,ntx3-001197-2,True,,False,False,False
GPT-OSS-120B,ntx3-001197-3,True,,False,False,False
GPT-OSS-120B,ntx3-001123-0,True,,False,False,False
GPT-OSS-120B,ntx3-001123-1,True,,False,False,False
GPT-OSS-120B,ntx3-001123-2,True,,False,False,False
GPT-OSS-120B,ntx3-001123-3,True,,False,False,False
GPT-OSS-120B,ntx3-001055-0,True,,False,False,False
GPT-OSS-120B,ntx3-001055-1,True,,False,False,False
GPT-OSS-120B,ntx3-001055-2,True,,False,False,False
GPT-OSS-120B,ntx3-001055-3,True,,False,False,False
GPT-OSS-120B,ntx3-000792-0,True,,False,False,False
GPT-OSS-120B,ntx3-000792-1,True,,False,False,False
GPT-OSS-120B,ntx3-000792-2,True,,False,False,False
GPT-OSS-120B,ntx3-000792-3,True,,False,False,False
GPT-OSS-120B,ntx3-001304-0,True,,False,False,False
GPT-OSS-120B,ntx3-001304-1,True,,False,False,False
GPT-OSS-120B,ntx3-001304-2,True,,False,False,False
GPT-OSS-120B,ntx3-001304-3,True,,False,False,False
GPT-OSS-120B,ntx3-000790-0,True,,False,False,False
GPT-OSS-120B,ntx3-000790-1,True,,False,False,False
GPT-OSS-120B,ntx3-000790-2,True,,False,False,False
GPT-OSS-120B,ntx3-000790-3,True,,False,False,False
GPT-OSS-120B,ntx3-000851-0,True,,False,False,False
GPT-OSS-120B,ntx3-000851-1,True,,False,False,False
GPT-OSS-120B,ntx3-000851-2,True,,False,False,False
GPT-OSS-120B,ntx3-000851-3,True,,False,False,False
GPT-OSS-120B,ntx3-001148-0,True,,False,False,False
GPT-OSS-120B,ntx3-001148-1,True,,False,False,False
GPT-OSS-120B,ntx3-001148-2,True,,False,False,False
GPT-OSS-120B,ntx3-001148-3,True,,False,False,False
GPT-OSS-120B,ntx3-000751-0,True,,False,False,False
GPT-OSS-120B,ntx3-000751-1,True,,False,False,False
GPT-OSS-120B,ntx3-000751-2,True,,False,False,False
GPT-OSS-120B,ntx3-000751-3,True,,False,False,False
GPT-OSS-120B,ntx3-001821-0,True,,False,False,False
GPT-OSS-120B,ntx3-001821-1,True,,False,False,False
GPT-OSS-120B,ntx3-001821-2,True,,False,False,False
GPT-OSS-120B,ntx3-001821-3,True,,False,False,False
GPT-OSS-120B,ntx3-002000-0,True,,False,False,False
GPT-OSS-120B,ntx3-002000-1,True,,False,False,False
GPT-OSS-120B,ntx3-002000-2,True,,False,False,False
GPT-OSS-120B,ntx3-002000-3,True,,False,False,False
GPT-OSS-120B,ntx3-000332-0,True,,False,False,False
GPT-OSS-120B,ntx3-000332-1,True,,False,False,False
GPT-OSS-120B,ntx3-000332-2,True,,False,False,False
GPT-OSS-120B,ntx3-000332-3,True,,False,False,False
GPT-OSS-120B,ntx3-000285-0,True,,False,False,False
GPT-OSS-120B,ntx3-000285-1,True,,False,False,False
GPT-OSS-120B,ntx3-000285-2,True,,False,False,False
GPT-OSS-120B,ntx3-000285-3,True,,False,False,False
GPT-OSS-120B,ntx3-002492-0,True,,False,False,False
GPT-OSS-120B,ntx3-002492-1,True,,False,False,False
GPT-OSS-120B,ntx3-002492-2,True,,False,False,False
GPT-OSS-120B,ntx3-002492-3,True,,False,False,False
GPT-OSS-120B,ntx3-001201-0,True,,False,False,False
GPT-OSS-120B,ntx3-001201-1,True,,False,False,False
GPT-OSS-120B,ntx3-001201-2,True,,False,False,False
GPT-OSS-120B,ntx3-001201-3,True,,False,False,False
GPT-OSS-120B,ntx3-001391-0,True,,False,False,False
GPT-OSS-120B,ntx3-001391-1,True,,False,False,False
GPT-OSS-120B,ntx3-001391-2,True,,False,False,False
GPT-OSS-120B,ntx3-001391-3,True,,False,False,False
GPT-OSS-120B,ntx3-001141-0,True,,False,False,False
GPT-OSS-120B,ntx3-001141-1,True,,False,False,False
GPT-OSS-120B,ntx3-001141-2,True,,False,False,False
GPT-OSS-120B,ntx3-001141-3,True,,False,False,False
GPT-OSS-120B,ntx3-002240-0,True,,False,False,False
GPT-OSS-120B,ntx3-002240-1,True,,False,False,False
GPT-OSS-120B,ntx3-002240-2,True,,False,False,False
GPT-OSS-120B,ntx3-002240-3,True,,False,False,False
GPT-OSS-120B,ntx3-000485-0,True,,False,False,False
GPT-OSS-120B,ntx3-000485-1,True,,False,False,False
GPT-OSS-120B,ntx3-000485-2,True,,False,False,False
GPT-OSS-120B,ntx3-000485-3,True,,False,False,False
GPT-OSS-120B,ntx3-002430-0,True,,False,False,False
GPT-OSS-120B,ntx3-002430-1,True,,False,False,False
GPT-OSS-120B,ntx3-002430-2,True,,False,False,False
GPT-OSS-120B,ntx3-002430-3,True,,False,False,False
GPT-OSS-120B,ntx3-001277-0,True,,False,False,False
GPT-OSS-120B,ntx3-001277-1,True,,False,False,False
GPT-OSS-120B,ntx3-001277-2,True,,False,False,False
GPT-OSS-120B,ntx3-001277-3,True,,False,False,False
GPT-OSS-120B,ntx3-002354-0,True,,False,False,False
GPT-OSS-120B,ntx3-002354-1,True,,False,False,False
GPT-OSS-120B,ntx3-002354-2,True,,False,False,False
GPT-OSS-120B,ntx3-002354-3,True,,False,False,False
GPT-OSS-120B,ntx3-001915-0,True,,False,False,False
GPT-OSS-120B,ntx3-001915-1,True,,False,False,False
GPT-OSS-120B,ntx3-001915-2,True,,False,False,False
GPT-OSS-120B,ntx3-001915-3,True,,False,False,False
GPT-OSS-120B,ntx3-001599-0,True,,False,False,False
GPT-OSS-120B,ntx3-001599-1,True,,False,False,False
GPT-OSS-120B,ntx3-001599-2,True,,False,False,False
GPT-OSS-120B,ntx3-001599-3,True,,False,False,False
GPT-OSS-120B,ntx3-001555-0,True,,False,False,False
GPT-OSS-120B,ntx3-001555-1,True,,False,False,False
GPT-OSS-120B,ntx3-001555-2,True,,False,False,False
GPT-OSS-120B,ntx3-001555-3,True,,False,False,False
GPT-OSS-120B,ntx3-001500-0,True,,False,False,False
GPT-OSS-120B,ntx3-001500-1,True,,False,False,False
GPT-OSS-120B,ntx3-001500-2,True,,False,False,False
GPT-OSS-120B,ntx3-001500-3,True,,False,False,False
GPT-OSS-120B,ntx3-001570-0,True,,False,False,False
GPT-OSS-120B,ntx3-001570-1,True,,False,False,False
GPT-OSS-120B,ntx3-001570-2,True,,False,False,False
GPT-OSS-120B,ntx3-001570-3,True,,False,False,False
GPT-OSS-120B,ntx3-001466-0,True,,False,False,False
GPT-OSS-120B,ntx3-001466-1,True,,False,False,False
GPT-OSS-120B,ntx3-001466-2,True,,False,False,False
GPT-OSS-120B,ntx3-001466-3,True,,False,False,False
GPT-OSS-120B,ntx3-000817-0,True,,False,False,False
GPT-OSS-120B,ntx3-000817-1,True,,False,False,False
GPT-OSS-120B,ntx3-000817-2,True,,False,False,False
GPT-OSS-120B,ntx3-000817-3,True,,False,False,False
GPT-OSS-120B,ntx3-001653-0,True,,False,False,False
GPT-OSS-120B,ntx3-001653-1,True,,False,False,False
GPT-OSS-120B,ntx3-001653-2,True,,False,False,False
GPT-OSS-120B,ntx3-001653-3,True,,False,False,False
GPT-OSS-120B,ntx3-001353-0,True,,False,False,False
GPT-OSS-120B,ntx3-001353-1,True,,False,False,False
GPT-OSS-120B,ntx3-001353-2,True,,False,False,False
GPT-OSS-120B,ntx3-001353-3,True,,False,False,False
GPT-OSS-120B,ntx3-002108-0,True,,False,False,False
GPT-OSS-120B,ntx3-002108-1,True,,False,False,False
GPT-OSS-120B,ntx3-002108-2,True,,False,False,False
GPT-OSS-120B,ntx3-002108-3,True,,False,False,False
GPT-OSS-120B,ntx3-000868-0,True,,False,False,False
GPT-OSS-120B,ntx3-000868-1,True,,False,False,False
GPT-OSS-120B,ntx3-000868-2,True,,False,False,False
GPT-OSS-120B,ntx3-000868-3,True,,False,False,False
GPT-OSS-120B,ntx3-000941-0,True,,False,False,False
GPT-OSS-120B,ntx3-000941-1,True,,False,False,False
GPT-OSS-120B,ntx3-000941-2,True,,False,False,False
GPT-OSS-120B,ntx3-000941-3,True,,False,False,False
GPT-OSS-120B,ntx3-002164-0,True,,False,False,False
GPT-OSS-120B,ntx3-002164-1,True,,False,False,False
GPT-OSS-120B,ntx3-002164-2,True,,False,False,False
GPT-OSS-120B,ntx3-002164-3,True,,False,False,False
GPT-OSS-120B,ntx3-001434-0,True,,False,False,False
GPT-OSS-120B,ntx3-001434-1,True,,False,False,False
GPT-OSS-120B,ntx3-001434-2,True,,False,False,False
GPT-OSS-120B,ntx3-001434-3,True,,False,False,False
GPT-OSS-120B,ntx3-001103-0,True,,False,False,False
GPT-OSS-120B,ntx3-001103-1,True,,False,False,False
GPT-OSS-120B,ntx3-001103-2,True,,False,False,False
GPT-OSS-120B,ntx3-001103-3,True,,False,False,False
GPT-OSS-120B,ntx3-000741-0,True,,False,False,False
GPT-OSS-120B,ntx3-000741-1,True,,False,False,False
GPT-OSS-120B,ntx3-000741-2,True,,False,False,False
GPT-OSS-120B,ntx3-000741-3,True,,False,False,False
GPT-OSS-120B,ntx3-000805-0,True,,False,False,False
GPT-OSS-120B,ntx3-000805-1,True,,False,False,False
GPT-OSS-120B,ntx3-000805-2,True,,False,False,False
GPT-OSS-120B,ntx3-000805-3,True,,False,False,False
GPT-OSS-120B,ntx3-000513-0,True,,False,False,False
GPT-OSS-120B,ntx3-000513-1,True,,False,False,False
GPT-OSS-120B,ntx3-000513-2,True,,False,False,False
GPT-OSS-120B,ntx3-000513-3,True,,False,False,False
GPT-OSS-120B,ntx3-001491-0,True,,False,False,False
GPT-OSS-120B,ntx3-001491-1,True,,False,False,False
GPT-OSS-120B,ntx3-001491-2,True,,False,False,False
GPT-OSS-120B,ntx3-001491-3,True,,False,False,False
GPT-OSS-120B,ntx3-000840-0,True,,False,False,False
GPT-OSS-120B,ntx3-000840-1,True,,False,False,False
GPT-OSS-120B,ntx3-000840-2,True,,False,False,False
GPT-OSS-120B,ntx3-000840-3,True,,False,False,False
GPT-OSS-120B,ntx3-001613-0,True,,False,False,False
GPT-OSS-120B,ntx3-001613-1,True,,False,False,False
GPT-OSS-120B,ntx3-001613-2,True,,False,False,False
GPT-OSS-120B,ntx3-001613-3,True,,False,False,False
GPT-OSS-120B,ntx3-000844-0,True,,False,False,False
GPT-OSS-120B,ntx3-000844-1,True,,False,False,False
GPT-OSS-120B,ntx3-000844-2,True,,False,False,False
GPT-OSS-120B,ntx3-000844-3,True,,False,False,False
GPT-OSS-120B,ntx3-002230-0,True,,False,False,False
GPT-OSS-120B,ntx3-002230-1,True,,False,False,False
GPT-OSS-120B,ntx3-002230-2,True,,False,False,False
GPT-OSS-120B,ntx3-002230-3,True,,False,False,False
GPT-OSS-120B,ntx3-000589-0,True,,False,False,False
GPT-OSS-120B,ntx3-000589-1,True,,False,False,False
GPT-OSS-120B,ntx3-000589-2,True,,False,False,False
GPT-OSS-120B,ntx3-000589-3,True,,False,False,False
GPT-OSS-120B,ntx3-002260-0,True,,False,False,False
GPT-OSS-120B,ntx3-002260-1,True,,False,False,False
GPT-OSS-120B,ntx3-002260-2,True,,False,False,False
GPT-OSS-120B,ntx3-002260-3,True,,False,False,False
GPT-OSS-120B,ntx3-000689-0,True,,False,False,False
GPT-OSS-120B,ntx3-000689-1,True,,False,False,False
GPT-OSS-120B,ntx3-000689-2,True,,False,False,False
GPT-OSS-120B,ntx3-000689-3,True,,False,False,False
GPT-OSS-120B,ntx3-002304-0,True,,False,False,False
GPT-OSS-120B,ntx3-002304-1,True,,False,False,False
GPT-OSS-120B,ntx3-002304-2,True,,False,False,False
GPT-OSS-120B,ntx3-002304-3,True,,False,False,False
GPT-OSS-120B,ntx3-001399-0,True,,False,False,False
GPT-OSS-120B,ntx3-001399-1,True,,False,False,False
GPT-OSS-120B,ntx3-001399-2,True,,False,False,False
GPT-OSS-120B,ntx3-001399-3,True,,False,False,False
GPT-OSS-120B,ntx3-001288-0,True,,False,False,False
GPT-OSS-120B,ntx3-001288-1,True,,False,False,False
GPT-OSS-120B,ntx3-001288-2,True,,False,False,False
GPT-OSS-120B,ntx3-001288-3,True,,False,False,False
GPT-OSS-120B,ntx3-002474-0,True,,False,False,False
GPT-OSS-120B,ntx3-002474-1,True,,False,False,False
GPT-OSS-120B,ntx3-002474-2,True,,False,False,False
GPT-OSS-120B,ntx3-002474-3,True,,False,False,False
GPT-OSS-120B,ntx3-002197-0,True,,False,False,False
GPT-OSS-120B,ntx3-002197-1,True,,False,False,False
GPT-OSS-120B,ntx3-002197-2,True,,False,False,False
GPT-OSS-120B,ntx3-002197-3,True,,False,False,False
GPT-OSS-120B,ntx3-002210-0,True,,False,False,False
GPT-OSS-120B,ntx3-002210-1,True,,False,False,False
GPT-OSS-120B,ntx3-002210-2,True,,False,False,False
GPT-OSS-120B,ntx3-002210-3,True,,False,False,False
GPT-OSS-120B,ntx3-002046-0,True,,False,False,False
GPT-OSS-120B,ntx3-002046-1,True,,False,False,False
GPT-OSS-120B,ntx3-002046-2,True,,False,False,False
GPT-OSS-120B,ntx3-002046-3,True,,False,False,False
GPT-OSS-120B,ntx3-002426-0,True,,False,False,False
GPT-OSS-120B,ntx3-002426-1,True,,False,False,False
GPT-OSS-120B,ntx3-002426-2,True,,False,False,False
GPT-OSS-120B,ntx3-002426-3,True,,False,False,False
GPT-OSS-120B,ntx3-002255-0,True,,False,False,False
GPT-OSS-120B,ntx3-002255-1,True,,False,False,False
GPT-OSS-120B,ntx3-002255-2,True,,False,False,False
GPT-OSS-120B,ntx3-002255-3,True,,False,False,False
GPT-OSS-120B,ntx3-001191-0,True,,False,False,False
GPT-OSS-120B,ntx3-001191-1,True,,False,False,False
GPT-OSS-120B,ntx3-001191-2,True,,False,False,False
GPT-OSS-120B,ntx3-001191-3,True,,False,False,False
GPT-OSS-120B,ntx3-001370-0,True,,False,False,False
GPT-OSS-120B,ntx3-001370-1,True,,False,False,False
GPT-OSS-120B,ntx3-001370-2,True,,False,False,False
GPT-OSS-120B,ntx3-001370-3,True,,False,False,False
GPT-OSS-120B,ntx3-001763-0,True,,False,False,False
GPT-OSS-120B,ntx3-001763-1,True,,False,False,False
GPT-OSS-120B,ntx3-001763-2,True,,False,False,False
GPT-OSS-120B,ntx3-001763-3,True,,False,False,False
GPT-OSS-120B,ntx3-000765-0,True,,False,False,False
GPT-OSS-120B,ntx3-000765-1,True,,False,False,False
GPT-OSS-120B,ntx3-000765-2,True,,False,False,False
GPT-OSS-120B,ntx3-000765-3,True,,False,False,False
GPT-OSS-120B,ntx3-001244-0,True,,False,False,False
GPT-OSS-120B,ntx3-001244-1,True,,False,False,False
GPT-OSS-120B,ntx3-001244-2,True,,False,False,False
GPT-OSS-120B,ntx3-001244-3,True,,False,False,False
GPT-OSS-120B,ntx3-000776-0,True,,False,False,False
GPT-OSS-120B,ntx3-000776-1,True,,False,False,False
GPT-OSS-120B,ntx3-000776-2,True,,False,False,False
GPT-OSS-120B,ntx3-000776-3,True,,False,False,False
GPT-OSS-120B,ntx3-002129-0,True,,False,False,False
GPT-OSS-120B,ntx3-002129-1,True,,False,False,False
GPT-OSS-120B,ntx3-002129-2,True,,False,False,False
GPT-OSS-120B,ntx3-002129-3,True,,False,False,False
GPT-OSS-120B,ntx3-001930-0,True,,False,False,False
GPT-OSS-120B,ntx3-001930-1,True,,False,False,False
GPT-OSS-120B,ntx3-001930-2,True,,False,False,False
GPT-OSS-120B,ntx3-001930-3,True,,False,False,False
GPT-OSS-120B,ntx3-000607-0,True,,False,False,False
GPT-OSS-120B,ntx3-000607-1,True,,False,False,False
GPT-OSS-120B,ntx3-000607-2,True,,False,False,False
GPT-OSS-120B,ntx3-000607-3,True,,False,False,False
GPT-OSS-120B,ntx3-002229-0,True,,False,False,False
GPT-OSS-120B,ntx3-002229-1,True,,False,False,False
GPT-OSS-120B,ntx3-002229-2,True,,False,False,False
GPT-OSS-120B,ntx3-002229-3,True,,False,False,False
GPT-OSS-120B,ntx3-001475-0,True,,False,False,False
GPT-OSS-120B,ntx3-001475-1,True,,False,False,False
GPT-OSS-120B,ntx3-001475-2,True,,False,False,False
GPT-OSS-120B,ntx3-001475-3,True,,False,False,False
GPT-OSS-120B,ntx3-001051-0,True,,False,False,False
GPT-OSS-120B,ntx3-001051-1,True,,False,False,False
GPT-OSS-120B,ntx3-001051-2,True,,False,False,False
GPT-OSS-120B,ntx3-001051-3,True,,False,False,False
GPT-OSS-120B,ntx3-001284-0,True,,False,False,False
GPT-OSS-120B,ntx3-001284-1,True,,False,False,False
GPT-OSS-120B,ntx3-001284-2,True,,False,False,False
GPT-OSS-120B,ntx3-001284-3,True,,False,False,False
GPT-OSS-120B,ntx3-001852-0,True,,False,False,False
GPT-OSS-120B,ntx3-001852-1,True,,False,False,False
GPT-OSS-120B,ntx3-001852-2,True,,False,False,False
GPT-OSS-120B,ntx3-001852-3,True,,False,False,False
GPT-OSS-120B,ntx3-002249-0,True,,False,False,False
GPT-OSS-120B,ntx3-002249-1,True,,False,False,False
GPT-OSS-120B,ntx3-002249-2,True,,False,False,False
GPT-OSS-120B,ntx3-002249-3,True,,False,False,False
GPT-OSS-120B,ntx3-002098-0,True,,False,False,False
GPT-OSS-120B,ntx3-002098-1,True,,False,False,False
GPT-OSS-120B,ntx3-002098-2,True,,False,False,False
GPT-OSS-120B,ntx3-002098-3,True,,False,False,False
GPT-OSS-120B,ntx3-001566-0,True,,False,False,False
GPT-OSS-120B,ntx3-001566-1,True,,False,False,False
GPT-OSS-120B,ntx3-001566-2,True,,False,False,False
GPT-OSS-120B,ntx3-001566-3,True,,False,False,False
GPT-OSS-120B,ntx3-002456-0,True,,False,False,False
GPT-OSS-120B,ntx3-002456-1,True,,False,False,False
GPT-OSS-120B,ntx3-002456-2,True,,False,False,False
GPT-OSS-120B,ntx3-002456-3,True,,False,False,False
GPT-OSS-120B,ntx3-001892-0,True,,False,False,False
GPT-OSS-120B,ntx3-001892-1,True,,False,False,False
GPT-OSS-120B,ntx3-001892-2,True,,False,False,False
GPT-OSS-120B,ntx3-001892-3,True,,False,False,False
GPT-OSS-120B,ntx3-002367-0,True,,False,False,False
GPT-OSS-120B,ntx3-002367-1,True,,False,False,False
GPT-OSS-120B,ntx3-002367-2,True,,False,False,False
GPT-OSS-120B,ntx3-002367-3,True,,False,False,False
GPT-OSS-120B,ntx3-000759-0,True,,False,False,False
GPT-OSS-120B,ntx3-000759-1,True,,False,False,False
GPT-OSS-120B,ntx3-000759-2,True,,False,False,False
GPT-OSS-120B,ntx3-000759-3,True,,False,False,False
GPT-OSS-120B,ntx3-000762-0,True,,False,False,False
GPT-OSS-120B,ntx3-000762-1,True,,False,False,False
GPT-OSS-120B,ntx3-000762-2,True,,False,False,False
GPT-OSS-120B,ntx3-000762-3,True,,False,False,False
GPT-OSS-120B,ntx3-001487-0,True,,False,False,False
GPT-OSS-120B,ntx3-001487-1,True,,False,False,False
GPT-OSS-120B,ntx3-001487-2,True,,False,False,False
GPT-OSS-120B,ntx3-001487-3,True,,False,False,False
GPT-OSS-120B,ntx3-001779-0,True,,False,False,False
GPT-OSS-120B,ntx3-001779-1,True,,False,False,False
GPT-OSS-120B,ntx3-001779-2,True,,False,False,False
GPT-OSS-120B,ntx3-001779-3,True,,False,False,False
GPT-OSS-120B,ntx3-002460-0,True,,False,False,False
GPT-OSS-120B,ntx3-002460-1,True,,False,False,False
GPT-OSS-120B,ntx3-002460-2,True,,False,False,False
GPT-OSS-120B,ntx3-002460-3,True,,False,False,False
GPT-OSS-120B,ntx3-002185-0,True,,False,False,False
GPT-OSS-120B,ntx3-002185-1,True,,False,False,False
GPT-OSS-120B,ntx3-002185-2,True,,False,False,False
GPT-OSS-120B,ntx3-002185-3,True,,False,False,False
GPT-OSS-120B,ntx3-002357-0,True,,False,False,False
GPT-OSS-120B,ntx3-002357-1,True,,False,False,False
GPT-OSS-120B,ntx3-002357-2,True,,False,False,False
GPT-OSS-120B,ntx3-002357-3,True,,False,False,False
GPT-OSS-120B,ntx3-002054-0,True,,False,False,False
GPT-OSS-120B,ntx3-002054-1,True,,False,False,False
GPT-OSS-120B,ntx3-002054-2,True,,False,False,False
GPT-OSS-120B,ntx3-002054-3,True,,False,False,False
GPT-OSS-120B,ntx3-000246-0,True,,False,False,False
GPT-OSS-120B,ntx3-000246-1,True,,False,False,False
GPT-OSS-120B,ntx3-000246-2,True,,False,False,False
GPT-OSS-120B,ntx3-000246-3,True,,False,False,False
GPT-OSS-120B,ntx3-000469-0,True,,False,False,False
GPT-OSS-120B,ntx3-000469-1,True,,False,False,False
GPT-OSS-120B,ntx3-000469-2,True,,False,False,False
GPT-OSS-120B,ntx3-000469-3,True,,False,False,False
GPT-OSS-120B,ntx3-001694-0,True,,False,False,False
GPT-OSS-120B,ntx3-001694-1,True,,False,False,False
GPT-OSS-120B,ntx3-001694-2,True,,False,False,False
GPT-OSS-120B,ntx3-001694-3,True,,False,False,False
GPT-OSS-120B,ntx3-000516-0,True,,False,False,False
GPT-OSS-120B,ntx3-000516-1,True,,False,False,False
GPT-OSS-120B,ntx3-000516-2,True,,False,False,False
GPT-OSS-120B,ntx3-000516-3,True,,False,False,False
GPT-OSS-120B,ntx3-000514-0,True,,False,False,False
GPT-OSS-120B,ntx3-000514-1,True,,False,False,False
GPT-OSS-120B,ntx3-000514-2,True,,False,False,False
GPT-OSS-120B,ntx3-000514-3,True,,False,False,False
GPT-OSS-120B,ntx3-001625-0,True,,False,False,False
GPT-OSS-120B,ntx3-001625-1,True,,False,False,False
GPT-OSS-120B,ntx3-001625-2,True,,False,False,False
GPT-OSS-120B,ntx3-001625-3,True,,False,False,False
GPT-OSS-120B,ntx3-002236-0,True,,False,False,False
GPT-OSS-120B,ntx3-002236-1,True,,False,False,False
GPT-OSS-120B,ntx3-002236-2,True,,False,False,False
GPT-OSS-120B,ntx3-002236-3,True,,False,False,False
GPT-OSS-120B,ntx3-001352-0,True,,False,False,False
GPT-OSS-120B,ntx3-001352-1,True,,False,False,False
GPT-OSS-120B,ntx3-001352-2,True,,False,False,False
GPT-OSS-120B,ntx3-001352-3,True,,False,False,False
GPT-OSS-120B,ntx3-000698-0,True,,False,False,False
GPT-OSS-120B,ntx3-000698-1,True,,False,False,False
GPT-OSS-120B,ntx3-000698-2,True,,False,False,False
GPT-OSS-120B,ntx3-000698-3,True,,False,False,False
GPT-OSS-120B,ntx3-001735-0,True,,False,False,False
GPT-OSS-120B,ntx3-001735-1,True,,False,False,False
GPT-OSS-120B,ntx3-001735-2,True,,False,False,False
GPT-OSS-120B,ntx3-001735-3,True,,False,False,False
GPT-OSS-120B,ntx3-001059-0,True,,False,False,False
GPT-OSS-120B,ntx3-001059-1,True,,False,False,False
GPT-OSS-120B,ntx3-001059-2,True,,False,False,False
GPT-OSS-120B,ntx3-001059-3,True,,False,False,False
GPT-OSS-120B,ntx3-002141-0,True,,False,False,False
GPT-OSS-120B,ntx3-002141-1,False,top_candidate_not_dict,,,
GPT-OSS-120B,ntx3-002141-2,True,,False,False,False
GPT-OSS-120B,ntx3-002141-3,True,,False,False,False
GPT-OSS-120B,ntx3-001497-0,True,,False,False,False
GPT-OSS-120B,ntx3-001497-1,True,,False,False,False
GPT-OSS-120B,ntx3-001497-2,True,,False,False,False
GPT-OSS-120B,ntx3-001497-3,True,,False,False,False
GPT-OSS-120B,ntx3-001321-0,True,,False,False,False
GPT-OSS-120B,ntx3-001321-1,True,,False,False,False
GPT-OSS-120B,ntx3-001321-2,True,,False,False,False
GPT-OSS-120B,ntx3-001321-3,True,,False,False,False
GPT-OSS-120B,ntx3-002334-0,True,,False,False,False
GPT-OSS-120B,ntx3-002334-1,True,,False,False,False
GPT-OSS-120B,ntx3-002334-2,True,,False,False,False
GPT-OSS-120B,ntx3-002334-3,True,,False,False,False
GPT-OSS-120B,ntx3-001567-0,True,,False,False,False
GPT-OSS-120B,ntx3-001567-1,True,,False,False,False
GPT-OSS-120B,ntx3-001567-2,True,,False,False,False
GPT-OSS-120B,ntx3-001567-3,True,,False,False,False
GPT-OSS-120B,ntx3-000584-0,True,,False,False,False
GPT-OSS-120B,ntx3-000584-1,True,,False,False,False
GPT-OSS-120B,ntx3-000584-2,True,,False,False,False
GPT-OSS-120B,ntx3-000584-3,True,,False,False,False
GPT-OSS-120B,ntx3-002026-0,True,,False,False,False
GPT-OSS-120B,ntx3-002026-1,True,,False,False,False
GPT-OSS-120B,ntx3-002026-2,True,,False,False,False
GPT-OSS-120B,ntx3-002026-3,True,,False,False,False
GPT-OSS-120B,ntx3-002406-0,True,,False,False,False
GPT-OSS-120B,ntx3-002406-1,True,,False,False,False
GPT-OSS-120B,ntx3-002406-2,True,,False,False,False
GPT-OSS-120B,ntx3-002406-3,True,,False,False,False
GPT-OSS-120B,ntx3-001950-0,True,,False,False,False
GPT-OSS-120B,ntx3-001950-1,True,,False,False,False
GPT-OSS-120B,ntx3-001950-2,True,,False,False,False
GPT-OSS-120B,ntx3-001950-3,True,,False,False,False
GPT-OSS-120B,ntx3-002055-0,True,,False,False,False
GPT-OSS-120B,ntx3-002055-1,True,,False,False,False
GPT-OSS-120B,ntx3-002055-2,True,,False,False,False
GPT-OSS-120B,ntx3-002055-3,True,,False,False,False
GPT-OSS-120B,ntx3-000746-0,True,,False,False,False
GPT-OSS-120B,ntx3-000746-1,True,,False,False,False
GPT-OSS-120B,ntx3-000746-2,True,,False,False,False
GPT-OSS-120B,ntx3-000746-3,True,,False,False,False
GPT-OSS-120B,ntx3-001033-0,True,,False,False,False
GPT-OSS-120B,ntx3-001033-1,True,,False,False,False
GPT-OSS-120B,ntx3-001033-2,True,,False,False,False
GPT-OSS-120B,ntx3-001033-3,True,,False,False,False
GPT-OSS-120B,ntx3-002459-0,True,,False,False,False
GPT-OSS-120B,ntx3-002459-1,True,,False,False,False
GPT-OSS-120B,ntx3-002459-2,True,,False,False,False
GPT-OSS-120B,ntx3-002459-3,True,,False,False,False
GPT-OSS-120B,ntx3-000254-0,True,,False,False,False
GPT-OSS-120B,ntx3-000254-1,True,,False,False,False
GPT-OSS-120B,ntx3-000254-2,True,,False,False,False
GPT-OSS-120B,ntx3-000254-3,True,,False,False,False
GPT-OSS-120B,ntx3-000888-0,True,,False,False,False
GPT-OSS-120B,ntx3-000888-1,True,,False,False,False
GPT-OSS-120B,ntx3-000888-2,True,,False,False,False
GPT-OSS-120B,ntx3-000888-3,True,,False,False,False
GPT-OSS-120B,ntx3-001457-0,True,,False,False,False
GPT-OSS-120B,ntx3-001457-1,True,,False,False,False
GPT-OSS-120B,ntx3-001457-2,True,,False,False,False
GPT-OSS-120B,ntx3-001457-3,True,,False,False,False
GPT-OSS-120B,ntx3-001384-0,True,,False,False,False
GPT-OSS-120B,ntx3-001384-1,True,,False,False,False
GPT-OSS-120B,ntx3-001384-2,True,,False,False,False
GPT-OSS-120B,ntx3-001384-3,True,,False,False,False
GPT-OSS-120B,ntx3-002117-0,True,,False,False,False
GPT-OSS-120B,ntx3-002117-1,True,,False,False,False
GPT-OSS-120B,ntx3-002117-2,True,,False,False,False
GPT-OSS-120B,ntx3-002117-3,True,,False,False,False
GPT-OSS-120B,ntx3-001836-0,True,,False,False,False
GPT-OSS-120B,ntx3-001836-1,True,,False,False,False
GPT-OSS-120B,ntx3-001836-2,True,,False,False,False
GPT-OSS-120B,ntx3-001836-3,True,,False,False,False
GPT-OSS-120B,ntx3-001932-0,True,,False,False,False
GPT-OSS-120B,ntx3-001932-1,False,top_candidate_not_dict,,,
GPT-OSS-120B,ntx3-001932-2,True,,False,False,False
GPT-OSS-120B,ntx3-001932-3,True,,False,False,False
GPT-OSS-120B,ntx3-000152-0,True,,False,False,False
GPT-OSS-120B,ntx3-000152-1,True,,False,False,False
GPT-OSS-120B,ntx3-000152-2,True,,False,False,False
GPT-OSS-120B,ntx3-000152-3,True,,False,False,False
GPT-OSS-120B,ntx3-001931-0,True,,False,False,False
GPT-OSS-120B,ntx3-001931-1,True,,False,False,False
GPT-OSS-120B,ntx3-001931-2,True,,False,False,False
GPT-OSS-120B,ntx3-001931-3,True,,False,False,False
GPT-OSS-120B,ntx3-000518-0,True,,False,False,False
GPT-OSS-120B,ntx3-000518-1,True,,False,False,False
GPT-OSS-120B,ntx3-000518-2,True,,False,False,False
GPT-OSS-120B,ntx3-000518-3,True,,False,False,False
GPT-OSS-120B,ntx3-001465-0,True,,False,False,False
GPT-OSS-120B,ntx3-001465-1,True,,False,False,False
GPT-OSS-120B,ntx3-001465-2,True,,False,False,False
GPT-OSS-120B,ntx3-001465-3,True,,False,False,False
GPT-OSS-120B,ntx3-000659-0,True,,False,False,False
GPT-OSS-120B,ntx3-000659-1,True,,False,False,False
GPT-OSS-120B,ntx3-000659-2,True,,False,False,False
GPT-OSS-120B,ntx3-000659-3,True,,False,False,False
GPT-OSS-120B,ntx3-000740-0,True,,False,False,False
GPT-OSS-120B,ntx3-000740-1,True,,False,False,False
GPT-OSS-120B,ntx3-000740-2,True,,False,False,False
GPT-OSS-120B,ntx3-000740-3,True,,False,False,False
GPT-OSS-120B,ntx3-000884-0,True,,False,False,False
GPT-OSS-120B,ntx3-000884-1,True,,False,False,False
GPT-OSS-120B,ntx3-000884-2,True,,False,False,False
GPT-OSS-120B,ntx3-000884-3,True,,False,False,False
GPT-OSS-120B,ntx3-002221-0,True,,False,False,False
GPT-OSS-120B,ntx3-002221-1,True,,False,False,False
GPT-OSS-120B,ntx3-002221-2,True,,False,False,False
GPT-OSS-120B,ntx3-002221-3,True,,False,False,False
GPT-OSS-120B,ntx3-001551-0,True,,False,False,False
GPT-OSS-120B,ntx3-001551-1,True,,False,False,False
GPT-OSS-120B,ntx3-001551-2,True,,False,False,False
GPT-OSS-120B,ntx3-001551-3,True,,False,False,False
GPT-OSS-120B,ntx3-001583-0,True,,False,False,False
GPT-OSS-120B,ntx3-001583-1,True,,False,False,False
GPT-OSS-120B,ntx3-001583-2,True,,False,False,False
GPT-OSS-120B,ntx3-001583-3,True,,False,False,False
GPT-OSS-120B,ntx3-000585-0,True,,False,False,False
GPT-OSS-120B,ntx3-000585-1,True,,False,False,False
GPT-OSS-120B,ntx3-000585-2,True,,False,False,False
GPT-OSS-120B,ntx3-000585-3,True,,False,False,False
GPT-OSS-120B,ntx3-001544-0,True,,False,False,False
GPT-OSS-120B,ntx3-001544-1,True,,False,False,False
GPT-OSS-120B,ntx3-001544-2,True,,False,False,False
GPT-OSS-120B,ntx3-001544-3,True,,False,False,False
GPT-OSS-120B,ntx3-000820-0,True,,False,False,False
GPT-OSS-120B,ntx3-000820-1,True,,False,False,False
GPT-OSS-120B,ntx3-000820-2,True,,False,False,False
GPT-OSS-120B,ntx3-000820-3,True,,False,False,False
GPT-OSS-120B,ntx3-001709-0,True,,False,False,False
GPT-OSS-120B,ntx3-001709-1,True,,False,False,False
GPT-OSS-120B,ntx3-001709-2,True,,False,False,False
GPT-OSS-120B,ntx3-001709-3,True,,False,False,False
GPT-OSS-120B,ntx3-001848-0,True,,False,False,False
GPT-OSS-120B,ntx3-001848-1,False,top_candidate_not_dict,,,
GPT-OSS-120B,ntx3-001848-2,True,,False,False,False
GPT-OSS-120B,ntx3-001848-3,True,,False,False,False
GPT-OSS-120B,ntx3-001663-0,True,,False,False,False
GPT-OSS-120B,ntx3-001663-1,True,,False,False,False
GPT-OSS-120B,ntx3-001663-2,True,,False,False,False
GPT-OSS-120B,ntx3-001663-3,True,,False,False,False
GPT-OSS-120B,ntx3-002011-0,True,,False,False,False
GPT-OSS-120B,ntx3-002011-1,True,,False,False,False
GPT-OSS-120B,ntx3-002011-2,True,,False,False,False
GPT-OSS-120B,ntx3-002011-3,True,,False,False,False
GPT-OSS-120B,ntx3-001692-0,True,,False,False,False
GPT-OSS-120B,ntx3-001692-1,True,,False,False,False
GPT-OSS-120B,ntx3-001692-2,True,,False,False,False
GPT-OSS-120B,ntx3-001692-3,True,,False,False,False
GPT-OSS-120B,ntx3-002100-0,True,,False,False,False
GPT-OSS-120B,ntx3-002100-1,True,,False,False,False
GPT-OSS-120B,ntx3-002100-2,True,,False,False,False
GPT-OSS-120B,ntx3-002100-3,True,,False,False,False
GPT-OSS-120B,ntx3-002179-0,True,,False,False,False
GPT-OSS-120B,ntx3-002179-1,True,,False,False,False
GPT-OSS-120B,ntx3-002179-2,True,,False,False,False
GPT-OSS-120B,ntx3-002179-3,True,,False,False,False
GPT-OSS-120B,ntx3-001315-0,True,,False,False,False
GPT-OSS-120B,ntx3-001315-1,True,,False,False,False
GPT-OSS-120B,ntx3-001315-2,True,,False,False,False
GPT-OSS-120B,ntx3-001315-3,True,,False,False,False
GPT-OSS-120B,ntx3-000160-0,True,,False,False,False
GPT-OSS-120B,ntx3-000160-1,True,,False,False,False
GPT-OSS-120B,ntx3-000160-2,True,,False,False,False
GPT-OSS-120B,ntx3-000160-3,True,,False,False,False
GPT-OSS-120B,ntx3-000492-0,True,,False,False,False
GPT-OSS-120B,ntx3-000492-1,True,,False,False,False
GPT-OSS-120B,ntx3-000492-2,True,,False,False,False
GPT-OSS-120B,ntx3-000492-3,True,,False,False,False
GPT-OSS-120B,ntx3-000839-0,True,,False,False,False
GPT-OSS-120B,ntx3-000839-1,True,,False,False,False
GPT-OSS-120B,ntx3-000839-2,True,,False,False,False
GPT-OSS-120B,ntx3-000839-3,True,,False,False,False
GPT-OSS-120B,ntx3-001721-0,True,,False,False,False
GPT-OSS-120B,ntx3-001721-1,True,,False,False,False
GPT-OSS-120B,ntx3-001721-2,True,,False,False,False
GPT-OSS-120B,ntx3-001721-3,True,,False,False,False
GPT-OSS-120B,ntx3-001733-0,True,,False,False,False
GPT-OSS-120B,ntx3-001733-1,True,,False,False,False
GPT-OSS-120B,ntx3-001733-2,True,,False,False,False
GPT-OSS-120B,ntx3-001733-3,True,,False,False,False
GPT-OSS-120B,ntx3-001874-0,True,,False,False,False
GPT-OSS-120B,ntx3-001874-1,True,,False,False,False
GPT-OSS-120B,ntx3-001874-2,True,,False,False,False
GPT-OSS-120B,ntx3-001874-3,True,,False,False,False
GPT-OSS-120B,ntx3-000312-0,True,,False,False,False
GPT-OSS-120B,ntx3-000312-1,True,,False,False,False
GPT-OSS-120B,ntx3-000312-2,True,,False,False,False
GPT-OSS-120B,ntx3-000312-3,True,,False,False,False
GPT-OSS-120B,ntx3-001578-0,True,,False,False,False
GPT-OSS-120B,ntx3-001578-1,True,,False,False,False
GPT-OSS-120B,ntx3-001578-2,True,,False,False,False
GPT-OSS-120B,ntx3-001578-3,True,,False,False,False
GPT-OSS-120B,ntx3-001338-0,True,,False,False,False
GPT-OSS-120B,ntx3-001338-1,True,,False,False,False
GPT-OSS-120B,ntx3-001338-2,True,,False,False,False
GPT-OSS-120B,ntx3-001338-3,True,,False,False,False
GPT-OSS-120B,ntx3-002494-0,True,,False,False,False
GPT-OSS-120B,ntx3-002494-1,True,,False,False,False
GPT-OSS-120B,ntx3-002494-2,True,,False,False,False
GPT-OSS-120B,ntx3-002494-3,True,,False,False,False
