rep,guard,recall,fpr
0,v2,0.8515198752922837,0.0
0,v3,1.0,0.0
1,v2,0.8569194683346364,0.0
1,v3,1.0,0.0
2,v2,0.8568037974683544,0.0
2,v3,1.0,0.0
3,v2,0.8545526212061489,0.0
3,v3,1.0,0.0
4,v2,0.8554122704181321,0.0
4,v3,1.0,0.0
5,v2,0.8578125,0.0
5,v3,1.0,0.0
6,v2,0.8510149368058215,0.0
6,v3,1.0,0.0
7,v2,0.8523357086302454,0.0
7,v3,1.0,0.0
8,v2,0.8534883720930233,0.0
8,v3,1.0,0.0
9,v2,0.8553092182030338,0.0
9,v3,1.0,0.0
10,v2,0.8516653756777691,0.0
10,v3,1.0,0.0
11,v2,0.8602150537634409,0.0
11,v3,1.0,0.0
12,v2,0.8542229078287698,0.0
12,v3,1.0,0.0
13,v2,0.8593141075604053,0.0
13,v3,1.0,0.0
14,v2,0.8548199767711963,0.0
14,v3,1.0,0.0
15,v2,0.8466019417475729,0.0
15,v3,1.0,0.0
16,v2,0.8519827247742442,0.0
16,v3,1.0,0.0
17,v2,0.8551965745426235,0.0
17,v3,1.0,0.0
18,v2,0.8536870854467421,0.0
18,v3,1.0,0.0
19,v2,0.856140350877193,0.0
19,v3,1.0,0.0
20,v2,0.852317360565593,0.0
20,v3,1.0,0.0
21,v2,0.8584942845880962,0.0
21,v3,1.0,0.0
22,v2,0.8566966028894963,0.0
22,v3,1.0,0.0
23,v2,0.8551401869158879,0.0
23,v3,1.0,0.0
24,v2,0.8522772277227723,0.0
24,v3,1.0,0.0
25,v2,0.8504340962904499,0.0
25,v3,1.0,0.0
26,v2,0.8621642969984202,0.0
26,v3,1.0,0.0
27,v2,0.8550610476565577,0.0
27,v3,1.0,0.0
28,v2,0.8508461235733963,0.0
28,v3,1.0,0.0
29,v2,0.8505254963020631,0.0
29,v3,1.0,0.0
30,v2,0.8550667714061273,0.0
30,v3,1.0,0.0
31,v2,0.85546875,0.0
31,v3,1.0,0.0
32,v2,0.8534883720930233,0.0
32,v3,1.0,0.0
33,v2,0.856757797458606,0.0
33,v3,1.0,0.0
34,v2,0.8494749124854143,0.0
34,v3,1.0,0.0
35,v2,0.8541501976284585,0.0
35,v3,1.0,0.0
36,v2,0.8547945205479452,0.0
36,v3,1.0,0.0
37,v2,0.8571428571428571,0.0
37,v3,1.0,0.0
38,v2,0.8554027504911591,0.0
38,v3,1.0,0.0
39,v2,0.8574249605055292,0.0
39,v3,1.0,0.0
40,v2,0.8541341653666147,0.0
40,v3,1.0,0.0
41,v2,0.8566966028894963,0.0
41,v3,1.0,0.0
42,v2,0.8519827247742442,0.0
42,v3,1.0,0.0
43,v2,0.8514464425332291,0.0
43,v3,1.0,0.0
44,v2,0.8605375925204519,0.0
44,v3,1.0,0.0
45,v2,0.8473603672532517,0.0
45,v3,1.0,0.0
46,v2,0.8455188679245284,0.0
46,v3,1.0,0.0
47,v2,0.8529759558533702,0.0
47,v3,1.0,0.0
48,v2,0.8560928433268858,0.0
48,v3,1.0,0.0
49,v2,0.8549141965678627,0.0
49,v3,1.0,0.0
50,v2,0.8514578408195429,0.0
50,v3,1.0,0.0
51,v2,0.8586914440572977,0.0
51,v3,1.0,0.0
52,v2,0.8528834837191055,0.0
52,v3,1.0,0.0
53,v2,0.8562426152028357,0.0
53,v3,1.0,0.0
54,v2,0.8557137360523278,0.0
54,v3,1.0,0.0
55,v2,0.8513833992094861,0.0
55,v3,1.0,0.0
56,v2,0.8519089857308138,0.0
56,v3,1.0,0.0
57,v2,0.8552631578947368,0.0
57,v3,1.0,0.0
58,v2,0.8498452012383901,0.0
58,v3,1.0,0.0
59,v2,0.8577620173364854,0.0
59,v3,1.0,0.0
60,v2,0.8531714956930305,0.0
60,v3,1.0,0.0
61,v2,0.8554216867469879,0.0
61,v3,1.0,0.0
62,v2,0.8556902620258114,0.0
62,v3,1.0,0.0
63,v2,0.8564102564102564,0.0
63,v3,1.0,0.0
64,v2,0.8557428459427675,0.0
64,v3,1.0,0.0
65,v2,0.8503321610003908,0.0
65,v3,1.0,0.0
66,v2,0.8529179810725552,0.0
66,v3,1.0,0.0
67,v2,0.858869395711501,0.0
67,v3,1.0,0.0
68,v2,0.8526112185686654,0.0
68,v3,1.0,0.0
69,v2,0.8494582043343654,0.0
69,v3,1.0,0.0
70,v2,0.8511214230471771,0.0
70,v3,1.0,0.0
71,v2,0.8537441497659907,0.0
71,v3,1.0,0.0
72,v2,0.8466640655481857,0.0
72,v3,1.0,0.0
73,v2,0.8533747090768037,0.0
73,v3,1.0,0.0
74,v2,0.8569758378799688,0.0
74,v3,1.0,0.0
75,v2,0.853963295587661,0.0
75,v3,1.0,0.0
76,v2,0.8457979953739398,0.0
76,v3,1.0,0.0
77,v2,0.8535548686244204,0.0
77,v3,1.0,0.0
78,v2,0.8524212144504227,0.0
78,v3,1.0,0.0
79,v2,0.8478176902278872,0.0
79,v3,1.0,0.0
80,v2,0.855859375,0.0
80,v3,1.0,0.0
81,v2,0.8573686290003951,0.0
81,v3,1.0,0.0
82,v2,0.8562548562548562,0.0
82,v3,1.0,0.0
83,v2,0.8501564945226917,0.0
83,v3,1.0,0.0
84,v2,0.8545098039215686,0.0
84,v3,1.0,0.0
85,v2,0.8611865063978286,0.0
85,v3,1.0,0.0
86,v2,0.8517786561264822,0.0
86,v3,1.0,0.0
87,v2,0.8532818532818532,0.0
87,v3,1.0,0.0
88,v2,0.8525291828793774,0.0
88,v3,1.0,0.0
89,v2,0.85,0.0
89,v3,1.0,0.0
90,v2,0.8530805687203792,0.0
90,v3,1.0,0.0
91,v2,0.8505791505791506,0.0
91,v3,1.0,0.0
92,v2,0.853897375636506,0.0
92,v3,1.0,0.0
93,v2,0.8497017892644135,0.0
93,v3,1.0,0.0
94,v2,0.8534516004627845,0.0
94,v3,1.0,0.0
95,v2,0.85003885003885,0.0
95,v3,1.0,0.0
96,v2,0.8529759558533702,0.0
96,v3,1.0,0.0
97,v2,0.855078125,0.0
97,v3,1.0,0.0
98,v2,0.8569767441860465,0.0
98,v3,1.0,0.0
99,v2,0.8586057502953919,0.0
99,v3,1.0,0.0
100,v2,0.8490492821109817,0.0
100,v3,1.0,0.0
101,v2,0.8599297698010144,0.0
101,v3,1.0,0.0
102,v2,0.8555729984301413,0.0
102,v3,1.0,0.0
103,v2,0.8508158508158508,0.0
103,v3,1.0,0.0
104,v2,0.8514263074484945,0.0
104,v3,1.0,0.0
105,v2,0.8534010946051602,0.0
105,v3,1.0,0.0
106,v2,0.8547140649149922,0.0
106,v3,1.0,0.0
107,v2,0.8565830721003135,0.0
107,v3,1.0,0.0
108,v2,0.852660841938046,0.0
108,v3,1.0,0.0
109,v2,0.857421875,0.0
109,v3,1.0,0.0
110,v2,0.8622568093385214,0.0
110,v3,1.0,0.0
111,v2,0.8553606237816764,0.0
111,v3,1.0,0.0
112,v2,0.8564122738001574,0.0
112,v3,1.0,0.0
113,v2,0.8538704581358609,0.0
113,v3,1.0,0.0
114,v2,0.856353591160221,0.0
114,v3,1.0,0.0
115,v2,0.855,0.0
115,v3,1.0,0.0
116,v2,0.8516332152695789,0.0
116,v3,1.0,0.0
117,v2,0.85703125,0.0
117,v3,1.0,0.0
118,v2,0.8536964980544747,0.0
118,v3,1.0,0.0
119,v2,0.8593872741555381,0.0
119,v3,1.0,0.0
120,v2,0.8546238244514106,0.0
120,v3,1.0,0.0
121,v2,0.8499216300940439,0.0
121,v3,1.0,0.0
122,v2,0.8545663852647736,0.0
122,v3,1.0,0.0
123,v2,0.8555339805825243,0.0
123,v3,1.0,0.0
124,v2,0.8566392479435958,0.0
124,v3,1.0,0.0
125,v2,0.8544031311154598,0.0
125,v3,1.0,0.0
126,v2,0.855862874951305,0.0
126,v3,1.0,0.0
127,v2,0.8537642885297596,0.0
127,v3,1.0,0.0
128,v2,0.8494117647058823,0.0
128,v3,1.0,0.0
129,v2,0.8519095869056897,0.0
129,v3,1.0,0.0
130,v2,0.8653395784543325,0.0
130,v3,1.0,0.0
131,v2,0.8482142857142857,0.0
131,v3,1.0,0.0
132,v2,0.8579928599761999,0.0
132,v3,1.0,0.0
133,v2,0.8518808777429467,0.0
133,v3,1.0,0.0
134,v2,0.8557273087594134,0.0
134,v3,1.0,0.0
135,v2,0.8515503875968993,0.0
135,v3,1.0,0.0
136,v2,0.8498054474708171,0.0
136,v3,1.0,0.0
137,v2,0.8564102564102564,0.0
137,v3,1.0,0.0
138,v2,0.8491008600469117,0.0
138,v3,1.0,0.0
139,v2,0.8549202644885259,0.0
139,v3,1.0,0.0
140,v2,0.860236220472441,0.0
140,v3,1.0,0.0
141,v2,0.8581560283687943,0.0
141,v3,1.0,0.0
142,v2,0.8494539781591264,0.0
142,v3,1.0,0.0
143,v2,0.8595877090626215,0.0
143,v3,1.0,0.0
144,v2,0.8565846033606878,0.0
144,v3,1.0,0.0
145,v2,0.8584650983416892,0.0
145,v3,1.0,0.0
146,v2,0.8513142408787759,0.0
146,v3,1.0,0.0
147,v2,0.8554216867469879,0.0
147,v3,1.0,0.0
148,v2,0.8584349193865514,0.0
148,v3,1.0,0.0
149,v2,0.8585346843335931,0.0
149,v3,1.0,0.0
150,v2,0.8475107800862407,0.0
150,v3,1.0,0.0
151,v2,0.8480219349784567,0.0
151,v3,1.0,0.0
152,v2,0.8585819449825649,0.0
152,v3,1.0,0.0
153,v2,0.8523076923076923,0.0
153,v3,1.0,0.0
154,v2,0.8563579277864992,0.0
154,v3,1.0,0.0
155,v2,0.8555772994129158,0.0
155,v3,1.0,0.0
156,v2,0.8530451866404715,0.0
156,v3,1.0,0.0
157,v2,0.8550272798129385,0.0
157,v3,1.0,0.0
158,v2,0.8575851393188855,0.0
158,v3,1.0,0.0
159,v2,0.8595727848101266,0.0
159,v3,1.0,0.0
160,v2,0.854289071680376,0.0
160,v3,1.0,0.0
161,v2,0.8562401263823065,0.0
161,v3,1.0,0.0
162,v2,0.8494373302289484,0.0
162,v3,1.0,0.0
163,v2,0.8549707602339182,0.0
163,v3,1.0,0.0
164,v2,0.8498226251478124,0.0
164,v3,1.0,0.0
165,v2,0.8546085615117625,0.0
165,v3,1.0,0.0
166,v2,0.8527070063694268,0.0
166,v3,1.0,0.0
167,v2,0.8583202511773941,0.0
167,v3,1.0,0.0
168,v2,0.8541103820918564,0.0
168,v3,1.0,0.0
169,v2,0.8536197295147175,0.0
169,v3,1.0,0.0
170,v2,0.8524461839530333,0.0
170,v3,1.0,0.0
171,v2,0.8546603475513428,0.0
171,v3,1.0,0.0
172,v2,0.8478513356562137,0.0
172,v3,1.0,0.0
173,v2,0.851808176100629,0.0
173,v3,1.0,0.0
174,v2,0.8521099496709252,0.0
174,v3,1.0,0.0
175,v2,0.8484375,0.0
175,v3,1.0,0.0
176,v2,0.8578143360752056,0.0
176,v3,1.0,0.0
177,v2,0.8477000386548125,0.0
177,v3,1.0,0.0
178,v2,0.8556296586896822,0.0
178,v3,1.0,0.0
179,v2,0.8575364029909485,0.0
179,v3,1.0,0.0
180,v2,0.8517374517374517,0.0
180,v3,1.0,0.0
181,v2,0.8583074534161491,0.0
181,v3,1.0,0.0
182,v2,0.8503875968992248,0.0
182,v3,1.0,0.0
183,v2,0.8535080956052429,0.0
183,v3,1.0,0.0
184,v2,0.859497645211931,0.0
184,v3,1.0,0.0
185,v2,0.8551805337519623,0.0
185,v3,1.0,0.0
186,v2,0.8489096573208723,0.0
186,v3,1.0,0.0
187,v2,0.8517637732857709,0.0
187,v3,1.0,0.0
188,v2,0.8553141970519783,0.0
188,v3,1.0,0.0
189,v2,0.8514619883040936,0.0
189,v3,1.0,0.0
190,v2,0.8496124031007752,0.0
190,v3,1.0,0.0
191,v2,0.8550610476565577,0.0
191,v3,1.0,0.0
192,v2,0.8517065515888583,0.0
192,v3,1.0,0.0
193,v2,0.8503534956794973,0.0
193,v3,1.0,0.0
194,v2,0.8522593320235756,0.0
194,v3,1.0,0.0
195,v2,0.8525345622119815,0.0
195,v3,1.0,0.0
196,v2,0.8611975116640747,0.0
196,v3,1.0,0.0
197,v2,0.8527918781725888,0.0
197,v3,1.0,0.0
198,v2,0.8494749124854143,0.0
198,v3,1.0,0.0
199,v2,0.8515198752922837,0.0
199,v3,1.0,0.0
200,v2,0.8524970963995354,0.0
200,v3,1.0,0.0
201,v2,0.8504490433424443,0.0
201,v3,1.0,0.0
202,v2,0.8525291828793774,0.0
202,v3,1.0,0.0
203,v2,0.853875968992248,0.0
203,v3,1.0,0.0
204,v2,0.8561912225705329,0.0
204,v3,1.0,0.0
205,v2,0.852586542201478,0.0
205,v3,1.0,0.0
206,v2,0.8520092735703245,0.0
206,v3,1.0,0.0
207,v2,0.8529067499024581,0.0
207,v3,1.0,0.0
208,v2,0.8565906455353691,0.0
208,v3,1.0,0.0
209,v2,0.8521154606563859,0.0
209,v3,1.0,0.0
210,v2,0.8526315789473684,0.0
210,v3,1.0,0.0
211,v2,0.8529988239905919,0.0
211,v3,1.0,0.0
212,v2,0.850337435490274,0.0
212,v3,1.0,0.0
213,v2,0.852156862745098,0.0
213,v3,1.0,0.0
214,v2,0.8520388349514563,0.0
214,v3,1.0,0.0
215,v2,0.8579192546583851,0.0
215,v3,1.0,0.0
216,v2,0.8543046357615894,0.0
216,v3,1.0,0.0
217,v2,0.8502715283165244,0.0
217,v3,1.0,0.0
218,v2,0.8556501547987616,0.0
218,v3,1.0,0.0
219,v2,0.8538884524744698,0.0
219,v3,1.0,0.0
220,v2,0.8537441497659907,0.0
220,v3,1.0,0.0
221,v2,0.8507936507936508,0.0
221,v3,1.0,0.0
222,v2,0.8600469116497264,0.0
222,v3,1.0,0.0
223,v2,0.8560341482343811,0.0
223,v3,1.0,0.0
224,v2,0.8544031311154598,0.0
224,v3,1.0,0.0
225,v2,0.8540519276160503,0.0
225,v3,1.0,0.0
226,v2,0.8546238244514106,0.0
226,v3,1.0,0.0
227,v2,0.8542070569988368,0.0
227,v3,1.0,0.0
228,v2,0.8536681051392703,0.0
228,v3,1.0,0.0
229,v2,0.8559622195985832,0.0
229,v3,1.0,0.0
230,v2,0.8522860492379836,0.0
230,v3,1.0,0.0
231,v2,0.8501742160278746,0.0
231,v3,1.0,0.0
232,v2,0.8524072612470402,0.0
232,v3,1.0,0.0
233,v2,0.8587041373926619,0.0
233,v3,1.0,0.0
234,v2,0.847944142746315,0.0
234,v3,1.0,0.0
235,v2,0.859073359073359,0.0
235,v3,1.0,0.0
236,v2,0.8505254963020631,0.0
236,v3,1.0,0.0
237,v2,0.8535728231159703,0.0
237,v3,1.0,0.0
238,v2,0.8490715132358752,0.0
238,v3,1.0,0.0
239,v2,0.8558663558663558,0.0
239,v3,1.0,0.0
240,v2,0.8534583821805393,0.0
240,v3,1.0,0.0
241,v2,0.8536779324055666,0.0
241,v3,1.0,0.0
242,v2,0.8545668365346922,0.0
242,v3,1.0,0.0
243,v2,0.8577586206896551,0.0
243,v3,1.0,0.0
244,v2,0.8583792289535799,0.0
244,v3,1.0,0.0
245,v2,0.8485207100591716,0.0
245,v3,1.0,0.0
246,v2,0.8562524347487339,0.0
246,v3,1.0,0.0
247,v2,0.8599146294140474,0.0
247,v3,1.0,0.0
248,v2,0.851953125,0.0
248,v3,1.0,0.0
249,v2,0.8528493364558938,0.0
249,v3,1.0,0.0
250,v2,0.8551724137931035,0.0
250,v3,1.0,0.0
251,v2,0.8516932658622032,0.0
251,v3,1.0,0.0
252,v2,0.8576484467164766,0.0
252,v3,1.0,0.0
253,v2,0.8550837553564472,0.0
253,v3,1.0,0.0
254,v2,0.8578582434514638,0.0
254,v3,1.0,0.0
255,v2,0.8507985975847293,0.0
255,v3,1.0,0.0
256,v2,0.8574784651527017,0.0
256,v3,1.0,0.0
257,v2,0.8489984591679507,0.0
257,v3,1.0,0.0
258,v2,0.8549202644885259,0.0
258,v3,1.0,0.0
259,v2,0.8533541341653667,0.0
259,v3,1.0,0.0
260,v2,0.8515777171795871,0.0
260,v3,1.0,0.0
261,v2,0.8499604117181314,0.0
261,v3,1.0,0.0
262,v2,0.8543123543123543,0.0
262,v3,1.0,0.0
263,v2,0.8530549110595514,0.0
263,v3,1.0,0.0
264,v2,0.8524717789022966,0.0
264,v3,1.0,0.0
265,v2,0.8535353535353535,0.0
265,v3,1.0,0.0
266,v2,0.8523568367744448,0.0
266,v3,1.0,0.0
267,v2,0.8596628773030184,0.0
267,v3,1.0,0.0
268,v2,0.8536203522504893,0.0
268,v3,1.0,0.0
269,v2,0.8531359563693027,0.0
269,v3,1.0,0.0
270,v2,0.8585897935333073,0.0
270,v3,1.0,0.0
271,v2,0.8540772532188842,0.0
271,v3,1.0,0.0
272,v2,0.85390625,0.0
272,v3,1.0,0.0
273,v2,0.8588421887390959,0.0
273,v3,1.0,0.0
274,v2,0.8577044025157232,0.0
274,v3,1.0,0.0
275,v2,0.8582238152130626,0.0
275,v3,1.0,0.0
276,v2,0.8602316602316602,0.0
276,v3,1.0,0.0
277,v2,0.8529062870699882,0.0
277,v3,1.0,0.0
278,v2,0.8535132989281461,0.0
278,v3,1.0,0.0
279,v2,0.8547140649149922,0.0
279,v3,1.0,0.0
280,v2,0.8573127229488704,0.0
280,v3,1.0,0.0
281,v2,0.8514421177400237,0.0
281,v3,1.0,0.0
282,v2,0.8551068883610451,0.0
282,v3,1.0,0.0
283,v2,0.8551456310679612,0.0
283,v3,1.0,0.0
284,v2,0.8574821852731591,0.0
284,v3,1.0,0.0
285,v2,0.8591772151898734,0.0
285,v3,1.0,0.0
286,v2,0.851652574942352,0.0
286,v3,1.0,0.0
287,v2,0.8556981719175418,0.0
287,v3,1.0,0.0
288,v2,0.85385500575374,0.0
288,v3,1.0,0.0
289,v2,0.8569744597249509,0.0
289,v3,1.0,0.0
290,v2,0.8549004594180705,0.0
290,v3,1.0,0.0
291,v2,0.8541748333986672,0.0
291,v3,1.0,0.0
292,v2,0.853515625,0.0
292,v3,1.0,0.0
293,v2,0.8536679536679537,0.0
293,v3,1.0,0.0
294,v2,0.8501351873310158,0.0
294,v3,1.0,0.0
295,v2,0.855072463768116,0.0
295,v3,1.0,0.0
296,v2,0.8573661586557249,0.0
296,v3,1.0,0.0
297,v2,0.8563084112149533,0.0
297,v3,1.0,0.0
298,v2,0.8530805687203792,0.0
298,v3,1.0,0.0
299,v2,0.8488188976377953,0.0
299,v3,1.0,0.0
300,v2,0.8579835229501765,0.0
300,v3,1.0,0.0
301,v2,0.8459724950884087,0.0
301,v3,1.0,0.0
302,v2,0.8550893550893551,0.0
302,v3,1.0,0.0
303,v2,0.8582554517133957,0.0
303,v3,1.0,0.0
304,v2,0.856973058637084,0.0
304,v3,1.0,0.0
305,v2,0.849591916051302,0.0
305,v3,1.0,0.0
306,v2,0.854199066874028,0.0
306,v3,1.0,0.0
307,v2,0.8510140405616224,0.0
307,v3,1.0,0.0
308,v2,0.8515471993732864,0.0
308,v3,1.0,0.0
309,v2,0.8483430799220273,0.0
309,v3,1.0,0.0
310,v2,0.8561484918793504,0.0
310,v3,1.0,0.0
311,v2,0.8520825223822499,0.0
311,v3,1.0,0.0
312,v2,0.858424336973479,0.0
312,v3,1.0,0.0
313,v2,0.8546646106399384,0.0
313,v3,1.0,0.0
314,v2,0.8463654223968566,0.0
314,v3,1.0,0.0
315,v2,0.857308584686775,0.0
315,v3,1.0,0.0
316,v2,0.8482653450247808,0.0
316,v3,1.0,0.0
317,v2,0.85546875,0.0
317,v3,1.0,0.0
318,v2,0.8507286333202048,0.0
318,v3,1.0,0.0
319,v2,0.8566392479435958,0.0
319,v3,1.0,0.0
320,v2,0.8531791907514451,0.0
320,v3,1.0,0.0
321,v2,0.8506240249609984,0.0
321,v3,1.0,0.0
322,v2,0.848071679002727,0.0
322,v3,1.0,0.0
323,v2,0.855975087582717,0.0
323,v3,1.0,0.0
324,v2,0.8577486507324595,0.0
324,v3,1.0,0.0
325,v2,0.8568047337278106,0.0
325,v3,1.0,0.0
326,v2,0.8535433070866142,0.0
326,v3,1.0,0.0
327,v2,0.8558103381267004,0.0
327,v3,1.0,0.0
328,v2,0.8479027832222658,0.0
328,v3,1.0,0.0
329,v2,0.8453846153846154,0.0
329,v3,1.0,0.0
330,v2,0.8558558558558559,0.0
330,v3,1.0,0.0
331,v2,0.8568075117370892,0.0
331,v3,1.0,0.0
332,v2,0.8535548686244204,0.0
332,v3,1.0,0.0
333,v2,0.854273335959039,0.0
333,v3,1.0,0.0
334,v2,0.8534214618973561,0.0
334,v3,1.0,0.0
335,v2,0.854863813229572,0.0
335,v3,1.0,0.0
336,v2,0.8501960784313726,0.0
336,v3,1.0,0.0
337,v2,0.856140350877193,0.0
337,v3,1.0,0.0
338,v2,0.8579277864992151,0.0
338,v3,1.0,0.0
339,v2,0.8519095869056897,0.0
339,v3,1.0,0.0
340,v2,0.8525417151726814,0.0
340,v3,1.0,0.0
341,v2,0.85489443378119,0.0
341,v3,1.0,0.0
342,v2,0.8554027504911591,0.0
342,v3,1.0,0.0
343,v2,0.8528493364558938,0.0
343,v3,1.0,0.0
344,v2,0.8525039123630673,0.0
344,v3,1.0,0.0
345,v2,0.8560899922420481,0.0
345,v3,1.0,0.0
346,v2,0.8609375,0.0
346,v3,1.0,0.0
347,v2,0.8531139835487661,0.0
347,v3,1.0,0.0
348,v2,0.8577603143418467,0.0
348,v3,1.0,0.0
349,v2,0.8576967816983326,0.0
349,v3,1.0,0.0
350,v2,0.8505657432696059,0.0
350,v3,1.0,0.0
351,v2,0.8564687377113646,0.0
351,v3,1.0,0.0
352,v2,0.8560280920795942,0.0
352,v3,1.0,0.0
353,v2,0.8555426805716493,0.0
353,v3,1.0,0.0
354,v2,0.8538283062645011,0.0
354,v3,1.0,0.0
355,v2,0.8550272798129385,0.0
355,v3,1.0,0.0
356,v2,0.8514040561622465,0.0
356,v3,1.0,0.0
357,v2,0.8645186335403726,0.0
357,v3,1.0,0.0
358,v2,0.8487918939984411,0.0
358,v3,1.0,0.0
359,v2,0.8505657432696059,0.0
359,v3,1.0,0.0
360,v2,0.8581944982564897,0.0
360,v3,1.0,0.0
361,v2,0.8511137162954279,0.0
361,v3,1.0,0.0
362,v2,0.8524970963995354,0.0
362,v3,1.0,0.0
363,v2,0.8495297805642633,0.0
363,v3,1.0,0.0
364,v2,0.8535353535353535,0.0
364,v3,1.0,0.0
365,v2,0.852689010132502,0.0
365,v3,1.0,0.0
366,v2,0.8496680983990629,0.0
366,v3,1.0,0.0
367,v2,0.8519089857308138,0.0
367,v3,1.0,0.0
368,v2,0.8543151227236738,0.0
368,v3,1.0,0.0
369,v2,0.8519968676585747,0.0
369,v3,1.0,0.0
370,v2,0.8548262548262548,0.0
370,v3,1.0,0.0
371,v2,0.8512204571871368,0.0
371,v3,1.0,0.0
372,v2,0.8505254963020631,0.0
372,v3,1.0,0.0
373,v2,0.8530805687203792,0.0
373,v3,1.0,0.0
374,v2,0.8550552922590837,0.0
374,v3,1.0,0.0
375,v2,0.854573885848319,0.0
375,v3,1.0,0.0
376,v2,0.8541266794625719,0.0
376,v3,1.0,0.0
377,v2,0.8535630383711824,0.0
377,v3,1.0,0.0
378,v2,0.8506998444790047,0.0
378,v3,1.0,0.0
379,v2,0.8517509727626459,0.0
379,v3,1.0,0.0
380,v2,0.8537348455220962,0.0
380,v3,1.0,0.0
381,v2,0.8520249221183801,0.0
381,v3,1.0,0.0
382,v2,0.8543123543123543,0.0
382,v3,1.0,0.0
383,v2,0.8515318146111548,0.0
383,v3,1.0,0.0
384,v2,0.8508222396241191,0.0
384,v3,1.0,0.0
385,v2,0.8579721362229102,0.0
385,v3,1.0,0.0
386,v2,0.8526068208545668,0.0
386,v3,1.0,0.0
387,v2,0.8596559812353401,0.0
387,v3,1.0,0.0
388,v2,0.855975087582717,0.0
388,v3,1.0,0.0
389,v2,0.8539458186101295,0.0
389,v3,1.0,0.0
390,v2,0.852803738317757,0.0
390,v3,1.0,0.0
391,v2,0.8562401263823065,0.0
391,v3,1.0,0.0
392,v2,0.85423197492163,0.0
392,v3,1.0,0.0
393,v2,0.8506998444790047,0.0
393,v3,1.0,0.0
394,v2,0.8480373105324523,0.0
394,v3,1.0,0.0
395,v2,0.8505034856700232,0.0
395,v3,1.0,0.0
396,v2,0.8513669618790912,0.0
396,v3,1.0,0.0
397,v2,0.8492125984251968,0.0
397,v3,1.0,0.0
398,v2,0.8562475518997258,0.0
398,v3,1.0,0.0
399,v2,0.853078721745908,0.0
399,v3,1.0,0.0
400,v2,0.8568627450980392,0.0
400,v3,1.0,0.0
401,v2,0.8469347910972277,0.0
401,v3,1.0,0.0
402,v2,0.8488957768306857,0.0
402,v3,1.0,0.0
403,v2,0.8488733488733489,0.0
403,v3,1.0,0.0
404,v2,0.8577502899110939,0.0
404,v3,1.0,0.0
405,v2,0.8590342679127726,0.0
405,v3,1.0,0.0
406,v2,0.8518228145825166,0.0
406,v3,1.0,0.0
407,v2,0.851039260969977,0.0
407,v3,1.0,0.0
408,v2,0.8491686460807601,0.0
408,v3,1.0,0.0
409,v2,0.8552018633540373,0.0
409,v3,1.0,0.0
410,v2,0.8569785276073619,0.0
410,v3,1.0,0.0
411,v2,0.8483211115399459,0.0
411,v3,1.0,0.0
412,v2,0.8532567049808429,0.0
412,v3,1.0,0.0
413,v2,0.8516653756777691,0.0
413,v3,1.0,0.0
414,v2,0.8515318146111548,0.0
414,v3,1.0,0.0
415,v2,0.8554408260524226,0.0
415,v3,1.0,0.0
416,v2,0.8567026194144838,0.0
416,v3,1.0,0.0
417,v2,0.8521431380259537,0.0
417,v3,1.0,0.0
418,v2,0.8584173778122576,0.0
418,v3,1.0,0.0
419,v2,0.8594113090627421,0.0
419,v3,1.0,0.0
420,v2,0.8514774494556765,0.0
420,v3,1.0,0.0
421,v2,0.851808634772462,0.0
421,v3,1.0,0.0
422,v2,0.8499040307101727,0.0
422,v3,1.0,0.0
423,v2,0.859204368174727,0.0
423,v3,1.0,0.0
424,v2,0.8572545952287838,0.0
424,v3,1.0,0.0
425,v2,0.8599923283467588,0.0
425,v3,1.0,0.0
426,v2,0.853364449630494,0.0
426,v3,1.0,0.0
427,v2,0.8584722760759984,0.0
427,v3,1.0,0.0
428,v2,0.853328173374613,0.0
428,v3,1.0,0.0
429,v2,0.8528951486697965,0.0
429,v3,1.0,0.0
430,v2,0.8524143302180686,0.0
430,v3,1.0,0.0
431,v2,0.8543046357615894,0.0
431,v3,1.0,0.0
432,v2,0.8550444530344028,0.0
432,v3,1.0,0.0
433,v2,0.8532038834951456,0.0
433,v3,1.0,0.0
434,v2,0.8615205585725368,0.0
434,v3,1.0,0.0
435,v2,0.851607903913212,0.0
435,v3,1.0,0.0
436,v2,0.8501960784313726,0.0
436,v3,1.0,0.0
437,v2,0.8534010946051602,0.0
437,v3,1.0,0.0
438,v2,0.8542229078287698,0.0
438,v3,1.0,0.0
439,v2,0.8509803921568627,0.0
439,v3,1.0,0.0
440,v2,0.8541829554339327,0.0
440,v3,1.0,0.0
441,v2,0.8543804262036306,0.0
441,v3,1.0,0.0
442,v2,0.8538884524744698,0.0
442,v3,1.0,0.0
443,v2,0.8509463722397477,0.0
443,v3,1.0,0.0
444,v2,0.8516228748068007,0.0
444,v3,1.0,0.0
445,v2,0.8548707753479126,0.0
445,v3,1.0,0.0
446,v2,0.8496299181924425,0.0
446,v3,1.0,0.0
447,v2,0.8566966028894963,0.0
447,v3,1.0,0.0
448,v2,0.8535531998429525,0.0
448,v3,1.0,0.0
449,v2,0.8589292692457992,0.0
449,v3,1.0,0.0
450,v2,0.8521739130434782,0.0
450,v3,1.0,0.0
451,v2,0.851808634772462,0.0
451,v3,1.0,0.0
452,v2,0.8573108584868679,0.0
452,v3,1.0,0.0
453,v2,0.8559782608695652,0.0
453,v3,1.0,0.0
454,v2,0.8568627450980392,0.0
454,v3,1.0,0.0
455,v2,0.8562015503875969,0.0
455,v3,1.0,0.0
456,v2,0.8500986193293886,0.0
456,v3,1.0,0.0
457,v2,0.853384912959381,0.0
457,v3,1.0,0.0
458,v2,0.8542332268370607,0.0
458,v3,1.0,0.0
459,v2,0.8519953506392871,0.0
459,v3,1.0,0.0
460,v2,0.8553702985653354,0.0
460,v3,1.0,0.0
461,v2,0.8563664596273292,0.0
461,v3,1.0,0.0
462,v2,0.8541176470588235,0.0
462,v3,1.0,0.0
463,v2,0.8490050721810378,0.0
463,v3,1.0,0.0
464,v2,0.8574766355140186,0.0
464,v3,1.0,0.0
465,v2,0.8557993730407524,0.0
465,v3,1.0,0.0
466,v2,0.853897375636506,0.0
466,v3,1.0,0.0
467,v2,0.850887573964497,0.0
467,v3,1.0,0.0
468,v2,0.8570309439874657,0.0
468,v3,1.0,0.0
469,v2,0.8498627989023912,0.0
469,v3,1.0,0.0
470,v2,0.8548323471400394,0.0
470,v3,1.0,0.0
471,v2,0.8563643441027637,0.0
471,v3,1.0,0.0
472,v2,0.8507404520654716,0.0
472,v3,1.0,0.0
473,v2,0.8530534351145038,0.0
473,v3,1.0,0.0
474,v2,0.8507404520654716,0.0
474,v3,1.0,0.0
475,v2,0.8445575567736884,0.0
475,v3,1.0,0.0
476,v2,0.8494917904612979,0.0
476,v3,1.0,0.0
477,v2,0.8505434782608695,0.0
477,v3,1.0,0.0
478,v2,0.8517065515888583,0.0
478,v3,1.0,0.0
479,v2,0.8561013046815042,0.0
479,v3,1.0,0.0
480,v2,0.8606013276064037,0.0
480,v3,1.0,0.0
481,v2,0.8564612326043738,0.0
481,v3,1.0,0.0
482,v2,0.8547945205479452,0.0
482,v3,1.0,0.0
483,v2,0.8548009367681498,0.0
483,v3,1.0,0.0
484,v2,0.8544180615025302,0.0
484,v3,1.0,0.0
485,v2,0.8547244094488189,0.0
485,v3,1.0,0.0
486,v2,0.8615324776351614,0.0
486,v3,1.0,0.0
487,v2,0.8547110055423595,0.0
487,v3,1.0,0.0
488,v2,0.8541666666666666,0.0
488,v3,1.0,0.0
489,v2,0.8503875968992248,0.0
489,v3,1.0,0.0
490,v2,0.8522550544323484,0.0
490,v3,1.0,0.0
491,v2,0.848297213622291,0.0
491,v3,1.0,0.0
492,v2,0.8532695374800638,0.0
492,v3,1.0,0.0
493,v2,0.8482839313572543,0.0
493,v3,1.0,0.0
494,v2,0.8493466564181399,0.0
494,v3,1.0,0.0
495,v2,0.8563038371182459,0.0
495,v3,1.0,0.0
496,v2,0.8550098231827112,0.0
496,v3,1.0,0.0
497,v2,0.8537989255564082,0.0
497,v3,1.0,0.0
498,v2,0.857308584686775,0.0
498,v3,1.0,0.0
499,v2,0.8563038371182459,0.0
499,v3,1.0,0.0
500,v2,0.8527131782945736,0.0
500,v3,1.0,0.0
501,v2,0.8545025560361778,0.0
501,v3,1.0,0.0
502,v2,0.8532651455546814,0.0
502,v3,1.0,0.0
503,v2,0.8513302034428795,0.0
503,v3,1.0,0.0
504,v2,0.8575949367088608,0.0
504,v3,1.0,0.0
505,v2,0.8537920250195465,0.0
505,v3,1.0,0.0
506,v2,0.8589341692789969,0.0
506,v3,1.0,0.0
507,v2,0.8549080954243253,0.0
507,v3,1.0,0.0
508,v2,0.8435427233710495,0.0
508,v3,1.0,0.0
509,v2,0.8554868624420402,0.0
509,v3,1.0,0.0
510,v2,0.85385500575374,0.0
510,v3,1.0,0.0
511,v2,0.8498638661999222,0.0
511,v3,1.0,0.0
512,v2,0.857029702970297,0.0
512,v3,1.0,0.0
513,v2,0.8548833531039937,0.0
513,v3,1.0,0.0
514,v2,0.8569194683346364,0.0
514,v3,1.0,0.0
515,v2,0.8469585432003099,0.0
515,v3,1.0,0.0
516,v2,0.8584868678949431,0.0
516,v3,1.0,0.0
517,v2,0.8526682134570766,0.0
517,v3,1.0,0.0
518,v2,0.8505296194586113,0.0
518,v3,1.0,0.0
519,v2,0.8575279168271082,0.0
519,v3,1.0,0.0
520,v2,0.859375,0.0
520,v3,1.0,0.0
521,v2,0.8502901353965183,0.0
521,v3,1.0,0.0
522,v2,0.853431562621171,0.0
522,v3,1.0,0.0
523,v2,0.8572533849129593,0.0
523,v3,1.0,0.0
524,v2,0.8478939157566303,0.0
524,v3,1.0,0.0
525,v2,0.852734375,0.0
525,v3,1.0,0.0
526,v2,0.8487727632620744,0.0
526,v3,1.0,0.0
527,v2,0.8525490196078431,0.0
527,v3,1.0,0.0
528,v2,0.8526522593320236,0.0
528,v3,1.0,0.0
529,v2,0.8559055118110236,0.0
529,v3,1.0,0.0
530,v2,0.8509727626459144,0.0
530,v3,1.0,0.0
531,v2,0.8519813519813519,0.0
531,v3,1.0,0.0
532,v2,0.854573885848319,0.0
532,v3,1.0,0.0
533,v2,0.8494329292139225,0.0
533,v3,1.0,0.0
534,v2,0.8565815324165029,0.0
534,v3,1.0,0.0
535,v2,0.8487523992322457,0.0
535,v3,1.0,0.0
536,v2,0.8552018633540373,0.0
536,v3,1.0,0.0
537,v2,0.85134607881389,0.0
537,v3,1.0,0.0
538,v2,0.848046875,0.0
538,v3,1.0,0.0
539,v2,0.8529759558533702,0.0
539,v3,1.0,0.0
540,v2,0.8550214927706136,0.0
540,v3,1.0,0.0
541,v2,0.8511974872398901,0.0
541,v3,1.0,0.0
542,v2,0.8489906832298136,0.0
542,v3,1.0,0.0
543,v2,0.8534214618973561,0.0
543,v3,1.0,0.0
544,v2,0.8470178156467855,0.0
544,v3,1.0,0.0
545,v2,0.8527101335428122,0.0
545,v3,1.0,0.0
546,v2,0.8527131782945736,0.0
546,v3,1.0,0.0
547,v2,0.8539412673879444,0.0
547,v3,1.0,0.0
548,v2,0.8554641598119859,0.0
548,v3,1.0,0.0
549,v2,0.8536870854467421,0.0
549,v3,1.0,0.0
550,v2,0.8547074777218132,0.0
550,v3,1.0,0.0
551,v2,0.8511627906976744,0.0
551,v3,1.0,0.0
552,v2,0.8534583821805393,0.0
552,v3,1.0,0.0
553,v2,0.84930966469428,0.0
553,v3,1.0,0.0
554,v2,0.8536009445100354,0.0
554,v3,1.0,0.0
555,v2,0.851171875,0.0
555,v3,1.0,0.0
556,v2,0.8530214424951267,0.0
556,v3,1.0,0.0
557,v2,0.8551564310544612,0.0
557,v3,1.0,0.0
558,v2,0.850294695481336,0.0
558,v3,1.0,0.0
559,v2,0.8527679623085983,0.0
559,v3,1.0,0.0
560,v2,0.8563151796060255,0.0
560,v3,1.0,0.0
561,v2,0.8517350157728707,0.0
561,v3,1.0,0.0
562,v2,0.8576429404900817,0.0
562,v3,1.0,0.0
563,v2,0.8593260188087775,0.0
563,v3,1.0,0.0
564,v2,0.8560431100846805,0.0
564,v3,1.0,0.0
565,v2,0.8585578446909667,0.0
565,v3,1.0,0.0
566,v2,0.8530214424951267,0.0
566,v3,1.0,0.0
567,v2,0.850682261208577,0.0
567,v3,1.0,0.0
568,v2,0.8603656164916375,0.0
568,v3,1.0,0.0
569,v2,0.8457593688362919,0.0
569,v3,1.0,0.0
570,v2,0.8603373872106709,0.0
570,v3,1.0,0.0
571,v2,0.8581532416502947,0.0
571,v3,1.0,0.0
572,v2,0.8495506057053537,0.0
572,v3,1.0,0.0
573,v2,0.8481899571817828,0.0
573,v3,1.0,0.0
574,v2,0.8564162754303599,0.0
574,v3,1.0,0.0
575,v2,0.8570306362922231,0.0
575,v3,1.0,0.0
576,v2,0.8606299212598425,0.0
576,v3,1.0,0.0
577,v2,0.8560126582278481,0.0
577,v3,1.0,0.0
578,v2,0.8549648162627053,0.0
578,v3,1.0,0.0
579,v2,0.8533073929961089,0.0
579,v3,1.0,0.0
580,v2,0.8614599686028257,0.0
580,v3,1.0,0.0
581,v2,0.8557389937106918,0.0
581,v3,1.0,0.0
582,v2,0.8578125,0.0
582,v3,1.0,0.0
583,v2,0.8532863849765259,0.0
583,v3,1.0,0.0
584,v2,0.8525417151726814,0.0
584,v3,1.0,0.0
585,v2,0.8580367618302699,0.0
585,v3,1.0,0.0
586,v2,0.8546168958742633,0.0
586,v3,1.0,0.0
587,v2,0.8598676527831841,0.0
587,v3,1.0,0.0
588,v2,0.8506769825918762,0.0
588,v3,1.0,0.0
589,v2,0.8602192638997651,0.0
589,v3,1.0,0.0
590,v2,0.8550667714061273,0.0
590,v3,1.0,0.0
591,v2,0.8512720156555773,0.0
591,v3,1.0,0.0
592,v2,0.8516228748068007,0.0
592,v3,1.0,0.0
593,v2,0.8561912225705329,0.0
593,v3,1.0,0.0
594,v2,0.8453038674033149,0.0
594,v3,1.0,0.0
595,v2,0.8499801034619976,0.0
595,v3,1.0,0.0
596,v2,0.8543537680593518,0.0
596,v3,1.0,0.0
597,v2,0.8517386320213985,0.0
597,v3,1.0,0.0
598,v2,0.8611439842209073,0.0
598,v3,1.0,0.0
599,v2,0.8555207517619421,0.0
599,v3,1.0,0.0
600,v2,0.8616228929831439,0.0
600,v3,1.0,0.0
601,v2,0.8501960784313726,0.0
601,v3,1.0,0.0
602,v2,0.8547442405310426,0.0
602,v3,1.0,0.0
603,v2,0.8560401389424932,0.0
603,v3,1.0,0.0
604,v2,0.8609271523178808,0.0
604,v3,1.0,0.0
605,v2,0.8494877856579984,0.0
605,v3,1.0,0.0
606,v2,0.8516483516483516,0.0
606,v3,1.0,0.0
607,v2,0.8544254658385093,0.0
607,v3,1.0,0.0
608,v2,0.8557542768273717,0.0
608,v3,1.0,0.0
609,v2,0.8538491598280579,0.0
609,v3,1.0,0.0
610,v2,0.8554169914263445,0.0
610,v3,1.0,0.0
611,v2,0.8624901497241922,0.0
611,v3,1.0,0.0
612,v2,0.8481553398058252,0.0
612,v3,1.0,0.0
613,v2,0.8535080956052429,0.0
613,v3,1.0,0.0
614,v2,0.8544106167056986,0.0
614,v3,1.0,0.0
615,v2,0.8518518518518519,0.0
615,v3,1.0,0.0
616,v2,0.850804868472713,0.0
616,v3,1.0,0.0
617,v2,0.8557919621749409,0.0
617,v3,1.0,0.0
618,v2,0.8525236593059937,0.0
618,v3,1.0,0.0
619,v2,0.8552787663107948,0.0
619,v3,1.0,0.0
620,v2,0.8579213701829506,0.0
620,v3,1.0,0.0
621,v2,0.8544747081712062,0.0
621,v3,1.0,0.0
622,v2,0.8529525279814744,0.0
622,v3,1.0,0.0
623,v2,0.8515044939429465,0.0
623,v3,1.0,0.0
624,v2,0.8528834837191055,0.0
624,v3,1.0,0.0
625,v2,0.8527799530148786,0.0
625,v3,1.0,0.0
626,v2,0.8540688575899843,0.0
626,v3,1.0,0.0
627,v2,0.8549202644885259,0.0
627,v3,1.0,0.0
628,v2,0.8588836477987422,0.0
628,v3,1.0,0.0
629,v2,0.8520388349514563,0.0
629,v3,1.0,0.0
630,v2,0.8529641185647426,0.0
630,v3,1.0,0.0
631,v2,0.8486529318541997,0.0
631,v3,1.0,0.0
632,v2,0.8490566037735849,0.0
632,v3,1.0,0.0
633,v2,0.8494373302289484,0.0
633,v3,1.0,0.0
634,v2,0.859210011732499,0.0
634,v3,1.0,0.0
635,v2,0.859860248447205,0.0
635,v3,1.0,0.0
636,v2,0.8542229078287698,0.0
636,v3,1.0,0.0
637,v2,0.8490342924714229,0.0
637,v3,1.0,0.0
638,v2,0.851171875,0.0
638,v3,1.0,0.0
639,v2,0.8545241809672387,0.0
639,v3,1.0,0.0
640,v2,0.8583860759493671,0.0
640,v3,1.0,0.0
641,v2,0.8578640776699029,0.0
641,v3,1.0,0.0
642,v2,0.8571985953960203,0.0
642,v3,1.0,0.0
643,v2,0.8511465215701516,0.0
643,v3,1.0,0.0
644,v2,0.8519968676585747,0.0
644,v3,1.0,0.0
645,v2,0.8552071234998064,0.0
645,v3,1.0,0.0
646,v2,0.8571987480438185,0.0
646,v3,1.0,0.0
647,v2,0.8559654631083202,0.0
647,v3,1.0,0.0
648,v2,0.8538794801102796,0.0
648,v3,1.0,0.0
649,v2,0.8507462686567164,0.0
649,v3,1.0,0.0
650,v2,0.8496270121711818,0.0
650,v3,1.0,0.0
651,v2,0.8579928599761999,0.0
651,v3,1.0,0.0
652,v2,0.8540688575899843,0.0
652,v3,1.0,0.0
653,v2,0.8489603766182817,0.0
653,v3,1.0,0.0
654,v2,0.8591439688715953,0.0
654,v3,1.0,0.0
655,v2,0.8550837553564472,0.0
655,v3,1.0,0.0
656,v2,0.8555207517619421,0.0
656,v3,1.0,0.0
657,v2,0.8510140405616224,0.0
657,v3,1.0,0.0
658,v2,0.8530897784687136,0.0
658,v3,1.0,0.0
659,v2,0.8514196810579541,0.0
659,v3,1.0,0.0
660,v2,0.8551696921862668,0.0
660,v3,1.0,0.0
661,v2,0.8485549132947977,0.0
661,v3,1.0,0.0
662,v2,0.8550330353672756,0.0
662,v3,1.0,0.0
663,v2,0.8571428571428571,0.0
663,v3,1.0,0.0
664,v2,0.8496706702828362,0.0
664,v3,1.0,0.0
665,v2,0.8464299960111688,0.0
665,v3,1.0,0.0
666,v2,0.8539281484405843,0.0
666,v3,1.0,0.0
667,v2,0.8509972624168948,0.0
667,v3,1.0,0.0
668,v2,0.8498827208756842,0.0
668,v3,1.0,0.0
669,v2,0.8457633736821554,0.0
669,v3,1.0,0.0
670,v2,0.8498836307214895,0.0
670,v3,1.0,0.0
671,v2,0.8555426805716493,0.0
671,v3,1.0,0.0
672,v2,0.8510301109350238,0.0
672,v3,1.0,0.0
673,v2,0.8583106267029973,0.0
673,v3,1.0,0.0
674,v2,0.8592307692307692,0.0
674,v3,1.0,0.0
675,v2,0.8565861262665627,0.0
675,v3,1.0,0.0
676,v2,0.8570867687475461,0.0
676,v3,1.0,0.0
677,v2,0.8507751937984496,0.0
677,v3,1.0,0.0
678,v2,0.8499032882011606,0.0
678,v3,1.0,0.0
679,v2,0.8480913026367571,0.0
679,v3,1.0,0.0
680,v2,0.8541584548679543,0.0
680,v3,1.0,0.0
681,v2,0.855686274509804,0.0
681,v3,1.0,0.0
682,v2,0.849861714737258,0.0
682,v3,1.0,0.0
683,v2,0.8563600782778865,0.0
683,v3,1.0,0.0
684,v2,0.8546511627906976,0.0
684,v3,1.0,0.0
685,v2,0.8517794290183809,0.0
685,v3,1.0,0.0
686,v2,0.8541586073500967,0.0
686,v3,1.0,0.0
687,v2,0.8508330104610616,0.0
687,v3,1.0,0.0
688,v2,0.8549707602339182,0.0
688,v3,1.0,0.0
689,v2,0.852498017446471,0.0
689,v3,1.0,0.0
690,v2,0.8523568367744448,0.0
690,v3,1.0,0.0
691,v2,0.8536679536679537,0.0
691,v3,1.0,0.0
692,v2,0.8537899191996922,0.0
692,v3,1.0,0.0
693,v2,0.855191256830601,0.0
693,v3,1.0,0.0
694,v2,0.8581644815256257,0.0
694,v3,1.0,0.0
695,v2,0.853390827126617,0.0
695,v3,1.0,0.0
696,v2,0.8506014745828483,0.0
696,v3,1.0,0.0
697,v2,0.8453568687643899,0.0
697,v3,1.0,0.0
698,v2,0.8548387096774194,0.0
698,v3,1.0,0.0
699,v2,0.8569218870843001,0.0
699,v3,1.0,0.0
700,v2,0.8537642885297596,0.0
700,v3,1.0,0.0
701,v2,0.8618110236220472,0.0
701,v3,1.0,0.0
702,v2,0.8589390962671906,0.0
702,v3,1.0,0.0
703,v2,0.8573649436455499,0.0
703,v3,1.0,0.0
704,v2,0.8565861262665627,0.0
704,v3,1.0,0.0
705,v2,0.8565318818040435,0.0
705,v3,1.0,0.0
706,v2,0.8557020946470132,0.0
706,v3,1.0,0.0
707,v2,0.8587213891081295,0.0
707,v3,1.0,0.0
708,v2,0.8493952399531799,0.0
708,v3,1.0,0.0
709,v2,0.861251457442674,0.0
709,v3,1.0,0.0
710,v2,0.8501170960187353,0.0
710,v3,1.0,0.0
711,v2,0.8540061633281972,0.0
711,v3,1.0,0.0
712,v2,0.8514619883040936,0.0
712,v3,1.0,0.0
713,v2,0.8531823506442796,0.0
713,v3,1.0,0.0
714,v2,0.8521293375394322,0.0
714,v3,1.0,0.0
715,v2,0.8575353218210361,0.0
715,v3,1.0,0.0
716,v2,0.8545098039215686,0.0
716,v3,1.0,0.0
717,v2,0.8555118110236221,0.0
717,v3,1.0,0.0
718,v2,0.8539805825242719,0.0
718,v3,1.0,0.0
719,v2,0.8482490272373541,0.0
719,v3,1.0,0.0
720,v2,0.8466065123577874,0.0
720,v3,1.0,0.0
721,v2,0.8493999225706543,0.0
721,v3,1.0,0.0
722,v2,0.8569176192353173,0.0
722,v3,1.0,0.0
723,v2,0.8543613707165109,0.0
723,v3,1.0,0.0
724,v2,0.8514660493827161,0.0
724,v3,1.0,0.0
725,v2,0.8555772994129158,0.0
725,v3,1.0,0.0
726,v2,0.8528272656855151,0.0
726,v3,1.0,0.0
727,v2,0.8601694915254238,0.0
727,v3,1.0,0.0
728,v2,0.8504090377873004,0.0
728,v3,1.0,0.0
729,v2,0.8529297632906481,0.0
729,v3,1.0,0.0
730,v2,0.8573099415204678,0.0
730,v3,1.0,0.0
731,v2,0.8529411764705882,0.0
731,v3,1.0,0.0
732,v2,0.86002326483133,0.0
732,v3,1.0,0.0
733,v2,0.8571428571428571,0.0
733,v3,1.0,0.0
734,v2,0.8530878404296126,0.0
734,v3,1.0,0.0
735,v2,0.8572564612326043,0.0
735,v3,1.0,0.0
736,v2,0.8577603143418467,0.0
736,v3,1.0,0.0
737,v2,0.850499615680246,0.0
737,v3,1.0,0.0
738,v2,0.8505074160811865,0.0
738,v3,1.0,0.0
739,v2,0.8594551914725622,0.0
739,v3,1.0,0.0
740,v2,0.8590657165479019,0.0
740,v3,1.0,0.0
741,v2,0.8521840873634945,0.0
741,v3,1.0,0.0
742,v2,0.854372774040364,0.0
742,v3,1.0,0.0
743,v2,0.8510965756060023,0.0
743,v3,1.0,0.0
744,v2,0.8550667714061273,0.0
744,v3,1.0,0.0
745,v2,0.8538034865293186,0.0
745,v3,1.0,0.0
746,v2,0.8534072900158478,0.0
746,v3,1.0,0.0
747,v2,0.8560219693997646,0.0
747,v3,1.0,0.0
748,v2,0.8601941747572815,0.0
748,v3,1.0,0.0
749,v2,0.8562475518997258,0.0
749,v3,1.0,0.0
750,v2,0.8494163424124513,0.0
750,v3,1.0,0.0
751,v2,0.8476744186046512,0.0
751,v3,1.0,0.0
752,v2,0.8566322478157268,0.0
752,v3,1.0,0.0
753,v2,0.8479599692070824,0.0
753,v3,1.0,0.0
754,v2,0.854757281553398,0.0
754,v3,1.0,0.0
755,v2,0.8524911730090231,0.0
755,v3,1.0,0.0
756,v2,0.8507751937984496,0.0
756,v3,1.0,0.0
757,v2,0.8523305914610263,0.0
757,v3,1.0,0.0
758,v2,0.8492935635792779,0.0
758,v3,1.0,0.0
759,v2,0.8526645768025078,0.0
759,v3,1.0,0.0
760,v2,0.8538310412573674,0.0
760,v3,1.0,0.0
761,v2,0.8504027617951668,0.0
761,v3,1.0,0.0
762,v2,0.8523698523698524,0.0
762,v3,1.0,0.0
763,v2,0.8529411764705882,0.0
763,v3,1.0,0.0
764,v2,0.8481899571817828,0.0
764,v3,1.0,0.0
765,v2,0.8526192337763878,0.0
765,v3,1.0,0.0
766,v2,0.8494496855345912,0.0
766,v3,1.0,0.0
767,v2,0.8552682362022385,0.0
767,v3,1.0,0.0
768,v2,0.8587504850601475,0.0
768,v3,1.0,0.0
769,v2,0.8488507985975847,0.0
769,v3,1.0,0.0
770,v2,0.855859375,0.0
770,v3,1.0,0.0
771,v2,0.8555162936788379,0.0
771,v3,1.0,0.0
772,v2,0.8494957331264547,0.0
772,v3,1.0,0.0
773,v2,0.850415512465374,0.0
773,v3,1.0,0.0
774,v2,0.8543046357615894,0.0
774,v3,1.0,0.0
775,v2,0.8589945011783189,0.0
775,v3,1.0,0.0
776,v2,0.85062893081761,0.0
776,v3,1.0,0.0
777,v2,0.8465045592705167,0.0
777,v3,1.0,0.0
778,v2,0.8573103987490227,0.0
778,v3,1.0,0.0
779,v2,0.8563469956227616,0.0
779,v3,1.0,0.0
780,v2,0.8558067030397506,0.0
780,v3,1.0,0.0
781,v2,0.8584758942457231,0.0
781,v3,1.0,0.0
782,v2,0.8554122704181321,0.0
782,v3,1.0,0.0
783,v2,0.8543613707165109,0.0
783,v3,1.0,0.0
784,v2,0.8534214618973561,0.0
784,v3,1.0,0.0
785,v2,0.8570881226053639,0.0
785,v3,1.0,0.0
786,v2,0.8574775478328778,0.0
786,v3,1.0,0.0
787,v2,0.8514395393474088,0.0
787,v3,1.0,0.0
788,v2,0.8511058451816745,0.0
788,v3,1.0,0.0
789,v2,0.8577013291634089,0.0
789,v3,1.0,0.0
790,v2,0.8558663558663558,0.0
790,v3,1.0,0.0
791,v2,0.8521806252412196,0.0
791,v3,1.0,0.0
792,v2,0.8529297632906481,0.0
792,v3,1.0,0.0
793,v2,0.8571428571428571,0.0
793,v3,1.0,0.0
794,v2,0.8561457929430012,0.0
794,v3,1.0,0.0
795,v2,0.8550156739811913,0.0
795,v3,1.0,0.0
796,v2,0.8505351681957186,0.0
796,v3,1.0,0.0
797,v2,0.8544180615025302,0.0
797,v3,1.0,0.0
798,v2,0.8513142408787759,0.0
798,v3,1.0,0.0
799,v2,0.8557059961315281,0.0
799,v3,1.0,0.0
800,v2,0.8510061919504643,0.0
800,v3,1.0,0.0
801,v2,0.8571428571428571,0.0
801,v3,1.0,0.0
802,v2,0.8519388954171563,0.0
802,v3,1.0,0.0
803,v2,0.8540372670807453,0.0
803,v3,1.0,0.0
804,v2,0.8550387596899225,0.0
804,v3,1.0,0.0
805,v2,0.8519813519813519,0.0
805,v3,1.0,0.0
806,v2,0.8575851393188855,0.0
806,v3,1.0,0.0
807,v2,0.8592708741669933,0.0
807,v3,1.0,0.0
808,v2,0.8452566096423018,0.0
808,v3,1.0,0.0
809,v2,0.8575385833003561,0.0
809,v3,1.0,0.0
810,v2,0.8583690987124464,0.0
810,v3,1.0,0.0
811,v2,0.8563038371182459,0.0
811,v3,1.0,0.0
812,v2,0.85195206803247,0.0
812,v3,1.0,0.0
813,v2,0.8544328300425862,0.0
813,v3,1.0,0.0
814,v2,0.8484612388001558,0.0
814,v3,1.0,0.0
815,v2,0.8569206842923794,0.0
815,v3,1.0,0.0
816,v2,0.8492403583950137,0.0
816,v3,1.0,0.0
817,v2,0.8535255161667316,0.0
817,v3,1.0,0.0
818,v2,0.853431562621171,0.0
818,v3,1.0,0.0
819,v2,0.8560725552050473,0.0
819,v3,1.0,0.0
820,v2,0.8565285379202502,0.0
820,v3,1.0,0.0
821,v2,0.8605482717520858,0.0
821,v3,1.0,0.0
822,v2,0.8603656164916375,0.0
822,v3,1.0,0.0
823,v2,0.8571984435797665,0.0
823,v3,1.0,0.0
824,v2,0.8558917197452229,0.0
824,v3,1.0,0.0
825,v2,0.8601859024012394,0.0
825,v3,1.0,0.0
826,v2,0.8442973919813157,0.0
826,v3,1.0,0.0
827,v2,0.8548513302034428,0.0
827,v3,1.0,0.0
828,v2,0.8495679497250589,0.0
828,v3,1.0,0.0
829,v2,0.8528945281522601,0.0
829,v3,1.0,0.0
830,v2,0.8561430793157077,0.0
830,v3,1.0,0.0
831,v2,0.8548073180225769,0.0
831,v3,1.0,0.0
832,v2,0.8516932658622032,0.0
832,v3,1.0,0.0
833,v2,0.8558030480656507,0.0
833,v3,1.0,0.0
834,v2,0.8522683210546723,0.0
834,v3,1.0,0.0
835,v2,0.8595137012736396,0.0
835,v3,1.0,0.0
836,v2,0.854273335959039,0.0
836,v3,1.0,0.0
837,v2,0.854895792371215,0.0
837,v3,1.0,0.0
838,v2,0.8602569093032308,0.0
838,v3,1.0,0.0
839,v2,0.856137607505864,0.0
839,v3,1.0,0.0
840,v2,0.8540688575899843,0.0
840,v3,1.0,0.0
841,v2,0.8506698187549251,0.0
841,v3,1.0,0.0
842,v2,0.8483300589390963,0.0
842,v3,1.0,0.0
843,v2,0.8542399374755764,0.0
843,v3,1.0,0.0
844,v2,0.8547750591949487,0.0
844,v3,1.0,0.0
845,v2,0.8544303797468354,0.0
845,v3,1.0,0.0
846,v2,0.8549323017408124,0.0
846,v3,1.0,0.0
847,v2,0.8556043079377742,0.0
847,v3,1.0,0.0
848,v2,0.851607903913212,0.0
848,v3,1.0,0.0
849,v2,0.8535630383711824,0.0
849,v3,1.0,0.0
850,v2,0.8565351894818252,0.0
850,v3,1.0,0.0
851,v2,0.8505254963020631,0.0
851,v3,1.0,0.0
852,v2,0.8567536006228105,0.0
852,v3,1.0,0.0
853,v2,0.8518952715904651,0.0
853,v3,1.0,0.0
854,v2,0.8475492087996912,0.0
854,v3,1.0,0.0
855,v2,0.8537058595265813,0.0
855,v3,1.0,0.0
856,v2,0.8553141970519783,0.0
856,v3,1.0,0.0
857,v2,0.855621301775148,0.0
857,v3,1.0,0.0
858,v2,0.8517509727626459,0.0
858,v3,1.0,0.0
859,v2,0.8494917904612979,0.0
859,v3,1.0,0.0
860,v2,0.8601593625498007,0.0
860,v3,1.0,0.0
861,v2,0.8497527577025485,0.0
861,v3,1.0,0.0
862,v2,0.8568627450980392,0.0
862,v3,1.0,0.0
863,v2,0.8536106750392465,0.0
863,v3,1.0,0.0
864,v2,0.8498439937597504,0.0
864,v3,1.0,0.0
865,v2,0.8582554517133957,0.0
865,v3,1.0,0.0
866,v2,0.8585196607555898,0.0
866,v3,1.0,0.0
867,v2,0.8519388954171563,0.0
867,v3,1.0,0.0
868,v2,0.8502340093603744,0.0
868,v3,1.0,0.0
869,v2,0.8520286396181385,0.0
869,v3,1.0,0.0
870,v2,0.8501728774490972,0.0
870,v3,1.0,0.0
871,v2,0.8543613707165109,0.0
871,v3,1.0,0.0
872,v2,0.853239656518345,0.0
872,v3,1.0,0.0
873,v2,0.8498627989023912,0.0
873,v3,1.0,0.0
874,v2,0.8487785963551764,0.0
874,v3,1.0,0.0
875,v2,0.8535825545171339,0.0
875,v3,1.0,0.0
876,v2,0.8490418459131795,0.0
876,v3,1.0,0.0
877,v2,0.8558103381267004,0.0
877,v3,1.0,0.0
878,v2,0.858424336973479,0.0
878,v3,1.0,0.0
879,v2,0.8608964451313755,0.0
879,v3,1.0,0.0
880,v2,0.8567525370804059,0.0
880,v3,1.0,0.0
881,v2,0.853897375636506,0.0
881,v3,1.0,0.0
882,v2,0.8496860282574569,0.0
882,v3,1.0,0.0
883,v2,0.852963818321786,0.0
883,v3,1.0,0.0
884,v2,0.8479102167182663,0.0
884,v3,1.0,0.0
885,v2,0.8514040561622465,0.0
885,v3,1.0,0.0
886,v2,0.8596220593906672,0.0
886,v3,1.0,0.0
887,v2,0.8528257456828885,0.0
887,v3,1.0,0.0
888,v2,0.8502134264648816,0.0
888,v3,1.0,0.0
889,v2,0.8517946738710922,0.0
889,v3,1.0,0.0
890,v2,0.8542791056283732,0.0
890,v3,1.0,0.0
891,v2,0.854757281553398,0.0
891,v3,1.0,0.0
892,v2,0.853963295587661,0.0
892,v3,1.0,0.0
893,v2,0.8545241809672387,0.0
893,v3,1.0,0.0
894,v2,0.8518228145825166,0.0
894,v3,1.0,0.0
895,v2,0.8600641539695268,0.0
895,v3,1.0,0.0
896,v2,0.8522593320235756,0.0
896,v3,1.0,0.0
897,v2,0.8521840873634945,0.0
897,v3,1.0,0.0
898,v2,0.8457633736821554,0.0
898,v3,1.0,0.0
899,v2,0.857087075361187,0.0
899,v3,1.0,0.0
900,v2,0.8602654176424668,0.0
900,v3,1.0,0.0
901,v2,0.859253499222395,0.0
901,v3,1.0,0.0
902,v2,0.8552018633540373,0.0
902,v3,1.0,0.0
903,v2,0.85423197492163,0.0
903,v3,1.0,0.0
904,v2,0.8559156579461148,0.0
904,v3,1.0,0.0
905,v2,0.8568084276238783,0.0
905,v3,1.0,0.0
906,v2,0.8507985975847293,0.0
906,v3,1.0,0.0
907,v2,0.8499804151978065,0.0
907,v3,1.0,0.0
908,v2,0.851607903913212,0.0
908,v3,1.0,0.0
909,v2,0.852734375,0.0
909,v3,1.0,0.0
910,v2,0.8532145623547638,0.0
910,v3,1.0,0.0
911,v2,0.8487329434697856,0.0
911,v3,1.0,0.0
912,v2,0.8598676527831841,0.0
912,v3,1.0,0.0
913,v2,0.8538581449727202,0.0
913,v3,1.0,0.0
914,v2,0.8566392479435958,0.0
914,v3,1.0,0.0
915,v2,0.8540372670807453,0.0
915,v3,1.0,0.0
916,v2,0.8584758942457231,0.0
916,v3,1.0,0.0
917,v2,0.8566419945461629,0.0
917,v3,1.0,0.0
918,v2,0.8495297805642633,0.0
918,v3,1.0,0.0
919,v2,0.8517499016909162,0.0
919,v3,1.0,0.0
920,v2,0.8511881573821581,0.0
920,v3,1.0,0.0
921,v2,0.8555858310626703,0.0
921,v3,1.0,0.0
922,v2,0.8516355140186916,0.0
922,v3,1.0,0.0
923,v2,0.8540856031128404,0.0
923,v3,1.0,0.0
924,v2,0.8586698337292161,0.0
924,v3,1.0,0.0
925,v2,0.8506944444444444,0.0
925,v3,1.0,0.0
926,v2,0.8579676674364896,0.0
926,v3,1.0,0.0
927,v2,0.8527799530148786,0.0
927,v3,1.0,0.0
928,v2,0.8510886469673405,0.0
928,v3,1.0,0.0
929,v2,0.8495470657739267,0.0
929,v3,1.0,0.0
930,v2,0.8495540907328422,0.0
930,v3,1.0,0.0
931,v2,0.8559190031152648,0.0
931,v3,1.0,0.0
932,v2,0.851736246586032,0.0
932,v3,1.0,0.0
933,v2,0.856974921630094,0.0
933,v3,1.0,0.0
934,v2,0.8523255813953489,0.0
934,v3,1.0,0.0
935,v2,0.8562524347487339,0.0
935,v3,1.0,0.0
936,v2,0.8538613861386138,0.0
936,v3,1.0,0.0
937,v2,0.8540261800872669,0.0
937,v3,1.0,0.0
938,v2,0.8542812254516889,0.0
938,v3,1.0,0.0
939,v2,0.8495334370139969,0.0
939,v3,1.0,0.0
940,v2,0.8544401544401544,0.0
940,v3,1.0,0.0
941,v2,0.8498627989023912,0.0
941,v3,1.0,0.0
942,v2,0.8528257456828885,0.0
942,v3,1.0,0.0
943,v2,0.8565368299267258,0.0
943,v3,1.0,0.0
944,v2,0.8588884509262908,0.0
944,v3,1.0,0.0
945,v2,0.861003861003861,0.0
945,v3,1.0,0.0
946,v2,0.8510802469135802,0.0
946,v3,1.0,0.0
947,v2,0.8555729984301413,0.0
947,v3,1.0,0.0
948,v2,0.8491228070175438,0.0
948,v3,1.0,0.0
949,v2,0.8576429404900817,0.0
949,v3,1.0,0.0
950,v2,0.8545384018619084,0.0
950,v3,1.0,0.0
951,v2,0.8584208479190977,0.0
951,v3,1.0,0.0
952,v2,0.853010164190774,0.0
952,v3,1.0,0.0
953,v2,0.8554356206630687,0.0
953,v3,1.0,0.0
954,v2,0.8526768268855022,0.0
954,v3,1.0,0.0
955,v2,0.8558732612055642,0.0
955,v3,1.0,0.0
956,v2,0.8597842835130971,0.0
956,v3,1.0,0.0
957,v2,0.8536114329857087,0.0
957,v3,1.0,0.0
958,v2,0.8526068208545668,0.0
958,v3,1.0,0.0
959,v2,0.8537626066718387,0.0
959,v3,1.0,0.0
960,v2,0.8550501156515035,0.0
960,v3,1.0,0.0
961,v2,0.8576484467164766,0.0
961,v3,1.0,0.0
962,v2,0.8543613707165109,0.0
962,v3,1.0,0.0
963,v2,0.8540688575899843,0.0
963,v3,1.0,0.0
964,v2,0.8538219070133963,0.0
964,v3,1.0,0.0
965,v2,0.8519095869056897,0.0
965,v3,1.0,0.0
966,v2,0.8544963334619838,0.0
966,v3,1.0,0.0
967,v2,0.8540772532188842,0.0
967,v3,1.0,0.0
968,v2,0.8486970050563983,0.0
968,v3,1.0,0.0
969,v2,0.8492403583950137,0.0
969,v3,1.0,0.0
970,v2,0.8511146496815286,0.0
970,v3,1.0,0.0
971,v2,0.8540688575899843,0.0
971,v3,1.0,0.0
972,v2,0.8589793533307363,0.0
972,v3,1.0,0.0
973,v2,0.8583792289535799,0.0
973,v3,1.0,0.0
974,v2,0.8471512770137525,0.0
974,v3,1.0,0.0
975,v2,0.8517801857585139,0.0
975,v3,1.0,0.0
976,v2,0.8557273087594134,0.0
976,v3,1.0,0.0
977,v2,0.8564687377113646,0.0
977,v3,1.0,0.0
978,v2,0.8540856031128404,0.0
978,v3,1.0,0.0
979,v2,0.8513775708187815,0.0
979,v3,1.0,0.0
980,v2,0.8554169914263445,0.0
980,v3,1.0,0.0
981,v2,0.8511224891689642,0.0
981,v3,1.0,0.0
982,v2,0.8508977361436377,0.0
982,v3,1.0,0.0
983,v2,0.8521293375394322,0.0
983,v3,1.0,0.0
984,v2,0.8518952715904651,0.0
984,v3,1.0,0.0
985,v2,0.8538581449727202,0.0
985,v3,1.0,0.0
986,v2,0.8503750493485985,0.0
986,v3,1.0,0.0
987,v2,0.8553606237816764,0.0
987,v3,1.0,0.0
988,v2,0.854043392504931,0.0
988,v3,1.0,0.0
989,v2,0.8479190976273824,0.0
989,v3,1.0,0.0
990,v2,0.8493475682087782,0.0
990,v3,1.0,0.0
991,v2,0.8488596830305373,0.0
991,v3,1.0,0.0
992,v2,0.8524970963995354,0.0
992,v3,1.0,0.0
993,v2,0.8603921568627451,0.0
993,v3,1.0,0.0
994,v2,0.8492283339928769,0.0
994,v3,1.0,0.0
995,v2,0.8504027617951668,0.0
995,v3,1.0,0.0
996,v2,0.8553409538825384,0.0
996,v3,1.0,0.0
997,v2,0.8506417736289381,0.0
997,v3,1.0,0.0
998,v2,0.852170512319124,0.0
998,v3,1.0,0.0
999,v2,0.8565815324165029,0.0
999,v3,1.0,0.0
1000,v2,0.8546845124282982,0.0
1000,v3,1.0,0.0
1001,v2,0.8537642885297596,0.0
1001,v3,1.0,0.0
1002,v2,0.8603744149765991,0.0
1002,v3,1.0,0.0
1003,v2,0.8543046357615894,0.0
1003,v3,1.0,0.0
1004,v2,0.8559782608695652,0.0
1004,v3,1.0,0.0
1005,v2,0.8566364710515951,0.0
1005,v3,1.0,0.0
1006,v2,0.8552071234998064,0.0
1006,v3,1.0,0.0
1007,v2,0.853239656518345,0.0
1007,v3,1.0,0.0
1008,v2,0.8538127222441723,0.0
1008,v3,1.0,0.0
1009,v2,0.8540688575899843,0.0
1009,v3,1.0,0.0
1010,v2,0.8483080513418904,0.0
1010,v3,1.0,0.0
1011,v2,0.8530214424951267,0.0
1011,v3,1.0,0.0
1012,v2,0.8546941955590183,0.0
1012,v3,1.0,0.0
1013,v2,0.858094864758918,0.0
1013,v3,1.0,0.0
1014,v2,0.8553654743390358,0.0
1014,v3,1.0,0.0
1015,v2,0.858094864758918,0.0
1015,v3,1.0,0.0
1016,v2,0.858424336973479,0.0
1016,v3,1.0,0.0
1017,v2,0.8476153547886778,0.0
1017,v3,1.0,0.0
1018,v2,0.8555339805825243,0.0
1018,v3,1.0,0.0
1019,v2,0.8513883457176379,0.0
1019,v3,1.0,0.0
1020,v2,0.8522550544323484,0.0
1020,v3,1.0,0.0
1021,v2,0.8482596793116934,0.0
1021,v3,1.0,0.0
1022,v2,0.8538884524744698,0.0
1022,v3,1.0,0.0
1023,v2,0.8519083969465648,0.0
1023,v3,1.0,0.0
1024,v2,0.8467804499612103,0.0
1024,v3,1.0,0.0
1025,v2,0.8534583821805393,0.0
1025,v3,1.0,0.0
1026,v2,0.8556338028169014,0.0
1026,v3,1.0,0.0
1027,v2,0.8514464425332291,0.0
1027,v3,1.0,0.0
1028,v2,0.854863813229572,0.0
1028,v3,1.0,0.0
1029,v2,0.8591604550804237,0.0
1029,v3,1.0,0.0
1030,v2,0.8572527895344363,0.0
1030,v3,1.0,0.0
1031,v2,0.8515805705474171,0.0
1031,v3,1.0,0.0
1032,v2,0.8516179952644041,0.0
1032,v3,1.0,0.0
1033,v2,0.8488733488733489,0.0
1033,v3,1.0,0.0
1034,v2,0.8570309439874657,0.0
1034,v3,1.0,0.0
1035,v2,0.8544819557625145,0.0
1035,v3,1.0,0.0
1036,v2,0.8571428571428571,0.0
1036,v3,1.0,0.0
1037,v2,0.8503480278422274,0.0
1037,v3,1.0,0.0
1038,v2,0.8523568367744448,0.0
1038,v3,1.0,0.0
1039,v2,0.8559190031152648,0.0
1039,v3,1.0,0.0
1040,v2,0.8545597484276729,0.0
1040,v3,1.0,0.0
1041,v2,0.8564724286272977,0.0
1041,v3,1.0,0.0
1042,v2,0.8548700038804812,0.0
1042,v3,1.0,0.0
1043,v2,0.8570309439874657,0.0
1043,v3,1.0,0.0
1044,v2,0.8527437820765891,0.0
1044,v3,1.0,0.0
1045,v2,0.8540688575899843,0.0
1045,v3,1.0,0.0
1046,v2,0.8591105863833136,0.0
1046,v3,1.0,0.0
1047,v2,0.8545241809672387,0.0
1047,v3,1.0,0.0
1048,v2,0.8521235521235522,0.0
1048,v3,1.0,0.0
1049,v2,0.8513253937764118,0.0
1049,v3,1.0,0.0
1050,v2,0.8550156739811913,0.0
1050,v3,1.0,0.0
1051,v2,0.8547765793528506,0.0
1051,v3,1.0,0.0
1052,v2,0.8535714285714285,0.0
1052,v3,1.0,0.0
1053,v2,0.854863813229572,0.0
1053,v3,1.0,0.0
1054,v2,0.858102766798419,0.0
1054,v3,1.0,0.0
1055,v2,0.8624068992551941,0.0
1055,v3,1.0,0.0
1056,v2,0.8540031397174255,0.0
1056,v3,1.0,0.0
1057,v2,0.8529185867895546,0.0
1057,v3,1.0,0.0
1058,v2,0.8479280688037529,0.0
1058,v3,1.0,0.0
1059,v2,0.853875968992248,0.0
1059,v3,1.0,0.0
1060,v2,0.846517119244392,0.0
1060,v3,1.0,0.0
1061,v2,0.8532182103610675,0.0
1061,v3,1.0,0.0
1062,v2,0.8589195491643995,0.0
1062,v3,1.0,0.0
1063,v2,0.852689010132502,0.0
1063,v3,1.0,0.0
1064,v2,0.8582060321190756,0.0
1064,v3,1.0,0.0
1065,v2,0.8533747090768037,0.0
1065,v3,1.0,0.0
1066,v2,0.8522815158546017,0.0
1066,v3,1.0,0.0
1067,v2,0.8495164410058027,0.0
1067,v3,1.0,0.0
1068,v2,0.8567525370804059,0.0
1068,v3,1.0,0.0
1069,v2,0.8556822650412899,0.0
1069,v3,1.0,0.0
1070,v2,0.849802371541502,0.0
1070,v3,1.0,0.0
1071,v2,0.8527463965718738,0.0
1071,v3,1.0,0.0
1072,v2,0.8588052754072925,0.0
1072,v3,1.0,0.0
1073,v2,0.8597038191738113,0.0
1073,v3,1.0,0.0
1074,v2,0.8563600782778865,0.0
1074,v3,1.0,0.0
1075,v2,0.853897375636506,0.0
1075,v3,1.0,0.0
1076,v2,0.8567503924646782,0.0
1076,v3,1.0,0.0
1077,v2,0.8529299119111452,0.0
1077,v3,1.0,0.0
1078,v2,0.8584208479190977,0.0
1078,v3,1.0,0.0
1079,v2,0.8537534033450019,0.0
1079,v3,1.0,0.0
1080,v2,0.8496062992125984,0.0
1080,v3,1.0,0.0
1081,v2,0.857981220657277,0.0
1081,v3,1.0,0.0
1082,v2,0.8537920250195465,0.0
1082,v3,1.0,0.0
1083,v2,0.8517794290183809,0.0
1083,v3,1.0,0.0
1084,v2,0.8516783762685401,0.0
1084,v3,1.0,0.0
1085,v2,0.8534784298484259,0.0
1085,v3,1.0,0.0
1086,v2,0.8578700078308535,0.0
1086,v3,1.0,0.0
1087,v2,0.8526522593320236,0.0
1087,v3,1.0,0.0
1088,v2,0.8541586073500967,0.0
1088,v3,1.0,0.0
1089,v2,0.8524717789022966,0.0
1089,v3,1.0,0.0
1090,v2,0.8569762922658375,0.0
1090,v3,1.0,0.0
1091,v2,0.8518518518518519,0.0
1091,v3,1.0,0.0
1092,v2,0.8601260835303388,0.0
1092,v3,1.0,0.0
1093,v2,0.8516765285996055,0.0
1093,v3,1.0,0.0
1094,v2,0.8574234092694423,0.0
1094,v3,1.0,0.0
1095,v2,0.8524143302180686,0.0
1095,v3,1.0,0.0
1096,v2,0.8580845288871656,0.0
1096,v3,1.0,0.0
1097,v2,0.8554595443833464,0.0
1097,v3,1.0,0.0
1098,v2,0.8524399690162665,0.0
1098,v3,1.0,0.0
1099,v2,0.8577535950252624,0.0
1099,v3,1.0,0.0
1100,v2,0.8560341482343811,0.0
1100,v3,1.0,0.0
1101,v2,0.8532608695652174,0.0
1101,v3,1.0,0.0
1102,v2,0.8512981904012589,0.0
1102,v3,1.0,0.0
1103,v2,0.8612085769980506,0.0
1103,v3,1.0,0.0
1104,v2,0.853893600616808,0.0
1104,v3,1.0,0.0
1105,v2,0.8591931730023273,0.0
1105,v3,1.0,0.0
1106,v2,0.8580199539524175,0.0
1106,v3,1.0,0.0
1107,v2,0.8496062992125984,0.0
1107,v3,1.0,0.0
1108,v2,0.8529988239905919,0.0
1108,v3,1.0,0.0
1109,v2,0.8542494042891183,0.0
1109,v3,1.0,0.0
1110,v2,0.8513566653558788,0.0
1110,v3,1.0,0.0
1111,v2,0.8584942845880962,0.0
1111,v3,1.0,0.0
1112,v2,0.8474378881987578,0.0
1112,v3,1.0,0.0
1113,v2,0.8546875,0.0
1113,v3,1.0,0.0
1114,v2,0.850415512465374,0.0
1114,v3,1.0,0.0
1115,v2,0.8565906455353691,0.0
1115,v3,1.0,0.0
1116,v2,0.85625,0.0
1116,v3,1.0,0.0
1117,v2,0.8514087225009649,0.0
1117,v3,1.0,0.0
1118,v2,0.8626609442060086,0.0
1118,v3,1.0,0.0
1119,v2,0.8580367618302699,0.0
1119,v3,1.0,0.0
1120,v2,0.8572536850271528,0.0
1120,v3,1.0,0.0
1121,v2,0.851252408477842,0.0
1121,v3,1.0,0.0
1122,v2,0.851607903913212,0.0
1122,v3,1.0,0.0
1123,v2,0.8550667714061273,0.0
1123,v3,1.0,0.0
1124,v2,0.8543689320388349,0.0
1124,v3,1.0,0.0
1125,v2,0.8575899843505478,0.0
1125,v3,1.0,0.0
1126,v2,0.8577535950252624,0.0
1126,v3,1.0,0.0
1127,v2,0.8552991787250684,0.0
1127,v3,1.0,0.0
1128,v2,0.846183800623053,0.0
1128,v3,1.0,0.0
1129,v2,0.8533805031446541,0.0
1129,v3,1.0,0.0
1130,v2,0.8538310412573674,0.0
1130,v3,1.0,0.0
1131,v2,0.8493150684931506,0.0
1131,v3,1.0,0.0
1132,v2,0.8557655225607405,0.0
1132,v3,1.0,0.0
1133,v2,0.855072463768116,0.0
1133,v3,1.0,0.0
1134,v2,0.8505254963020631,0.0
1134,v3,1.0,0.0
1135,v2,0.8482459597950335,0.0
1135,v3,1.0,0.0
1136,v2,0.859083850931677,0.0
1136,v3,1.0,0.0
1137,v2,0.8578621223857474,0.0
1137,v3,1.0,0.0
1138,v2,0.8545098039215686,0.0
1138,v3,1.0,0.0
1139,v2,0.852755905511811,0.0
1139,v3,1.0,0.0
1140,v2,0.856078431372549,0.0
1140,v3,1.0,0.0
1141,v2,0.8575815738963531,0.0
1141,v3,1.0,0.0
1142,v2,0.8559718969555035,0.0
1142,v3,1.0,0.0
1143,v2,0.8496908809891809,0.0
1143,v3,1.0,0.0
1144,v2,0.8562524347487339,0.0
1144,v3,1.0,0.0
1145,v2,0.8565368299267258,0.0
1145,v3,1.0,0.0
1146,v2,0.854895792371215,0.0
1146,v3,1.0,0.0
1147,v2,0.8607888631090487,0.0
1147,v3,1.0,0.0
1148,v2,0.8541266794625719,0.0
1148,v3,1.0,0.0
1149,v2,0.8559814169570267,0.0
1149,v3,1.0,0.0
1150,v2,0.8547637490317583,0.0
1150,v3,1.0,0.0
1151,v2,0.8508158508158508,0.0
1151,v3,1.0,0.0
1152,v2,0.8545384018619084,0.0
1152,v3,1.0,0.0
1153,v2,0.8602447690485591,0.0
1153,v3,1.0,0.0
1154,v2,0.8494707957663661,0.0
1154,v3,1.0,0.0
1155,v2,0.8585308977846872,0.0
1155,v3,1.0,0.0
1156,v2,0.8568635119280407,0.0
1156,v3,1.0,0.0
1157,v2,0.8515351729498639,0.0
1157,v3,1.0,0.0
1158,v2,0.8556461001164144,0.0
1158,v3,1.0,0.0
1159,v2,0.8460946517891497,0.0
1159,v3,1.0,0.0
1160,v2,0.8590394377196408,0.0
1160,v3,1.0,0.0
1161,v2,0.8535825545171339,0.0
1161,v3,1.0,0.0
1162,v2,0.8573094867807154,0.0
1162,v3,1.0,0.0
1163,v2,0.8499613302397525,0.0
1163,v3,1.0,0.0
1164,v2,0.854289071680376,0.0
1164,v3,1.0,0.0
1165,v2,0.8520825223822499,0.0
1165,v3,1.0,0.0
1166,v2,0.8502548020384163,0.0
1166,v3,1.0,0.0
1167,v2,0.8497469832619696,0.0
1167,v3,1.0,0.0
1168,v2,0.8499804151978065,0.0
1168,v3,1.0,0.0
1169,v2,0.8558523173605656,0.0
1169,v3,1.0,0.0
1170,v2,0.8517794290183809,0.0
1170,v3,1.0,0.0
1171,v2,0.8585461689587426,0.0
1171,v3,1.0,0.0
1172,v2,0.8507404520654716,0.0
1172,v3,1.0,0.0
1173,v2,0.8486149044088959,0.0
1173,v3,1.0,0.0
1174,v2,0.8495506057053537,0.0
1174,v3,1.0,0.0
1175,v2,0.8580466587584026,0.0
1175,v3,1.0,0.0
1176,v2,0.8574803149606299,0.0
1176,v3,1.0,0.0
1177,v2,0.8544031311154598,0.0
1177,v3,1.0,0.0
1178,v2,0.8590891397430906,0.0
1178,v3,1.0,0.0
1179,v2,0.8549648162627053,0.0
1179,v3,1.0,0.0
1180,v2,0.8460634547591069,0.0
1180,v3,1.0,0.0
1181,v2,0.8524271844660194,0.0
1181,v3,1.0,0.0
1182,v2,0.8529411764705882,0.0
1182,v3,1.0,0.0
1183,v2,0.8488188976377953,0.0
1183,v3,1.0,0.0
1184,v2,0.8494749124854143,0.0
1184,v3,1.0,0.0
1185,v2,0.8492125984251968,0.0
1185,v3,1.0,0.0
1186,v2,0.8499025341130604,0.0
1186,v3,1.0,0.0
1187,v2,0.8570327552986513,0.0
1187,v3,1.0,0.0
1188,v2,0.8535056795926361,0.0
1188,v3,1.0,0.0
1189,v2,0.853897375636506,0.0
1189,v3,1.0,0.0
1190,v2,0.8558030480656507,0.0
1190,v3,1.0,0.0
1191,v2,0.8547110055423595,0.0
1191,v3,1.0,0.0
1192,v2,0.8512682551883167,0.0
1192,v3,1.0,0.0
1193,v2,0.8531684698608965,0.0
1193,v3,1.0,0.0
1194,v2,0.850873786407767,0.0
1194,v3,1.0,0.0
1195,v2,0.8551751279024006,0.0
1195,v3,1.0,0.0
1196,v2,0.8543880362062181,0.0
1196,v3,1.0,0.0
1197,v2,0.8563579277864992,0.0
1197,v3,1.0,0.0
1198,v2,0.853411306042885,0.0
1198,v3,1.0,0.0
1199,v2,0.8510140405616224,0.0
1199,v3,1.0,0.0
1200,v2,0.8552882779686903,0.0
1200,v3,1.0,0.0
1201,v2,0.8587681443703413,0.0
1201,v3,1.0,0.0
1202,v2,0.8527938342967245,0.0
1202,v3,1.0,0.0
1203,v2,0.8515901060070671,0.0
1203,v3,1.0,0.0
1204,v2,0.8517374517374517,0.0
1204,v3,1.0,0.0
1205,v2,0.8551236749116607,0.0
1205,v3,1.0,0.0
1206,v2,0.856414280109847,0.0
1206,v3,1.0,0.0
1207,v2,0.8554595443833464,0.0
1207,v3,1.0,0.0
1208,v2,0.856974921630094,0.0
1208,v3,1.0,0.0
1209,v2,0.851937984496124,0.0
1209,v3,1.0,0.0
1210,v2,0.8511390416339356,0.0
1210,v3,1.0,0.0
1211,v2,0.8566447113521891,0.0
1211,v3,1.0,0.0
1212,v2,0.8584173778122576,0.0
1212,v3,1.0,0.0
1213,v2,0.8573117855735121,0.0
1213,v3,1.0,0.0
1214,v2,0.8566447113521891,0.0
1214,v3,1.0,0.0
1215,v2,0.8530564263322884,0.0
1215,v3,1.0,0.0
1216,v2,0.8512018313620755,0.0
1216,v3,1.0,0.0
1217,v2,0.8544474393530997,0.0
1217,v3,1.0,0.0
1218,v2,0.8564705882352941,0.0
1218,v3,1.0,0.0
1219,v2,0.8579789309403043,0.0
1219,v3,1.0,0.0
1220,v2,0.8514578408195429,0.0
1220,v3,1.0,0.0
1221,v2,0.8542478565861262,0.0
1221,v3,1.0,0.0
1222,v2,0.8500784929356358,0.0
1222,v3,1.0,0.0
1223,v2,0.852498017446471,0.0
1223,v3,1.0,0.0
1224,v2,0.8575887631681623,0.0
1224,v3,1.0,0.0
1225,v2,0.8547442405310426,0.0
1225,v3,1.0,0.0
1226,v2,0.8603550295857988,0.0
1226,v3,1.0,0.0
1227,v2,0.8510721247563353,0.0
1227,v3,1.0,0.0
1228,v2,0.8525741029641186,0.0
1228,v3,1.0,0.0
1229,v2,0.8499805674310144,0.0
1229,v3,1.0,0.0
1230,v2,0.8550837553564472,0.0
1230,v3,1.0,0.0
1231,v2,0.8549346016646849,0.0
1231,v3,1.0,0.0
1232,v2,0.8526192337763878,0.0
1232,v3,1.0,0.0
1233,v2,0.8504970178926441,0.0
1233,v3,1.0,0.0
1234,v2,0.8581422464049747,0.0
1234,v3,1.0,0.0
1235,v2,0.8492248062015504,0.0
1235,v3,1.0,0.0
1236,v2,0.8514196810579541,0.0
1236,v3,1.0,0.0
1237,v2,0.8499025341130604,0.0
1237,v3,1.0,0.0
1238,v2,0.8510721247563353,0.0
1238,v3,1.0,0.0
1239,v2,0.852126414358174,0.0
1239,v3,1.0,0.0
1240,v2,0.8533805031446541,0.0
1240,v3,1.0,0.0
1241,v2,0.8508977361436377,0.0
1241,v3,1.0,0.0
1242,v2,0.8526560682435053,0.0
1242,v3,1.0,0.0
1243,v2,0.8550893550893551,0.0
1243,v3,1.0,0.0
1244,v2,0.8581449727201871,0.0
1244,v3,1.0,0.0
1245,v2,0.8534684333593141,0.0
1245,v3,1.0,0.0
1246,v2,0.8574234092694423,0.0
1246,v3,1.0,0.0
1247,v2,0.8506645817044566,0.0
1247,v3,1.0,0.0
1248,v2,0.8498817966903073,0.0
1248,v3,1.0,0.0
1249,v2,0.853431562621171,0.0
1249,v3,1.0,0.0
1250,v2,0.8492935635792779,0.0
1250,v3,1.0,0.0
1251,v2,0.8549707602339182,0.0
1251,v3,1.0,0.0
1252,v2,0.8538670812281384,0.0
1252,v3,1.0,0.0
1253,v2,0.8525437201907791,0.0
1253,v3,1.0,0.0
1254,v2,0.8473663975394079,0.0
1254,v3,1.0,0.0
1255,v2,0.8625834314880251,0.0
1255,v3,1.0,0.0
1256,v2,0.8611662038873463,0.0
1256,v3,1.0,0.0
1257,v2,0.8558030480656507,0.0
1257,v3,1.0,0.0
1258,v2,0.8501161890007746,0.0
1258,v3,1.0,0.0
1259,v2,0.8540772532188842,0.0
1259,v3,1.0,0.0
1260,v2,0.8547310561444837,0.0
1260,v3,1.0,0.0
1261,v2,0.8591439688715953,0.0
1261,v3,1.0,0.0
1262,v2,0.8501373087485289,0.0
1262,v3,1.0,0.0
1263,v2,0.8613167121153097,0.0
1263,v3,1.0,0.0
1264,v2,0.8563106796116505,0.0
1264,v3,1.0,0.0
1265,v2,0.8534883720930233,0.0
1265,v3,1.0,0.0
1266,v2,0.8474314407106991,0.0
1266,v3,1.0,0.0
1267,v2,0.8587636932707355,0.0
1267,v3,1.0,0.0
1268,v2,0.850294695481336,0.0
1268,v3,1.0,0.0
1269,v2,0.8535548686244204,0.0
1269,v3,1.0,0.0
1270,v2,0.8557466770914777,0.0
1270,v3,1.0,0.0
1271,v2,0.8511974872398901,0.0
1271,v3,1.0,0.0
1272,v2,0.856206630686199,0.0
1272,v3,1.0,0.0
1273,v2,0.8495575221238938,0.0
1273,v3,1.0,0.0
1274,v2,0.8601260835303388,0.0
1274,v3,1.0,0.0
1275,v2,0.8573637417858523,0.0
1275,v3,1.0,0.0
1276,v2,0.8490566037735849,0.0
1276,v3,1.0,0.0
1277,v2,0.8565830721003135,0.0
1277,v3,1.0,0.0
1278,v2,0.8532863849765259,0.0
1278,v3,1.0,0.0
1279,v2,0.8480278422273781,0.0
1279,v3,1.0,0.0
1280,v2,0.8528493364558938,0.0
1280,v3,1.0,0.0
1281,v2,0.8549202644885259,0.0
1281,v3,1.0,0.0
1282,v2,0.8491727587533667,0.0
1282,v3,1.0,0.0
1283,v2,0.8518805738658395,0.0
1283,v3,1.0,0.0
1284,v2,0.8535630383711824,0.0
1284,v3,1.0,0.0
1285,v2,0.8593200468933178,0.0
1285,v3,1.0,0.0
1286,v2,0.8491816056118472,0.0
1286,v3,1.0,0.0
1287,v2,0.8507462686567164,0.0
1287,v3,1.0,0.0
1288,v2,0.8490050721810378,0.0
1288,v3,1.0,0.0
1289,v2,0.8538581449727202,0.0
1289,v3,1.0,0.0
1290,v2,0.860655737704918,0.0
1290,v3,1.0,0.0
1291,v2,0.8591885441527446,0.0
1291,v3,1.0,0.0
1292,v2,0.8545948041876696,0.0
1292,v3,1.0,0.0
1293,v2,0.8549382716049383,0.0
1293,v3,1.0,0.0
1294,v2,0.850415512465374,0.0
1294,v3,1.0,0.0
1295,v2,0.8503110419906688,0.0
1295,v3,1.0,0.0
1296,v2,0.85626204238921,0.0
1296,v3,1.0,0.0
1297,v2,0.8505968425105891,0.0
1297,v3,1.0,0.0
1298,v2,0.8547815820543093,0.0
1298,v3,1.0,0.0
1299,v2,0.8559256390395042,0.0
1299,v3,1.0,0.0
1300,v2,0.8529526789206101,0.0
1300,v3,1.0,0.0
1301,v2,0.8531139835487661,0.0
1301,v3,1.0,0.0
1302,v2,0.8543461237274863,0.0
1302,v3,1.0,0.0
1303,v2,0.8557993730407524,0.0
1303,v3,1.0,0.0
1304,v2,0.852689010132502,0.0
1304,v3,1.0,0.0
1305,v2,0.8528389339513326,0.0
1305,v3,1.0,0.0
1306,v2,0.8508566978193146,0.0
1306,v3,1.0,0.0
1307,v2,0.8511646269245954,0.0
1307,v3,1.0,0.0
1308,v2,0.8541748333986672,0.0
1308,v3,1.0,0.0
1309,v2,0.85078125,0.0
1309,v3,1.0,0.0
1310,v2,0.8561348490787927,0.0
1310,v3,1.0,0.0
1311,v2,0.8548761609907121,0.0
1311,v3,1.0,0.0
1312,v2,0.8541103820918564,0.0
1312,v3,1.0,0.0
1313,v2,0.8548324990373508,0.0
1313,v3,1.0,0.0
1314,v2,0.8535911602209945,0.0
1314,v3,1.0,0.0
1315,v2,0.8574775478328778,0.0
1315,v3,1.0,0.0
1316,v2,0.8464551508029768,0.0
1316,v3,1.0,0.0
1317,v2,0.8512558869701727,0.0
1317,v3,1.0,0.0
1318,v2,0.8498253783469151,0.0
1318,v3,1.0,0.0
1319,v2,0.8516965306900496,0.0
1319,v3,1.0,0.0
1320,v2,0.8552991787250684,0.0
1320,v3,1.0,0.0
1321,v2,0.8486842105263158,0.0
1321,v3,1.0,0.0
1322,v2,0.8556296586896822,0.0
1322,v3,1.0,0.0
1323,v2,0.8537441497659907,0.0
1323,v3,1.0,0.0
1324,v2,0.8562548562548562,0.0
1324,v3,1.0,0.0
1325,v2,0.8534583821805393,0.0
1325,v3,1.0,0.0
1326,v2,0.85134607881389,0.0
1326,v3,1.0,0.0
1327,v2,0.8560928433268858,0.0
1327,v3,1.0,0.0
1328,v2,0.8538283062645011,0.0
1328,v3,1.0,0.0
1329,v2,0.8570309439874657,0.0
1329,v3,1.0,0.0
1330,v2,0.859984399375975,0.0
1330,v3,1.0,0.0
1331,v2,0.8525943396226415,0.0
1331,v3,1.0,0.0
1332,v2,0.8562401263823065,0.0
1332,v3,1.0,0.0
1333,v2,0.8534956794972506,0.0
1333,v3,1.0,0.0
1334,v2,0.8525943396226415,0.0
1334,v3,1.0,0.0
1335,v2,0.8485202492211839,0.0
1335,v3,1.0,0.0
1336,v2,0.8564221963523477,0.0
1336,v3,1.0,0.0
1337,v2,0.8575899843505478,0.0
1337,v3,1.0,0.0
1338,v2,0.8512299882858259,0.0
1338,v3,1.0,0.0
1339,v2,0.8448678071539658,0.0
1339,v3,1.0,0.0
1340,v2,0.8606750392464678,0.0
1340,v3,1.0,0.0
1341,v2,0.8512880562060889,0.0
1341,v3,1.0,0.0
1342,v2,0.8520526723470179,0.0
1342,v3,1.0,0.0
1343,v2,0.856414280109847,0.0
1343,v3,1.0,0.0
1344,v2,0.8556902620258114,0.0
1344,v3,1.0,0.0
1345,v2,0.8467181467181467,0.0
1345,v3,1.0,0.0
1346,v2,0.848378272762798,0.0
1346,v3,1.0,0.0
1347,v2,0.8508222396241191,0.0
1347,v3,1.0,0.0
1348,v2,0.8546875,0.0
1348,v3,1.0,0.0
1349,v2,0.8546375681995323,0.0
1349,v3,1.0,0.0
1350,v2,0.855686274509804,0.0
1350,v3,1.0,0.0
1351,v2,0.8515748031496063,0.0
1351,v3,1.0,0.0
1352,v2,0.8556379243074522,0.0
1352,v3,1.0,0.0
1353,v2,0.8616106333072713,0.0
1353,v3,1.0,0.0
1354,v2,0.8493203883495145,0.0
1354,v3,1.0,0.0
1355,v2,0.8578180385978732,0.0
1355,v3,1.0,0.0
1356,v2,0.858041683051514,0.0
1356,v3,1.0,0.0
1357,v2,0.8576429404900817,0.0
1357,v3,1.0,0.0
1358,v2,0.8524072612470402,0.0
1358,v3,1.0,0.0
1359,v2,0.8516653756777691,0.0
1359,v3,1.0,0.0
1360,v2,0.8569735282497036,0.0
1360,v3,1.0,0.0
1361,v2,0.853963295587661,0.0
1361,v3,1.0,0.0
1362,v2,0.8556254917387883,0.0
1362,v3,1.0,0.0
1363,v2,0.8534010946051602,0.0
1363,v3,1.0,0.0
1364,v2,0.8471090415211486,0.0
1364,v3,1.0,0.0
1365,v2,0.851808176100629,0.0
1365,v3,1.0,0.0
1366,v2,0.8650019508388607,0.0
1366,v3,1.0,0.0
1367,v2,0.856078431372549,0.0
1367,v3,1.0,0.0
1368,v2,0.8544031311154598,0.0
1368,v3,1.0,0.0
1369,v2,0.8571428571428571,0.0
1369,v3,1.0,0.0
1370,v2,0.8597249508840864,0.0
1370,v3,1.0,0.0
1371,v2,0.856420233463035,0.0
1371,v3,1.0,0.0
1372,v2,0.8565830721003135,0.0
1372,v3,1.0,0.0
1373,v2,0.8527679623085983,0.0
1373,v3,1.0,0.0
1374,v2,0.8542478565861262,0.0
1374,v3,1.0,0.0
1375,v2,0.8591494342567304,0.0
1375,v3,1.0,0.0
1376,v2,0.8517934568387859,0.0
1376,v3,1.0,0.0
1377,v2,0.8513618677042801,0.0
1377,v3,1.0,0.0
1378,v2,0.8576526566217287,0.0
1378,v3,1.0,0.0
1379,v2,0.852689010132502,0.0
1379,v3,1.0,0.0
1380,v2,0.8563038371182459,0.0
1380,v3,1.0,0.0
1381,v2,0.8514619883040936,0.0
1381,v3,1.0,0.0
1382,v2,0.8542159180457053,0.0
1382,v3,1.0,0.0
1383,v2,0.8541748333986672,0.0
1383,v3,1.0,0.0
1384,v2,0.8485444531864673,0.0
1384,v3,1.0,0.0
1385,v2,0.8516355140186916,0.0
1385,v3,1.0,0.0
1386,v2,0.8524332810047096,0.0
1386,v3,1.0,0.0
1387,v2,0.8563600782778865,0.0
1387,v3,1.0,0.0
1388,v2,0.856974921630094,0.0
1388,v3,1.0,0.0
1389,v2,0.8495746326372776,0.0
1389,v3,1.0,0.0
1390,v2,0.8553557466770915,0.0
1390,v3,1.0,0.0
1391,v2,0.8553846153846154,0.0
1391,v3,1.0,0.0
1392,v2,0.8541259288228392,0.0
1392,v3,1.0,0.0
1393,v2,0.8620554904259476,0.0
1393,v3,1.0,0.0
1394,v2,0.8588007736943907,0.0
1394,v3,1.0,0.0
1395,v2,0.8489603766182817,0.0
1395,v3,1.0,0.0
1396,v2,0.8534956794972506,0.0
1396,v3,1.0,0.0
1397,v2,0.8501170960187353,0.0
1397,v3,1.0,0.0
1398,v2,0.8512204571871368,0.0
1398,v3,1.0,0.0
1399,v2,0.8520686963309914,0.0
1399,v3,1.0,0.0
1400,v2,0.8495164410058027,0.0
1400,v3,1.0,0.0
1401,v2,0.8591604550804237,0.0
1401,v3,1.0,0.0
1402,v2,0.8558451816745656,0.0
1402,v3,1.0,0.0
1403,v2,0.8529526789206101,0.0
1403,v3,1.0,0.0
1404,v2,0.8511627906976744,0.0
1404,v3,1.0,0.0
1405,v2,0.8527820710973725,0.0
1405,v3,1.0,0.0
1406,v2,0.8571993670886076,0.0
1406,v3,1.0,0.0
1407,v2,0.8498427672955975,0.0
1407,v3,1.0,0.0
1408,v2,0.8534883720930233,0.0
1408,v3,1.0,0.0
1409,v2,0.8537254901960785,0.0
1409,v3,1.0,0.0
1410,v2,0.8537549407114624,0.0
1410,v3,1.0,0.0
1411,v2,0.8534684333593141,0.0
1411,v3,1.0,0.0
1412,v2,0.8571428571428571,0.0
1412,v3,1.0,0.0
1413,v2,0.8494539781591264,0.0
1413,v3,1.0,0.0
1414,v2,0.855078125,0.0
1414,v3,1.0,0.0
1415,v2,0.8545524691358025,0.0
1415,v3,1.0,0.0
1416,v2,0.8530438154323381,0.0
1416,v3,1.0,0.0
1417,v2,0.8493577267419229,0.0
1417,v3,1.0,0.0
1418,v2,0.85546875,0.0
1418,v3,1.0,0.0
1419,v2,0.8537899191996922,0.0
1419,v3,1.0,0.0
1420,v2,0.8504273504273504,0.0
1420,v3,1.0,0.0
1421,v2,0.8505791505791506,0.0
1421,v3,1.0,0.0
1422,v2,0.853364449630494,0.0
1422,v3,1.0,0.0
1423,v2,0.8504892367906066,0.0
1423,v3,1.0,0.0
1424,v2,0.8535714285714285,0.0
1424,v3,1.0,0.0
1425,v2,0.8551004636785162,0.0
1425,v3,1.0,0.0
1426,v2,0.8530214424951267,0.0
1426,v3,1.0,0.0
1427,v2,0.8490347490347491,0.0
1427,v3,1.0,0.0
1428,v2,0.856137607505864,0.0
1428,v3,1.0,0.0
1429,v2,0.8586530931871574,0.0
1429,v3,1.0,0.0
1430,v2,0.8558103381267004,0.0
1430,v3,1.0,0.0
1431,v2,0.8565768621236133,0.0
1431,v3,1.0,0.0
1432,v2,0.8578143360752056,0.0
1432,v3,1.0,0.0
1433,v2,0.8591269841269841,0.0
1433,v3,1.0,0.0
1434,v2,0.8495201535508637,0.0
1434,v3,1.0,0.0
1435,v2,0.852101506740682,0.0
1435,v3,1.0,0.0
1436,v2,0.8535630383711824,0.0
1436,v3,1.0,0.0
1437,v2,0.853125,0.0
1437,v3,1.0,0.0
1438,v2,0.8534214618973561,0.0
1438,v3,1.0,0.0
1439,v2,0.8475705329153606,0.0
1439,v3,1.0,0.0
1440,v2,0.8606945540647198,0.0
1440,v3,1.0,0.0
1441,v2,0.8536106750392465,0.0
1441,v3,1.0,0.0
1442,v2,0.8469106650924833,0.0
1442,v3,1.0,0.0
1443,v2,0.858203125,0.0
1443,v3,1.0,0.0
1444,v2,0.8548513302034428,0.0
1444,v3,1.0,0.0
1445,v2,0.8521840873634945,0.0
1445,v3,1.0,0.0
1446,v2,0.8579277864992151,0.0
1446,v3,1.0,0.0
1447,v2,0.8487199379363848,0.0
1447,v3,1.0,0.0
1448,v2,0.8558246828143022,0.0
1448,v3,1.0,0.0
1449,v2,0.8522012578616353,0.0
1449,v3,1.0,0.0
1450,v2,0.8565876408861252,0.0
1450,v3,1.0,0.0
1451,v2,0.8568642745709828,0.0
1451,v3,1.0,0.0
1452,v2,0.8558415841584158,0.0
1452,v3,1.0,0.0
1453,v2,0.8598528842431281,0.0
1453,v3,1.0,0.0
1454,v2,0.8551456310679612,0.0
1454,v3,1.0,0.0
1455,v2,0.8540288049824835,0.0
1455,v3,1.0,0.0
1456,v2,0.85748124753257,0.0
1456,v3,1.0,0.0
1457,v2,0.8526398739164697,0.0
1457,v3,1.0,0.0
1458,v2,0.8520849724626278,0.0
1458,v3,1.0,0.0
1459,v2,0.8526560682435053,0.0
1459,v3,1.0,0.0
1460,v2,0.8541259288228392,0.0
1460,v3,1.0,0.0
1461,v2,0.8546099290780141,0.0
1461,v3,1.0,0.0
1462,v2,0.855984555984556,0.0
1462,v3,1.0,0.0
1463,v2,0.8506468051744414,0.0
1463,v3,1.0,0.0
1464,v2,0.8484615384615385,0.0
1464,v3,1.0,0.0
1465,v2,0.8600855033035367,0.0
1465,v3,1.0,0.0
1466,v2,0.8531117124081948,0.0
1466,v3,1.0,0.0
1467,v2,0.8527251642829532,0.0
1467,v3,1.0,0.0
1468,v2,0.8547310561444837,0.0
1468,v3,1.0,0.0
1469,v2,0.8522593320235756,0.0
1469,v3,1.0,0.0
1470,v2,0.8530326594090202,0.0
1470,v3,1.0,0.0
1471,v2,0.8547074777218132,0.0
1471,v3,1.0,0.0
1472,v2,0.8528138528138528,0.0
1472,v3,1.0,0.0
1473,v2,0.8573099415204678,0.0
1473,v3,1.0,0.0
1474,v2,0.8484375,0.0
1474,v3,1.0,0.0
1475,v2,0.8493203883495145,0.0
1475,v3,1.0,0.0
1476,v2,0.8465134398130113,0.0
1476,v3,1.0,0.0
1477,v2,0.8484848484848485,0.0
1477,v3,1.0,0.0
1478,v2,0.8514308114464916,0.0
1478,v3,1.0,0.0
1479,v2,0.8517656189367482,0.0
1479,v3,1.0,0.0
1480,v2,0.8559020923805764,0.0
1480,v3,1.0,0.0
1481,v2,0.8550610476565577,0.0
1481,v3,1.0,0.0
1482,v2,0.8536681051392703,0.0
1482,v3,1.0,0.0
1483,v2,0.8496884735202492,0.0
1483,v3,1.0,0.0
1484,v2,0.8552529182879377,0.0
1484,v3,1.0,0.0
1485,v2,0.8573667711598746,0.0
1485,v3,1.0,0.0
1486,v2,0.8494917904612979,0.0
1486,v3,1.0,0.0
1487,v2,0.856078431372549,0.0
1487,v3,1.0,0.0
1488,v2,0.8517794290183809,0.0
1488,v3,1.0,0.0
1489,v2,0.8520825223822499,0.0
1489,v3,1.0,0.0
1490,v2,0.8510388083104665,0.0
1490,v3,1.0,0.0
1491,v2,0.8578720062819003,0.0
1491,v3,1.0,0.0
1492,v2,0.8578621223857474,0.0
1492,v3,1.0,0.0
1493,v2,0.8507638072855465,0.0
1493,v3,1.0,0.0
1494,v2,0.8541586073500967,0.0
1494,v3,1.0,0.0
1495,v2,0.8547244094488189,0.0
1495,v3,1.0,0.0
1496,v2,0.8523305914610263,0.0
1496,v3,1.0,0.0
1497,v2,0.8513198757763976,0.0
1497,v3,1.0,0.0
1498,v2,0.8443747549980399,0.0
1498,v3,1.0,0.0
1499,v2,0.8537828302626421,0.0
1499,v3,1.0,0.0
1500,v2,0.8553654743390358,0.0
1500,v3,1.0,0.0
1501,v2,0.8576429404900817,0.0
1501,v3,1.0,0.0
1502,v2,0.8619883040935673,0.0
1502,v3,1.0,0.0
1503,v2,0.851736246586032,0.0
1503,v3,1.0,0.0
1504,v2,0.8515748031496063,0.0
1504,v3,1.0,0.0
1505,v2,0.8504490433424443,0.0
1505,v3,1.0,0.0
1506,v2,0.8457979953739398,0.0
1506,v3,1.0,0.0
1507,v2,0.8543276661514683,0.0
1507,v3,1.0,0.0
1508,v2,0.8512780790085205,0.0
1508,v3,1.0,0.0
1509,v2,0.8558103381267004,0.0
1509,v3,1.0,0.0
1510,v2,0.8555339805825243,0.0
1510,v3,1.0,0.0
1511,v2,0.8514700267277587,0.0
1511,v3,1.0,0.0
1512,v2,0.8587636932707355,0.0
1512,v3,1.0,0.0
1513,v2,0.8525665766113469,0.0
1513,v3,1.0,0.0
1514,v2,0.8528138528138528,0.0
1514,v3,1.0,0.0
1515,v2,0.858203125,0.0
1515,v3,1.0,0.0
1516,v2,0.8548323471400394,0.0
1516,v3,1.0,0.0
1517,v2,0.8499418379216751,0.0
1517,v3,1.0,0.0
1518,v2,0.8489010989010989,0.0
1518,v3,1.0,0.0
1519,v2,0.850873786407767,0.0
1519,v3,1.0,0.0
1520,v2,0.8548009367681498,0.0
1520,v3,1.0,0.0
1521,v2,0.8533437622213531,0.0
1521,v3,1.0,0.0
1522,v2,0.8538670812281384,0.0
1522,v3,1.0,0.0
1523,v2,0.8532357473035439,0.0
1523,v3,1.0,0.0
1524,v2,0.8499025341130604,0.0
1524,v3,1.0,0.0
1525,v2,0.8506417736289381,0.0
1525,v3,1.0,0.0
1526,v2,0.8548450372695174,0.0
1526,v3,1.0,0.0
1527,v2,0.858712715855573,0.0
1527,v3,1.0,0.0
1528,v2,0.8483908491663436,0.0
1528,v3,1.0,0.0
1529,v2,0.8583525789068515,0.0
1529,v3,1.0,0.0
1530,v2,0.8525291828793774,0.0
1530,v3,1.0,0.0
1531,v2,0.8547507788161994,0.0
1531,v3,1.0,0.0
1532,v2,0.8531791907514451,0.0
1532,v3,1.0,0.0
1533,v2,0.8513142408787759,0.0
1533,v3,1.0,0.0
1534,v2,0.8475039001560063,0.0
1534,v3,1.0,0.0
1535,v2,0.8557389937106918,0.0
1535,v3,1.0,0.0
1536,v2,0.8544891640866873,0.0
1536,v3,1.0,0.0
1537,v2,0.8551965745426235,0.0
1537,v3,1.0,0.0
1538,v2,0.851063829787234,0.0
1538,v3,1.0,0.0
1539,v2,0.8574775478328778,0.0
1539,v3,1.0,0.0
1540,v2,0.8530676045330207,0.0
1540,v3,1.0,0.0
1541,v2,0.8545526212061489,0.0
1541,v3,1.0,0.0
1542,v2,0.8536299765807962,0.0
1542,v3,1.0,0.0
1543,v2,0.8483393357342938,0.0
1543,v3,1.0,0.0
1544,v2,0.8518662519440124,0.0
1544,v3,1.0,0.0
1545,v2,0.8560371517027864,0.0
1545,v3,1.0,0.0
1546,v2,0.8547637490317583,0.0
1546,v3,1.0,0.0
1547,v2,0.8517801857585139,0.0
1547,v3,1.0,0.0
1548,v2,0.8570875290472502,0.0
1548,v3,1.0,0.0
1549,v2,0.8487361769352291,0.0
1549,v3,1.0,0.0
1550,v2,0.853384912959381,0.0
1550,v3,1.0,0.0
1551,v2,0.8607644305772231,0.0
1551,v3,1.0,0.0
1552,v2,0.8583758336602589,0.0
1552,v3,1.0,0.0
1553,v2,0.8552477565353102,0.0
1553,v3,1.0,0.0
1554,v2,0.8507985975847293,0.0
1554,v3,1.0,0.0
1555,v2,0.8571428571428571,0.0
1555,v3,1.0,0.0
1556,v2,0.8503110419906688,0.0
1556,v3,1.0,0.0
1557,v2,0.8488053270661966,0.0
1557,v3,1.0,0.0
1558,v2,0.8501540832049307,0.0
1558,v3,1.0,0.0
1559,v2,0.8491446345256609,0.0
1559,v3,1.0,0.0
1560,v2,0.8546099290780141,0.0
1560,v3,1.0,0.0
1561,v2,0.8554263565891473,0.0
1561,v3,1.0,0.0
1562,v2,0.8452012383900929,0.0
1562,v3,1.0,0.0
1563,v2,0.8552215189873418,0.0
1563,v3,1.0,0.0
1564,v2,0.8524970963995354,0.0
1564,v3,1.0,0.0
1565,v2,0.8605108055009824,0.0
1565,v3,1.0,0.0
1566,v2,0.8566978193146417,0.0
1566,v3,1.0,0.0
1567,v2,0.8524911730090231,0.0
1567,v3,1.0,0.0
1568,v2,0.8495334370139969,0.0
1568,v3,1.0,0.0
1569,v2,0.8543123543123543,0.0
1569,v3,1.0,0.0
1570,v2,0.8531931464174455,0.0
1570,v3,1.0,0.0
1571,v2,0.8547400611620795,0.0
1571,v3,1.0,0.0
1572,v2,0.8503721112416764,0.0
1572,v3,1.0,0.0
1573,v2,0.8599450765005885,0.0
1573,v3,1.0,0.0
1574,v2,0.8553289726818007,0.0
1574,v3,1.0,0.0
1575,v2,0.8547310561444837,0.0
1575,v3,1.0,0.0
1576,v2,0.8527799530148786,0.0
1576,v3,1.0,0.0
1577,v2,0.85864896524795,0.0
1577,v3,1.0,0.0
1578,v2,0.8558030480656507,0.0
1578,v3,1.0,0.0
1579,v2,0.8555900621118012,0.0
1579,v3,1.0,0.0
1580,v2,0.8521876231769807,0.0
1580,v3,1.0,0.0
1581,v2,0.8600871977804201,0.0
1581,v3,1.0,0.0
1582,v2,0.8511627906976744,0.0
1582,v3,1.0,0.0
1583,v2,0.8541584548679543,0.0
1583,v3,1.0,0.0
1584,v2,0.8522772277227723,0.0
1584,v3,1.0,0.0
1585,v2,0.8557059961315281,0.0
1585,v3,1.0,0.0
1586,v2,0.8553409538825384,0.0
1586,v3,1.0,0.0
1587,v2,0.8632445141065831,0.0
1587,v3,1.0,0.0
1588,v2,0.8530438154323381,0.0
1588,v3,1.0,0.0
1589,v2,0.8531468531468531,0.0
1589,v3,1.0,0.0
1590,v2,0.8506368197607102,0.0
1590,v3,1.0,0.0
1591,v2,0.8540031397174255,0.0
1591,v3,1.0,0.0
1592,v2,0.854215003866976,0.0
1592,v3,1.0,0.0
1593,v2,0.8476302389345868,0.0
1593,v3,1.0,0.0
1594,v2,0.8569758378799688,0.0
1594,v3,1.0,0.0
1595,v2,0.8484021823850351,0.0
1595,v3,1.0,0.0
1596,v2,0.8552175587216019,0.0
1596,v3,1.0,0.0
1597,v2,0.8574211141410206,0.0
1597,v3,1.0,0.0
1598,v2,0.8522727272727273,0.0
1598,v3,1.0,0.0
1599,v2,0.8581532416502947,0.0
1599,v3,1.0,0.0
1600,v2,0.850682261208577,0.0
1600,v3,1.0,0.0
1601,v2,0.8499413833528722,0.0
1601,v3,1.0,0.0
1602,v2,0.8565861262665627,0.0
1602,v3,1.0,0.0
1603,v2,0.8569758378799688,0.0
1603,v3,1.0,0.0
1604,v2,0.86,0.0
1604,v3,1.0,0.0
1605,v2,0.8520231213872832,0.0
1605,v3,1.0,0.0
1606,v2,0.8564778898370831,0.0
1606,v3,1.0,0.0
1607,v2,0.8545808966861599,0.0
1607,v3,1.0,0.0
1608,v2,0.8514308114464916,0.0
1608,v3,1.0,0.0
1609,v2,0.8562524347487339,0.0
1609,v3,1.0,0.0
1610,v2,0.8557993730407524,0.0
1610,v3,1.0,0.0
1611,v2,0.8569200779727095,0.0
1611,v3,1.0,0.0
1612,v2,0.8536398467432951,0.0
1612,v3,1.0,0.0
1613,v2,0.8544747081712062,0.0
1613,v3,1.0,0.0
1614,v2,0.8502970297029703,0.0
1614,v3,1.0,0.0
1615,v2,0.8507462686567164,0.0
1615,v3,1.0,0.0
1616,v2,0.8555858310626703,0.0
1616,v3,1.0,0.0
1617,v2,0.8556942277691107,0.0
1617,v3,1.0,0.0
1618,v2,0.8505254963020631,0.0
1618,v3,1.0,0.0
1619,v2,0.8536870854467421,0.0
1619,v3,1.0,0.0
1620,v2,0.8546017014694509,0.0
1620,v3,1.0,0.0
1621,v2,0.8518518518518519,0.0
1621,v3,1.0,0.0
1622,v2,0.8536776212832551,0.0
1622,v3,1.0,0.0
1623,v2,0.8585500394011032,0.0
1623,v3,1.0,0.0
1624,v2,0.8520874751491053,0.0
1624,v3,1.0,0.0
1625,v2,0.8512364760432767,0.0
1625,v3,1.0,0.0
1626,v2,0.860236220472441,0.0
1626,v3,1.0,0.0
1627,v2,0.854289071680376,0.0
1627,v3,1.0,0.0
1628,v2,0.859210011732499,0.0
1628,v3,1.0,0.0
1629,v2,0.85625,0.0
1629,v3,1.0,0.0
1630,v2,0.8536395484624367,0.0
1630,v3,1.0,0.0
1631,v2,0.8549202644885259,0.0
1631,v3,1.0,0.0
1632,v2,0.8538219070133963,0.0
1632,v3,1.0,0.0
1633,v2,0.8570321580782643,0.0
1633,v3,1.0,0.0
1634,v2,0.8610236220472441,0.0
1634,v3,1.0,0.0
1635,v2,0.8485202492211839,0.0
1635,v3,1.0,0.0
1636,v2,0.8584942845880962,0.0
1636,v3,1.0,0.0
1637,v2,0.8575289575289575,0.0
1637,v3,1.0,0.0
1638,v2,0.85219758848697,0.0
1638,v3,1.0,0.0
1639,v2,0.852317360565593,0.0
1639,v3,1.0,0.0
1640,v2,0.8619607843137255,0.0
1640,v3,1.0,0.0
1641,v2,0.8498427672955975,0.0
1641,v3,1.0,0.0
1642,v2,0.8513618677042801,0.0
1642,v3,1.0,0.0
1643,v2,0.851764705882353,0.0
1643,v3,1.0,0.0
1644,v2,0.8554169914263445,0.0
1644,v3,1.0,0.0
1645,v2,0.8547815820543093,0.0
1645,v3,1.0,0.0
1646,v2,0.8599921783339851,0.0
1646,v3,1.0,0.0
1647,v2,0.8534381139489194,0.0
1647,v3,1.0,0.0
1648,v2,0.8507063764795724,0.0
1648,v3,1.0,0.0
1649,v2,0.8533541341653667,0.0
1649,v3,1.0,0.0
1650,v2,0.8530917684127609,0.0
1650,v3,1.0,0.0
1651,v2,0.8549262994569433,0.0
1651,v3,1.0,0.0
1652,v2,0.8567536006228105,0.0
1652,v3,1.0,0.0
1653,v2,0.85325029194239,0.0
1653,v3,1.0,0.0
1654,v2,0.8557504873294347,0.0
1654,v3,1.0,0.0
1655,v2,0.8551401869158879,0.0
1655,v3,1.0,0.0
1656,v2,0.8577569363032435,0.0
1656,v3,1.0,0.0
1657,v2,0.8496860282574569,0.0
1657,v3,1.0,0.0
1658,v2,0.8547637490317583,0.0
1658,v3,1.0,0.0
1659,v2,0.8562475518997258,0.0
1659,v3,1.0,0.0
1660,v2,0.8535825545171339,0.0
1660,v3,1.0,0.0
1661,v2,0.8518662519440124,0.0
1661,v3,1.0,0.0
1662,v2,0.8509819021948402,0.0
1662,v3,1.0,0.0
1663,v2,0.8521806252412196,0.0
1663,v3,1.0,0.0
1664,v2,0.8568650330610658,0.0
1664,v3,1.0,0.0
1665,v2,0.8559718969555035,0.0
1665,v3,1.0,0.0
1666,v2,0.8565784274990123,0.0
1666,v3,1.0,0.0
1667,v2,0.8582646250490773,0.0
1667,v3,1.0,0.0
1668,v2,0.8515777171795871,0.0
1668,v3,1.0,0.0
1669,v2,0.8468468468468469,0.0
1669,v3,1.0,0.0
1670,v2,0.8560188827694729,0.0
1670,v3,1.0,0.0
1671,v2,0.8498253783469151,0.0
1671,v3,1.0,0.0
1672,v2,0.8530676045330207,0.0
1672,v3,1.0,0.0
1673,v2,0.856974921630094,0.0
1673,v3,1.0,0.0
1674,v2,0.8597914252607184,0.0
1674,v3,1.0,0.0
1675,v2,0.8562015503875969,0.0
1675,v3,1.0,0.0
1676,v2,0.8540688575899843,0.0
1676,v3,1.0,0.0
1677,v2,0.8493150684931506,0.0
1677,v3,1.0,0.0
1678,v2,0.8559622195985832,0.0
1678,v3,1.0,0.0
1679,v2,0.8500784929356358,0.0
1679,v3,1.0,0.0
1680,v2,0.853716083366103,0.0
1680,v3,1.0,0.0
1681,v2,0.8527070063694268,0.0
1681,v3,1.0,0.0
1682,v2,0.8525236593059937,0.0
1682,v3,1.0,0.0
1683,v2,0.860062893081761,0.0
1683,v3,1.0,0.0
1684,v2,0.8555942702284166,0.0
1684,v3,1.0,0.0
1685,v2,0.8575961919873066,0.0
1685,v3,1.0,0.0
1686,v2,0.8488783943329398,0.0
1686,v3,1.0,0.0
1687,v2,0.859860248447205,0.0
1687,v3,1.0,0.0
1688,v2,0.8566447113521891,0.0
1688,v3,1.0,0.0
1689,v2,0.8557617942768755,0.0
1689,v3,1.0,0.0
1690,v2,0.8520988622989407,0.0
1690,v3,1.0,0.0
1691,v2,0.854630715123095,0.0
1691,v3,1.0,0.0
1692,v2,0.8574257425742574,0.0
1692,v3,1.0,0.0
1693,v2,0.8504208110175976,0.0
1693,v3,1.0,0.0
1694,v2,0.8478851377570819,0.0
1694,v3,1.0,0.0
1695,v2,0.8561348490787927,0.0
1695,v3,1.0,0.0
1696,v2,0.8528257456828885,0.0
1696,v3,1.0,0.0
1697,v2,0.8459427675421404,0.0
1697,v3,1.0,0.0
1698,v2,0.8561938257131692,0.0
1698,v3,1.0,0.0
1699,v2,0.8583333333333333,0.0
1699,v3,1.0,0.0
1700,v2,0.8486507626124364,0.0
1700,v3,1.0,0.0
1701,v2,0.855078125,0.0
1701,v3,1.0,0.0
1702,v2,0.8546443839875631,0.0
1702,v3,1.0,0.0
1703,v2,0.8503134796238244,0.0
1703,v3,1.0,0.0
1704,v2,0.853243670886076,0.0
1704,v3,1.0,0.0
1705,v2,0.8536299765807962,0.0
1705,v3,1.0,0.0
1706,v2,0.8575331772053083,0.0
1706,v3,1.0,0.0
1707,v2,0.8569218870843001,0.0
1707,v3,1.0,0.0
1708,v2,0.8541829554339327,0.0
1708,v3,1.0,0.0
1709,v2,0.8480673555300421,0.0
1709,v3,1.0,0.0
1710,v2,0.8571989015300118,0.0
1710,v3,1.0,0.0
1711,v2,0.8570309439874657,0.0
1711,v3,1.0,0.0
1712,v2,0.8523305914610263,0.0
1712,v3,1.0,0.0
1713,v2,0.8583792289535799,0.0
1713,v3,1.0,0.0
1714,v2,0.8539150759641605,0.0
1714,v3,1.0,0.0
1715,v2,0.8511974872398901,0.0
1715,v3,1.0,0.0
1716,v2,0.854573885848319,0.0
1716,v3,1.0,0.0
1717,v2,0.8525490196078431,0.0
1717,v3,1.0,0.0
1718,v2,0.8500784929356358,0.0
1718,v3,1.0,0.0
1719,v2,0.8556741795175958,0.0
1719,v3,1.0,0.0
1720,v2,0.851808634772462,0.0
1720,v3,1.0,0.0
1721,v2,0.8576952822892498,0.0
1721,v3,1.0,0.0
1722,v2,0.8535353535353535,0.0
1722,v3,1.0,0.0
1723,v2,0.8493256262042389,0.0
1723,v3,1.0,0.0
1724,v2,0.8602825745682888,0.0
1724,v3,1.0,0.0
1725,v2,0.8543764523625097,0.0
1725,v3,1.0,0.0
1726,v2,0.8523568367744448,0.0
1726,v3,1.0,0.0
1727,v2,0.8584384858044164,0.0
1727,v3,1.0,0.0
1728,v2,0.8565799842395587,0.0
1728,v3,1.0,0.0
1729,v2,0.8522417153996101,0.0
1729,v3,1.0,0.0
1730,v2,0.85171862509992,0.0
1730,v3,1.0,0.0
1731,v2,0.8551587301587301,0.0
1731,v3,1.0,0.0
1732,v2,0.849591916051302,0.0
1732,v3,1.0,0.0
1733,v2,0.8532910388580491,0.0
1733,v3,1.0,0.0
1734,v2,0.85625,0.0
1734,v3,1.0,0.0
1735,v2,0.8521400778210116,0.0
1735,v3,1.0,0.0
1736,v2,0.8507751937984496,0.0
1736,v3,1.0,0.0
1737,v2,0.8520825223822499,0.0
1737,v3,1.0,0.0
1738,v2,0.8509147528221098,0.0
1738,v3,1.0,0.0
1739,v2,0.8491147036181679,0.0
1739,v3,1.0,0.0
1740,v2,0.8518948182521269,0.0
1740,v3,1.0,0.0
1741,v2,0.8538310412573674,0.0
1741,v3,1.0,0.0
1742,v2,0.8511214230471771,0.0
1742,v3,1.0,0.0
1743,v2,0.8537642885297596,0.0
1743,v3,1.0,0.0
1744,v2,0.8590944574551131,0.0
1744,v3,1.0,0.0
1745,v2,0.8552018633540373,0.0
1745,v3,1.0,0.0
1746,v2,0.8532289628180039,0.0
1746,v3,1.0,0.0
1747,v2,0.8522860492379836,0.0
1747,v3,1.0,0.0
1748,v2,0.8598528842431281,0.0
1748,v3,1.0,0.0
1749,v2,0.857031857031857,0.0
1749,v3,1.0,0.0
1750,v2,0.851808634772462,0.0
1750,v3,1.0,0.0
1751,v2,0.8528717545239969,0.0
1751,v3,1.0,0.0
1752,v2,0.8561457929430012,0.0
1752,v3,1.0,0.0
1753,v2,0.8534982605334364,0.0
1753,v3,1.0,0.0
1754,v2,0.8562450903377847,0.0
1754,v3,1.0,0.0
1755,v2,0.8595863166268894,0.0
1755,v3,1.0,0.0
1756,v2,0.857087075361187,0.0
1756,v3,1.0,0.0
1757,v2,0.8524212144504227,0.0
1757,v3,1.0,0.0
1758,v2,0.8495887191539365,0.0
1758,v3,1.0,0.0
1759,v2,0.8542635658914729,0.0
1759,v3,1.0,0.0
1760,v2,0.8526645768025078,0.0
1760,v3,1.0,0.0
1761,v2,0.8523698523698524,0.0
1761,v3,1.0,0.0
1762,v2,0.8536870854467421,0.0
1762,v3,1.0,0.0
1763,v2,0.845915602013163,0.0
1763,v3,1.0,0.0
1764,v2,0.8603921568627451,0.0
1764,v3,1.0,0.0
1765,v2,0.8512110726643599,0.0
1765,v3,1.0,0.0
1766,v2,0.8598825831702545,0.0
1766,v3,1.0,0.0
1767,v2,0.8495297805642633,0.0
1767,v3,1.0,0.0
1768,v2,0.8573661586557249,0.0
1768,v3,1.0,0.0
1769,v2,0.8511390416339356,0.0
1769,v3,1.0,0.0
1770,v2,0.8527583527583528,0.0
1770,v3,1.0,0.0
1771,v2,0.8544401544401544,0.0
1771,v3,1.0,0.0
1772,v2,0.8599766627771295,0.0
1772,v3,1.0,0.0
1773,v2,0.8516949152542372,0.0
1773,v3,1.0,0.0
1774,v2,0.8533333333333334,0.0
1774,v3,1.0,0.0
1775,v2,0.8512461059190031,0.0
1775,v3,1.0,0.0
1776,v2,0.8579234972677595,0.0
1776,v3,1.0,0.0
1777,v2,0.856353591160221,0.0
1777,v3,1.0,0.0
1778,v2,0.8515163450177236,0.0
1778,v3,1.0,0.0
1779,v2,0.8537717601547389,0.0
1779,v3,1.0,0.0
1780,v2,0.8512461059190031,0.0
1780,v3,1.0,0.0
1781,v2,0.8591277499035122,0.0
1781,v3,1.0,0.0
1782,v2,0.859204368174727,0.0
1782,v3,1.0,0.0
1783,v2,0.8556170886075949,0.0
1783,v3,1.0,0.0
1784,v2,0.8535548686244204,0.0
1784,v3,1.0,0.0
1785,v2,0.8514890282131662,0.0
1785,v3,1.0,0.0
1786,v2,0.8559256390395042,0.0
1786,v3,1.0,0.0
1787,v2,0.8528257456828885,0.0
1787,v3,1.0,0.0
1788,v2,0.856078431372549,0.0
1788,v3,1.0,0.0
1789,v2,0.852803738317757,0.0
1789,v3,1.0,0.0
1790,v2,0.8588836477987422,0.0
1790,v3,1.0,0.0
1791,v2,0.8519813519813519,0.0
1791,v3,1.0,0.0
1792,v2,0.8547507788161994,0.0
1792,v3,1.0,0.0
1793,v2,0.8498253783469151,0.0
1793,v3,1.0,0.0
1794,v2,0.8511881573821581,0.0
1794,v3,1.0,0.0
1795,v2,0.8569753810082064,0.0
1795,v3,1.0,0.0
1796,v2,0.8498638661999222,0.0
1796,v3,1.0,0.0
1797,v2,0.8569744597249509,0.0
1797,v3,1.0,0.0
1798,v2,0.8554595443833464,0.0
1798,v3,1.0,0.0
1799,v2,0.8522683210546723,0.0
1799,v3,1.0,0.0
1800,v2,0.8541185527328714,0.0
1800,v3,1.0,0.0
1801,v2,0.8503507404520655,0.0
1801,v3,1.0,0.0
1802,v2,0.8526438569206843,0.0
1802,v3,1.0,0.0
1803,v2,0.8632612966601179,0.0
1803,v3,1.0,0.0
1804,v2,0.8490347490347491,0.0
1804,v3,1.0,0.0
1805,v2,0.8551456310679612,0.0
1805,v3,1.0,0.0
1806,v2,0.8567567567567568,0.0
1806,v3,1.0,0.0
1807,v2,0.8533805031446541,0.0
1807,v3,1.0,0.0
1808,v2,0.8532713898567557,0.0
1808,v3,1.0,0.0
1809,v2,0.8584208479190977,0.0
1809,v3,1.0,0.0
1810,v2,0.8565861262665627,0.0
1810,v3,1.0,0.0
1811,v2,0.8546153846153847,0.0
1811,v3,1.0,0.0
1812,v2,0.8554595443833464,0.0
1812,v3,1.0,0.0
1813,v2,0.8536114329857087,0.0
1813,v3,1.0,0.0
1814,v2,0.8576388888888888,0.0
1814,v3,1.0,0.0
1815,v2,0.8530917684127609,0.0
1815,v3,1.0,0.0
1816,v2,0.8582677165354331,0.0
1816,v3,1.0,0.0
1817,v2,0.8502321981424149,0.0
1817,v3,1.0,0.0
1818,v2,0.856078431372549,0.0
1818,v3,1.0,0.0
1819,v2,0.8582980361956103,0.0
1819,v3,1.0,0.0
1820,v2,0.8493044822256569,0.0
1820,v3,1.0,0.0
1821,v2,0.8508395158141351,0.0
1821,v3,1.0,0.0
1822,v2,0.8471042471042471,0.0
1822,v3,1.0,0.0
1823,v2,0.858094864758918,0.0
1823,v3,1.0,0.0
1824,v2,0.8531139835487661,0.0
1824,v3,1.0,0.0
1825,v2,0.8566433566433567,0.0
1825,v3,1.0,0.0
1826,v2,0.8623817034700315,0.0
1826,v3,1.0,0.0
1827,v2,0.8492822966507177,0.0
1827,v3,1.0,0.0
1828,v2,0.8540117416829746,0.0
1828,v3,1.0,0.0
1829,v2,0.8535433070866142,0.0
1829,v3,1.0,0.0
1830,v2,0.8550893550893551,0.0
1830,v3,1.0,0.0
1831,v2,0.8537549407114624,0.0
1831,v3,1.0,0.0
1832,v2,0.8495950636328576,0.0
1832,v3,1.0,0.0
1833,v2,0.8526148969889065,0.0
1833,v3,1.0,0.0
1834,v2,0.8546443839875631,0.0
1834,v3,1.0,0.0
1835,v2,0.8574166347259486,0.0
1835,v3,1.0,0.0
1836,v2,0.8556981719175418,0.0
1836,v3,1.0,0.0
1837,v2,0.8492501973164956,0.0
1837,v3,1.0,0.0
1838,v2,0.8564705882352941,0.0
1838,v3,1.0,0.0
1839,v2,0.8561989895064127,0.0
1839,v3,1.0,0.0
1840,v2,0.8583202511773941,0.0
1840,v3,1.0,0.0
1841,v2,0.8569194683346364,0.0
1841,v3,1.0,0.0
1842,v2,0.8540087754287994,0.0
1842,v3,1.0,0.0
1843,v2,0.8563727377743551,0.0
1843,v3,1.0,0.0
1844,v2,0.8489320388349515,0.0
1844,v3,1.0,0.0
1845,v2,0.8534956794972506,0.0
1845,v3,1.0,0.0
1846,v2,0.8534583821805393,0.0
1846,v3,1.0,0.0
1847,v2,0.8547637490317583,0.0
1847,v3,1.0,0.0
1848,v2,0.8558487593540764,0.0
1848,v3,1.0,0.0
1849,v2,0.8579721362229102,0.0
1849,v3,1.0,0.0
1850,v2,0.8554122704181321,0.0
1850,v3,1.0,0.0
1851,v2,0.8539325842696629,0.0
1851,v3,1.0,0.0
1852,v2,0.8520988622989407,0.0
1852,v3,1.0,0.0
1853,v2,0.8548895899053628,0.0
1853,v3,1.0,0.0
1854,v2,0.8517350157728707,0.0
1854,v3,1.0,0.0
1855,v2,0.8573094867807154,0.0
1855,v3,1.0,0.0
1856,v2,0.8527918781725888,0.0
1856,v3,1.0,0.0
1857,v2,0.8489180834621329,0.0
1857,v3,1.0,0.0
1858,v2,0.8514578408195429,0.0
1858,v3,1.0,0.0
1859,v2,0.855862874951305,0.0
1859,v3,1.0,0.0
1860,v2,0.8532038834951456,0.0
1860,v3,1.0,0.0
1861,v2,0.8551181102362204,0.0
1861,v3,1.0,0.0
1862,v2,0.8547507788161994,0.0
1862,v3,1.0,0.0
1863,v2,0.8521840873634945,0.0
1863,v3,1.0,0.0
1864,v2,0.8549528301886793,0.0
1864,v3,1.0,0.0
1865,v2,0.8519938650306749,0.0
1865,v3,1.0,0.0
1866,v2,0.8523956723338485,0.0
1866,v3,1.0,0.0
1867,v2,0.853390827126617,0.0
1867,v3,1.0,0.0
1868,v2,0.8551965745426235,0.0
1868,v3,1.0,0.0
1869,v2,0.8550330353672756,0.0
1869,v3,1.0,0.0
1870,v2,0.8561912225705329,0.0
1870,v3,1.0,0.0
1871,v2,0.8583106267029973,0.0
1871,v3,1.0,0.0
1872,v2,0.848006316620608,0.0
1872,v3,1.0,0.0
1873,v2,0.8595106550907656,0.0
1873,v3,1.0,0.0
1874,v2,0.8536018590240124,0.0
1874,v3,1.0,0.0
1875,v2,0.8534684333593141,0.0
1875,v3,1.0,0.0
1876,v2,0.8561779896702424,0.0
1876,v3,1.0,0.0
1877,v2,0.8598996526437669,0.0
1877,v3,1.0,0.0
1878,v2,0.8565815324165029,0.0
1878,v3,1.0,0.0
1879,v2,0.854045683313976,0.0
1879,v3,1.0,0.0
1880,v2,0.8591549295774648,0.0
1880,v3,1.0,0.0
1881,v2,0.8602912239275876,0.0
1881,v3,1.0,0.0
1882,v2,0.8597038191738113,0.0
1882,v3,1.0,0.0
1883,v2,0.8546238244514106,0.0
1883,v3,1.0,0.0
1884,v2,0.8588421887390959,0.0
1884,v3,1.0,0.0
1885,v2,0.8571428571428571,0.0
1885,v3,1.0,0.0
1886,v2,0.8507109004739336,0.0
1886,v3,1.0,0.0
1887,v2,0.8547442405310426,0.0
1887,v3,1.0,0.0
1888,v2,0.8514150943396226,0.0
1888,v3,1.0,0.0
1889,v2,0.8513931888544891,0.0
1889,v3,1.0,0.0
1890,v2,0.8535451375435877,0.0
1890,v3,1.0,0.0
1891,v2,0.8599921783339851,0.0
1891,v3,1.0,0.0
1892,v2,0.856301531213192,0.0
1892,v3,1.0,0.0
1893,v2,0.8528155339805825,0.0
1893,v3,1.0,0.0
1894,v2,0.8559223300970874,0.0
1894,v3,1.0,0.0
1895,v2,0.8535353535353535,0.0
1895,v3,1.0,0.0
1896,v2,0.8506109578242018,0.0
1896,v3,1.0,0.0
1897,v2,0.8475422427035331,0.0
1897,v3,1.0,0.0
1898,v2,0.859338061465721,0.0
1898,v3,1.0,0.0
1899,v2,0.8569776407093292,0.0
1899,v3,1.0,0.0
1900,v2,0.8494496855345912,0.0
1900,v3,1.0,0.0
1901,v2,0.8490639625585024,0.0
1901,v3,1.0,0.0
1902,v2,0.8493203883495145,0.0
1902,v3,1.0,0.0
1903,v2,0.855686274509804,0.0
1903,v3,1.0,0.0
1904,v2,0.8588741204065676,0.0
1904,v3,1.0,0.0
1905,v2,0.8525989138867339,0.0
1905,v3,1.0,0.0
1906,v2,0.8552268244575937,0.0
1906,v3,1.0,0.0
1907,v2,0.853923853923854,0.0
1907,v3,1.0,0.0
1908,v2,0.8559156579461148,0.0
1908,v3,1.0,0.0
1909,v2,0.8534416086620263,0.0
1909,v3,1.0,0.0
1910,v2,0.8498054474708171,0.0
1910,v3,1.0,0.0
1911,v2,0.8557504873294347,0.0
1911,v3,1.0,0.0
1912,v2,0.8531139835487661,0.0
1912,v3,1.0,0.0
1913,v2,0.8529296106960284,0.0
1913,v3,1.0,0.0
1914,v2,0.8582677165354331,0.0
1914,v3,1.0,0.0
1915,v2,0.8604919292851653,0.0
1915,v3,1.0,0.0
1916,v2,0.8475633528265107,0.0
1916,v3,1.0,0.0
1917,v2,0.8517374517374517,0.0
1917,v3,1.0,0.0
1918,v2,0.85219758848697,0.0
1918,v3,1.0,0.0
1919,v2,0.8546739984289081,0.0
1919,v3,1.0,0.0
1920,v2,0.8531359563693027,0.0
1920,v3,1.0,0.0
1921,v2,0.8508566978193146,0.0
1921,v3,1.0,0.0
1922,v2,0.8516483516483516,0.0
1922,v3,1.0,0.0
1923,v2,0.8475492087996912,0.0
1923,v3,1.0,0.0
1924,v2,0.8537626066718387,0.0
1924,v3,1.0,0.0
1925,v2,0.8520664349169563,0.0
1925,v3,1.0,0.0
1926,v2,0.8522860492379836,0.0
1926,v3,1.0,0.0
1927,v2,0.8530564263322884,0.0
1927,v3,1.0,0.0
1928,v2,0.8460342146189735,0.0
1928,v3,1.0,0.0
1929,v2,0.8605108055009824,0.0
1929,v3,1.0,0.0
1930,v2,0.850804868472713,0.0
1930,v3,1.0,0.0
1931,v2,0.8568075117370892,0.0
1931,v3,1.0,0.0
1932,v2,0.8578088578088578,0.0
1932,v3,1.0,0.0
1933,v2,0.8532910388580491,0.0
1933,v3,1.0,0.0
1934,v2,0.8484021823850351,0.0
1934,v3,1.0,0.0
1935,v2,0.8534784298484259,0.0
1935,v3,1.0,0.0
1936,v2,0.8549766718506998,0.0
1936,v3,1.0,0.0
1937,v2,0.8525989138867339,0.0
1937,v3,1.0,0.0
1938,v2,0.8494917904612979,0.0
1938,v3,1.0,0.0
1939,v2,0.8554641598119859,0.0
1939,v3,1.0,0.0
1940,v2,0.8461839530332681,0.0
1940,v3,1.0,0.0
1941,v2,0.8567014291232136,0.0
1941,v3,1.0,0.0
1942,v2,0.8491970231100666,0.0
1942,v3,1.0,0.0
1943,v2,0.8473101265822784,0.0
1943,v3,1.0,0.0
1944,v2,0.853923853923854,0.0
1944,v3,1.0,0.0
1945,v2,0.8497267759562842,0.0
1945,v3,1.0,0.0
1946,v2,0.8544891640866873,0.0
1946,v3,1.0,0.0
1947,v2,0.8541021671826625,0.0
1947,v3,1.0,0.0
1948,v2,0.8503846153846154,0.0
1948,v3,1.0,0.0
1949,v2,0.8503507404520655,0.0
1949,v3,1.0,0.0
1950,v2,0.8495260663507109,0.0
1950,v3,1.0,0.0
1951,v2,0.8569200779727095,0.0
1951,v3,1.0,0.0
1952,v2,0.8511881573821581,0.0
1952,v3,1.0,0.0
1953,v2,0.8555295950155763,0.0
1953,v3,1.0,0.0
1954,v2,0.8621504529342261,0.0
1954,v3,1.0,0.0
1955,v2,0.8510227711308375,0.0
1955,v3,1.0,0.0
1956,v2,0.853078721745908,0.0
1956,v3,1.0,0.0
1957,v2,0.8552373479795998,0.0
1957,v3,1.0,0.0
1958,v2,0.8531468531468531,0.0
1958,v3,1.0,0.0
1959,v2,0.8517499016909162,0.0
1959,v3,1.0,0.0
1960,v2,0.8566433566433567,0.0
1960,v3,1.0,0.0
1961,v2,0.8583758336602589,0.0
1961,v3,1.0,0.0
1962,v2,0.8486507626124364,0.0
1962,v3,1.0,0.0
1963,v2,0.8520408163265306,0.0
1963,v3,1.0,0.0
1964,v2,0.8559686888454012,0.0
1964,v3,1.0,0.0
1965,v2,0.8568627450980392,0.0
1965,v3,1.0,0.0
1966,v2,0.8500196309383589,0.0
1966,v3,1.0,0.0
1967,v2,0.8515198752922837,0.0
1967,v3,1.0,0.0
1968,v2,0.8517940717628705,0.0
1968,v3,1.0,0.0
1969,v2,0.8610783156237701,0.0
1969,v3,1.0,0.0
1970,v2,0.8551068883610451,0.0
1970,v3,1.0,0.0
1971,v2,0.8563469956227616,0.0
1971,v3,1.0,0.0
1972,v2,0.8539325842696629,0.0
1972,v3,1.0,0.0
1973,v2,0.8510805500982318,0.0
1973,v3,1.0,0.0
1974,v2,0.8602912239275876,0.0
1974,v3,1.0,0.0
1975,v2,0.8560871256320498,0.0
1975,v3,1.0,0.0
1976,v2,0.8527820710973725,0.0
1976,v3,1.0,0.0
1977,v2,0.85703125,0.0
1977,v3,1.0,0.0
1978,v2,0.8529528339278637,0.0
1978,v3,1.0,0.0
1979,v2,0.8518518518518519,0.0
1979,v3,1.0,0.0
1980,v2,0.8475750577367206,0.0
1980,v3,1.0,0.0
1981,v2,0.8527011270890011,0.0
1981,v3,1.0,0.0
1982,v2,0.854296875,0.0
1982,v3,1.0,0.0
1983,v2,0.8566378633150039,0.0
1983,v3,1.0,0.0
1984,v2,0.8531823506442796,0.0
1984,v3,1.0,0.0
1985,v2,0.8556782334384858,0.0
1985,v3,1.0,0.0
1986,v2,0.8548323471400394,0.0
1986,v3,1.0,0.0
1987,v2,0.854757281553398,0.0
1987,v3,1.0,0.0
1988,v2,0.8558523173605656,0.0
1988,v3,1.0,0.0
1989,v2,0.8517200474495848,0.0
1989,v3,1.0,0.0
1990,v2,0.8582089552238806,0.0
1990,v3,1.0,0.0
1991,v2,0.854895792371215,0.0
1991,v3,1.0,0.0
1992,v2,0.8498817966903073,0.0
1992,v3,1.0,0.0
1993,v2,0.8550893550893551,0.0
1993,v3,1.0,0.0
1994,v2,0.858984375,0.0
1994,v3,1.0,0.0
1995,v2,0.852803738317757,0.0
1995,v3,1.0,0.0
1996,v2,0.8550272798129385,0.0
1996,v3,1.0,0.0
1997,v2,0.8566904196357878,0.0
1997,v3,1.0,0.0
1998,v2,0.8552268244575937,0.0
1998,v3,1.0,0.0
1999,v2,0.8524970963995354,0.0
1999,v3,1.0,0.0
2000,v2,0.8536870854467421,0.0
2000,v3,1.0,0.0
2001,v2,0.8543229372285827,0.0
2001,v3,1.0,0.0
2002,v2,0.8528138528138528,0.0
2002,v3,1.0,0.0
2003,v2,0.8637251073799297,0.0
2003,v3,1.0,0.0
2004,v2,0.8507229386479094,0.0
2004,v3,1.0,0.0
2005,v2,0.844383775351014,0.0
2005,v3,1.0,0.0
2006,v2,0.8551859099804305,0.0
2006,v3,1.0,0.0
2007,v2,0.8461538461538461,0.0
2007,v3,1.0,0.0
2008,v2,0.8578740157480315,0.0
2008,v3,1.0,0.0
2009,v2,0.8508158508158508,0.0
2009,v3,1.0,0.0
2010,v2,0.8485804416403786,0.0
2010,v3,1.0,0.0
2011,v2,0.8565936178392926,0.0
2011,v3,1.0,0.0
2012,v2,0.8607003891050584,0.0
2012,v3,1.0,0.0
2013,v2,0.8534755134281201,0.0
2013,v3,1.0,0.0
2014,v2,0.8506468051744414,0.0
2014,v3,1.0,0.0
2015,v2,0.8551004636785162,0.0
2015,v3,1.0,0.0
2016,v2,0.8581001182499015,0.0
2016,v3,1.0,0.0
2017,v2,0.8559156579461148,0.0
2017,v3,1.0,0.0
2018,v2,0.8564742589703588,0.0
2018,v3,1.0,0.0
2019,v2,0.8522860492379836,0.0
2019,v3,1.0,0.0
2020,v2,0.856140350877193,0.0
2020,v3,1.0,0.0
2021,v2,0.8552215189873418,0.0
2021,v3,1.0,0.0
2022,v2,0.8489684702218763,0.0
2022,v3,1.0,0.0
2023,v2,0.852054794520548,0.0
2023,v3,1.0,0.0
2024,v2,0.8546168958742633,0.0
2024,v3,1.0,0.0
2025,v2,0.8514890282131662,0.0
2025,v3,1.0,0.0
2026,v2,0.8557919621749409,0.0
2026,v3,1.0,0.0
2027,v2,0.849336455893833,0.0
2027,v3,1.0,0.0
2028,v2,0.8548136645962733,0.0
2028,v3,1.0,0.0
2029,v2,0.8553557466770915,0.0
2029,v3,1.0,0.0
2030,v2,0.8552321007081038,0.0
2030,v3,1.0,0.0
2031,v2,0.8523040567152422,0.0
2031,v3,1.0,0.0
2032,v2,0.8559782608695652,0.0
2032,v3,1.0,0.0
2033,v2,0.8561348490787927,0.0
2033,v3,1.0,0.0
2034,v2,0.8565846033606878,0.0
2034,v3,1.0,0.0
2035,v2,0.8497246262785209,0.0
2035,v3,1.0,0.0
2036,v2,0.8557389937106918,0.0
2036,v3,1.0,0.0
2037,v2,0.8504854368932039,0.0
2037,v3,1.0,0.0
2038,v2,0.8539325842696629,0.0
2038,v3,1.0,0.0
2039,v2,0.8497615262321144,0.0
2039,v3,1.0,0.0
2040,v2,0.8502528199144301,0.0
2040,v3,1.0,0.0
2041,v2,0.8507698381365969,0.0
2041,v3,1.0,0.0
2042,v2,0.8506645817044566,0.0
2042,v3,1.0,0.0
2043,v2,0.8547310561444837,0.0
2043,v3,1.0,0.0
2044,v2,0.8555942702284166,0.0
2044,v3,1.0,0.0
2045,v2,0.8556296586896822,0.0
2045,v3,1.0,0.0
2046,v2,0.8497469832619696,0.0
2046,v3,1.0,0.0
2047,v2,0.8528717545239969,0.0
2047,v3,1.0,0.0
2048,v2,0.8462732919254659,0.0
2048,v3,1.0,0.0
2049,v2,0.8530917684127609,0.0
2049,v3,1.0,0.0
2050,v2,0.853239656518345,0.0
2050,v3,1.0,0.0
2051,v2,0.8568657874321179,0.0
2051,v3,1.0,0.0
2052,v2,0.8501362397820164,0.0
2052,v3,1.0,0.0
2053,v2,0.8476227591582229,0.0
2053,v3,1.0,0.0
2054,v2,0.8548575887631682,0.0
2054,v3,1.0,0.0
2055,v2,0.8576402321083172,0.0
2055,v3,1.0,0.0
2056,v2,0.858814352574103,0.0
2056,v3,1.0,0.0
2057,v2,0.8558139534883721,0.0
2057,v3,1.0,0.0
2058,v2,0.8561348490787927,0.0
2058,v3,1.0,0.0
2059,v2,0.8622448979591837,0.0
2059,v3,1.0,0.0
2060,v2,0.8586017282010998,0.0
2060,v3,1.0,0.0
2061,v2,0.8529759558533702,0.0
2061,v3,1.0,0.0
2062,v2,0.8560371517027864,0.0
2062,v3,1.0,0.0
2063,v2,0.8606395578365574,0.0
2063,v3,1.0,0.0
2064,v2,0.8501180173092053,0.0
2064,v3,1.0,0.0
2065,v2,0.856353591160221,0.0
2065,v3,1.0,0.0
2066,v2,0.8582002337358785,0.0
2066,v3,1.0,0.0
2067,v2,0.8532038834951456,0.0
2067,v3,1.0,0.0
2068,v2,0.8554595443833464,0.0
2068,v3,1.0,0.0
2069,v2,0.8492990654205608,0.0
2069,v3,1.0,0.0
2070,v2,0.8521431380259537,0.0
2070,v3,1.0,0.0
2071,v2,0.8547486033519553,0.0
2071,v3,1.0,0.0
2072,v2,0.8527938342967245,0.0
2072,v3,1.0,0.0
2073,v2,0.8593930080676143,0.0
2073,v3,1.0,0.0
2074,v2,0.8541666666666666,0.0
2074,v3,1.0,0.0
2075,v2,0.855975087582717,0.0
2075,v3,1.0,0.0
2076,v2,0.8548700038804812,0.0
2076,v3,1.0,0.0
2077,v2,0.8496680983990629,0.0
2077,v3,1.0,0.0
2078,v2,0.8505477308294209,0.0
2078,v3,1.0,0.0
2079,v2,0.8519827247742442,0.0
2079,v3,1.0,0.0
2080,v2,0.8641346906812842,0.0
2080,v3,1.0,0.0
2081,v2,0.8537609774723177,0.0
2081,v3,1.0,0.0
2082,v2,0.8548262548262548,0.0
2082,v3,1.0,0.0
2083,v2,0.8547244094488189,0.0
2083,v3,1.0,0.0
2084,v2,0.8520686963309914,0.0
2084,v3,1.0,0.0
2085,v2,0.8569218870843001,0.0
2085,v3,1.0,0.0
2086,v2,0.8506944444444444,0.0
2086,v3,1.0,0.0
2087,v2,0.8525564803804994,0.0
2087,v3,1.0,0.0
2088,v2,0.8487958941966048,0.0
2088,v3,1.0,0.0
2089,v2,0.8516915814319433,0.0
2089,v3,1.0,0.0
2090,v2,0.8540288049824835,0.0
2090,v3,1.0,0.0
2091,v2,0.8511881573821581,0.0
2091,v3,1.0,0.0
2092,v2,0.8543046357615894,0.0
2092,v3,1.0,0.0
2093,v2,0.8548073180225769,0.0
2093,v3,1.0,0.0
2094,v2,0.8508907823392718,0.0
2094,v3,1.0,0.0
2095,v2,0.8533701221915648,0.0
2095,v3,1.0,0.0
2096,v2,0.8495126705653021,0.0
2096,v3,1.0,0.0
2097,v2,0.8568093385214007,0.0
2097,v3,1.0,0.0
2098,v2,0.8513142408787759,0.0
2098,v3,1.0,0.0
2099,v2,0.8563038371182459,0.0
2099,v3,1.0,0.0
2100,v2,0.8577586206896551,0.0
2100,v3,1.0,0.0
2101,v2,0.8516332152695789,0.0
2101,v3,1.0,0.0
2102,v2,0.8562921794362842,0.0
2102,v3,1.0,0.0
2103,v2,0.8543123543123543,0.0
2103,v3,1.0,0.0
2104,v2,0.8494789656503281,0.0
2104,v3,1.0,0.0
2105,v2,0.8628131021194605,0.0
2105,v3,1.0,0.0
2106,v2,0.8573680063041765,0.0
2106,v3,1.0,0.0
2107,v2,0.855568673750492,0.0
2107,v3,1.0,0.0
2108,v2,0.8556981719175418,0.0
2108,v3,1.0,0.0
2109,v2,0.8551125148045795,0.0
2109,v3,1.0,0.0
2110,v2,0.8506876227897839,0.0
2110,v3,1.0,0.0
2111,v2,0.8525221409318444,0.0
2111,v3,1.0,0.0
2112,v2,0.8625294579732914,0.0
2112,v3,1.0,0.0
2113,v2,0.8585384915982806,0.0
2113,v3,1.0,0.0
2114,v2,0.8519660755589823,0.0
2114,v3,1.0,0.0
2115,v2,0.858214849921011,0.0
2115,v3,1.0,0.0
2116,v2,0.8600469116497264,0.0
2116,v3,1.0,0.0
2117,v2,0.8469269424043293,0.0
2117,v3,1.0,0.0
2118,v2,0.8569739952718676,0.0
2118,v3,1.0,0.0
2119,v2,0.8616600790513834,0.0
2119,v3,1.0,0.0
2120,v2,0.8595201238390093,0.0
2120,v3,1.0,0.0
2121,v2,0.8489984591679507,0.0
2121,v3,1.0,0.0
2122,v2,0.8517214397496088,0.0
2122,v3,1.0,0.0
2123,v2,0.8575851393188855,0.0
2123,v3,1.0,0.0
2124,v2,0.8534416086620263,0.0
2124,v3,1.0,0.0
2125,v2,0.8583138173302107,0.0
2125,v3,1.0,0.0
2126,v2,0.8576470588235294,0.0
2126,v3,1.0,0.0
2127,v2,0.8517065515888583,0.0
2127,v3,1.0,0.0
2128,v2,0.8514464425332291,0.0
2128,v3,1.0,0.0
2129,v2,0.8516204607575166,0.0
2129,v3,1.0,0.0
2130,v2,0.8596899224806202,0.0
2130,v3,1.0,0.0
2131,v2,0.8556942277691107,0.0
2131,v3,1.0,0.0
2132,v2,0.8521154606563859,0.0
2132,v3,1.0,0.0
2133,v2,0.8551617873651772,0.0
2133,v3,1.0,0.0
2134,v2,0.8588281557215887,0.0
2134,v3,1.0,0.0
2135,v2,0.8544378698224852,0.0
2135,v3,1.0,0.0
2136,v2,0.8540117416829746,0.0
2136,v3,1.0,0.0
2137,v2,0.8571984435797665,0.0
2137,v3,1.0,0.0
2138,v2,0.8526682134570766,0.0
2138,v3,1.0,0.0
2139,v2,0.8514774494556765,0.0
2139,v3,1.0,0.0
2140,v2,0.8536681051392703,0.0
2140,v3,1.0,0.0
2141,v2,0.8547507788161994,0.0
2141,v3,1.0,0.0
2142,v2,0.8547880690737834,0.0
2142,v3,1.0,0.0
2143,v2,0.8560341482343811,0.0
2143,v3,1.0,0.0
2144,v2,0.8637964774951077,0.0
2144,v3,1.0,0.0
2145,v2,0.8543461237274863,0.0
2145,v3,1.0,0.0
2146,v2,0.8546238244514106,0.0
2146,v3,1.0,0.0
2147,v2,0.8519685039370078,0.0
2147,v3,1.0,0.0
2148,v2,0.8522148177185418,0.0
2148,v3,1.0,0.0
2149,v2,0.8531931464174455,0.0
2149,v3,1.0,0.0
2150,v2,0.8581504702194357,0.0
2150,v3,1.0,0.0
2151,v2,0.8544254658385093,0.0
2151,v3,1.0,0.0
2152,v2,0.8516504854368933,0.0
2152,v3,1.0,0.0
2153,v2,0.8593934619929106,0.0
2153,v3,1.0,0.0
2154,v2,0.856414280109847,0.0
2154,v3,1.0,0.0
2155,v2,0.8591385331781141,0.0
2155,v3,1.0,0.0
2156,v2,0.8495679497250589,0.0
2156,v3,1.0,0.0
2157,v2,0.8549467875443437,0.0
2157,v3,1.0,0.0
2158,v2,0.8497109826589595,0.0
2158,v3,1.0,0.0
2159,v2,0.8584795321637427,0.0
2159,v3,1.0,0.0
2160,v2,0.8491663435440093,0.0
2160,v3,1.0,0.0
2161,v2,0.8527679623085983,0.0
2161,v3,1.0,0.0
2162,v2,0.8487523992322457,0.0
2162,v3,1.0,0.0
2163,v2,0.8529868114817688,0.0
2163,v3,1.0,0.0
2164,v2,0.85234375,0.0
2164,v3,1.0,0.0
2165,v2,0.8547310561444837,0.0
2165,v3,1.0,0.0
2166,v2,0.8528717545239969,0.0
2166,v3,1.0,0.0
2167,v2,0.8513883457176379,0.0
2167,v3,1.0,0.0
2168,v2,0.852975495915986,0.0
2168,v3,1.0,0.0
2169,v2,0.853390827126617,0.0
2169,v3,1.0,0.0
2170,v2,0.8559686888454012,0.0
2170,v3,1.0,0.0
2171,v2,0.852734375,0.0
2171,v3,1.0,0.0
2172,v2,0.8505434782608695,0.0
2172,v3,1.0,0.0
2173,v2,0.8527799530148786,0.0
2173,v3,1.0,0.0
2174,v2,0.8465189873417721,0.0
2174,v3,1.0,0.0
2175,v2,0.86015625,0.0
2175,v3,1.0,0.0
2176,v2,0.8494917904612979,0.0
2176,v3,1.0,0.0
2177,v2,0.8523040567152422,0.0
2177,v3,1.0,0.0
2178,v2,0.8594847775175644,0.0
2178,v3,1.0,0.0
2179,v2,0.8529411764705882,0.0
2179,v3,1.0,0.0
2180,v2,0.8502548020384163,0.0
2180,v3,1.0,0.0
2181,v2,0.8509389671361502,0.0
2181,v3,1.0,0.0
2182,v2,0.8623103850641773,0.0
2182,v3,1.0,0.0
2183,v2,0.8507173322993409,0.0
2183,v3,1.0,0.0
2184,v2,0.8526477359938603,0.0
2184,v3,1.0,0.0
2185,v2,0.8633921719109747,0.0
2185,v3,1.0,0.0
2186,v2,0.8506109578242018,0.0
2186,v3,1.0,0.0
2187,v2,0.8505296194586113,0.0
2187,v3,1.0,0.0
2188,v2,0.8558523173605656,0.0
2188,v3,1.0,0.0
2189,v2,0.8571428571428571,0.0
2189,v3,1.0,0.0
2190,v2,0.8546739984289081,0.0
2190,v3,1.0,0.0
2191,v2,0.8543384373773066,0.0
2191,v3,1.0,0.0
2192,v2,0.8522815158546017,0.0
2192,v3,1.0,0.0
2193,v2,0.8581001182499015,0.0
2193,v3,1.0,0.0
2194,v2,0.8504816955684008,0.0
2194,v3,1.0,0.0
2195,v2,0.8528272656855151,0.0
2195,v3,1.0,0.0
2196,v2,0.8555772994129158,0.0
2196,v3,1.0,0.0
2197,v2,0.8575924468922108,0.0
2197,v3,1.0,0.0
2198,v2,0.8533747090768037,0.0
2198,v3,1.0,0.0
2199,v2,0.8555295950155763,0.0
2199,v3,1.0,0.0
2200,v2,0.8598203826630223,0.0
2200,v3,1.0,0.0
2201,v2,0.8549588396707174,0.0
2201,v3,1.0,0.0
2202,v2,0.8498439937597504,0.0
2202,v3,1.0,0.0
2203,v2,0.8569169960474309,0.0
2203,v3,1.0,0.0
2204,v2,0.8556701030927835,0.0
2204,v3,1.0,0.0
2205,v2,0.8526068208545668,0.0
2205,v3,1.0,0.0
2206,v2,0.8595613697575991,0.0
2206,v3,1.0,0.0
2207,v2,0.860210855134713,0.0
2207,v3,1.0,0.0
2208,v2,0.8551347130027334,0.0
2208,v3,1.0,0.0
2209,v2,0.8535922330097088,0.0
2209,v3,1.0,0.0
2210,v2,0.8509485094850948,0.0
2210,v3,1.0,0.0
2211,v2,0.8572542901716068,0.0
2211,v3,1.0,0.0
2212,v2,0.8560871256320498,0.0
2212,v3,1.0,0.0
2213,v2,0.8530424799081515,0.0
2213,v3,1.0,0.0
2214,v2,0.8526560682435053,0.0
2214,v3,1.0,0.0
2215,v2,0.8546534653465346,0.0
2215,v3,1.0,0.0
2216,v2,0.8507286333202048,0.0
2216,v3,1.0,0.0
2217,v2,0.8592156862745098,0.0
2217,v3,1.0,0.0
2218,v2,0.8541423570595099,0.0
2218,v3,1.0,0.0
2219,v2,0.8524911730090231,0.0
2219,v3,1.0,0.0
2220,v2,0.8564760793465578,0.0
2220,v3,1.0,0.0
2221,v2,0.8524717789022966,0.0
2221,v3,1.0,0.0
2222,v2,0.8572542901716068,0.0
2222,v3,1.0,0.0
2223,v2,0.8551859099804305,0.0
2223,v3,1.0,0.0
2224,v2,0.853078721745908,0.0
2224,v3,1.0,0.0
2225,v2,0.8553409538825384,0.0
2225,v3,1.0,0.0
2226,v2,0.8527702440914374,0.0
2226,v3,1.0,0.0
2227,v2,0.8539545810493344,0.0
2227,v3,1.0,0.0
2228,v2,0.8551965745426235,0.0
2228,v3,1.0,0.0
2229,v2,0.8532863849765259,0.0
2229,v3,1.0,0.0
2230,v2,0.8525490196078431,0.0
2230,v3,1.0,0.0
2231,v2,0.8544401544401544,0.0
2231,v3,1.0,0.0
2232,v2,0.8523040567152422,0.0
2232,v3,1.0,0.0
2233,v2,0.8527583527583528,0.0
2233,v3,1.0,0.0
2234,v2,0.8565302144249513,0.0
2234,v3,1.0,0.0
2235,v2,0.8508670520231214,0.0
2235,v3,1.0,0.0
2236,v2,0.8574273197929112,0.0
2236,v3,1.0,0.0
2237,v2,0.8554982135768162,0.0
2237,v3,1.0,0.0
2238,v2,0.848116169544741,0.0
2238,v3,1.0,0.0
2239,v2,0.8521536670547147,0.0
2239,v3,1.0,0.0
2240,v2,0.8519953506392871,0.0
2240,v3,1.0,0.0
2241,v2,0.8599921783339851,0.0
2241,v3,1.0,0.0
2242,v2,0.8559654631083202,0.0
2242,v3,1.0,0.0
2243,v2,0.8524844720496895,0.0
2243,v3,1.0,0.0
2244,v2,0.8532922603003466,0.0
2244,v3,1.0,0.0
2245,v2,0.8576484467164766,0.0
2245,v3,1.0,0.0
2246,v2,0.8509803921568627,0.0
2246,v3,1.0,0.0
2247,v2,0.8531931464174455,0.0
2247,v3,1.0,0.0
2248,v2,0.852975495915986,0.0
2248,v3,1.0,0.0
2249,v2,0.8547945205479452,0.0
2249,v3,1.0,0.0
2250,v2,0.8507985975847293,0.0
2250,v3,1.0,0.0
2251,v2,0.8479207920792079,0.0
2251,v3,1.0,0.0
2252,v2,0.8468468468468469,0.0
2252,v3,1.0,0.0
2253,v2,0.8564760793465578,0.0
2253,v3,1.0,0.0
2254,v2,0.8504636785162287,0.0
2254,v3,1.0,0.0
2255,v2,0.8516613924050633,0.0
2255,v3,1.0,0.0
2256,v2,0.8505114083398898,0.0
2256,v3,1.0,0.0
2257,v2,0.8539545810493344,0.0
2257,v3,1.0,0.0
2258,v2,0.8567471309853582,0.0
2258,v3,1.0,0.0
2259,v2,0.8585170340681363,0.0
2259,v3,1.0,0.0
2260,v2,0.8537441497659907,0.0
2260,v3,1.0,0.0
2261,v2,0.8523698523698524,0.0
2261,v3,1.0,0.0
2262,v2,0.8626309662398137,0.0
2262,v3,1.0,0.0
2263,v2,0.8532544378698225,0.0
2263,v3,1.0,0.0
2264,v2,0.8554778554778555,0.0
2264,v3,1.0,0.0
2265,v2,0.8503937007874016,0.0
2265,v3,1.0,0.0
2266,v2,0.8538310412573674,0.0
2266,v3,1.0,0.0
2267,v2,0.8507863444572306,0.0
2267,v3,1.0,0.0
2268,v2,0.8575839444230027,0.0
2268,v3,1.0,0.0
2269,v2,0.8566378633150039,0.0
2269,v3,1.0,0.0
2270,v2,0.848046875,0.0
2270,v3,1.0,0.0
2271,v2,0.855191256830601,0.0
2271,v3,1.0,0.0
2272,v2,0.8462432223082882,0.0
2272,v3,1.0,0.0
2273,v2,0.8476454293628809,0.0
2273,v3,1.0,0.0
2274,v2,0.8506666666666667,0.0
2274,v3,1.0,0.0
2275,v2,0.8556379243074522,0.0
2275,v3,1.0,0.0
2276,v2,0.851171875,0.0
2276,v3,1.0,0.0
2277,v2,0.8529067499024581,0.0
2277,v3,1.0,0.0
2278,v2,0.8511555033294164,0.0
2278,v3,1.0,0.0
2279,v2,0.8510140405616224,0.0
2279,v3,1.0,0.0
2280,v2,0.8586407766990292,0.0
2280,v3,1.0,0.0
2281,v2,0.8620823620823621,0.0
2281,v3,1.0,0.0
2282,v2,0.8461538461538461,0.0
2282,v3,1.0,0.0
2283,v2,0.8506645817044566,0.0
2283,v3,1.0,0.0
2284,v2,0.8545025560361778,0.0
2284,v3,1.0,0.0
2285,v2,0.8559622195985832,0.0
2285,v3,1.0,0.0
2286,v2,0.8574173712528824,0.0
2286,v3,1.0,0.0
2287,v2,0.8619883040935673,0.0
2287,v3,1.0,0.0
2288,v2,0.8536681051392703,0.0
2288,v3,1.0,0.0
2289,v2,0.8530897784687136,0.0
2289,v3,1.0,0.0
2290,v2,0.8586956521739131,0.0
2290,v3,1.0,0.0
2291,v2,0.851607903913212,0.0
2291,v3,1.0,0.0
2292,v2,0.8503295851105079,0.0
2292,v3,1.0,0.0
2293,v2,0.8512880562060889,0.0
2293,v3,1.0,0.0
2294,v2,0.85703125,0.0
2294,v3,1.0,0.0
2295,v2,0.84856700232378,0.0
2295,v3,1.0,0.0
2296,v2,0.8518664047151278,0.0
2296,v3,1.0,0.0
2297,v2,0.8595396020288724,0.0
2297,v3,1.0,0.0
2298,v2,0.8596010950332421,0.0
2298,v3,1.0,0.0
2299,v2,0.8523040567152422,0.0
2299,v3,1.0,0.0
2300,v2,0.854045683313976,0.0
2300,v3,1.0,0.0
2301,v2,0.8530676045330207,0.0
2301,v3,1.0,0.0
2302,v2,0.8568642745709828,0.0
2302,v3,1.0,0.0
2303,v2,0.8540519276160503,0.0
2303,v3,1.0,0.0
2304,v2,0.8515198752922837,0.0
2304,v3,1.0,0.0
2305,v2,0.8522243713733075,0.0
2305,v3,1.0,0.0
2306,v2,0.8532863849765259,0.0
2306,v3,1.0,0.0
2307,v2,0.8494957331264547,0.0
2307,v3,1.0,0.0
2308,v2,0.8515777171795871,0.0
2308,v3,1.0,0.0
2309,v2,0.8493740219092332,0.0
2309,v3,1.0,0.0
2310,v2,0.8547815820543093,0.0
2310,v3,1.0,0.0
2311,v2,0.8488372093023255,0.0
2311,v3,1.0,0.0
2312,v2,0.8491751767478397,0.0
2312,v3,1.0,0.0
2313,v2,0.8594113090627421,0.0
2313,v3,1.0,0.0
2314,v2,0.8478685960109503,0.0
2314,v3,1.0,0.0
2315,v2,0.8530451866404715,0.0
2315,v3,1.0,0.0
2316,v2,0.8527370855821126,0.0
2316,v3,1.0,0.0
2317,v2,0.8631372549019608,0.0
2317,v3,1.0,0.0
2318,v2,0.8550098231827112,0.0
2318,v3,1.0,0.0
2319,v2,0.8529874213836478,0.0
2319,v3,1.0,0.0
2320,v2,0.86198738170347,0.0
2320,v3,1.0,0.0
2321,v2,0.8533596837944664,0.0
2321,v3,1.0,0.0
2322,v2,0.8555118110236221,0.0
2322,v3,1.0,0.0
2323,v2,0.861839530332681,0.0
2323,v3,1.0,0.0
2324,v2,0.8571990558615263,0.0
2324,v3,1.0,0.0
2325,v2,0.8559256390395042,0.0
2325,v3,1.0,0.0
2326,v2,0.8558103381267004,0.0
2326,v3,1.0,0.0
2327,v2,0.8525039123630673,0.0
2327,v3,1.0,0.0
2328,v2,0.8590240123934935,0.0
2328,v3,1.0,0.0
2329,v2,0.8590657165479019,0.0
2329,v3,1.0,0.0
2330,v2,0.8473193473193473,0.0
2330,v3,1.0,0.0
2331,v2,0.8524271844660194,0.0
2331,v3,1.0,0.0
2332,v2,0.8531225905936777,0.0
2332,v3,1.0,0.0
2333,v2,0.8536776212832551,0.0
2333,v3,1.0,0.0
2334,v2,0.846839860411012,0.0
2334,v3,1.0,0.0
2335,v2,0.8547945205479452,0.0
2335,v3,1.0,0.0
2336,v2,0.8516204607575166,0.0
2336,v3,1.0,0.0
2337,v2,0.8504854368932039,0.0
2337,v3,1.0,0.0
2338,v2,0.8592213920566261,0.0
2338,v3,1.0,0.0
2339,v2,0.8506986027944112,0.0
2339,v3,1.0,0.0
2340,v2,0.8538491598280579,0.0
2340,v3,1.0,0.0
2341,v2,0.8478599221789883,0.0
2341,v3,1.0,0.0
2342,v2,0.853390827126617,0.0
2342,v3,1.0,0.0
2343,v2,0.8566929133858268,0.0
2343,v3,1.0,0.0
2344,v2,0.8553092182030338,0.0
2344,v3,1.0,0.0
2345,v2,0.8571428571428571,0.0
2345,v3,1.0,0.0
2346,v2,0.8512110726643599,0.0
2346,v3,1.0,0.0
2347,v2,0.8546443839875631,0.0
2347,v3,1.0,0.0
2348,v2,0.8539023452518262,0.0
2348,v3,1.0,0.0
2349,v2,0.8523515805705474,0.0
2349,v3,1.0,0.0
2350,v2,0.8583657587548638,0.0
2350,v3,1.0,0.0
2351,v2,0.8574265289912629,0.0
2351,v3,1.0,0.0
2352,v2,0.8573117855735121,0.0
2352,v3,1.0,0.0
2353,v2,0.8595137012736396,0.0
2353,v3,1.0,0.0
2354,v2,0.8538581449727202,0.0
2354,v3,1.0,0.0
2355,v2,0.8537058595265813,0.0
2355,v3,1.0,0.0
2356,v2,0.855862874951305,0.0
2356,v3,1.0,0.0
2357,v2,0.8463338533541341,0.0
2357,v3,1.0,0.0
2358,v2,0.8540856031128404,0.0
2358,v3,1.0,0.0
2359,v2,0.8552787663107948,0.0
2359,v3,1.0,0.0
2360,v2,0.8564280215550424,0.0
2360,v3,1.0,0.0
2361,v2,0.8536299765807962,0.0
2361,v3,1.0,0.0
2362,v2,0.8538670812281384,0.0
2362,v3,1.0,0.0
2363,v2,0.8545668365346922,0.0
2363,v3,1.0,0.0
2364,v2,0.8495126705653021,0.0
2364,v3,1.0,0.0
2365,v2,0.8497429814155792,0.0
2365,v3,1.0,0.0
2366,v2,0.8520231213872832,0.0
2366,v3,1.0,0.0
2367,v2,0.8556296586896822,0.0
2367,v3,1.0,0.0
2368,v2,0.8585384915982806,0.0
2368,v3,1.0,0.0
2369,v2,0.8588553750966744,0.0
2369,v3,1.0,0.0
2370,v2,0.8551859099804305,0.0
2370,v3,1.0,0.0
2371,v2,0.855975087582717,0.0
2371,v3,1.0,0.0
2372,v2,0.8545668365346922,0.0
2372,v3,1.0,0.0
2373,v2,0.853364449630494,0.0
2373,v3,1.0,0.0
2374,v2,0.8560755013763272,0.0
2374,v3,1.0,0.0
2375,v2,0.8536299765807962,0.0
2375,v3,1.0,0.0
2376,v2,0.860990099009901,0.0
2376,v3,1.0,0.0
2377,v2,0.8525039123630673,0.0
2377,v3,1.0,0.0
2378,v2,0.856301531213192,0.0
2378,v3,1.0,0.0
2379,v2,0.8544106167056986,0.0
2379,v3,1.0,0.0
2380,v2,0.8538581449727202,0.0
2380,v3,1.0,0.0
2381,v2,0.8550501156515035,0.0
2381,v3,1.0,0.0
2382,v2,0.8568111455108359,0.0
2382,v3,1.0,0.0
2383,v2,0.8509389671361502,0.0
2383,v3,1.0,0.0
2384,v2,0.8538011695906432,0.0
2384,v3,1.0,0.0
2385,v2,0.8475371383893667,0.0
2385,v3,1.0,0.0
2386,v2,0.8519102008664828,0.0
2386,v3,1.0,0.0
2387,v2,0.8527702440914374,0.0
2387,v3,1.0,0.0
2388,v2,0.8560666137985725,0.0
2388,v3,1.0,0.0
2389,v2,0.8520249221183801,0.0
2389,v3,1.0,0.0
2390,v2,0.8490712074303406,0.0
2390,v3,1.0,0.0
2391,v2,0.8544891640866873,0.0
2391,v3,1.0,0.0
2392,v2,0.8531359563693027,0.0
2392,v3,1.0,0.0
2393,v2,0.8514774494556765,0.0
2393,v3,1.0,0.0
2394,v2,0.8512299882858259,0.0
2394,v3,1.0,0.0
2395,v2,0.8554263565891473,0.0
2395,v3,1.0,0.0
2396,v2,0.8533123028391167,0.0
2396,v3,1.0,0.0
2397,v2,0.8534583821805393,0.0
2397,v3,1.0,0.0
2398,v2,0.8520408163265306,0.0
2398,v3,1.0,0.0
2399,v2,0.8649492583918813,0.0
2399,v3,1.0,0.0
2400,v2,0.8568075117370892,0.0
2400,v3,1.0,0.0
2401,v2,0.8529644268774703,0.0
2401,v3,1.0,0.0
2402,v2,0.8554169914263445,0.0
2402,v3,1.0,0.0
2403,v2,0.8605375925204519,0.0
2403,v3,1.0,0.0
2404,v2,0.849336455893833,0.0
2404,v3,1.0,0.0
2405,v2,0.852498017446471,0.0
2405,v3,1.0,0.0
2406,v2,0.8468364197530864,0.0
2406,v3,1.0,0.0
2407,v2,0.8506240249609984,0.0
2407,v3,1.0,0.0
2408,v2,0.8596010950332421,0.0
2408,v3,1.0,0.0
2409,v2,0.8569236670502494,0.0
2409,v3,1.0,0.0
2410,v2,0.8503134796238244,0.0
2410,v3,1.0,0.0
2411,v2,0.8555207517619421,0.0
2411,v3,1.0,0.0
2412,v2,0.8567525370804059,0.0
2412,v3,1.0,0.0
2413,v2,0.8528726708074534,0.0
2413,v3,1.0,0.0
2414,v2,0.8554075235109718,0.0
2414,v3,1.0,0.0
2415,v2,0.862475442043222,0.0
2415,v3,1.0,0.0
2416,v2,0.8543764523625097,0.0
2416,v3,1.0,0.0
2417,v2,0.8520267611176702,0.0
2417,v3,1.0,0.0
2418,v2,0.85325029194239,0.0
2418,v3,1.0,0.0
2419,v2,0.8465403942790878,0.0
2419,v3,1.0,0.0
2420,v2,0.8527251642829532,0.0
2420,v3,1.0,0.0
2421,v2,0.855078125,0.0
2421,v3,1.0,0.0
2422,v2,0.8524526844341445,0.0
2422,v3,1.0,0.0
2423,v2,0.8588281557215887,0.0
2423,v3,1.0,0.0
2424,v2,0.8549141965678627,0.0
2424,v3,1.0,0.0
2425,v2,0.8600855033035367,0.0
2425,v3,1.0,0.0
2426,v2,0.8567460317460317,0.0
2426,v3,1.0,0.0
2427,v2,0.8552941176470589,0.0
2427,v3,1.0,0.0
2428,v2,0.8505074160811865,0.0
2428,v3,1.0,0.0
2429,v2,0.85625,0.0
2429,v3,1.0,0.0
2430,v2,0.8526192337763878,0.0
2430,v3,1.0,0.0
2431,v2,0.851508120649652,0.0
2431,v3,1.0,0.0
2432,v2,0.8484496124031008,0.0
2432,v3,1.0,0.0
2433,v2,0.8571993670886076,0.0
2433,v3,1.0,0.0
2434,v2,0.857707509881423,0.0
2434,v3,1.0,0.0
2435,v2,0.8548513302034428,0.0
2435,v3,1.0,0.0
2436,v2,0.8524717789022966,0.0
2436,v3,1.0,0.0
2437,v2,0.851953125,0.0
2437,v3,1.0,0.0
2438,v2,0.8561430793157077,0.0
2438,v3,1.0,0.0
2439,v2,0.8576908323743767,0.0
2439,v3,1.0,0.0
2440,v2,0.8509174311926605,0.0
2440,v3,1.0,0.0
2441,v2,0.8597442851607904,0.0
2441,v3,1.0,0.0
2442,v2,0.8555815768930523,0.0
2442,v3,1.0,0.0
2443,v2,0.8514965464313123,0.0
2443,v3,1.0,0.0
2444,v2,0.8525817895151754,0.0
2444,v3,1.0,0.0
2445,v2,0.8515655199072284,0.0
2445,v3,1.0,0.0
2446,v2,0.851953125,0.0
2446,v3,1.0,0.0
2447,v2,0.8593872741555381,0.0
2447,v3,1.0,0.0
2448,v2,0.852170512319124,0.0
2448,v3,1.0,0.0
2449,v2,0.8571979930528754,0.0
2449,v3,1.0,0.0
2450,v2,0.8563706563706563,0.0
2450,v3,1.0,0.0
2451,v2,0.8485207100591716,0.0
2451,v3,1.0,0.0
2452,v2,0.8559223300970874,0.0
2452,v3,1.0,0.0
2453,v2,0.8533073929961089,0.0
2453,v3,1.0,0.0
2454,v2,0.8532289628180039,0.0
2454,v3,1.0,0.0
2455,v2,0.8520801232665639,0.0
2455,v3,1.0,0.0
2456,v2,0.8516634050880626,0.0
2456,v3,1.0,0.0
2457,v2,0.8539719626168224,0.0
2457,v3,1.0,0.0
2458,v2,0.853884808658678,0.0
2458,v3,1.0,0.0
2459,v2,0.8646117830667187,0.0
2459,v3,1.0,0.0
2460,v2,0.8522992985190959,0.0
2460,v3,1.0,0.0
2461,v2,0.858869395711501,0.0
2461,v3,1.0,0.0
2462,v2,0.8560725552050473,0.0
2462,v3,1.0,0.0
2463,v2,0.851937984496124,0.0
2463,v3,1.0,0.0
2464,v2,0.854215003866976,0.0
2464,v3,1.0,0.0
2465,v2,0.8564687377113646,0.0
2465,v3,1.0,0.0
2466,v2,0.8464536243180046,0.0
2466,v3,1.0,0.0
2467,v2,0.8517499016909162,0.0
2467,v3,1.0,0.0
2468,v2,0.8555469953775039,0.0
2468,v3,1.0,0.0
2469,v2,0.8511137162954279,0.0
2469,v3,1.0,0.0
2470,v2,0.8537441497659907,0.0
2470,v3,1.0,0.0
2471,v2,0.8523884103367267,0.0
2471,v3,1.0,0.0
2472,v2,0.8543764523625097,0.0
2472,v3,1.0,0.0
2473,v2,0.8585858585858586,0.0
2473,v3,1.0,0.0
2474,v2,0.85003885003885,0.0
2474,v3,1.0,0.0
2475,v2,0.854289071680376,0.0
2475,v3,1.0,0.0
2476,v2,0.85546875,0.0
2476,v3,1.0,0.0
2477,v2,0.8558558558558559,0.0
2477,v3,1.0,0.0
2478,v2,0.8527583527583528,0.0
2478,v3,1.0,0.0
2479,v2,0.8560956790123457,0.0
2479,v3,1.0,0.0
2480,v2,0.8491295938104448,0.0
2480,v3,1.0,0.0
2481,v2,0.8604651162790697,0.0
2481,v3,1.0,0.0
2482,v2,0.8527222875048962,0.0
2482,v3,1.0,0.0
2483,v2,0.8568635119280407,0.0
2483,v3,1.0,0.0
2484,v2,0.8598277212216131,0.0
2484,v3,1.0,0.0
2485,v2,0.8558211256746338,0.0
2485,v3,1.0,0.0
2486,v2,0.85546875,0.0
2486,v3,1.0,0.0
2487,v2,0.8459448971672487,0.0
2487,v3,1.0,0.0
2488,v2,0.8529868114817688,0.0
2488,v3,1.0,0.0
2489,v2,0.850216791486007,0.0
2489,v3,1.0,0.0
2490,v2,0.8491295938104448,0.0
2490,v3,1.0,0.0
2491,v2,0.854296875,0.0
2491,v3,1.0,0.0
2492,v2,0.8531007751937985,0.0
2492,v3,1.0,0.0
2493,v2,0.8516483516483516,0.0
2493,v3,1.0,0.0
2494,v2,0.8509463722397477,0.0
2494,v3,1.0,0.0
2495,v2,0.8573127229488704,0.0
2495,v3,1.0,0.0
2496,v2,0.8592156862745098,0.0
2496,v3,1.0,0.0
2497,v2,0.8494373302289484,0.0
2497,v3,1.0,0.0
2498,v2,0.863407062475747,0.0
2498,v3,1.0,0.0
2499,v2,0.8557428459427675,0.0
2499,v3,1.0,0.0
2500,v2,0.8525741029641186,0.0
2500,v3,1.0,0.0
2501,v2,0.8536299765807962,0.0
2501,v3,1.0,0.0
2502,v2,0.8492935635792779,0.0
2502,v3,1.0,0.0
2503,v2,0.8471090415211486,0.0
2503,v3,1.0,0.0
2504,v2,0.8504709576138147,0.0
2504,v3,1.0,0.0
2505,v2,0.8531576908175126,0.0
2505,v3,1.0,0.0
2506,v2,0.851823118696664,0.0
2506,v3,1.0,0.0
2507,v2,0.8548700038804812,0.0
2507,v3,1.0,0.0
2508,v2,0.8489180834621329,0.0
2508,v3,1.0,0.0
2509,v2,0.8561320754716981,0.0
2509,v3,1.0,0.0
2510,v2,0.8587504850601475,0.0
2510,v3,1.0,0.0
2511,v2,0.8594470046082949,0.0
2511,v3,1.0,0.0
2512,v2,0.8623076923076923,0.0
2512,v3,1.0,0.0
2513,v2,0.8535630383711824,0.0
2513,v3,1.0,0.0
2514,v2,0.8587726199842644,0.0
2514,v3,1.0,0.0
2515,v2,0.8530326594090202,0.0
2515,v3,1.0,0.0
2516,v2,0.8524911730090231,0.0
2516,v3,1.0,0.0
2517,v2,0.8503134796238244,0.0
2517,v3,1.0,0.0
2518,v2,0.8548073180225769,0.0
2518,v3,1.0,0.0
2519,v2,0.8551965745426235,0.0
2519,v3,1.0,0.0
2520,v2,0.8572545952287838,0.0
2520,v3,1.0,0.0
2521,v2,0.8625443087829854,0.0
2521,v3,1.0,0.0
2522,v2,0.8483639265762171,0.0
2522,v3,1.0,0.0
2523,v2,0.8573090345094998,0.0
2523,v3,1.0,0.0
2524,v2,0.857981220657277,0.0
2524,v3,1.0,0.0
2525,v2,0.8552321007081038,0.0
2525,v3,1.0,0.0
2526,v2,0.8539325842696629,0.0
2526,v3,1.0,0.0
2527,v2,0.8561964146531567,0.0
2527,v3,1.0,0.0
2528,v2,0.8517509727626459,0.0
2528,v3,1.0,0.0
2529,v2,0.8473603672532517,0.0
2529,v3,1.0,0.0
2530,v2,0.8517214397496088,0.0
2530,v3,1.0,0.0
2531,v2,0.8572545952287838,0.0
2531,v3,1.0,0.0
2532,v2,0.8543229372285827,0.0
2532,v3,1.0,0.0
2533,v2,0.8523255813953489,0.0
2533,v3,1.0,0.0
2534,v2,0.8590088359585094,0.0
2534,v3,1.0,0.0
2535,v2,0.8538011695906432,0.0
2535,v3,1.0,0.0
2536,v2,0.8526112185686654,0.0
2536,v3,1.0,0.0
2537,v2,0.8591987553481136,0.0
2537,v3,1.0,0.0
2538,v2,0.8519388954171563,0.0
2538,v3,1.0,0.0
2539,v2,0.8562548562548562,0.0
2539,v3,1.0,0.0
2540,v2,0.8513142408787759,0.0
2540,v3,1.0,0.0
2541,v2,0.8472006220839814,0.0
2541,v3,1.0,0.0
2542,v2,0.8571990558615263,0.0
2542,v3,1.0,0.0
2543,v2,0.8483670295489891,0.0
2543,v3,1.0,0.0
2544,v2,0.8513618677042801,0.0
2544,v3,1.0,0.0
2545,v2,0.8518948182521269,0.0
2545,v3,1.0,0.0
2546,v2,0.8495645288994458,0.0
2546,v3,1.0,0.0
2547,v2,0.8478685960109503,0.0
2547,v3,1.0,0.0
2548,v2,0.8553386911595867,0.0
2548,v3,1.0,0.0
2549,v2,0.8573090345094998,0.0
2549,v3,1.0,0.0
2550,v2,0.8539976825028969,0.0
2550,v3,1.0,0.0
2551,v2,0.8557655225607405,0.0
2551,v3,1.0,0.0
2552,v2,0.8500778816199377,0.0
2552,v3,1.0,0.0
2553,v2,0.8484021823850351,0.0
2553,v3,1.0,0.0
2554,v2,0.845280062671367,0.0
2554,v3,1.0,0.0
2555,v2,0.8505254963020631,0.0
2555,v3,1.0,0.0
2556,v2,0.8550837553564472,0.0
2556,v3,1.0,0.0
2557,v2,0.8573099415204678,0.0
2557,v3,1.0,0.0
2558,v2,0.849901768172888,0.0
2558,v3,1.0,0.0
2559,v2,0.8550156739811913,0.0
2559,v3,1.0,0.0
2560,v2,0.859204368174727,0.0
2560,v3,1.0,0.0
2561,v2,0.8498240125146657,0.0
2561,v3,1.0,0.0
2562,v2,0.8467583497053045,0.0
2562,v3,1.0,0.0
2563,v2,0.8546085615117625,0.0
2563,v3,1.0,0.0
2564,v2,0.8559814169570267,0.0
2564,v3,1.0,0.0
2565,v2,0.8501960784313726,0.0
2565,v3,1.0,0.0
2566,v2,0.8596698113207547,0.0
2566,v3,1.0,0.0
2567,v2,0.8513883457176379,0.0
2567,v3,1.0,0.0
2568,v2,0.8542557326078507,0.0
2568,v3,1.0,0.0
2569,v2,0.8569236670502494,0.0
2569,v3,1.0,0.0
2570,v2,0.85,0.0
2570,v3,1.0,0.0
2571,v2,0.8503321610003908,0.0
2571,v3,1.0,0.0
2572,v2,0.8477334366524603,0.0
2572,v3,1.0,0.0
2573,v2,0.8517946738710922,0.0
2573,v3,1.0,0.0
2574,v2,0.8512043512043512,0.0
2574,v3,1.0,0.0
2575,v2,0.8465152701644479,0.0
2575,v3,1.0,0.0
2576,v2,0.8585858585858586,0.0
2576,v3,1.0,0.0
2577,v2,0.8553141970519783,0.0
2577,v3,1.0,0.0
2578,v2,0.848982785602504,0.0
2578,v3,1.0,0.0
2579,v2,0.8535728231159703,0.0
2579,v3,1.0,0.0
2580,v2,0.8554641598119859,0.0
2580,v3,1.0,0.0
2581,v2,0.8559289300888374,0.0
2581,v3,1.0,0.0
2582,v2,0.8514890282131662,0.0
2582,v3,1.0,0.0
2583,v2,0.8486739469578783,0.0
2583,v3,1.0,0.0
2584,v2,0.8568084276238783,0.0
2584,v3,1.0,0.0
2585,v2,0.8537920250195465,0.0
2585,v3,1.0,0.0
2586,v2,0.8606203376521397,0.0
2586,v3,1.0,0.0
2587,v2,0.8560813453265546,0.0
2587,v3,1.0,0.0
2588,v2,0.8554913294797688,0.0
2588,v3,1.0,0.0
2589,v2,0.8538011695906432,0.0
2589,v3,1.0,0.0
2590,v2,0.8552991787250684,0.0
2590,v3,1.0,0.0
2591,v2,0.8549382716049383,0.0
2591,v3,1.0,0.0
2592,v2,0.8509972624168948,0.0
2592,v3,1.0,0.0
2593,v2,0.8566941499803691,0.0
2593,v3,1.0,0.0
2594,v2,0.8498638661999222,0.0
2594,v3,1.0,0.0
2595,v2,0.84856700232378,0.0
2595,v3,1.0,0.0
2596,v2,0.8469347910972277,0.0
2596,v3,1.0,0.0
2597,v2,0.8552321007081038,0.0
2597,v3,1.0,0.0
2598,v2,0.85062893081761,0.0
2598,v3,1.0,0.0
2599,v2,0.858158830501778,0.0
2599,v3,1.0,0.0
2600,v2,0.8563685636856369,0.0
2600,v3,1.0,0.0
2601,v2,0.8552941176470589,0.0
2601,v3,1.0,0.0
2602,v2,0.8555295950155763,0.0
2602,v3,1.0,0.0
2603,v2,0.8539545810493344,0.0
2603,v3,1.0,0.0
2604,v2,0.8504490433424443,0.0
2604,v3,1.0,0.0
2605,v2,0.8520526723470179,0.0
2605,v3,1.0,0.0
2606,v2,0.854863813229572,0.0
2606,v3,1.0,0.0
2607,v2,0.851953125,0.0
2607,v3,1.0,0.0
2608,v2,0.8523698523698524,0.0
2608,v3,1.0,0.0
2609,v2,0.860148032723023,0.0
2609,v3,1.0,0.0
2610,v2,0.8548770816812054,0.0
2610,v3,1.0,0.0
2611,v2,0.8585384915982806,0.0
2611,v3,1.0,0.0
2612,v2,0.8538401253918495,0.0
2612,v3,1.0,0.0
2613,v2,0.8537828302626421,0.0
2613,v3,1.0,0.0
2614,v2,0.8603744149765991,0.0
2614,v3,1.0,0.0
2615,v2,0.8518090839107005,0.0
2615,v3,1.0,0.0
2616,v2,0.8547507788161994,0.0
2616,v3,1.0,0.0
2617,v2,0.8513142408787759,0.0
2617,v3,1.0,0.0
2618,v2,0.851595540176855,0.0
2618,v3,1.0,0.0
2619,v2,0.8519813519813519,0.0
2619,v3,1.0,0.0
2620,v2,0.8583170254403131,0.0
2620,v3,1.0,0.0
2621,v2,0.8522550544323484,0.0
2621,v3,1.0,0.0
2622,v2,0.8554075235109718,0.0
2622,v3,1.0,0.0
2623,v2,0.8519238243295764,0.0
2623,v3,1.0,0.0
2624,v2,0.8509895227008148,0.0
2624,v3,1.0,0.0
2625,v2,0.8537626066718387,0.0
2625,v3,1.0,0.0
2626,v2,0.8502134264648816,0.0
2626,v3,1.0,0.0
2627,v2,0.8557993730407524,0.0
2627,v3,1.0,0.0
2628,v2,0.8556461001164144,0.0
2628,v3,1.0,0.0
2629,v2,0.8550667714061273,0.0
2629,v3,1.0,0.0
2630,v2,0.8508222396241191,0.0
2630,v3,1.0,0.0
2631,v2,0.8494329292139225,0.0
2631,v3,1.0,0.0
2632,v2,0.8534784298484259,0.0
2632,v3,1.0,0.0
2633,v2,0.8531029065200314,0.0
2633,v3,1.0,0.0
2634,v2,0.8550387596899225,0.0
2634,v3,1.0,0.0
2635,v2,0.8490566037735849,0.0
2635,v3,1.0,0.0
2636,v2,0.853448275862069,0.0
2636,v3,1.0,0.0
2637,v2,0.8600389863547758,0.0
2637,v3,1.0,0.0
2638,v2,0.8529641185647426,0.0
2638,v3,1.0,0.0
2639,v2,0.8513040093421564,0.0
2639,v3,1.0,0.0
2640,v2,0.8553508428067425,0.0
2640,v3,1.0,0.0
2641,v2,0.8484032320123124,0.0
2641,v3,1.0,0.0
2642,v2,0.8629600626468285,0.0
2642,v3,1.0,0.0
2643,v2,0.852586542201478,0.0
2643,v3,1.0,0.0
2644,v2,0.8557956777996071,0.0
2644,v3,1.0,0.0
2645,v2,0.8566941499803691,0.0
2645,v3,1.0,0.0
2646,v2,0.8597442851607904,0.0
2646,v3,1.0,0.0
2647,v2,0.8587636932707355,0.0
2647,v3,1.0,0.0
2648,v2,0.8523956723338485,0.0
2648,v3,1.0,0.0
2649,v2,0.8529182879377432,0.0
2649,v3,1.0,0.0
2650,v2,0.8537717601547389,0.0
2650,v3,1.0,0.0
2651,v2,0.8533333333333334,0.0
2651,v3,1.0,0.0
2652,v2,0.8536964980544747,0.0
2652,v3,1.0,0.0
2653,v2,0.8509389671361502,0.0
2653,v3,1.0,0.0
2654,v2,0.849336455893833,0.0
2654,v3,1.0,0.0
2655,v2,0.8532863849765259,0.0
2655,v3,1.0,0.0
2656,v2,0.8537642885297596,0.0
2656,v3,1.0,0.0
2657,v2,0.8498039215686275,0.0
2657,v3,1.0,0.0
2658,v2,0.8502117828263381,0.0
2658,v3,1.0,0.0
2659,v2,0.8512204571871368,0.0
2659,v3,1.0,0.0
2660,v2,0.8506645817044566,0.0
2660,v3,1.0,0.0
2661,v2,0.8542478565861262,0.0
2661,v3,1.0,0.0
2662,v2,0.8518948182521269,0.0
2662,v3,1.0,0.0
2663,v2,0.8630787495053424,0.0
2663,v3,1.0,0.0
2664,v2,0.8589099342868187,0.0
2664,v3,1.0,0.0
2665,v2,0.8520267611176702,0.0
2665,v3,1.0,0.0
2666,v2,0.851764705882353,0.0
2666,v3,1.0,0.0
2667,v2,0.8531334102268359,0.0
2667,v3,1.0,0.0
2668,v2,0.8489603766182817,0.0
2668,v3,1.0,0.0
2669,v2,0.8571989015300118,0.0
2669,v3,1.0,0.0
2670,v2,0.8589243959469992,0.0
2670,v3,1.0,0.0
2671,v2,0.846364347146208,0.0
2671,v3,1.0,0.0
2672,v2,0.8566392479435958,0.0
2672,v3,1.0,0.0
2673,v2,0.853893600616808,0.0
2673,v3,1.0,0.0
2674,v2,0.8514734774066798,0.0
2674,v3,1.0,0.0
2675,v2,0.8566853482786229,0.0
2675,v3,1.0,0.0
2676,v2,0.8511137162954279,0.0
2676,v3,1.0,0.0
2677,v2,0.8506876227897839,0.0
2677,v3,1.0,0.0
2678,v2,0.8531359563693027,0.0
2678,v3,1.0,0.0
2679,v2,0.856301531213192,0.0
2679,v3,1.0,0.0
2680,v2,0.852112676056338,0.0
2680,v3,1.0,0.0
2681,v2,0.8539805825242719,0.0
2681,v3,1.0,0.0
2682,v2,0.8512981904012589,0.0
2682,v3,1.0,0.0
2683,v2,0.8552732871439569,0.0
2683,v3,1.0,0.0
2684,v2,0.8530659467797918,0.0
2684,v3,1.0,0.0
2685,v2,0.8512461059190031,0.0
2685,v3,1.0,0.0
2686,v2,0.8515928515928516,0.0
2686,v3,1.0,0.0
2687,v2,0.8513725490196078,0.0
2687,v3,1.0,0.0
2688,v2,0.8482247366367538,0.0
2688,v3,1.0,0.0
2689,v2,0.8581001182499015,0.0
2689,v3,1.0,0.0
2690,v2,0.8524590163934426,0.0
2690,v3,1.0,0.0
2691,v2,0.8537534033450019,0.0
2691,v3,1.0,0.0
2692,v2,0.8576443057722309,0.0
2692,v3,1.0,0.0
2693,v2,0.8543689320388349,0.0
2693,v3,1.0,0.0
2694,v2,0.8494789656503281,0.0
2694,v3,1.0,0.0
2695,v2,0.8532608695652174,0.0
2695,v3,1.0,0.0
2696,v2,0.8526234567901234,0.0
2696,v3,1.0,0.0
2697,v2,0.8499616270145818,0.0
2697,v3,1.0,0.0
2698,v2,0.8506930693069307,0.0
2698,v3,1.0,0.0
2699,v2,0.8574793875147232,0.0
2699,v3,1.0,0.0
2700,v2,0.8517509727626459,0.0
2700,v3,1.0,0.0
2701,v2,0.8596287703016241,0.0
2701,v3,1.0,0.0
2702,v2,0.8572542901716068,0.0
2702,v3,1.0,0.0
2703,v2,0.857976653696498,0.0
2703,v3,1.0,0.0
2704,v2,0.853431562621171,0.0
2704,v3,1.0,0.0
2705,v2,0.855817549284886,0.0
2705,v3,1.0,0.0
2706,v2,0.8507924236567452,0.0
2706,v3,1.0,0.0
2707,v2,0.8484729835552075,0.0
2707,v3,1.0,0.0
2708,v2,0.8506998444790047,0.0
2708,v3,1.0,0.0
2709,v2,0.8555118110236221,0.0
2709,v3,1.0,0.0
2710,v2,0.8547815820543093,0.0
2710,v3,1.0,0.0
2711,v2,0.8551965745426235,0.0
2711,v3,1.0,0.0
2712,v2,0.8466042154566745,0.0
2712,v3,1.0,0.0
2713,v2,0.8584349193865514,0.0
2713,v3,1.0,0.0
2714,v2,0.8505254963020631,0.0
2714,v3,1.0,0.0
2715,v2,0.8532757944291879,0.0
2715,v3,1.0,0.0
2716,v2,0.8554122704181321,0.0
2716,v3,1.0,0.0
2717,v2,0.8499801034619976,0.0
2717,v3,1.0,0.0
2718,v2,0.8546168958742633,0.0
2718,v3,1.0,0.0
2719,v2,0.8528375733855186,0.0
2719,v3,1.0,0.0
2720,v2,0.8485436893203884,0.0
2720,v3,1.0,0.0
2721,v2,0.8577044025157232,0.0
2721,v3,1.0,0.0
2722,v2,0.8558103381267004,0.0
2722,v3,1.0,0.0
2723,v2,0.8590891397430906,0.0
2723,v3,1.0,0.0
2724,v2,0.8504090377873004,0.0
2724,v3,1.0,0.0
2725,v2,0.8519388954171563,0.0
2725,v3,1.0,0.0
2726,v2,0.8533178114086146,0.0
2726,v3,1.0,0.0
2727,v2,0.8537642885297596,0.0
2727,v3,1.0,0.0
2728,v2,0.8498054474708171,0.0
2728,v3,1.0,0.0
2729,v2,0.8529067499024581,0.0
2729,v3,1.0,0.0
2730,v2,0.8625294579732914,0.0
2730,v3,1.0,0.0
2731,v2,0.8554310011596443,0.0
2731,v3,1.0,0.0
2732,v2,0.8602569093032308,0.0
2732,v3,1.0,0.0
2733,v2,0.8584868678949431,0.0
2733,v3,1.0,0.0
2734,v2,0.855984555984556,0.0
2734,v3,1.0,0.0
2735,v2,0.8499418379216751,0.0
2735,v3,1.0,0.0
2736,v2,0.8588461538461538,0.0
2736,v3,1.0,0.0
2737,v2,0.8573090345094998,0.0
2737,v3,1.0,0.0
2738,v2,0.8589390962671906,0.0
2738,v3,1.0,0.0
2739,v2,0.8540031397174255,0.0
2739,v3,1.0,0.0
2740,v2,0.8575875486381322,0.0
2740,v3,1.0,0.0
2741,v2,0.8481797056545314,0.0
2741,v3,1.0,0.0
2742,v2,0.8489461358313818,0.0
2742,v3,1.0,0.0
2743,v2,0.8546443839875631,0.0
2743,v3,1.0,0.0
2744,v2,0.8518375241779497,0.0
2744,v3,1.0,0.0
2745,v2,0.8553459119496856,0.0
2745,v3,1.0,0.0
2746,v2,0.8568093385214007,0.0
2746,v3,1.0,0.0
2747,v2,0.8563240351547573,0.0
2747,v3,1.0,0.0
2748,v2,0.8535056795926361,0.0
2748,v3,1.0,0.0
2749,v2,0.8501170960187353,0.0
2749,v3,1.0,0.0
2750,v2,0.848378272762798,0.0
2750,v3,1.0,0.0
2751,v2,0.8453689167974883,0.0
2751,v3,1.0,0.0
2752,v2,0.8548387096774194,0.0
2752,v3,1.0,0.0
2753,v2,0.8521293375394322,0.0
2753,v3,1.0,0.0
2754,v2,0.8517940717628705,0.0
2754,v3,1.0,0.0
2755,v2,0.8472983555207517,0.0
2755,v3,1.0,0.0
2756,v2,0.8512939358825802,0.0
2756,v3,1.0,0.0
2757,v2,0.8558282208588958,0.0
2757,v3,1.0,0.0
2758,v2,0.8505477308294209,0.0
2758,v3,1.0,0.0
2759,v2,0.852734375,0.0
2759,v3,1.0,0.0
2760,v2,0.8439306358381503,0.0
2760,v3,1.0,0.0
2761,v2,0.8476153547886778,0.0
2761,v3,1.0,0.0
2762,v2,0.8567460317460317,0.0
2762,v3,1.0,0.0
2763,v2,0.8558523173605656,0.0
2763,v3,1.0,0.0
2764,v2,0.8514352211016292,0.0
2764,v3,1.0,0.0
2765,v2,0.8534214618973561,0.0
2765,v3,1.0,0.0
2766,v2,0.8511738957421409,0.0
2766,v3,1.0,0.0
2767,v2,0.857421875,0.0
2767,v3,1.0,0.0
2768,v2,0.8551751279024006,0.0
2768,v3,1.0,0.0
2769,v2,0.8541666666666666,0.0
2769,v3,1.0,0.0
2770,v2,0.8554122704181321,0.0
2770,v3,1.0,0.0
2771,v2,0.8554778554778555,0.0
2771,v3,1.0,0.0
2772,v2,0.8574803149606299,0.0
2772,v3,1.0,0.0
2773,v2,0.8523827973653623,0.0
2773,v3,1.0,0.0
2774,v2,0.851808634772462,0.0
2774,v3,1.0,0.0
2775,v2,0.8538102643856921,0.0
2775,v3,1.0,0.0
2776,v2,0.8524014057008981,0.0
2776,v3,1.0,0.0
2777,v2,0.8541586073500967,0.0
2777,v3,1.0,0.0
2778,v2,0.853390827126617,0.0
2778,v3,1.0,0.0
2779,v2,0.8545524691358025,0.0
2779,v3,1.0,0.0
2780,v2,0.8548883756735951,0.0
2780,v3,1.0,0.0
2781,v2,0.8565876408861252,0.0
2781,v3,1.0,0.0
2782,v2,0.8487690504103166,0.0
2782,v3,1.0,0.0
2783,v2,0.8541176470588235,0.0
2783,v3,1.0,0.0
2784,v2,0.8517350157728707,0.0
2784,v3,1.0,0.0
2785,v2,0.8570306362922231,0.0
2785,v3,1.0,0.0
2786,v2,0.8583758336602589,0.0
2786,v3,1.0,0.0
2787,v2,0.852536374360991,0.0
2787,v3,1.0,0.0
2788,v2,0.8567503924646782,0.0
2788,v3,1.0,0.0
2789,v2,0.854461891995404,0.0
2789,v3,1.0,0.0
2790,v2,0.850811238622873,0.0
2790,v3,1.0,0.0
2791,v2,0.8487427466150871,0.0
2791,v3,1.0,0.0
2792,v2,0.854630715123095,0.0
2792,v3,1.0,0.0
2793,v2,0.8539325842696629,0.0
2793,v3,1.0,0.0
2794,v2,0.854215003866976,0.0
2794,v3,1.0,0.0
2795,v2,0.8552477565353102,0.0
2795,v3,1.0,0.0
2796,v2,0.8577569363032435,0.0
2796,v3,1.0,0.0
2797,v2,0.8541266794625719,0.0
2797,v3,1.0,0.0
2798,v2,0.8520988622989407,0.0
2798,v3,1.0,0.0
2799,v2,0.8532969176746,0.0
2799,v3,1.0,0.0
2800,v2,0.8516634050880626,0.0
2800,v3,1.0,0.0
2801,v2,0.8557580457541683,0.0
2801,v3,1.0,0.0
2802,v2,0.8544600938967136,0.0
2802,v3,1.0,0.0
2803,v2,0.8551696921862668,0.0
2803,v3,1.0,0.0
2804,v2,0.8508395158141351,0.0
2804,v3,1.0,0.0
2805,v2,0.8575912122400942,0.0
2805,v3,1.0,0.0
2806,v2,0.8574748257164988,0.0
2806,v3,1.0,0.0
2807,v2,0.8526192337763878,0.0
2807,v3,1.0,0.0
2808,v2,0.8506417736289381,0.0
2808,v3,1.0,0.0
2809,v2,0.8475039001560063,0.0
2809,v3,1.0,0.0
2810,v2,0.8569200779727095,0.0
2810,v3,1.0,0.0
2811,v2,0.8485086342229199,0.0
2811,v3,1.0,0.0
2812,v2,0.8537455410225921,0.0
2812,v3,1.0,0.0
2813,v2,0.8535433070866142,0.0
2813,v3,1.0,0.0
2814,v2,0.84755624515128,0.0
2814,v3,1.0,0.0
2815,v2,0.84921875,0.0
2815,v3,1.0,0.0
2816,v2,0.8540202966432474,0.0
2816,v3,1.0,0.0
2817,v2,0.8491727587533667,0.0
2817,v3,1.0,0.0
2818,v2,0.8546671918077984,0.0
2818,v3,1.0,0.0
2819,v2,0.8514263074484945,0.0
2819,v3,1.0,0.0
2820,v2,0.8494582043343654,0.0
2820,v3,1.0,0.0
2821,v2,0.8537920250195465,0.0
2821,v3,1.0,0.0
2822,v2,0.8533969010727056,0.0
2822,v3,1.0,0.0
2823,v2,0.8555900621118012,0.0
2823,v3,1.0,0.0
2824,v2,0.8527251642829532,0.0
2824,v3,1.0,0.0
2825,v2,0.8506769825918762,0.0
2825,v3,1.0,0.0
2826,v2,0.8522012578616353,0.0
2826,v3,1.0,0.0
2827,v2,0.8540540540540541,0.0
2827,v3,1.0,0.0
2828,v2,0.8555729984301413,0.0
2828,v3,1.0,0.0
2829,v2,0.8521154606563859,0.0
2829,v3,1.0,0.0
2830,v2,0.8537441497659907,0.0
2830,v3,1.0,0.0
2831,v2,0.8495540907328422,0.0
2831,v3,1.0,0.0
2832,v2,0.8543307086614174,0.0
2832,v3,1.0,0.0
2833,v2,0.8496908809891809,0.0
2833,v3,1.0,0.0
2834,v2,0.8555118110236221,0.0
2834,v3,1.0,0.0
2835,v2,0.8531029065200314,0.0
2835,v3,1.0,0.0
2836,v2,0.8552321007081038,0.0
2836,v3,1.0,0.0
2837,v2,0.8510473235065943,0.0
2837,v3,1.0,0.0
2838,v2,0.854043392504931,0.0
2838,v3,1.0,0.0
2839,v2,0.8534784298484259,0.0
2839,v3,1.0,0.0
2840,v2,0.8505296194586113,0.0
2840,v3,1.0,0.0
2841,v2,0.8600469116497264,0.0
2841,v3,1.0,0.0
2842,v2,0.8479782270606532,0.0
2842,v3,1.0,0.0
2843,v2,0.8512820512820513,0.0
2843,v3,1.0,0.0
2844,v2,0.8574211141410206,0.0
2844,v3,1.0,0.0
2845,v2,0.8587816455696202,0.0
2845,v3,1.0,0.0
2846,v2,0.852322350138944,0.0
2846,v3,1.0,0.0
2847,v2,0.8575851393188855,0.0
2847,v3,1.0,0.0
2848,v2,0.8543689320388349,0.0
2848,v3,1.0,0.0
2849,v2,0.8552268244575937,0.0
2849,v3,1.0,0.0
2850,v2,0.8537441497659907,0.0
2850,v3,1.0,0.0
2851,v2,0.8529644268774703,0.0
2851,v3,1.0,0.0
2852,v2,0.847378640776699,0.0
2852,v3,1.0,0.0
2853,v2,0.851185921958684,0.0
2853,v3,1.0,0.0
2854,v2,0.8561964146531567,0.0
2854,v3,1.0,0.0
2855,v2,0.8537244307217291,0.0
2855,v3,1.0,0.0
2856,v2,0.853923853923854,0.0
2856,v3,1.0,0.0
2857,v2,0.8524717789022966,0.0
2857,v3,1.0,0.0
2858,v2,0.8511390416339356,0.0
2858,v3,1.0,0.0
2859,v2,0.8519813519813519,0.0
2859,v3,1.0,0.0
2860,v2,0.8575887631681623,0.0
2860,v3,1.0,0.0
2861,v2,0.8512043512043512,0.0
2861,v3,1.0,0.0
2862,v2,0.8570869224745498,0.0
2862,v3,1.0,0.0
2863,v2,0.8574203574203574,0.0
2863,v3,1.0,0.0
2864,v2,0.847384855581577,0.0
2864,v3,1.0,0.0
2865,v2,0.8554216867469879,0.0
2865,v3,1.0,0.0
2866,v2,0.8559156579461148,0.0
2866,v3,1.0,0.0
2867,v2,0.8542654028436019,0.0
2867,v3,1.0,0.0
2868,v2,0.8553409538825384,0.0
2868,v3,1.0,0.0
2869,v2,0.8490930142802007,0.0
2869,v3,1.0,0.0
2870,v2,0.8529874213836478,0.0
2870,v3,1.0,0.0
2871,v2,0.8550837553564472,0.0
2871,v3,1.0,0.0
2872,v2,0.8551401869158879,0.0
2872,v3,1.0,0.0
2873,v2,0.8544963334619838,0.0
2873,v3,1.0,0.0
2874,v2,0.854289071680376,0.0
2874,v3,1.0,0.0
2875,v2,0.8492618492618492,0.0
2875,v3,1.0,0.0
2876,v2,0.8570875290472502,0.0
2876,v3,1.0,0.0
2877,v2,0.85078125,0.0
2877,v3,1.0,0.0
2878,v2,0.851223362273086,0.0
2878,v3,1.0,0.0
2879,v2,0.8524203069657615,0.0
2879,v3,1.0,0.0
2880,v2,0.8506191950464397,0.0
2880,v3,1.0,0.0
2881,v2,0.8564631245043616,0.0
2881,v3,1.0,0.0
2882,v2,0.8530438154323381,0.0
2882,v3,1.0,0.0
2883,v2,0.8507985975847293,0.0
2883,v3,1.0,0.0
2884,v2,0.8548575887631682,0.0
2884,v3,1.0,0.0
2885,v2,0.8545526212061489,0.0
2885,v3,1.0,0.0
2886,v2,0.8524970963995354,0.0
2886,v3,1.0,0.0
2887,v2,0.8528717545239969,0.0
2887,v3,1.0,0.0
2888,v2,0.8530465949820788,0.0
2888,v3,1.0,0.0
2889,v2,0.8512780790085205,0.0
2889,v3,1.0,0.0
2890,v2,0.8511627906976744,0.0
2890,v3,1.0,0.0
2891,v2,0.8576998050682261,0.0
2891,v3,1.0,0.0
2892,v2,0.8569206842923794,0.0
2892,v3,1.0,0.0
2893,v2,0.8548450372695174,0.0
2893,v3,1.0,0.0
2894,v2,0.8469708890637293,0.0
2894,v3,1.0,0.0
2895,v2,0.8584831899921814,0.0
2895,v3,1.0,0.0
2896,v2,0.8545454545454545,0.0
2896,v3,1.0,0.0
2897,v2,0.8583624369421808,0.0
2897,v3,1.0,0.0
2898,v2,0.8569762922658375,0.0
2898,v3,1.0,0.0
2899,v2,0.8558451816745656,0.0
2899,v3,1.0,0.0
2900,v2,0.8546779141104295,0.0
2900,v3,1.0,0.0
2901,v2,0.8484021823850351,0.0
2901,v3,1.0,0.0
2902,v2,0.8526768268855022,0.0
2902,v3,1.0,0.0
2903,v2,0.8540856031128404,0.0
2903,v3,1.0,0.0
2904,v2,0.8542713567839196,0.0
2904,v3,1.0,0.0
2905,v2,0.856974921630094,0.0
2905,v3,1.0,0.0
2906,v2,0.8553654743390358,0.0
2906,v3,1.0,0.0
2907,v2,0.8593082005441119,0.0
2907,v3,1.0,0.0
2908,v2,0.8517080745341615,0.0
2908,v3,1.0,0.0
2909,v2,0.856353591160221,0.0
2909,v3,1.0,0.0
2910,v2,0.8523568367744448,0.0
2910,v3,1.0,0.0
2911,v2,0.8534784298484259,0.0
2911,v3,1.0,0.0
2912,v2,0.8542557326078507,0.0
2912,v3,1.0,0.0
2913,v2,0.8637623762376238,0.0
2913,v3,1.0,0.0
2914,v2,0.8522772277227723,0.0
2914,v3,1.0,0.0
2915,v2,0.8579171506000774,0.0
2915,v3,1.0,0.0
2916,v2,0.8497870692992644,0.0
2916,v3,1.0,0.0
2917,v2,0.853239656518345,0.0
2917,v3,1.0,0.0
2918,v2,0.8577535950252624,0.0
2918,v3,1.0,0.0
2919,v2,0.8497870692992644,0.0
2919,v3,1.0,0.0
2920,v2,0.8504273504273504,0.0
2920,v3,1.0,0.0
2921,v2,0.855164226355362,0.0
2921,v3,1.0,0.0
2922,v2,0.8535276073619632,0.0
2922,v3,1.0,0.0
2923,v2,0.8513992905005913,0.0
2923,v3,1.0,0.0
2924,v2,0.8551068883610451,0.0
2924,v3,1.0,0.0
2925,v2,0.8546511627906976,0.0
2925,v3,1.0,0.0
2926,v2,0.8545098039215686,0.0
2926,v3,1.0,0.0
2927,v2,0.8532328441094804,0.0
2927,v3,1.0,0.0
2928,v2,0.8562426152028357,0.0
2928,v3,1.0,0.0
2929,v2,0.8584278451310129,0.0
2929,v3,1.0,0.0
2930,v2,0.8530326594090202,0.0
2930,v3,1.0,0.0
2931,v2,0.855191256830601,0.0
2931,v3,1.0,0.0
2932,v2,0.8547206165703276,0.0
2932,v3,1.0,0.0
2933,v2,0.8590891397430906,0.0
2933,v3,1.0,0.0
2934,v2,0.8494163424124513,0.0
2934,v3,1.0,0.0
2935,v2,0.8542399374755764,0.0
2935,v3,1.0,0.0
2936,v2,0.8494996150885297,0.0
2936,v3,1.0,0.0
2937,v2,0.8566447113521891,0.0
2937,v3,1.0,0.0
2938,v2,0.8568627450980392,0.0
2938,v3,1.0,0.0
2939,v2,0.8524014057008981,0.0
2939,v3,1.0,0.0
2940,v2,0.8541423570595099,0.0
2940,v3,1.0,0.0
2941,v2,0.8525417151726814,0.0
2941,v3,1.0,0.0
2942,v2,0.8616177636796194,0.0
2942,v3,1.0,0.0
2943,v2,0.8509634290208415,0.0
2943,v3,1.0,0.0
2944,v2,0.8534784298484259,0.0
2944,v3,1.0,0.0
2945,v2,0.8529988239905919,0.0
2945,v3,1.0,0.0
2946,v2,0.8483320403413499,0.0
2946,v3,1.0,0.0
2947,v2,0.855397951142632,0.0
2947,v3,1.0,0.0
2948,v2,0.850887573964497,0.0
2948,v3,1.0,0.0
2949,v2,0.8524717789022966,0.0
2949,v3,1.0,0.0
2950,v2,0.855912294440094,0.0
2950,v3,1.0,0.0
2951,v2,0.8526068208545668,0.0
2951,v3,1.0,0.0
2952,v2,0.8620015637216576,0.0
2952,v3,1.0,0.0
2953,v2,0.855862874951305,0.0
2953,v3,1.0,0.0
2954,v2,0.8536681051392703,0.0
2954,v3,1.0,0.0
2955,v2,0.8560842433697348,0.0
2955,v3,1.0,0.0
2956,v2,0.8550610476565577,0.0
2956,v3,1.0,0.0
2957,v2,0.8529067499024581,0.0
2957,v3,1.0,0.0
2958,v2,0.8587041373926619,0.0
2958,v3,1.0,0.0
2959,v2,0.8516179952644041,0.0
2959,v3,1.0,0.0
2960,v2,0.8560755013763272,0.0
2960,v3,1.0,0.0
2961,v2,0.8554169914263445,0.0
2961,v3,1.0,0.0
2962,v2,0.8513833992094861,0.0
2962,v3,1.0,0.0
2963,v2,0.8526645768025078,0.0
2963,v3,1.0,0.0
2964,v2,0.8579321231254933,0.0
2964,v3,1.0,0.0
2965,v2,0.855191256830601,0.0
2965,v3,1.0,0.0
2966,v2,0.8513775708187815,0.0
2966,v3,1.0,0.0
2967,v2,0.8542944785276073,0.0
2967,v3,1.0,0.0
2968,v2,0.85625,0.0
2968,v3,1.0,0.0
2969,v2,0.8535056795926361,0.0
2969,v3,1.0,0.0
2970,v2,0.8596628773030184,0.0
2970,v3,1.0,0.0
2971,v2,0.8542239685658153,0.0
2971,v3,1.0,0.0
2972,v2,0.848116169544741,0.0
2972,v3,1.0,0.0
2973,v2,0.8545948041876696,0.0
2973,v3,1.0,0.0
2974,v2,0.8577502899110939,0.0
2974,v3,1.0,0.0
2975,v2,0.8524143302180686,0.0
2975,v3,1.0,0.0
2976,v2,0.8620961386918834,0.0
2976,v3,1.0,0.0
2977,v2,0.8533231474407945,0.0
2977,v3,1.0,0.0
2978,v2,0.8565891472868217,0.0
2978,v3,1.0,0.0
2979,v2,0.8532713898567557,0.0
2979,v3,1.0,0.0
2980,v2,0.8556501547987616,0.0
2980,v3,1.0,0.0
2981,v2,0.8563129357087529,0.0
2981,v3,1.0,0.0
2982,v2,0.852586542201478,0.0
2982,v3,1.0,0.0
2983,v2,0.8602192638997651,0.0
2983,v3,1.0,0.0
2984,v2,0.8538127222441723,0.0
2984,v3,1.0,0.0
2985,v2,0.852465483234714,0.0
2985,v3,1.0,0.0
2986,v2,0.8526682134570766,0.0
2986,v3,1.0,0.0
2987,v2,0.8501769563507668,0.0
2987,v3,1.0,0.0
2988,v2,0.855908912446015,0.0
2988,v3,1.0,0.0
2989,v2,0.858102766798419,0.0
2989,v3,1.0,0.0
2990,v2,0.8544106167056986,0.0
2990,v3,1.0,0.0
2991,v2,0.8527011270890011,0.0
2991,v3,1.0,0.0
2992,v2,0.8465710964742348,0.0
2992,v3,1.0,0.0
2993,v2,0.8516801853997682,0.0
2993,v3,1.0,0.0
2994,v2,0.8522283033620016,0.0
2994,v3,1.0,0.0
2995,v2,0.8531576908175126,0.0
2995,v3,1.0,0.0
2996,v2,0.8509727626459144,0.0
2996,v3,1.0,0.0
2997,v2,0.8532608695652174,0.0
2997,v3,1.0,0.0
2998,v2,0.8575815738963531,0.0
2998,v3,1.0,0.0
2999,v2,0.8525911708253359,0.0
2999,v3,1.0,0.0
3000,v2,0.8486739469578783,0.0
3000,v3,1.0,0.0
3001,v2,0.8538283062645011,0.0
3001,v3,1.0,0.0
3002,v2,0.8525989138867339,0.0
3002,v3,1.0,0.0
3003,v2,0.8588600232648314,0.0
3003,v3,1.0,0.0
3004,v2,0.8494957331264547,0.0
3004,v3,1.0,0.0
3005,v2,0.85978731784167,0.0
3005,v3,1.0,0.0
3006,v2,0.8518664047151278,0.0
3006,v3,1.0,0.0
3007,v2,0.8559686888454012,0.0
3007,v3,1.0,0.0
3008,v2,0.8501755754974639,0.0
3008,v3,1.0,0.0
3009,v2,0.8565351894818252,0.0
3009,v3,1.0,0.0
3010,v2,0.8580819798917246,0.0
3010,v3,1.0,0.0
3011,v2,0.8606945540647198,0.0
3011,v3,1.0,0.0
3012,v2,0.8530564263322884,0.0
3012,v3,1.0,0.0
3013,v2,0.8566447113521891,0.0
3013,v3,1.0,0.0
3014,v2,0.8589894242068156,0.0
3014,v3,1.0,0.0
3015,v2,0.8568129330254042,0.0
3015,v3,1.0,0.0
3016,v2,0.8541341653666147,0.0
3016,v3,1.0,0.0
3017,v2,0.852054794520548,0.0
3017,v3,1.0,0.0
3018,v2,0.8486997635933806,0.0
3018,v3,1.0,0.0
3019,v2,0.8495575221238938,0.0
3019,v3,1.0,0.0
3020,v2,0.851039260969977,0.0
3020,v3,1.0,0.0
3021,v2,0.8568665377176016,0.0
3021,v3,1.0,0.0
3022,v2,0.8536304264310411,0.0
3022,v3,1.0,0.0
3023,v2,0.8524717789022966,0.0
3023,v3,1.0,0.0
3024,v2,0.850216791486007,0.0
3024,v3,1.0,0.0
3025,v2,0.8563174114021571,0.0
3025,v3,1.0,0.0
3026,v2,0.8552477565353102,0.0
3026,v3,1.0,0.0
3027,v2,0.8524844720496895,0.0
3027,v3,1.0,0.0
3028,v2,0.8549648162627053,0.0
3028,v3,1.0,0.0
3029,v2,0.852126414358174,0.0
3029,v3,1.0,0.0
3030,v2,0.8543503257953239,0.0
3030,v3,1.0,0.0
3031,v2,0.8491159135559921,0.0
3031,v3,1.0,0.0
3032,v2,0.850499615680246,0.0
3032,v3,1.0,0.0
3033,v2,0.8527011270890011,0.0
3033,v3,1.0,0.0
3034,v2,0.8519968676585747,0.0
3034,v3,1.0,0.0
3035,v2,0.8549766718506998,0.0
3035,v3,1.0,0.0
3036,v2,0.8560813453265546,0.0
3036,v3,1.0,0.0
3037,v2,0.8514464425332291,0.0
3037,v3,1.0,0.0
3038,v2,0.8569194683346364,0.0
3038,v3,1.0,0.0
3039,v2,0.8512780790085205,0.0
3039,v3,1.0,0.0
3040,v2,0.8526438569206843,0.0
3040,v3,1.0,0.0
3041,v2,0.8574766355140186,0.0
3041,v3,1.0,0.0
3042,v2,0.858814352574103,0.0
3042,v3,1.0,0.0
3043,v2,0.8548324990373508,0.0
3043,v3,1.0,0.0
3044,v2,0.8538794801102796,0.0
3044,v3,1.0,0.0
3045,v2,0.8531931464174455,0.0
3045,v3,1.0,0.0
3046,v2,0.8530549110595514,0.0
3046,v3,1.0,0.0
3047,v2,0.8526315789473684,0.0
3047,v3,1.0,0.0
3048,v2,0.854895792371215,0.0
3048,v3,1.0,0.0
3049,v2,0.8549942151947552,0.0
3049,v3,1.0,0.0
3050,v2,0.8555469953775039,0.0
3050,v3,1.0,0.0
3051,v2,0.853125,0.0
3051,v3,1.0,0.0
3052,v2,0.8526315789473684,0.0
3052,v3,1.0,0.0
3053,v2,0.856640625,0.0
3053,v3,1.0,0.0
3054,v2,0.8551401869158879,0.0
3054,v3,1.0,0.0
3055,v2,0.8527222875048962,0.0
3055,v3,1.0,0.0
3056,v2,0.8540202966432474,0.0
3056,v3,1.0,0.0
3057,v2,0.8532328441094804,0.0
3057,v3,1.0,0.0
3058,v2,0.8454161871883391,0.0
3058,v3,1.0,0.0
3059,v2,0.8560755013763272,0.0
3059,v3,1.0,0.0
3060,v2,0.8593260188087775,0.0
3060,v3,1.0,0.0
3061,v2,0.855151045701007,0.0
3061,v3,1.0,0.0
3062,v2,0.8527679623085983,0.0
3062,v3,1.0,0.0
3063,v2,0.8562015503875969,0.0
3063,v3,1.0,0.0
3064,v2,0.854383932020085,0.0
3064,v3,1.0,0.0
3065,v2,0.8513883457176379,0.0
3065,v3,1.0,0.0
3066,v2,0.853897375636506,0.0
3066,v3,1.0,0.0
3067,v2,0.8568627450980392,0.0
3067,v3,1.0,0.0
3068,v2,0.8509485094850948,0.0
3068,v3,1.0,0.0
3069,v2,0.8484966809839907,0.0
3069,v3,1.0,0.0
3070,v2,0.8550949244478884,0.0
3070,v3,1.0,0.0
3071,v2,0.8538219070133963,0.0
3071,v3,1.0,0.0
3072,v2,0.8560956790123457,0.0
3072,v3,1.0,0.0
3073,v2,0.8512043512043512,0.0
3073,v3,1.0,0.0
3074,v2,0.8574766355140186,0.0
3074,v3,1.0,0.0
3075,v2,0.8531029065200314,0.0
3075,v3,1.0,0.0
3076,v2,0.8600695786625435,0.0
3076,v3,1.0,0.0
3077,v2,0.8563129357087529,0.0
3077,v3,1.0,0.0
3078,v2,0.8543046357615894,0.0
3078,v3,1.0,0.0
3079,v2,0.8545597484276729,0.0
3079,v3,1.0,0.0
3080,v2,0.8481353325643983,0.0
3080,v3,1.0,0.0
3081,v2,0.8555984555984556,0.0
3081,v3,1.0,0.0
3082,v2,0.8519813519813519,0.0
3082,v3,1.0,0.0
3083,v2,0.8506191950464397,0.0
3083,v3,1.0,0.0
3084,v2,0.8510555121188429,0.0
3084,v3,1.0,0.0
3085,v2,0.8463925523661753,0.0
3085,v3,1.0,0.0
3086,v2,0.8524461839530333,0.0
3086,v3,1.0,0.0
3087,v2,0.8530897784687136,0.0
3087,v3,1.0,0.0
3088,v2,0.8554027504911591,0.0
3088,v3,1.0,0.0
3089,v2,0.8516332152695789,0.0
3089,v3,1.0,0.0
3090,v2,0.8492560689115114,0.0
3090,v3,1.0,0.0
3091,v2,0.8515044939429465,0.0
3091,v3,1.0,0.0
3092,v2,0.8533228470310656,0.0
3092,v3,1.0,0.0
3093,v2,0.8587726199842644,0.0
3093,v3,1.0,0.0
3094,v2,0.8533747090768037,0.0
3094,v3,1.0,0.0
3095,v2,0.8525817895151754,0.0
3095,v3,1.0,0.0
3096,v2,0.850924499229584,0.0
3096,v3,1.0,0.0
3097,v2,0.8560871256320498,0.0
3097,v3,1.0,0.0
3098,v2,0.8578680203045685,0.0
3098,v3,1.0,0.0
3099,v2,0.8517200474495848,0.0
3099,v3,1.0,0.0
3100,v2,0.8551805337519623,0.0
3100,v3,1.0,0.0
3101,v2,0.8521235521235522,0.0
3101,v3,1.0,0.0
3102,v2,0.8628284389489954,0.0
3102,v3,1.0,0.0
3103,v2,0.8585617798967025,0.0
3103,v3,1.0,0.0
3104,v2,0.8541505042668736,0.0
3104,v3,1.0,0.0
3105,v2,0.8524271844660194,0.0
3105,v3,1.0,0.0
3106,v2,0.855686274509804,0.0
3106,v3,1.0,0.0
3107,v2,0.8502736512900704,0.0
3107,v3,1.0,0.0
3108,v2,0.855454903505317,0.0
3108,v3,1.0,0.0
3109,v2,0.8489972473456547,0.0
3109,v3,1.0,0.0
3110,v2,0.8597249508840864,0.0
3110,v3,1.0,0.0
3111,v2,0.8504854368932039,0.0
3111,v3,1.0,0.0
3112,v2,0.8508977361436377,0.0
3112,v3,1.0,0.0
3113,v2,0.8509147528221098,0.0
3113,v3,1.0,0.0
3114,v2,0.8537441497659907,0.0
3114,v3,1.0,0.0
3115,v2,0.8514774494556765,0.0
3115,v3,1.0,0.0
3116,v2,0.8595238095238096,0.0
3116,v3,1.0,0.0
3117,v2,0.8458850931677019,0.0
3117,v3,1.0,0.0
3118,v2,0.853897375636506,0.0
3118,v3,1.0,0.0
3119,v2,0.8541009463722398,0.0
3119,v3,1.0,0.0
3120,v2,0.856640625,0.0
3120,v3,1.0,0.0
3121,v2,0.8538011695906432,0.0
3121,v3,1.0,0.0
3122,v2,0.8561964146531567,0.0
3122,v3,1.0,0.0
3123,v2,0.8499805674310144,0.0
3123,v3,1.0,0.0
3124,v2,0.8536304264310411,0.0
3124,v3,1.0,0.0
3125,v2,0.8524072612470402,0.0
3125,v3,1.0,0.0
3126,v2,0.8534883720930233,0.0
3126,v3,1.0,0.0
3127,v2,0.8507924236567452,0.0
3127,v3,1.0,0.0
3128,v2,0.8501564945226917,0.0
3128,v3,1.0,0.0
3129,v2,0.8615205585725368,0.0
3129,v3,1.0,0.0
3130,v2,0.8525490196078431,0.0
3130,v3,1.0,0.0
3131,v2,0.8499802605606,0.0
3131,v3,1.0,0.0
3132,v2,0.8500196309383589,0.0
3132,v3,1.0,0.0
3133,v2,0.8558067030397506,0.0
3133,v3,1.0,0.0
3134,v2,0.8507638072855465,0.0
3134,v3,1.0,0.0
3135,v2,0.8549080954243253,0.0
3135,v3,1.0,0.0
3136,v2,0.8484375,0.0
3136,v3,1.0,0.0
3137,v2,0.8538670812281384,0.0
3137,v3,1.0,0.0
3138,v2,0.8538310412573674,0.0
3138,v3,1.0,0.0
3139,v2,0.8578660436137072,0.0
3139,v3,1.0,0.0
3140,v2,0.8589243959469992,0.0
3140,v3,1.0,0.0
3141,v2,0.8556501547987616,0.0
3141,v3,1.0,0.0
3142,v2,0.8510388083104665,0.0
3142,v3,1.0,0.0
3143,v2,0.8524014057008981,0.0
3143,v3,1.0,0.0
3144,v2,0.8520686963309914,0.0
3144,v3,1.0,0.0
3145,v2,0.8493952399531799,0.0
3145,v3,1.0,0.0
3146,v2,0.8573692551505546,0.0
3146,v3,1.0,0.0
3147,v2,0.8498267231420871,0.0
3147,v3,1.0,0.0
3148,v2,0.8539805825242719,0.0
3148,v3,1.0,0.0
3149,v2,0.8470407378939278,0.0
3149,v3,1.0,0.0
3150,v2,0.8546739984289081,0.0
3150,v3,1.0,0.0
3151,v2,0.8482704402515723,0.0
3151,v3,1.0,0.0
3152,v2,0.8525291828793774,0.0
3152,v3,1.0,0.0
3153,v2,0.8495506057053537,0.0
3153,v3,1.0,0.0
3154,v2,0.8520368946963874,0.0
3154,v3,1.0,0.0
3155,v2,0.8527437820765891,0.0
3155,v3,1.0,0.0
3156,v2,0.8465753424657534,0.0
3156,v3,1.0,0.0
3157,v2,0.8558882235528942,0.0
3157,v3,1.0,0.0
3158,v2,0.8506594259115593,0.0
3158,v3,1.0,0.0
3159,v2,0.857031857031857,0.0
3159,v3,1.0,0.0
3160,v2,0.8514890282131662,0.0
3160,v3,1.0,0.0
3161,v2,0.8544657097288676,0.0
3161,v3,1.0,0.0
3162,v2,0.8513725490196078,0.0
3162,v3,1.0,0.0
3163,v2,0.8554778554778555,0.0
3163,v3,1.0,0.0
3164,v2,0.8602654176424668,0.0
3164,v3,1.0,0.0
3165,v2,0.8521370812475934,0.0
3165,v3,1.0,0.0
3166,v2,0.850294695481336,0.0
3166,v3,1.0,0.0
3167,v2,0.8559322033898306,0.0
3167,v3,1.0,0.0
3168,v2,0.8523698523698524,0.0
3168,v3,1.0,0.0
3169,v2,0.8502304147465438,0.0
3169,v3,1.0,0.0
3170,v2,0.8484729835552075,0.0
3170,v3,1.0,0.0
3171,v2,0.8548513302034428,0.0
3171,v3,1.0,0.0
3172,v2,0.8572555205047319,0.0
3172,v3,1.0,0.0
3173,v2,0.8568102444703143,0.0
3173,v3,1.0,0.0
3174,v2,0.850828729281768,0.0
3174,v3,1.0,0.0
3175,v2,0.8597302504816956,0.0
3175,v3,1.0,0.0
3176,v2,0.8582554517133957,0.0
3176,v3,1.0,0.0
3177,v2,0.8502358490566038,0.0
3177,v3,1.0,0.0
3178,v2,0.8501945525291829,0.0
3178,v3,1.0,0.0
3179,v2,0.855393125246938,0.0
3179,v3,1.0,0.0
3180,v2,0.8593508500772797,0.0
3180,v3,1.0,0.0
3181,v2,0.851823118696664,0.0
3181,v3,1.0,0.0
3182,v2,0.8532073986619442,0.0
3182,v3,1.0,0.0
3183,v2,0.8527222875048962,0.0
3183,v3,1.0,0.0
3184,v2,0.859105180533752,0.0
3184,v3,1.0,0.0
3185,v2,0.8592964824120602,0.0
3185,v3,1.0,0.0
3186,v2,0.8499032882011606,0.0
3186,v3,1.0,0.0
3187,v2,0.8575364029909485,0.0
3187,v3,1.0,0.0
3188,v2,0.8563748079877113,0.0
3188,v3,1.0,0.0
3189,v2,0.854289071680376,0.0
3189,v3,1.0,0.0
3190,v2,0.8511137162954279,0.0
3190,v3,1.0,0.0
3191,v2,0.8552215189873418,0.0
3191,v3,1.0,0.0
3192,v2,0.8552477565353102,0.0
3192,v3,1.0,0.0
3193,v2,0.8554075235109718,0.0
3193,v3,1.0,0.0
3194,v2,0.8563622170179547,0.0
3194,v3,1.0,0.0
3195,v2,0.8589147286821706,0.0
3195,v3,1.0,0.0
3196,v2,0.8561511762437332,0.0
3196,v3,1.0,0.0
3197,v2,0.856420233463035,0.0
3197,v3,1.0,0.0
3198,v2,0.8564687377113646,0.0
3198,v3,1.0,0.0
3199,v2,0.8560219693997646,0.0
3199,v3,1.0,0.0
3200,v2,0.8521431380259537,0.0
3200,v3,1.0,0.0
3201,v2,0.8556902620258114,0.0
3201,v3,1.0,0.0
3202,v2,0.8568120416827479,0.0
3202,v3,1.0,0.0
3203,v2,0.8611550632911392,0.0
3203,v3,1.0,0.0
3204,v2,0.8537441497659907,0.0
3204,v3,1.0,0.0
3205,v2,0.8487460815047022,0.0
3205,v3,1.0,0.0
3206,v2,0.8598277212216131,0.0
3206,v3,1.0,0.0
3207,v2,0.8544106167056986,0.0
3207,v3,1.0,0.0
3208,v2,0.8568129330254042,0.0
3208,v3,1.0,0.0
3209,v2,0.85423197492163,0.0
3209,v3,1.0,0.0
3210,v2,0.8575899843505478,0.0
3210,v3,1.0,0.0
3211,v2,0.8534982605334364,0.0
3211,v3,1.0,0.0
3212,v2,0.8554502369668247,0.0
3212,v3,1.0,0.0
3213,v2,0.8522376543209876,0.0
3213,v3,1.0,0.0
3214,v2,0.8593141075604053,0.0
3214,v3,1.0,0.0
3215,v2,0.8498267231420871,0.0
3215,v3,1.0,0.0
3216,v2,0.8568680261639092,0.0
3216,v3,1.0,0.0
3217,v2,0.857365549493375,0.0
3217,v3,1.0,0.0
3218,v2,0.8546671918077984,0.0
3218,v3,1.0,0.0
3219,v2,0.8625685199686766,0.0
3219,v3,1.0,0.0
3220,v2,0.8512880562060889,0.0
3220,v3,1.0,0.0
3221,v2,0.8538831064851882,0.0
3221,v3,1.0,0.0
3222,v2,0.8531714956930305,0.0
3222,v3,1.0,0.0
3223,v2,0.850870253164557,0.0
3223,v3,1.0,0.0
3224,v2,0.8581368380363356,0.0
3224,v3,1.0,0.0
3225,v2,0.8490566037735849,0.0
3225,v3,1.0,0.0
3226,v2,0.8561886051080551,0.0
3226,v3,1.0,0.0
3227,v2,0.8527131782945736,0.0
3227,v3,1.0,0.0
3228,v2,0.8516915814319433,0.0
3228,v3,1.0,0.0
3229,v2,0.8526768268855022,0.0
3229,v3,1.0,0.0
3230,v2,0.8478260869565217,0.0
3230,v3,1.0,0.0
3231,v2,0.861132660977502,0.0
3231,v3,1.0,0.0
3232,v2,0.8526315789473684,0.0
3232,v3,1.0,0.0
3233,v2,0.8525741029641186,0.0
3233,v3,1.0,0.0
3234,v2,0.8537348455220962,0.0
3234,v3,1.0,0.0
3235,v2,0.8487229862475442,0.0
3235,v3,1.0,0.0
3236,v2,0.8548700038804812,0.0
3236,v3,1.0,0.0
3237,v2,0.8489151873767259,0.0
3237,v3,1.0,0.0
3238,v2,0.8569206842923794,0.0
3238,v3,1.0,0.0
3239,v2,0.8548513302034428,0.0
3239,v3,1.0,0.0
3240,v2,0.850216791486007,0.0
3240,v3,1.0,0.0
3241,v2,0.8514734774066798,0.0
3241,v3,1.0,0.0
3242,v2,0.8588328075709779,0.0
3242,v3,1.0,0.0
3243,v2,0.8543913713405239,0.0
3243,v3,1.0,0.0
3244,v2,0.8540925266903915,0.0
3244,v3,1.0,0.0
3245,v2,0.8558067030397506,0.0
3245,v3,1.0,0.0
3246,v2,0.8514928266770065,0.0
3246,v3,1.0,0.0
3247,v2,0.8579299488390397,0.0
3247,v3,1.0,0.0
3248,v2,0.860546875,0.0
3248,v3,1.0,0.0
3249,v2,0.8565950920245399,0.0
3249,v3,1.0,0.0
3250,v2,0.8541748333986672,0.0
3250,v3,1.0,0.0
3251,v2,0.8529411764705882,0.0
3251,v3,1.0,0.0
3252,v2,0.8497837200157294,0.0
3252,v3,1.0,0.0
3253,v2,0.8536870854467421,0.0
3253,v3,1.0,0.0
3254,v2,0.8519388954171563,0.0
3254,v3,1.0,0.0
3255,v2,0.8583558471632574,0.0
3255,v3,1.0,0.0
3256,v2,0.8505074160811865,0.0
3256,v3,1.0,0.0
3257,v2,0.8525541795665634,0.0
3257,v3,1.0,0.0
3258,v2,0.847313490529571,0.0
3258,v3,1.0,0.0
3259,v2,0.8458544180615025,0.0
3259,v3,1.0,0.0
3260,v2,0.8559814169570267,0.0
3260,v3,1.0,0.0
3261,v2,0.8577569363032435,0.0
3261,v3,1.0,0.0
3262,v2,0.8474708171206226,0.0
3262,v3,1.0,0.0
3263,v2,0.8599297698010144,0.0
3263,v3,1.0,0.0
3264,v2,0.8488461538461538,0.0
3264,v3,1.0,0.0
3265,v2,0.8568084276238783,0.0
3265,v3,1.0,0.0
3266,v2,0.8547442405310426,0.0
3266,v3,1.0,0.0
3267,v2,0.8532357473035439,0.0
3267,v3,1.0,0.0
3268,v2,0.8596559812353401,0.0
3268,v3,1.0,0.0
3269,v2,0.8512299882858259,0.0
3269,v3,1.0,0.0
3270,v2,0.8546099290780141,0.0
3270,v3,1.0,0.0
3271,v2,0.8540202966432474,0.0
3271,v3,1.0,0.0
3272,v2,0.8570867687475461,0.0
3272,v3,1.0,0.0
3273,v2,0.8523809523809524,0.0
3273,v3,1.0,0.0
3274,v2,0.8522683210546723,0.0
3274,v3,1.0,0.0
3275,v2,0.848046875,0.0
3275,v3,1.0,0.0
3276,v2,0.8527820710973725,0.0
3276,v3,1.0,0.0
3277,v2,0.8583170254403131,0.0
3277,v3,1.0,0.0
3278,v2,0.8526315789473684,0.0
3278,v3,1.0,0.0
3279,v2,0.8522243713733075,0.0
3279,v3,1.0,0.0
3280,v2,0.8555900621118012,0.0
3280,v3,1.0,0.0
3281,v2,0.8488596830305373,0.0
3281,v3,1.0,0.0
3282,v2,0.8489010989010989,0.0
3282,v3,1.0,0.0
3283,v2,0.8535353535353535,0.0
3283,v3,1.0,0.0
3284,v2,0.8512558869701727,0.0
3284,v3,1.0,0.0
3285,v2,0.8565891472868217,0.0
3285,v3,1.0,0.0
3286,v2,0.8526522593320236,0.0
3286,v3,1.0,0.0
3287,v2,0.8597249508840864,0.0
3287,v3,1.0,0.0
3288,v2,0.8547945205479452,0.0
3288,v3,1.0,0.0
3289,v2,0.8485901892622634,0.0
3289,v3,1.0,0.0
3290,v2,0.853078721745908,0.0
3290,v3,1.0,0.0
3291,v2,0.8532073986619442,0.0
3291,v3,1.0,0.0
3292,v2,0.8569188553508428,0.0
3292,v3,1.0,0.0
3293,v2,0.8482864844050828,0.0
3293,v3,1.0,0.0
3294,v2,0.8504306969459671,0.0
3294,v3,1.0,0.0
3295,v2,0.8555207517619421,0.0
3295,v3,1.0,0.0
3296,v2,0.8525741029641186,0.0
3296,v3,1.0,0.0
3297,v2,0.856301531213192,0.0
3297,v3,1.0,0.0
3298,v2,0.8549262994569433,0.0
3298,v3,1.0,0.0
3299,v2,0.850682261208577,0.0
3299,v3,1.0,0.0
3300,v2,0.8511390416339356,0.0
3300,v3,1.0,0.0
3301,v2,0.8547442405310426,0.0
3301,v3,1.0,0.0
3302,v2,0.8533228470310656,0.0
3302,v3,1.0,0.0
3303,v2,0.8546646106399384,0.0
3303,v3,1.0,0.0
3304,v2,0.8560871256320498,0.0
3304,v3,1.0,0.0
3305,v2,0.8544747081712062,0.0
3305,v3,1.0,0.0
3306,v2,0.8532073986619442,0.0
3306,v3,1.0,0.0
3307,v2,0.8578640776699029,0.0
3307,v3,1.0,0.0
3308,v2,0.8599689681923972,0.0
3308,v3,1.0,0.0
3309,v2,0.85325029194239,0.0
3309,v3,1.0,0.0
3310,v2,0.8544106167056986,0.0
3310,v3,1.0,0.0
3311,v2,0.8495950636328576,0.0
3311,v3,1.0,0.0
3312,v2,0.8608527131782946,0.0
3312,v3,1.0,0.0
3313,v2,0.8610787737679473,0.0
3313,v3,1.0,0.0
3314,v2,0.8569200779727095,0.0
3314,v3,1.0,0.0
3315,v2,0.8600389863547758,0.0
3315,v3,1.0,0.0
3316,v2,0.8625096824167312,0.0
3316,v3,1.0,0.0
3317,v2,0.8496062992125984,0.0
3317,v3,1.0,0.0
3318,v2,0.8495297805642633,0.0
3318,v3,1.0,0.0
3319,v2,0.8530805687203792,0.0
3319,v3,1.0,0.0
3320,v2,0.858034321372855,0.0
3320,v3,1.0,0.0
3321,v2,0.8519800076893502,0.0
3321,v3,1.0,0.0
3322,v2,0.8501945525291829,0.0
3322,v3,1.0,0.0
3323,v2,0.8568047337278106,0.0
3323,v3,1.0,0.0
3324,v2,0.8439857086145296,0.0
3324,v3,1.0,0.0
3325,v2,0.8515198752922837,0.0
3325,v3,1.0,0.0
3326,v2,0.854630715123095,0.0
3326,v3,1.0,0.0
3327,v2,0.8514087225009649,0.0
3327,v3,1.0,0.0
3328,v2,0.8518805738658395,0.0
3328,v3,1.0,0.0
3329,v2,0.856420233463035,0.0
3329,v3,1.0,0.0
3330,v2,0.8552529182879377,0.0
3330,v3,1.0,0.0
3331,v2,0.8557389937106918,0.0
3331,v3,1.0,0.0
3332,v2,0.8535630383711824,0.0
3332,v3,1.0,0.0
3333,v2,0.8488237562668723,0.0
3333,v3,1.0,0.0
3334,v2,0.8518948182521269,0.0
3334,v3,1.0,0.0
3335,v2,0.8529641185647426,0.0
3335,v3,1.0,0.0
3336,v2,0.8488555643251776,0.0
3336,v3,1.0,0.0
3337,v2,0.8563579277864992,0.0
3337,v3,1.0,0.0
3338,v2,0.8516179952644041,0.0
3338,v3,1.0,0.0
3339,v2,0.8511224891689642,0.0
3339,v3,1.0,0.0
3340,v2,0.8554122704181321,0.0
3340,v3,1.0,0.0
3341,v2,0.854093907644548,0.0
3341,v3,1.0,0.0
3342,v2,0.8543200309957381,0.0
3342,v3,1.0,0.0
3343,v2,0.8521671826625387,0.0
3343,v3,1.0,0.0
3344,v2,0.8516653756777691,0.0
3344,v3,1.0,0.0
3345,v2,0.8556296586896822,0.0
3345,v3,1.0,0.0
3346,v2,0.8493415956622773,0.0
3346,v3,1.0,0.0
3347,v2,0.8543276661514683,0.0
3347,v3,1.0,0.0
3348,v2,0.85703125,0.0
3348,v3,1.0,0.0
3349,v2,0.843677269200931,0.0
3349,v3,1.0,0.0
3350,v2,0.8560755013763272,0.0
3350,v3,1.0,0.0
3351,v2,0.8589147286821706,0.0
3351,v3,1.0,0.0
3352,v2,0.8592964824120602,0.0
3352,v3,1.0,0.0
3353,v2,0.8568619740464019,0.0
3353,v3,1.0,0.0
3354,v2,0.8495470657739267,0.0
3354,v3,1.0,0.0
3355,v2,0.8515198752922837,0.0
3355,v3,1.0,0.0
3356,v2,0.8545170121235823,0.0
3356,v3,1.0,0.0
3357,v2,0.8588281557215887,0.0
3357,v3,1.0,0.0
3358,v2,0.8549202644885259,0.0
3358,v3,1.0,0.0
3359,v2,0.8488417746368276,0.0
3359,v3,1.0,0.0
3360,v2,0.853963295587661,0.0
3360,v3,1.0,0.0
3361,v2,0.8517665130568356,0.0
3361,v3,1.0,0.0
3362,v2,0.8580896686159845,0.0
3362,v3,1.0,0.0
3363,v2,0.8613861386138614,0.0
3363,v3,1.0,0.0
3364,v2,0.8475633528265107,0.0
3364,v3,1.0,0.0
3365,v2,0.8581560283687943,0.0
3365,v3,1.0,0.0
3366,v2,0.85219758848697,0.0
3366,v3,1.0,0.0
3367,v2,0.8540117416829746,0.0
3367,v3,1.0,0.0
3368,v2,0.8620689655172413,0.0
3368,v3,1.0,0.0
3369,v2,0.8549141965678627,0.0
3369,v3,1.0,0.0
3370,v2,0.8595877090626215,0.0
3370,v3,1.0,0.0
3371,v2,0.8544879398971925,0.0
3371,v3,1.0,0.0
3372,v2,0.8565285379202502,0.0
3372,v3,1.0,0.0
3373,v2,0.8556379243074522,0.0
3373,v3,1.0,0.0
3374,v2,0.8488012374323279,0.0
3374,v3,1.0,0.0
3375,v2,0.8482352941176471,0.0
3375,v3,1.0,0.0
3376,v2,0.8497634069400631,0.0
3376,v3,1.0,0.0
3377,v2,0.8557098765432098,0.0
3377,v3,1.0,0.0
3378,v2,0.8496124031007752,0.0
3378,v3,1.0,0.0
3379,v2,0.8566953797963978,0.0
3379,v3,1.0,0.0
3380,v2,0.854093907644548,0.0
3380,v3,1.0,0.0
3381,v2,0.8543613707165109,0.0
3381,v3,1.0,0.0
3382,v2,0.8475750577367206,0.0
3382,v3,1.0,0.0
3383,v2,0.8493423674770825,0.0
3383,v3,1.0,0.0
3384,v2,0.8491598280578351,0.0
3384,v3,1.0,0.0
3385,v2,0.8570872274143302,0.0
3385,v3,1.0,0.0
3386,v2,0.8523698523698524,0.0
3386,v3,1.0,0.0
3387,v2,0.8478007006617361,0.0
3387,v3,1.0,0.0
3388,v2,0.8541666666666666,0.0
3388,v3,1.0,0.0
3389,v2,0.8555729984301413,0.0
3389,v3,1.0,0.0
3390,v2,0.8607101053452985,0.0
3390,v3,1.0,0.0
3391,v2,0.8561292865589278,0.0
3391,v3,1.0,0.0
3392,v2,0.8503086419753086,0.0
3392,v3,1.0,0.0
3393,v2,0.8573113207547169,0.0
3393,v3,1.0,0.0
3394,v2,0.8625984251968504,0.0
3394,v3,1.0,0.0
3395,v2,0.8566392479435958,0.0
3395,v3,1.0,0.0
3396,v2,0.8559190031152648,0.0
3396,v3,1.0,0.0
3397,v2,0.8529296106960284,0.0
3397,v3,1.0,0.0
3398,v2,0.8503159557661928,0.0
3398,v3,1.0,0.0
3399,v2,0.8459438377535101,0.0
3399,v3,1.0,0.0
3400,v2,0.8625536899648575,0.0
3400,v3,1.0,0.0
3401,v2,0.8513040093421564,0.0
3401,v3,1.0,0.0
3402,v2,0.855,0.0
3402,v3,1.0,0.0
3403,v2,0.8572539867755737,0.0
3403,v3,1.0,0.0
3404,v2,0.8518805738658395,0.0
3404,v3,1.0,0.0
3405,v2,0.852156862745098,0.0
3405,v3,1.0,0.0
3406,v2,0.8560871256320498,0.0
3406,v3,1.0,0.0
3407,v2,0.8560725552050473,0.0
3407,v3,1.0,0.0
3408,v2,0.85978731784167,0.0
3408,v3,1.0,0.0
3409,v2,0.852211016291699,0.0
3409,v3,1.0,0.0
3410,v2,0.8595106550907656,0.0
3410,v3,1.0,0.0
3411,v2,0.8593934619929106,0.0
3411,v3,1.0,0.0
3412,v2,0.8593996840442338,0.0
3412,v3,1.0,0.0
3413,v2,0.8513775708187815,0.0
3413,v3,1.0,0.0
3414,v2,0.8530917684127609,0.0
3414,v3,1.0,0.0
3415,v2,0.8599374021909233,0.0
3415,v3,1.0,0.0
3416,v2,0.8573673870333989,0.0
3416,v3,1.0,0.0
3417,v2,0.8514464425332291,0.0
3417,v3,1.0,0.0
3418,v2,0.8535922330097088,0.0
3418,v3,1.0,0.0
3419,v2,0.8521099496709252,0.0
3419,v3,1.0,0.0
3420,v2,0.8489906832298136,0.0
3420,v3,1.0,0.0
3421,v2,0.8538581449727202,0.0
3421,v3,1.0,0.0
3422,v2,0.8537920250195465,0.0
3422,v3,1.0,0.0
3423,v2,0.8485915492957746,0.0
3423,v3,1.0,0.0
3424,v2,0.8543613707165109,0.0
3424,v3,1.0,0.0
3425,v2,0.8515044939429465,0.0
3425,v3,1.0,0.0
3426,v2,0.8516483516483516,0.0
3426,v3,1.0,0.0
3427,v2,0.8532182103610675,0.0
3427,v3,1.0,0.0
3428,v2,0.8560250391236307,0.0
3428,v3,1.0,0.0
3429,v2,0.8591987553481136,0.0
3429,v3,1.0,0.0
3430,v2,0.8621495327102804,0.0
3430,v3,1.0,0.0
3431,v2,0.8543537680593518,0.0
3431,v3,1.0,0.0
3432,v2,0.8538884524744698,0.0
3432,v3,1.0,0.0
3433,v2,0.8523753435414213,0.0
3433,v3,1.0,0.0
3434,v2,0.8536585365853658,0.0
3434,v3,1.0,0.0
3435,v2,0.8568075117370892,0.0
3435,v3,1.0,0.0
3436,v2,0.8558067030397506,0.0
3436,v3,1.0,0.0
3437,v2,0.8618935837245696,0.0
3437,v3,1.0,0.0
3438,v2,0.8488957768306857,0.0
3438,v3,1.0,0.0
3439,v2,0.8502134264648816,0.0
3439,v3,1.0,0.0
3440,v2,0.852975495915986,0.0
3440,v3,1.0,0.0
3441,v2,0.8559055118110236,0.0
3441,v3,1.0,0.0
3442,v2,0.8561938257131692,0.0
3442,v3,1.0,0.0
3443,v2,0.8566953797963978,0.0
3443,v3,1.0,0.0
3444,v2,0.8585346843335931,0.0
3444,v3,1.0,0.0
3445,v2,0.8611435239206534,0.0
3445,v3,1.0,0.0
3446,v2,0.8572545952287838,0.0
3446,v3,1.0,0.0
3447,v2,0.8504455637349865,0.0
3447,v3,1.0,0.0
3448,v2,0.8567546583850931,0.0
3448,v3,1.0,0.0
3449,v2,0.8501960784313726,0.0
3449,v3,1.0,0.0
3450,v2,0.8511465215701516,0.0
3450,v3,1.0,0.0
3451,v2,0.853448275862069,0.0
3451,v3,1.0,0.0
3452,v2,0.8516915814319433,0.0
3452,v3,1.0,0.0
3453,v2,0.8565815324165029,0.0
3453,v3,1.0,0.0
3454,v2,0.8568657874321179,0.0
3454,v3,1.0,0.0
3455,v2,0.8568084276238783,0.0
3455,v3,1.0,0.0
3456,v2,0.8549766718506998,0.0
3456,v3,1.0,0.0
3457,v2,0.8501564945226917,0.0
3457,v3,1.0,0.0
3458,v2,0.8564122738001574,0.0
3458,v3,1.0,0.0
3459,v2,0.8590446358653093,0.0
3459,v3,1.0,0.0
3460,v2,0.852689010132502,0.0
3460,v3,1.0,0.0
3461,v2,0.8559190031152648,0.0
3461,v3,1.0,0.0
3462,v2,0.8518664047151278,0.0
3462,v3,1.0,0.0
3463,v2,0.8569194683346364,0.0
3463,v3,1.0,0.0
3464,v2,0.8513513513513513,0.0
3464,v3,1.0,0.0
3465,v2,0.8551456310679612,0.0
3465,v3,1.0,0.0
3466,v2,0.8567503924646782,0.0
3466,v3,1.0,0.0
3467,v2,0.8561264822134388,0.0
3467,v3,1.0,0.0
3468,v2,0.8496124031007752,0.0
3468,v3,1.0,0.0
3469,v2,0.8589644513137558,0.0
3469,v3,1.0,0.0
3470,v2,0.8573122529644269,0.0
3470,v3,1.0,0.0
3471,v2,0.8589292692457992,0.0
3471,v3,1.0,0.0
3472,v2,0.8498427672955975,0.0
3472,v3,1.0,0.0
3473,v2,0.8518948182521269,0.0
3473,v3,1.0,0.0
3474,v2,0.850955911041748,0.0
3474,v3,1.0,0.0
3475,v2,0.8585461689587426,0.0
3475,v3,1.0,0.0
3476,v2,0.8488555643251776,0.0
3476,v3,1.0,0.0
3477,v2,0.8582060321190756,0.0
3477,v3,1.0,0.0
3478,v2,0.8524717789022966,0.0
3478,v3,1.0,0.0
3479,v2,0.857308584686775,0.0
3479,v3,1.0,0.0
3480,v2,0.8544254658385093,0.0
3480,v3,1.0,0.0
3481,v2,0.8515351729498639,0.0
3481,v3,1.0,0.0
3482,v2,0.8521806252412196,0.0
3482,v3,1.0,0.0
3483,v2,0.8561859732072498,0.0
3483,v3,1.0,0.0
3484,v2,0.8565846033606878,0.0
3484,v3,1.0,0.0
3485,v2,0.8547945205479452,0.0
3485,v3,1.0,0.0
3486,v2,0.8470319634703196,0.0
3486,v3,1.0,0.0
3487,v2,0.8504090377873004,0.0
3487,v3,1.0,0.0
3488,v2,0.8526768268855022,0.0
3488,v3,1.0,0.0
3489,v2,0.846632931101596,0.0
3489,v3,1.0,0.0
3490,v2,0.8496062992125984,0.0
3490,v3,1.0,0.0
3491,v2,0.8513302034428795,0.0
3491,v3,1.0,0.0
3492,v2,0.8524461839530333,0.0
3492,v3,1.0,0.0
3493,v2,0.8516355140186916,0.0
3493,v3,1.0,0.0
3494,v2,0.8546375681995323,0.0
3494,v3,1.0,0.0
3495,v2,0.8535825545171339,0.0
3495,v3,1.0,0.0
3496,v2,0.8552839116719243,0.0
3496,v3,1.0,0.0
3497,v2,0.8517080745341615,0.0
3497,v3,1.0,0.0
3498,v2,0.8466953461087211,0.0
3498,v3,1.0,0.0
3499,v2,0.8526768268855022,0.0
3499,v3,1.0,0.0
3500,v2,0.8529182879377432,0.0
3500,v3,1.0,0.0
3501,v2,0.8573108584868679,0.0
3501,v3,1.0,0.0
3502,v2,0.8533333333333334,0.0
3502,v3,1.0,0.0
3503,v2,0.8502970297029703,0.0
3503,v3,1.0,0.0
3504,v2,0.84913112164297,0.0
3504,v3,1.0,0.0
3505,v2,0.8583690987124464,0.0
3505,v3,1.0,0.0
3506,v2,0.8529526789206101,0.0
3506,v3,1.0,0.0
3507,v2,0.8561484918793504,0.0
3507,v3,1.0,0.0
3508,v2,0.8562968811685748,0.0
3508,v3,1.0,0.0
3509,v2,0.8583657587548638,0.0
3509,v3,1.0,0.0
3510,v2,0.8503159557661928,0.0
3510,v3,1.0,0.0
3511,v2,0.853448275862069,0.0
3511,v3,1.0,0.0
3512,v2,0.8615324776351614,0.0
3512,v3,1.0,0.0
3513,v2,0.8576429404900817,0.0
3513,v3,1.0,0.0
3514,v2,0.8536299765807962,0.0
3514,v3,1.0,0.0
3515,v2,0.8509219301686936,0.0
3515,v3,1.0,0.0
3516,v2,0.847265625,0.0
3516,v3,1.0,0.0
3517,v2,0.854296875,0.0
3517,v3,1.0,0.0
3518,v2,0.8553508428067425,0.0
3518,v3,1.0,0.0
3519,v2,0.8531029065200314,0.0
3519,v3,1.0,0.0
3520,v2,0.86,0.0
3520,v3,1.0,0.0
3521,v2,0.8533596837944664,0.0
3521,v3,1.0,0.0
3522,v2,0.8515928515928516,0.0
3522,v3,1.0,0.0
3523,v2,0.8542635658914729,0.0
3523,v3,1.0,0.0
3524,v2,0.8543352601156069,0.0
3524,v3,1.0,0.0
3525,v2,0.8499413833528722,0.0
3525,v3,1.0,0.0
3526,v2,0.8546739984289081,0.0
3526,v3,1.0,0.0
3527,v2,0.8535433070866142,0.0
3527,v3,1.0,0.0
3528,v2,0.8534856242615203,0.0
3528,v3,1.0,0.0
3529,v2,0.8595527657905061,0.0
3529,v3,1.0,0.0
3530,v2,0.8553141970519783,0.0
3530,v3,1.0,0.0
3531,v2,0.8503401360544217,0.0
3531,v3,1.0,0.0
3532,v2,0.8567546583850931,0.0
3532,v3,1.0,0.0
3533,v2,0.856414280109847,0.0
3533,v3,1.0,0.0
3534,v2,0.8577502899110939,0.0
3534,v3,1.0,0.0
3535,v2,0.8557466770914777,0.0
3535,v3,1.0,0.0
3536,v2,0.8539805825242719,0.0
3536,v3,1.0,0.0
3537,v2,0.8519388954171563,0.0
3537,v3,1.0,0.0
3538,v2,0.856640625,0.0
3538,v3,1.0,0.0
3539,v2,0.8465403942790878,0.0
3539,v3,1.0,0.0
3540,v2,0.8557956777996071,0.0
3540,v3,1.0,0.0
3541,v2,0.8569182389937107,0.0
3541,v3,1.0,0.0
3542,v2,0.8538522637013503,0.0
3542,v3,1.0,0.0
3543,v2,0.855525185474424,0.0
3543,v3,1.0,0.0
3544,v2,0.8490196078431372,0.0
3544,v3,1.0,0.0
3545,v2,0.8491078355314197,0.0
3545,v3,1.0,0.0
3546,v2,0.8610248447204969,0.0
3546,v3,1.0,0.0
3547,v2,0.8550610476565577,0.0
3547,v3,1.0,0.0
3548,v2,0.8509634290208415,0.0
3548,v3,1.0,0.0
3549,v2,0.8607987592089957,0.0
3549,v3,1.0,0.0
3550,v2,0.8556501547987616,0.0
3550,v3,1.0,0.0
3551,v2,0.8540772532188842,0.0
3551,v3,1.0,0.0
3552,v2,0.856078431372549,0.0
3552,v3,1.0,0.0
3553,v2,0.8522815158546017,0.0
3553,v3,1.0,0.0
3554,v2,0.8514040561622465,0.0
3554,v3,1.0,0.0
3555,v2,0.8554169914263445,0.0
3555,v3,1.0,0.0
3556,v2,0.8573108584868679,0.0
3556,v3,1.0,0.0
3557,v2,0.8540604158493527,0.0
3557,v3,1.0,0.0
3558,v2,0.8609918000780945,0.0
3558,v3,1.0,0.0
3559,v2,0.855817549284886,0.0
3559,v3,1.0,0.0
3560,v2,0.8563600782778865,0.0
3560,v3,1.0,0.0
3561,v2,0.8583170254403131,0.0
3561,v3,1.0,0.0
3562,v2,0.8573081372927112,0.0
3562,v3,1.0,0.0
3563,v2,0.8500986193293886,0.0
3563,v3,1.0,0.0
3564,v2,0.853364449630494,0.0
3564,v3,1.0,0.0
3565,v2,0.8621495327102804,0.0
3565,v3,1.0,0.0
3566,v2,0.8597038191738113,0.0
3566,v3,1.0,0.0
3567,v2,0.8543956043956044,0.0
3567,v3,1.0,0.0
3568,v2,0.8482142857142857,0.0
3568,v3,1.0,0.0
3569,v2,0.8571981424148607,0.0
3569,v3,1.0,0.0
3570,v2,0.8485792137018295,0.0
3570,v3,1.0,0.0
3571,v2,0.8522727272727273,0.0
3571,v3,1.0,0.0
3572,v2,0.8515198752922837,0.0
3572,v3,1.0,0.0
3573,v2,0.8444185141968106,0.0
3573,v3,1.0,0.0
3574,v2,0.8518664047151278,0.0
3574,v3,1.0,0.0
3575,v2,0.8543689320388349,0.0
3575,v3,1.0,0.0
3576,v2,0.84765625,0.0
3576,v3,1.0,0.0
3577,v2,0.8529297632906481,0.0
3577,v3,1.0,0.0
3578,v2,0.8536870854467421,0.0
3578,v3,1.0,0.0
3579,v2,0.852803738317757,0.0
3579,v3,1.0,0.0
3580,v2,0.8523305914610263,0.0
3580,v3,1.0,0.0
3581,v2,0.8600871977804201,0.0
3581,v3,1.0,0.0
3582,v2,0.859073359073359,0.0
3582,v3,1.0,0.0
3583,v2,0.8556822650412899,0.0
3583,v3,1.0,0.0
3584,v2,0.8512939358825802,0.0
3584,v3,1.0,0.0
3585,v2,0.8552161840539468,0.0
3585,v3,1.0,0.0
3586,v2,0.8522148177185418,0.0
3586,v3,1.0,0.0
3587,v2,0.8597442851607904,0.0
3587,v3,1.0,0.0
3588,v2,0.8581449727201871,0.0
3588,v3,1.0,0.0
3589,v2,0.8481654957064794,0.0
3589,v3,1.0,0.0
3590,v2,0.8532073986619442,0.0
3590,v3,1.0,0.0
3591,v2,0.8513725490196078,0.0
3591,v3,1.0,0.0
3592,v2,0.8499805674310144,0.0
3592,v3,1.0,0.0
3593,v2,0.8526645768025078,0.0
3593,v3,1.0,0.0
3594,v2,0.8561938257131692,0.0
3594,v3,1.0,0.0
3595,v2,0.8550779764168885,0.0
3595,v3,1.0,0.0
3596,v2,0.851808176100629,0.0
3596,v3,1.0,0.0
3597,v2,0.8528726708074534,0.0
3597,v3,1.0,0.0
3598,v2,0.8545241809672387,0.0
3598,v3,1.0,0.0
3599,v2,0.850870253164557,0.0
3599,v3,1.0,0.0
3600,v2,0.8512939358825802,0.0
3600,v3,1.0,0.0
3601,v2,0.8509634290208415,0.0
3601,v3,1.0,0.0
3602,v2,0.8526398739164697,0.0
3602,v3,1.0,0.0
3603,v2,0.8558558558558559,0.0
3603,v3,1.0,0.0
3604,v2,0.8555815768930523,0.0
3604,v3,1.0,0.0
3605,v2,0.8465463108320251,0.0
3605,v3,1.0,0.0
3606,v2,0.8579698957931301,0.0
3606,v3,1.0,0.0
3607,v2,0.8504746835443038,0.0
3607,v3,1.0,0.0
3608,v2,0.8565285379202502,0.0
3608,v3,1.0,0.0
3609,v2,0.8543151227236738,0.0
3609,v3,1.0,0.0
3610,v2,0.8542635658914729,0.0
3610,v3,1.0,0.0
3611,v2,0.8599374021909233,0.0
3611,v3,1.0,0.0
3612,v2,0.8480814408770556,0.0
3612,v3,1.0,0.0
3613,v2,0.8556942277691107,0.0
3613,v3,1.0,0.0
3614,v2,0.8529411764705882,0.0
3614,v3,1.0,0.0
3615,v2,0.8581449727201871,0.0
3615,v3,1.0,0.0
3616,v2,0.8585346843335931,0.0
3616,v3,1.0,0.0
3617,v2,0.8586017282010998,0.0
3617,v3,1.0,0.0
3618,v2,0.8477834444880346,0.0
3618,v3,1.0,0.0
3619,v2,0.8557428459427675,0.0
3619,v3,1.0,0.0
3620,v2,0.8564182598517363,0.0
3620,v3,1.0,0.0
3621,v2,0.8529641185647426,0.0
3621,v3,1.0,0.0
3622,v2,0.8574234092694423,0.0
3622,v3,1.0,0.0
3623,v2,0.8530451866404715,0.0
3623,v3,1.0,0.0
3624,v2,0.8519238243295764,0.0
3624,v3,1.0,0.0
3625,v2,0.8548073180225769,0.0
3625,v3,1.0,0.0
3626,v2,0.8607101053452985,0.0
3626,v3,1.0,0.0
3627,v2,0.8569771936606108,0.0
3627,v3,1.0,0.0
3628,v2,0.8509895227008148,0.0
3628,v3,1.0,0.0
3629,v2,0.8541093197011403,0.0
3629,v3,1.0,0.0
3630,v2,0.8575321136629038,0.0
3630,v3,1.0,0.0
3631,v2,0.8485329103885805,0.0
3631,v3,1.0,0.0
3632,v2,0.8564778898370831,0.0
3632,v3,1.0,0.0
3633,v2,0.8528610354223434,0.0
3633,v3,1.0,0.0
3634,v2,0.8544152744630071,0.0
3634,v3,1.0,0.0
3635,v2,0.8531576908175126,0.0
3635,v3,1.0,0.0
3636,v2,0.8564280215550424,0.0
3636,v3,1.0,0.0
3637,v2,0.8543417366946778,0.0
3637,v3,1.0,0.0
3638,v2,0.8570872274143302,0.0
3638,v3,1.0,0.0
3639,v2,0.856353591160221,0.0
3639,v3,1.0,0.0
3640,v2,0.8572539867755737,0.0
3640,v3,1.0,0.0
3641,v2,0.8562524347487339,0.0
3641,v3,1.0,0.0
3642,v2,0.8570869224745498,0.0
3642,v3,1.0,0.0
3643,v2,0.8556338028169014,0.0
3643,v3,1.0,0.0
3644,v2,0.8544180615025302,0.0
3644,v3,1.0,0.0
3645,v2,0.8576456785295268,0.0
3645,v3,1.0,0.0
3646,v2,0.8515044939429465,0.0
3646,v3,1.0,0.0
3647,v2,0.8489906832298136,0.0
3647,v3,1.0,0.0
3648,v2,0.8557617942768755,0.0
3648,v3,1.0,0.0
3649,v2,0.8521806252412196,0.0
3649,v3,1.0,0.0
3650,v2,0.855078125,0.0
3650,v3,1.0,0.0
3651,v2,0.8533384793516017,0.0
3651,v3,1.0,0.0
3652,v2,0.8494496855345912,0.0
3652,v3,1.0,0.0
3653,v2,0.8528272656855151,0.0
3653,v3,1.0,0.0
3654,v2,0.8530564263322884,0.0
3654,v3,1.0,0.0
3655,v2,0.8541829554339327,0.0
3655,v3,1.0,0.0
3656,v2,0.854630715123095,0.0
3656,v3,1.0,0.0
3657,v2,0.8601859024012394,0.0
3657,v3,1.0,0.0
3658,v2,0.8602739726027397,0.0
3658,v3,1.0,0.0
3659,v2,0.852689010132502,0.0
3659,v3,1.0,0.0
3660,v2,0.8461839530332681,0.0
3660,v3,1.0,0.0
3661,v2,0.8504455637349865,0.0
3661,v3,1.0,0.0
3662,v2,0.8528257456828885,0.0
3662,v3,1.0,0.0
3663,v2,0.8519648988935521,0.0
3663,v3,1.0,0.0
3664,v2,0.8511627906976744,0.0
3664,v3,1.0,0.0
3665,v2,0.8550837553564472,0.0
3665,v3,1.0,0.0
3666,v2,0.8540372670807453,0.0
3666,v3,1.0,0.0
3667,v2,0.8519102008664828,0.0
3667,v3,1.0,0.0
3668,v2,0.8521400778210116,0.0
3668,v3,1.0,0.0
3669,v2,0.8516332152695789,0.0
3669,v3,1.0,0.0
3670,v2,0.8570321580782643,0.0
3670,v3,1.0,0.0
3671,v2,0.8548761609907121,0.0
3671,v3,1.0,0.0
3672,v2,0.8594783962631374,0.0
3672,v3,1.0,0.0
3673,v2,0.8462745098039216,0.0
3673,v3,1.0,0.0
3674,v2,0.8566966028894963,0.0
3674,v3,1.0,0.0
3675,v2,0.8557466770914777,0.0
3675,v3,1.0,0.0
3676,v2,0.8492935635792779,0.0
3676,v3,1.0,0.0
3677,v2,0.85864896524795,0.0
3677,v3,1.0,0.0
3678,v2,0.8517080745341615,0.0
3678,v3,1.0,0.0
3679,v2,0.8584868678949431,0.0
3679,v3,1.0,0.0
3680,v2,0.8581916537867079,0.0
3680,v3,1.0,0.0
3681,v2,0.843786521231009,0.0
3681,v3,1.0,0.0
3682,v2,0.8504058755315037,0.0
3682,v3,1.0,0.0
3683,v2,0.855975087582717,0.0
3683,v3,1.0,0.0
3684,v2,0.8548895899053628,0.0
3684,v3,1.0,0.0
3685,v2,0.8555207517619421,0.0
3685,v3,1.0,0.0
3686,v2,0.849609375,0.0
3686,v3,1.0,0.0
3687,v2,0.8542399374755764,0.0
3687,v3,1.0,0.0
3688,v2,0.85234375,0.0
3688,v3,1.0,0.0
3689,v2,0.8513883457176379,0.0
3689,v3,1.0,0.0
3690,v2,0.8535451375435877,0.0
3690,v3,1.0,0.0
3691,v2,0.8543689320388349,0.0
3691,v3,1.0,0.0
3692,v2,0.8490127758420442,0.0
3692,v3,1.0,0.0
3693,v2,0.8534583821805393,0.0
3693,v3,1.0,0.0
3694,v2,0.8511974872398901,0.0
3694,v3,1.0,0.0
3695,v2,0.8502736512900704,0.0
3695,v3,1.0,0.0
3696,v2,0.8500585708707536,0.0
3696,v3,1.0,0.0
3697,v2,0.8538670812281384,0.0
3697,v3,1.0,0.0
3698,v2,0.8533178114086146,0.0
3698,v3,1.0,0.0
3699,v2,0.8532289628180039,0.0
3699,v3,1.0,0.0
3700,v2,0.8533384793516017,0.0
3700,v3,1.0,0.0
3701,v2,0.8507874015748031,0.0
3701,v3,1.0,0.0
3702,v2,0.8496124031007752,0.0
3702,v3,1.0,0.0
3703,v2,0.8507404520654716,0.0
3703,v3,1.0,0.0
3704,v2,0.8534856242615203,0.0
3704,v3,1.0,0.0
3705,v2,0.8542557326078507,0.0
3705,v3,1.0,0.0
3706,v2,0.8555643251775849,0.0
3706,v3,1.0,0.0
3707,v2,0.853716083366103,0.0
3707,v3,1.0,0.0
3708,v2,0.8572555205047319,0.0
3708,v3,1.0,0.0
3709,v2,0.8529072006160955,0.0
3709,v3,1.0,0.0
3710,v2,0.8573643410852713,0.0
3710,v3,1.0,0.0
3711,v2,0.8534956794972506,0.0
3711,v3,1.0,0.0
3712,v2,0.8505701926858041,0.0
3712,v3,1.0,0.0
3713,v2,0.8484612388001558,0.0
3713,v3,1.0,0.0
3714,v2,0.8492343934040048,0.0
3714,v3,1.0,0.0
3715,v2,0.8586572438162544,0.0
3715,v3,1.0,0.0
3716,v2,0.8558030480656507,0.0
3716,v3,1.0,0.0
3717,v2,0.8494071146245059,0.0
3717,v3,1.0,0.0
3718,v2,0.8526768268855022,0.0
3718,v3,1.0,0.0
3719,v2,0.8565876408861252,0.0
3719,v3,1.0,0.0
3720,v2,0.8561320754716981,0.0
3720,v3,1.0,0.0
3721,v2,0.852510873863187,0.0
3721,v3,1.0,0.0
3722,v2,0.8547376664056382,0.0
3722,v3,1.0,0.0
3723,v2,0.8560371517027864,0.0
3723,v3,1.0,0.0
3724,v2,0.8542478565861262,0.0
3724,v3,1.0,0.0
3725,v2,0.8544674209910261,0.0
3725,v3,1.0,0.0
3726,v2,0.8541910331384016,0.0
3726,v3,1.0,0.0
3727,v2,0.8510555121188429,0.0
3727,v3,1.0,0.0
3728,v2,0.8530769230769231,0.0
3728,v3,1.0,0.0
3729,v2,0.8543956043956044,0.0
3729,v3,1.0,0.0
3730,v2,0.8505477308294209,0.0
3730,v3,1.0,0.0
3731,v2,0.8552941176470589,0.0
3731,v3,1.0,0.0
3732,v2,0.8535825545171339,0.0
3732,v3,1.0,0.0
3733,v2,0.8608247422680413,0.0
3733,v3,1.0,0.0
3734,v2,0.8552529182879377,0.0
3734,v3,1.0,0.0
3735,v2,0.851602690937871,0.0
3735,v3,1.0,0.0
3736,v2,0.8541910331384016,0.0
3736,v3,1.0,0.0
3737,v2,0.8517946738710922,0.0
3737,v3,1.0,0.0
3738,v2,0.8487727632620744,0.0
3738,v3,1.0,0.0
3739,v2,0.8611975116640747,0.0
3739,v3,1.0,0.0
3740,v2,0.8532544378698225,0.0
3740,v3,1.0,0.0
3741,v2,0.854680767724246,0.0
3741,v3,1.0,0.0
3742,v2,0.8489461358313818,0.0
3742,v3,1.0,0.0
3743,v2,0.8551751279024006,0.0
3743,v3,1.0,0.0
3744,v2,0.8560813453265546,0.0
3744,v3,1.0,0.0
3745,v2,0.8549501151189562,0.0
3745,v3,1.0,0.0
3746,v2,0.8534214618973561,0.0
3746,v3,1.0,0.0
3747,v2,0.8502923976608188,0.0
3747,v3,1.0,0.0
3748,v2,0.8542494042891183,0.0
3748,v3,1.0,0.0
3749,v2,0.8517228029423152,0.0
3749,v3,1.0,0.0
3750,v2,0.8508395158141351,0.0
3750,v3,1.0,0.0
3751,v2,0.8549323017408124,0.0
3751,v3,1.0,0.0
3752,v2,0.8553409538825384,0.0
3752,v3,1.0,0.0
3753,v2,0.8539976825028969,0.0
3753,v3,1.0,0.0
3754,v2,0.8560899922420481,0.0
3754,v3,1.0,0.0
3755,v2,0.8487460815047022,0.0
3755,v3,1.0,0.0
3756,v2,0.8536490683229814,0.0
3756,v3,1.0,0.0
3757,v2,0.8550156739811913,0.0
3757,v3,1.0,0.0
3758,v2,0.8486715440893339,0.0
3758,v3,1.0,0.0
3759,v2,0.8559718969555035,0.0
3759,v3,1.0,0.0
3760,v2,0.8543503257953239,0.0
3760,v3,1.0,0.0
3761,v2,0.8514774494556765,0.0
3761,v3,1.0,0.0
3762,v2,0.8515318146111548,0.0
3762,v3,1.0,0.0
3763,v2,0.8523305914610263,0.0
3763,v3,1.0,0.0
3764,v2,0.8568084276238783,0.0
3764,v3,1.0,0.0
3765,v2,0.8560899922420481,0.0
3765,v3,1.0,0.0
3766,v2,0.8604832424006236,0.0
3766,v3,1.0,0.0
3767,v2,0.8538884524744698,0.0
3767,v3,1.0,0.0
3768,v2,0.8545526212061489,0.0
3768,v3,1.0,0.0
3769,v2,0.8486024844720497,0.0
3769,v3,1.0,0.0
3770,v2,0.8548009367681498,0.0
3770,v3,1.0,0.0
3771,v2,0.8573103987490227,0.0
3771,v3,1.0,0.0
3772,v2,0.854573885848319,0.0
3772,v3,1.0,0.0
3773,v2,0.8498439937597504,0.0
3773,v3,1.0,0.0
3774,v2,0.8611550632911392,0.0
3774,v3,1.0,0.0
3775,v2,0.8528155339805825,0.0
3775,v3,1.0,0.0
3776,v2,0.8526682134570766,0.0
3776,v3,1.0,0.0
3777,v2,0.8611111111111112,0.0
3777,v3,1.0,0.0
3778,v2,0.8548136645962733,0.0
3778,v3,1.0,0.0
3779,v2,0.8557956777996071,0.0
3779,v3,1.0,0.0
3780,v2,0.8517794290183809,0.0
3780,v3,1.0,0.0
3781,v2,0.8531359563693027,0.0
3781,v3,1.0,0.0
3782,v2,0.8566904196357878,0.0
3782,v3,1.0,0.0
3783,v2,0.8574793875147232,0.0
3783,v3,1.0,0.0
3784,v2,0.8502857142857143,0.0
3784,v3,1.0,0.0
3785,v2,0.8577013291634089,0.0
3785,v3,1.0,0.0
3786,v2,0.8579952267303103,0.0
3786,v3,1.0,0.0
3787,v2,0.8530225207427894,0.0
3787,v3,1.0,0.0
3788,v2,0.8491879350348028,0.0
3788,v3,1.0,0.0
3789,v2,0.8577946768060837,0.0
3789,v3,1.0,0.0
3790,v2,0.854289071680376,0.0
3790,v3,1.0,0.0
3791,v2,0.8487918939984411,0.0
3791,v3,1.0,0.0
3792,v2,0.8595106550907656,0.0
3792,v3,1.0,0.0
3793,v2,0.8534784298484259,0.0
3793,v3,1.0,0.0
3794,v2,0.8523753435414213,0.0
3794,v3,1.0,0.0
3795,v2,0.8488417746368276,0.0
3795,v3,1.0,0.0
3796,v2,0.8518373729476153,0.0
3796,v3,1.0,0.0
3797,v2,0.847457627118644,0.0
3797,v3,1.0,0.0
3798,v2,0.8523884103367267,0.0
3798,v3,1.0,0.0
3799,v2,0.8581888246628131,0.0
3799,v3,1.0,0.0
3800,v2,0.8624318004676539,0.0
3800,v3,1.0,0.0
3801,v2,0.8483908491663436,0.0
3801,v3,1.0,0.0
3802,v2,0.8554447852760736,0.0
3802,v3,1.0,0.0
3803,v2,0.850682261208577,0.0
3803,v3,1.0,0.0
3804,v2,0.8554823711739635,0.0
3804,v3,1.0,0.0
3805,v2,0.857087075361187,0.0
3805,v3,1.0,0.0
3806,v2,0.8508977361436377,0.0
3806,v3,1.0,0.0
3807,v2,0.8524461839530333,0.0
3807,v3,1.0,0.0
3808,v2,0.8482520169035728,0.0
3808,v3,1.0,0.0
3809,v2,0.857029702970297,0.0
3809,v3,1.0,0.0
3810,v2,0.8540372670807453,0.0
3810,v3,1.0,0.0
3811,v2,0.8560842433697348,0.0
3811,v3,1.0,0.0
3812,v2,0.8504058755315037,0.0
3812,v3,1.0,0.0
3813,v2,0.8529641185647426,0.0
3813,v3,1.0,0.0
3814,v2,0.8580318942045897,0.0
3814,v3,1.0,0.0
3815,v2,0.8573127229488704,0.0
3815,v3,1.0,0.0
3816,v2,0.8563106796116505,0.0
3816,v3,1.0,0.0
3817,v2,0.8526068208545668,0.0
3817,v3,1.0,0.0
3818,v2,0.8548324990373508,0.0
3818,v3,1.0,0.0
3819,v2,0.8556338028169014,0.0
3819,v3,1.0,0.0
3820,v2,0.8492935635792779,0.0
3820,v3,1.0,0.0
3821,v2,0.8518665607625099,0.0
3821,v3,1.0,0.0
3822,v2,0.8607003891050584,0.0
3822,v3,1.0,0.0
3823,v2,0.8496680983990629,0.0
3823,v3,1.0,0.0
3824,v2,0.8599613152804643,0.0
3824,v3,1.0,0.0
3825,v2,0.8593811202506855,0.0
3825,v3,1.0,0.0
3826,v2,0.8499228395061729,0.0
3826,v3,1.0,0.0
3827,v2,0.8539150759641605,0.0
3827,v3,1.0,0.0
3828,v2,0.8517934568387859,0.0
3828,v3,1.0,0.0
3829,v2,0.8509316770186336,0.0
3829,v3,1.0,0.0
3830,v2,0.850880626223092,0.0
3830,v3,1.0,0.0
3831,v2,0.8527222875048962,0.0
3831,v3,1.0,0.0
3832,v2,0.8601398601398601,0.0
3832,v3,1.0,0.0
3833,v2,0.8519953506392871,0.0
3833,v3,1.0,0.0
3834,v2,0.8518811881188119,0.0
3834,v3,1.0,0.0
3835,v2,0.855049504950495,0.0
3835,v3,1.0,0.0
3836,v2,0.8576443057722309,0.0
3836,v3,1.0,0.0
3837,v2,0.8534416086620263,0.0
3837,v3,1.0,0.0
3838,v2,0.8583074534161491,0.0
3838,v3,1.0,0.0
3839,v2,0.8466692944422546,0.0
3839,v3,1.0,0.0
3840,v2,0.8536203522504893,0.0
3840,v3,1.0,0.0
3841,v2,0.8534010946051602,0.0
3841,v3,1.0,0.0
3842,v2,0.8495297805642633,0.0
3842,v3,1.0,0.0
3843,v2,0.8479968578161823,0.0
3843,v3,1.0,0.0
3844,v2,0.8551751279024006,0.0
3844,v3,1.0,0.0
3845,v2,0.8548073180225769,0.0
3845,v3,1.0,0.0
3846,v2,0.8573099415204678,0.0
3846,v3,1.0,0.0
3847,v2,0.8511301636788776,0.0
3847,v3,1.0,0.0
3848,v2,0.8594361785434612,0.0
3848,v3,1.0,0.0
3849,v2,0.8505296194586113,0.0
3849,v3,1.0,0.0
3850,v2,0.8560250391236307,0.0
3850,v3,1.0,0.0
3851,v2,0.850729086722947,0.0
3851,v3,1.0,0.0
3852,v2,0.8549942151947552,0.0
3852,v3,1.0,0.0
3853,v2,0.8529641185647426,0.0
3853,v3,1.0,0.0
3854,v2,0.8502736512900704,0.0
3854,v3,1.0,0.0
3855,v2,0.8593320235756385,0.0
3855,v3,1.0,0.0
3856,v2,0.8558030480656507,0.0
3856,v3,1.0,0.0
3857,v2,0.8515318146111548,0.0
3857,v3,1.0,0.0
3858,v2,0.8511224891689642,0.0
3858,v3,1.0,0.0
3859,v2,0.8559156579461148,0.0
3859,v3,1.0,0.0
3860,v2,0.8443137254901961,0.0
3860,v3,1.0,0.0
3861,v2,0.8528389339513326,0.0
3861,v3,1.0,0.0
3862,v2,0.8564241486068112,0.0
3862,v3,1.0,0.0
3863,v2,0.8559055118110236,0.0
3863,v3,1.0,0.0
3864,v2,0.8563643441027637,0.0
3864,v3,1.0,0.0
3865,v2,0.847944142746315,0.0
3865,v3,1.0,0.0
3866,v2,0.853897375636506,0.0
3866,v3,1.0,0.0
3867,v2,0.8548575887631682,0.0
3867,v3,1.0,0.0
3868,v2,0.850907686365392,0.0
3868,v3,1.0,0.0
3869,v2,0.8471512770137525,0.0
3869,v3,1.0,0.0
3870,v2,0.8556782334384858,0.0
3870,v3,1.0,0.0
3871,v2,0.8550098231827112,0.0
3871,v3,1.0,0.0
3872,v2,0.8467522364838584,0.0
3872,v3,1.0,0.0
3873,v2,0.8543200309957381,0.0
3873,v3,1.0,0.0
3874,v2,0.8535178777393311,0.0
3874,v3,1.0,0.0
3875,v2,0.8537534033450019,0.0
3875,v3,1.0,0.0
3876,v2,0.8550610476565577,0.0
3876,v3,1.0,0.0
3877,v2,0.8571428571428571,0.0
3877,v3,1.0,0.0
3878,v2,0.8496680983990629,0.0
3878,v3,1.0,0.0
3879,v2,0.8572564612326043,0.0
3879,v3,1.0,0.0
3880,v2,0.8540348101265823,0.0
3880,v3,1.0,0.0
3881,v2,0.8485207100591716,0.0
3881,v3,1.0,0.0
3882,v2,0.8552321007081038,0.0
3882,v3,1.0,0.0
3883,v2,0.8522550544323484,0.0
3883,v3,1.0,0.0
3884,v2,0.8543537680593518,0.0
3884,v3,1.0,0.0
3885,v2,0.8596559812353401,0.0
3885,v3,1.0,0.0
3886,v2,0.8534883720930233,0.0
3886,v3,1.0,0.0
3887,v2,0.8545034642032333,0.0
3887,v3,1.0,0.0
3888,v2,0.8571992110453649,0.0
3888,v3,1.0,0.0
3889,v2,0.8499418379216751,0.0
3889,v3,1.0,0.0
3890,v2,0.8584208479190977,0.0
3890,v3,1.0,0.0
3891,v2,0.8526682134570766,0.0
3891,v3,1.0,0.0
3892,v2,0.854757281553398,0.0
3892,v3,1.0,0.0
3893,v2,0.854587869362364,0.0
3893,v3,1.0,0.0
3894,v2,0.8535056795926361,0.0
3894,v3,1.0,0.0
3895,v2,0.8590240123934935,0.0
3895,v3,1.0,0.0
3896,v2,0.8509881422924901,0.0
3896,v3,1.0,0.0
3897,v2,0.8539150759641605,0.0
3897,v3,1.0,0.0
3898,v2,0.8573108584868679,0.0
3898,v3,1.0,0.0
3899,v2,0.8573680063041765,0.0
3899,v3,1.0,0.0
3900,v2,0.8538102643856921,0.0
3900,v3,1.0,0.0
3901,v2,0.856640625,0.0
3901,v3,1.0,0.0
3902,v2,0.850887573964497,0.0
3902,v3,1.0,0.0
3903,v2,0.8588098016336057,0.0
3903,v3,1.0,0.0
3904,v2,0.8499025341130604,0.0
3904,v3,1.0,0.0
3905,v2,0.856533540131834,0.0
3905,v3,1.0,0.0
3906,v2,0.8556981719175418,0.0
3906,v3,1.0,0.0
3907,v2,0.8501362397820164,0.0
3907,v3,1.0,0.0
3908,v2,0.853431562621171,0.0
3908,v3,1.0,0.0
3909,v2,0.8501362397820164,0.0
3909,v3,1.0,0.0
3910,v2,0.8496503496503497,0.0
3910,v3,1.0,0.0
3911,v2,0.8527918781725888,0.0
3911,v3,1.0,0.0
3912,v2,0.8525741029641186,0.0
3912,v3,1.0,0.0
3913,v2,0.8503507404520655,0.0
3913,v3,1.0,0.0
3914,v2,0.8590785907859079,0.0
3914,v3,1.0,0.0
3915,v2,0.8609583660644148,0.0
3915,v3,1.0,0.0
3916,v2,0.8547945205479452,0.0
3916,v3,1.0,0.0
3917,v2,0.8504672897196262,0.0
3917,v3,1.0,0.0
3918,v2,0.8557059961315281,0.0
3918,v3,1.0,0.0
3919,v2,0.8549467875443437,0.0
3919,v3,1.0,0.0
3920,v2,0.8573673870333989,0.0
3920,v3,1.0,0.0
3921,v2,0.8495201535508637,0.0
3921,v3,1.0,0.0
3922,v2,0.8546875,0.0
3922,v3,1.0,0.0
3923,v2,0.8515873015873016,0.0
3923,v3,1.0,0.0
3924,v2,0.8491816056118472,0.0
3924,v3,1.0,0.0
3925,v2,0.8565737051792829,0.0
3925,v3,1.0,0.0
3926,v2,0.8587636932707355,0.0
3926,v3,1.0,0.0
3927,v2,0.8502715283165244,0.0
3927,v3,1.0,0.0
3928,v2,0.8620553359683795,0.0
3928,v3,1.0,0.0
3929,v2,0.8545808966861599,0.0
3929,v3,1.0,0.0
3930,v2,0.8560928433268858,0.0
3930,v3,1.0,0.0
3931,v2,0.8579234972677595,0.0
3931,v3,1.0,0.0
3932,v2,0.8544600938967136,0.0
3932,v3,1.0,0.0
3933,v2,0.8536490683229814,0.0
3933,v3,1.0,0.0
3934,v2,0.8585977281629456,0.0
3934,v3,1.0,0.0
3935,v2,0.8497870692992644,0.0
3935,v3,1.0,0.0
3936,v2,0.8545808966861599,0.0
3936,v3,1.0,0.0
3937,v2,0.8504306969459671,0.0
3937,v3,1.0,0.0
3938,v2,0.8543689320388349,0.0
3938,v3,1.0,0.0
3939,v2,0.8503534956794973,0.0
3939,v3,1.0,0.0
3940,v2,0.857362552864283,0.0
3940,v3,1.0,0.0
3941,v2,0.847723704866562,0.0
3941,v3,1.0,0.0
3942,v2,0.8571428571428571,0.0
3942,v3,1.0,0.0
3943,v2,0.8577519379844961,0.0
3943,v3,1.0,0.0
3944,v2,0.8535132989281461,0.0
3944,v3,1.0,0.0
3945,v2,0.8539805825242719,0.0
3945,v3,1.0,0.0
3946,v2,0.8497837200157294,0.0
3946,v3,1.0,0.0
3947,v2,0.8622031919034644,0.0
3947,v3,1.0,0.0
3948,v2,0.8552580519984478,0.0
3948,v3,1.0,0.0
3949,v2,0.8491379310344828,0.0
3949,v3,1.0,0.0
3950,v2,0.852755905511811,0.0
3950,v3,1.0,0.0
3951,v2,0.852054794520548,0.0
3951,v3,1.0,0.0
3952,v2,0.8592156862745098,0.0
3952,v3,1.0,0.0
3953,v2,0.8481510621557828,0.0
3953,v3,1.0,0.0
3954,v2,0.8575887631681623,0.0
3954,v3,1.0,0.0
3955,v2,0.8537348455220962,0.0
3955,v3,1.0,0.0
3956,v2,0.8528138528138528,0.0
3956,v3,1.0,0.0
3957,v2,0.85234375,0.0
3957,v3,1.0,0.0
3958,v2,0.8544474393530997,0.0
3958,v3,1.0,0.0
3959,v2,0.8536585365853658,0.0
3959,v3,1.0,0.0
3960,v2,0.8525665766113469,0.0
3960,v3,1.0,0.0
3961,v2,0.8543307086614174,0.0
3961,v3,1.0,0.0
3962,v2,0.8505074160811865,0.0
3962,v3,1.0,0.0
3963,v2,0.8566966028894963,0.0
3963,v3,1.0,0.0
3964,v2,0.851953125,0.0
3964,v3,1.0,0.0
3965,v2,0.8548073180225769,0.0
3965,v3,1.0,0.0
3966,v2,0.8531965272296764,0.0
3966,v3,1.0,0.0
3967,v2,0.8501552795031055,0.0
3967,v3,1.0,0.0
3968,v2,0.855686274509804,0.0
3968,v3,1.0,0.0
3969,v2,0.8531468531468531,0.0
3969,v3,1.0,0.0
3970,v2,0.8517214397496088,0.0
3970,v3,1.0,0.0
3971,v2,0.8614851866102347,0.0
3971,v3,1.0,0.0
3972,v2,0.8528951486697965,0.0
3972,v3,1.0,0.0
3973,v2,0.8522640061396777,0.0
3973,v3,1.0,0.0
3974,v2,0.857197549770291,0.0
3974,v3,1.0,0.0
3975,v2,0.849078792630341,0.0
3975,v3,1.0,0.0
3976,v2,0.852975495915986,0.0
3976,v3,1.0,0.0
3977,v2,0.8520388349514563,0.0
3977,v3,1.0,0.0
3978,v2,0.8535056795926361,0.0
3978,v3,1.0,0.0
3979,v2,0.852112676056338,0.0
3979,v3,1.0,0.0
3980,v2,0.8503134796238244,0.0
3980,v3,1.0,0.0
3981,v2,0.8583234946871311,0.0
3981,v3,1.0,0.0
3982,v2,0.8558103381267004,0.0
3982,v3,1.0,0.0
3983,v2,0.8487824037706205,0.0
3983,v3,1.0,0.0
3984,v2,0.8546671918077984,0.0
3984,v3,1.0,0.0
3985,v2,0.8522364217252396,0.0
3985,v3,1.0,0.0
3986,v2,0.8596146283916634,0.0
3986,v3,1.0,0.0
3987,v2,0.8528834837191055,0.0
3987,v3,1.0,0.0
3988,v2,0.8591660110149488,0.0
3988,v3,1.0,0.0
3989,v2,0.8542812254516889,0.0
3989,v3,1.0,0.0
3990,v2,0.8595660749506904,0.0
3990,v3,1.0,0.0
3991,v2,0.8503110419906688,0.0
3991,v3,1.0,0.0
3992,v2,0.8555772994129158,0.0
3992,v3,1.0,0.0
3993,v2,0.8518957345971564,0.0
3993,v3,1.0,0.0
3994,v2,0.8498638661999222,0.0
3994,v3,1.0,0.0
3995,v2,0.857198292588281,0.0
3995,v3,1.0,0.0
3996,v2,0.8549648162627053,0.0
3996,v3,1.0,0.0
3997,v2,0.8471362229102167,0.0
3997,v3,1.0,0.0
3998,v2,0.85195206803247,0.0
3998,v3,1.0,0.0
3999,v2,0.8543537680593518,0.0
3999,v3,1.0,0.0
4000,v2,0.8550387596899225,0.0
4000,v3,1.0,0.0
4001,v2,0.8611111111111112,0.0
4001,v3,1.0,0.0
4002,v2,0.8509047993705744,0.0
4002,v3,1.0,0.0
4003,v2,0.8497288923315259,0.0
4003,v3,1.0,0.0
4004,v2,0.8535630383711824,0.0
4004,v3,1.0,0.0
4005,v2,0.853448275862069,0.0
4005,v3,1.0,0.0
4006,v2,0.8562548562548562,0.0
4006,v3,1.0,0.0
4007,v2,0.85325029194239,0.0
4007,v3,1.0,0.0
4008,v2,0.8485436893203884,0.0
4008,v3,1.0,0.0
4009,v2,0.8486149044088959,0.0
4009,v3,1.0,0.0
4010,v2,0.8543537680593518,0.0
4010,v3,1.0,0.0
4011,v2,0.8577059519117067,0.0
4011,v3,1.0,0.0
4012,v2,0.8541584548679543,0.0
4012,v3,1.0,0.0
4013,v2,0.8499607227022781,0.0
4013,v3,1.0,0.0
4014,v2,0.8550893550893551,0.0
4014,v3,1.0,0.0
4015,v2,0.853411306042885,0.0
4015,v3,1.0,0.0
4016,v2,0.8523698523698524,0.0
4016,v3,1.0,0.0
4017,v2,0.8458184700753072,0.0
4017,v3,1.0,0.0
4018,v2,0.8541910331384016,0.0
4018,v3,1.0,0.0
4019,v2,0.8516932658622032,0.0
4019,v3,1.0,0.0
4020,v2,0.857087975412985,0.0
4020,v3,1.0,0.0
4021,v2,0.8569163694015062,0.0
4021,v3,1.0,0.0
4022,v2,0.8516504854368933,0.0
4022,v3,1.0,0.0
4023,v2,0.8500581170089113,0.0
4023,v3,1.0,0.0
4024,v2,0.8519102008664828,0.0
4024,v3,1.0,0.0
4025,v2,0.8566419945461629,0.0
4025,v3,1.0,0.0
4026,v2,0.855621301775148,0.0
4026,v3,1.0,0.0
4027,v2,0.855975087582717,0.0
4027,v3,1.0,0.0
4028,v2,0.8623103850641773,0.0
4028,v3,1.0,0.0
4029,v2,0.856640625,0.0
4029,v3,1.0,0.0
4030,v2,0.8515901060070671,0.0
4030,v3,1.0,0.0
4031,v2,0.852498017446471,0.0
4031,v3,1.0,0.0
4032,v2,0.859920634920635,0.0
4032,v3,1.0,0.0
4033,v2,0.859204368174727,0.0
4033,v3,1.0,0.0
4034,v2,0.8496835443037974,0.0
4034,v3,1.0,0.0
4035,v2,0.8502117828263381,0.0
4035,v3,1.0,0.0
4036,v2,0.8515044939429465,0.0
4036,v3,1.0,0.0
4037,v2,0.8570321580782643,0.0
4037,v3,1.0,0.0
4038,v2,0.8534381139489194,0.0
4038,v3,1.0,0.0
4039,v2,0.8537828302626421,0.0
4039,v3,1.0,0.0
4040,v2,0.8562548562548562,0.0
4040,v3,1.0,0.0
4041,v2,0.8505836575875486,0.0
4041,v3,1.0,0.0
4042,v2,0.8565285379202502,0.0
4042,v3,1.0,0.0
4043,v2,0.8522458628841607,0.0
4043,v3,1.0,0.0
4044,v2,0.8528138528138528,0.0
4044,v3,1.0,0.0
4045,v2,0.8583724569640062,0.0
4045,v3,1.0,0.0
4046,v2,0.8477508650519031,0.0
4046,v3,1.0,0.0
4047,v2,0.8507404520654716,0.0
4047,v3,1.0,0.0
4048,v2,0.8516634050880626,0.0
4048,v3,1.0,0.0
4049,v2,0.8559156579461148,0.0
4049,v3,1.0,0.0
4050,v2,0.8483896307934015,0.0
4050,v3,1.0,0.0
4051,v2,0.8484848484848485,0.0
4051,v3,1.0,0.0
4052,v2,0.8511627906976744,0.0
4052,v3,1.0,0.0
4053,v2,0.8531468531468531,0.0
4053,v3,1.0,0.0
4054,v2,0.8491147036181679,0.0
4054,v3,1.0,0.0
4055,v2,0.853963295587661,0.0
4055,v3,1.0,0.0
4056,v2,0.849768875192604,0.0
4056,v3,1.0,0.0
4057,v2,0.8514734774066798,0.0
4057,v3,1.0,0.0
4058,v2,0.8555118110236221,0.0
4058,v3,1.0,0.0
4059,v2,0.8517794290183809,0.0
4059,v3,1.0,0.0
4060,v2,0.8521671826625387,0.0
4060,v3,1.0,0.0
4061,v2,0.8624462680734662,0.0
4061,v3,1.0,0.0
4062,v2,0.8527918781725888,0.0
4062,v3,1.0,0.0
4063,v2,0.853448275862069,0.0
4063,v3,1.0,0.0
4064,v2,0.8520569620253164,0.0
4064,v3,1.0,0.0
4065,v2,0.8546534653465346,0.0
4065,v3,1.0,0.0
4066,v2,0.8616771159874608,0.0
4066,v3,1.0,0.0
4067,v2,0.8447667581340651,0.0
4067,v3,1.0,0.0
4068,v2,0.8582060321190756,0.0
4068,v3,1.0,0.0
4069,v2,0.8546534653465346,0.0
4069,v3,1.0,0.0
4070,v2,0.8529528339278637,0.0
4070,v3,1.0,0.0
4071,v2,0.8559289300888374,0.0
4071,v3,1.0,0.0
4072,v2,0.858214849921011,0.0
4072,v3,1.0,0.0
4073,v2,0.8568650330610658,0.0
4073,v3,1.0,0.0
4074,v2,0.853963295587661,0.0
4074,v3,1.0,0.0
4075,v2,0.8553882725832013,0.0
4075,v3,1.0,0.0
4076,v2,0.8544254658385093,0.0
4076,v3,1.0,0.0
4077,v2,0.8472385428907168,0.0
4077,v3,1.0,0.0
4078,v2,0.8539368581209585,0.0
4078,v3,1.0,0.0
4079,v2,0.8563600782778865,0.0
4079,v3,1.0,0.0
4080,v2,0.8537348455220962,0.0
4080,v3,1.0,0.0
4081,v2,0.8497469832619696,0.0
4081,v3,1.0,0.0
4082,v2,0.8586530931871574,0.0
4082,v3,1.0,0.0
4083,v2,0.8568642745709828,0.0
4083,v3,1.0,0.0
4084,v2,0.8544061302681992,0.0
4084,v3,1.0,0.0
4085,v2,0.8580845288871656,0.0
4085,v3,1.0,0.0
4086,v2,0.8536009445100354,0.0
4086,v3,1.0,0.0
4087,v2,0.8550156739811913,0.0
4087,v3,1.0,0.0
4088,v2,0.8531684698608965,0.0
4088,v3,1.0,0.0
4089,v2,0.8477495107632094,0.0
4089,v3,1.0,0.0
4090,v2,0.8520849724626278,0.0
4090,v3,1.0,0.0
4091,v2,0.8602277188849627,0.0
4091,v3,1.0,0.0
4092,v2,0.8600078647267008,0.0
4092,v3,1.0,0.0
4093,v2,0.8506109578242018,0.0
4093,v3,1.0,0.0
4094,v2,0.8513198757763976,0.0
4094,v3,1.0,0.0
4095,v2,0.8503750493485985,0.0
4095,v3,1.0,0.0
4096,v2,0.8497854077253219,0.0
4096,v3,1.0,0.0
4097,v2,0.8564162754303599,0.0
4097,v3,1.0,0.0
4098,v2,0.8552991787250684,0.0
4098,v3,1.0,0.0
4099,v2,0.8499216300940439,0.0
4099,v3,1.0,0.0
4100,v2,0.8601398601398601,0.0
4100,v3,1.0,0.0
4101,v2,0.8539458186101295,0.0
4101,v3,1.0,0.0
4102,v2,0.8562945368171021,0.0
4102,v3,1.0,0.0
4103,v2,0.8545025560361778,0.0
4103,v3,1.0,0.0
4104,v2,0.8463058079810352,0.0
4104,v3,1.0,0.0
4105,v2,0.8502901353965183,0.0
4105,v3,1.0,0.0
4106,v2,0.8557542768273717,0.0
4106,v3,1.0,0.0
4107,v2,0.8548513302034428,0.0
4107,v3,1.0,0.0
4108,v2,0.84921875,0.0
4108,v3,1.0,0.0
4109,v2,0.849609375,0.0
4109,v3,1.0,0.0
4110,v2,0.8519102008664828,0.0
4110,v3,1.0,0.0
4111,v2,0.8481409001956948,0.0
4111,v3,1.0,0.0
4112,v2,0.8565368299267258,0.0
4112,v3,1.0,0.0
4113,v2,0.8594594594594595,0.0
4113,v3,1.0,0.0
4114,v2,0.8628301143082381,0.0
4114,v3,1.0,0.0
4115,v2,0.858034321372855,0.0
4115,v3,1.0,0.0
4116,v2,0.8526856240126383,0.0
4116,v3,1.0,0.0
4117,v2,0.8494957331264547,0.0
4117,v3,1.0,0.0
4118,v2,0.8524526844341445,0.0
4118,v3,1.0,0.0
4119,v2,0.8514263074484945,0.0
4119,v3,1.0,0.0
4120,v2,0.8499607227022781,0.0
4120,v3,1.0,0.0
4121,v2,0.8452566096423018,0.0
4121,v3,1.0,0.0
4122,v2,0.8548575887631682,0.0
4122,v3,1.0,0.0
4123,v2,0.8493675737830586,0.0
4123,v3,1.0,0.0
4124,v2,0.8536681051392703,0.0
4124,v3,1.0,0.0
4125,v2,0.8590498625834315,0.0
4125,v3,1.0,0.0
4126,v2,0.8546238244514106,0.0
4126,v3,1.0,0.0
4127,v2,0.851953125,0.0
4127,v3,1.0,0.0
4128,v2,0.853390827126617,0.0
4128,v3,1.0,0.0
4129,v2,0.8557389937106918,0.0
4129,v3,1.0,0.0
4130,v2,0.8522283033620016,0.0
4130,v3,1.0,0.0
4131,v2,0.8540288049824835,0.0
4131,v3,1.0,0.0
4132,v2,0.8533333333333334,0.0
4132,v3,1.0,0.0
4133,v2,0.8587681443703413,0.0
4133,v3,1.0,0.0
4134,v2,0.8565876408861252,0.0
4134,v3,1.0,0.0
4135,v2,0.8517080745341615,0.0
4135,v3,1.0,0.0
4136,v2,0.8623817034700315,0.0
4136,v3,1.0,0.0
4137,v2,0.8493690851735016,0.0
4137,v3,1.0,0.0
4138,v2,0.8565876408861252,0.0
4138,v3,1.0,0.0
4139,v2,0.8516053249804229,0.0
4139,v3,1.0,0.0
4140,v2,0.8448540706605223,0.0
4140,v3,1.0,0.0
4141,v2,0.8524072612470402,0.0
4141,v3,1.0,0.0
4142,v2,0.8604471858134156,0.0
4142,v3,1.0,0.0
4143,v2,0.8581916537867079,0.0
4143,v3,1.0,0.0
4144,v2,0.8540117416829746,0.0
4144,v3,1.0,0.0
4145,v2,0.8503721112416764,0.0
4145,v3,1.0,0.0
4146,v2,0.8524717789022966,0.0
4146,v3,1.0,0.0
4147,v2,0.8475894245723172,0.0
4147,v3,1.0,0.0
4148,v2,0.8561348490787927,0.0
4148,v3,1.0,0.0
4149,v2,0.852516582130316,0.0
4149,v3,1.0,0.0
4150,v2,0.8556541875723659,0.0
4150,v3,1.0,0.0
4151,v2,0.8589292692457992,0.0
4151,v3,1.0,0.0
4152,v2,0.8549528301886793,0.0
4152,v3,1.0,0.0
4153,v2,0.8535548686244204,0.0
4153,v3,1.0,0.0
4154,v2,0.8546671918077984,0.0
4154,v3,1.0,0.0
4155,v2,0.8542159180457053,0.0
4155,v3,1.0,0.0
4156,v2,0.855393125246938,0.0
4156,v3,1.0,0.0
4157,v2,0.8501180173092053,0.0
4157,v3,1.0,0.0
4158,v2,0.854587869362364,0.0
4158,v3,1.0,0.0
4159,v2,0.8554216867469879,0.0
4159,v3,1.0,0.0
4160,v2,0.8610023492560689,0.0
4160,v3,1.0,0.0
4161,v2,0.8498439937597504,0.0
4161,v3,1.0,0.0
4162,v2,0.8544254658385093,0.0
4162,v3,1.0,0.0
4163,v2,0.8503692188107268,0.0
4163,v3,1.0,0.0
4164,v2,0.8539281484405843,0.0
4164,v3,1.0,0.0
4165,v2,0.8488783943329398,0.0
4165,v3,1.0,0.0
4166,v2,0.8506769825918762,0.0
4166,v3,1.0,0.0
4167,v2,0.8576967816983326,0.0
4167,v3,1.0,0.0
4168,v2,0.8549766718506998,0.0
4168,v3,1.0,0.0
4169,v2,0.8529759558533702,0.0
4169,v3,1.0,0.0
4170,v2,0.853515625,0.0
4170,v3,1.0,0.0
4171,v2,0.8502715283165244,0.0
4171,v3,1.0,0.0
4172,v2,0.8547815820543093,0.0
4172,v3,1.0,0.0
4173,v2,0.8563106796116505,0.0
4173,v3,1.0,0.0
4174,v2,0.8512299882858259,0.0
4174,v3,1.0,0.0
4175,v2,0.8610894941634242,0.0
4175,v3,1.0,0.0
4176,v2,0.8520109332292073,0.0
4176,v3,1.0,0.0
4177,v2,0.8608087091757387,0.0
4177,v3,1.0,0.0
4178,v2,0.8603112840466927,0.0
4178,v3,1.0,0.0
4179,v2,0.8522458628841607,0.0
4179,v3,1.0,0.0
4180,v2,0.8562968811685748,0.0
4180,v3,1.0,0.0
4181,v2,0.8548761609907121,0.0
4181,v3,1.0,0.0
4182,v2,0.8448207955888145,0.0
4182,v3,1.0,0.0
4183,v2,0.8534381139489194,0.0
4183,v3,1.0,0.0
4184,v2,0.8496062992125984,0.0
4184,v3,1.0,0.0
4185,v2,0.8578070515304146,0.0
4185,v3,1.0,0.0
4186,v2,0.8559589581689029,0.0
4186,v3,1.0,0.0
4187,v2,0.8536870854467421,0.0
4187,v3,1.0,0.0
4188,v2,0.8484496124031008,0.0
4188,v3,1.0,0.0
4189,v2,0.854383932020085,0.0
4189,v3,1.0,0.0
4190,v2,0.850734418420008,0.0
4190,v3,1.0,0.0
4191,v2,0.8549766718506998,0.0
4191,v3,1.0,0.0
4192,v2,0.8515198752922837,0.0
4192,v3,1.0,0.0
4193,v2,0.8517520215633423,0.0
4193,v3,1.0,0.0
4194,v2,0.854895792371215,0.0
4194,v3,1.0,0.0
4195,v2,0.8555383423702556,0.0
4195,v3,1.0,0.0
4196,v2,0.8562040974101276,0.0
4196,v3,1.0,0.0
4197,v2,0.8574226400313357,0.0
4197,v3,1.0,0.0
4198,v2,0.855975087582717,0.0
4198,v3,1.0,0.0
4199,v2,0.8539770478828651,0.0
4199,v3,1.0,0.0
4200,v2,0.8493904836806921,0.0
4200,v3,1.0,0.0
4201,v2,0.8552071234998064,0.0
4201,v3,1.0,0.0
4202,v2,0.8502758077226162,0.0
4202,v3,1.0,0.0
4203,v2,0.8564742589703588,0.0
4203,v3,1.0,0.0
4204,v2,0.8536106750392465,0.0
4204,v3,1.0,0.0
4205,v2,0.8507985975847293,0.0
4205,v3,1.0,0.0
4206,v2,0.850873786407767,0.0
4206,v3,1.0,0.0
4207,v2,0.8534653465346534,0.0
4207,v3,1.0,0.0
4208,v2,0.8480865867800541,0.0
4208,v3,1.0,0.0
4209,v2,0.850828729281768,0.0
4209,v3,1.0,0.0
4210,v2,0.8500196309383589,0.0
4210,v3,1.0,0.0
4211,v2,0.8507404520654716,0.0
4211,v3,1.0,0.0
4212,v2,0.8492675404780262,0.0
4212,v3,1.0,0.0
4213,v2,0.8564182598517363,0.0
4213,v3,1.0,0.0
4214,v2,0.8521840873634945,0.0
4214,v3,1.0,0.0
4215,v2,0.8526522593320236,0.0
4215,v3,1.0,0.0
4216,v2,0.8568065908199294,0.0
4216,v3,1.0,0.0
4217,v2,0.8509147528221098,0.0
4217,v3,1.0,0.0
4218,v2,0.8491159135559921,0.0
4218,v3,1.0,0.0
4219,v2,0.8557020946470132,0.0
4219,v3,1.0,0.0
4220,v2,0.8569169960474309,0.0
4220,v3,1.0,0.0
4221,v2,0.8469387755102041,0.0
4221,v3,1.0,0.0
4222,v2,0.8515471993732864,0.0
4222,v3,1.0,0.0
4223,v2,0.8510140405616224,0.0
4223,v3,1.0,0.0
4224,v2,0.8524143302180686,0.0
4224,v3,1.0,0.0
4225,v2,0.8512880562060889,0.0
4225,v3,1.0,0.0
4226,v2,0.8504273504273504,0.0
4226,v3,1.0,0.0
4227,v2,0.855984555984556,0.0
4227,v3,1.0,0.0
4228,v2,0.8538102643856921,0.0
4228,v3,1.0,0.0
4229,v2,0.8517374517374517,0.0
4229,v3,1.0,0.0
4230,v2,0.8537626066718387,0.0
4230,v3,1.0,0.0
4231,v2,0.8607796340493238,0.0
4231,v3,1.0,0.0
4232,v2,0.855072463768116,0.0
4232,v3,1.0,0.0
4233,v2,0.8530092592592593,0.0
4233,v3,1.0,0.0
4234,v2,0.8533333333333334,0.0
4234,v3,1.0,0.0
4235,v2,0.8580922595777951,0.0
4235,v3,1.0,0.0
4236,v2,0.8511974872398901,0.0
4236,v3,1.0,0.0
4237,v2,0.8566966028894963,0.0
4237,v3,1.0,0.0
4238,v2,0.8534151957022257,0.0
4238,v3,1.0,0.0
4239,v2,0.8520664349169563,0.0
4239,v3,1.0,0.0
4240,v2,0.8589147286821706,0.0
4240,v3,1.0,0.0
4241,v2,0.8524271844660194,0.0
4241,v3,1.0,0.0
4242,v2,0.8524014057008981,0.0
4242,v3,1.0,0.0
4243,v2,0.8528620822128313,0.0
4243,v3,1.0,0.0
4244,v2,0.8563643441027637,0.0
4244,v3,1.0,0.0
4245,v2,0.8583106267029973,0.0
4245,v3,1.0,0.0
4246,v2,0.849336455893833,0.0
4246,v3,1.0,0.0
4247,v2,0.8510473235065943,0.0
4247,v3,1.0,0.0
4248,v2,0.8569169960474309,0.0
4248,v3,1.0,0.0
4249,v2,0.8542399374755764,0.0
4249,v3,1.0,0.0
4250,v2,0.8527583527583528,0.0
4250,v3,1.0,0.0
4251,v2,0.851039260969977,0.0
4251,v3,1.0,0.0
4252,v2,0.8497087378640776,0.0
4252,v3,1.0,0.0
4253,v2,0.8538401253918495,0.0
4253,v3,1.0,0.0
4254,v2,0.8522283033620016,0.0
4254,v3,1.0,0.0
4255,v2,0.8537336412625096,0.0
4255,v3,1.0,0.0
4256,v2,0.8585461689587426,0.0
4256,v3,1.0,0.0
4257,v2,0.8509147528221098,0.0
4257,v3,1.0,0.0
4258,v2,0.8571428571428571,0.0
4258,v3,1.0,0.0
4259,v2,0.8570876786404017,0.0
4259,v3,1.0,0.0
4260,v2,0.8555426805716493,0.0
4260,v3,1.0,0.0
4261,v2,0.8573113207547169,0.0
4261,v3,1.0,0.0
4262,v2,0.8514619883040936,0.0
4262,v3,1.0,0.0
4263,v2,0.8554075235109718,0.0
4263,v3,1.0,0.0
4264,v2,0.859717868338558,0.0
4264,v3,1.0,0.0
4265,v2,0.846930846930847,0.0
4265,v3,1.0,0.0
4266,v2,0.8529980657640233,0.0
4266,v3,1.0,0.0
4267,v2,0.8596214511041009,0.0
4267,v3,1.0,0.0
4268,v2,0.8530214424951267,0.0
4268,v3,1.0,0.0
4269,v2,0.8510971786833855,0.0
4269,v3,1.0,0.0
4270,v2,0.8507347254447022,0.0
4270,v3,1.0,0.0
4271,v2,0.8508222396241191,0.0
4271,v3,1.0,0.0
4272,v2,0.8583690987124464,0.0
4272,v3,1.0,0.0
4273,v2,0.8536395484624367,0.0
4273,v3,1.0,0.0
4274,v2,0.8552477565353102,0.0
4274,v3,1.0,0.0
4275,v2,0.8498439937597504,0.0
4275,v3,1.0,0.0
4276,v2,0.8507404520654716,0.0
4276,v3,1.0,0.0
4277,v2,0.8581504702194357,0.0
4277,v3,1.0,0.0
4278,v2,0.8506944444444444,0.0
4278,v3,1.0,0.0
4279,v2,0.8508528361761206,0.0
4279,v3,1.0,0.0
4280,v2,0.8521235521235522,0.0
4280,v3,1.0,0.0
4281,v2,0.8574226400313357,0.0
4281,v3,1.0,0.0
4282,v2,0.8487918939984411,0.0
4282,v3,1.0,0.0
4283,v2,0.8598996526437669,0.0
4283,v3,1.0,0.0
4284,v2,0.8556981719175418,0.0
4284,v3,1.0,0.0
4285,v2,0.8519238243295764,0.0
4285,v3,1.0,0.0
4286,v2,0.8560219693997646,0.0
4286,v3,1.0,0.0
4287,v2,0.8565784274990123,0.0
4287,v3,1.0,0.0
4288,v2,0.8560250391236307,0.0
4288,v3,1.0,0.0
4289,v2,0.8548323471400394,0.0
4289,v3,1.0,0.0
4290,v2,0.8527101335428122,0.0
4290,v3,1.0,0.0
4291,v2,0.8455795677799607,0.0
4291,v3,1.0,0.0
4292,v2,0.8474970896391153,0.0
4292,v3,1.0,0.0
4293,v2,0.8535548686244204,0.0
4293,v3,1.0,0.0
4294,v2,0.852211016291699,0.0
4294,v3,1.0,0.0
4295,v2,0.8553042121684867,0.0
4295,v3,1.0,0.0
4296,v2,0.8624901497241922,0.0
4296,v3,1.0,0.0
4297,v2,0.8551236749116607,0.0
4297,v3,1.0,0.0
4298,v2,0.8532462543219362,0.0
4298,v3,1.0,0.0
4299,v2,0.845913179507235,0.0
4299,v3,1.0,0.0
4300,v2,0.852789869410368,0.0
4300,v3,1.0,0.0
4301,v2,0.8573631457208943,0.0
4301,v3,1.0,0.0
4302,v2,0.8547008547008547,0.0
4302,v3,1.0,0.0
4303,v2,0.8624068992551941,0.0
4303,v3,1.0,0.0
4304,v2,0.8532713898567557,0.0
4304,v3,1.0,0.0
4305,v2,0.85,0.0
4305,v3,1.0,0.0
4306,v2,0.8526438569206843,0.0
4306,v3,1.0,0.0
4307,v2,0.8545098039215686,0.0
4307,v3,1.0,0.0
4308,v2,0.8603744149765991,0.0
4308,v3,1.0,0.0
4309,v2,0.8533596837944664,0.0
4309,v3,1.0,0.0
4310,v2,0.8575936883629192,0.0
4310,v3,1.0,0.0
4311,v2,0.8516932658622032,0.0
4311,v3,1.0,0.0
4312,v2,0.8512880562060889,0.0
4312,v3,1.0,0.0
4313,v2,0.851523332047821,0.0
4313,v3,1.0,0.0
4314,v2,0.8630460448642266,0.0
4314,v3,1.0,0.0
4315,v2,0.855859375,0.0
4315,v3,1.0,0.0
4316,v2,0.8511974872398901,0.0
4316,v3,1.0,0.0
4317,v2,0.8562015503875969,0.0
4317,v3,1.0,0.0
4318,v2,0.8518662519440124,0.0
4318,v3,1.0,0.0
4319,v2,0.8458218909376226,0.0
4319,v3,1.0,0.0
4320,v2,0.8516461721539071,0.0
4320,v3,1.0,0.0
4321,v2,0.8592477704536642,0.0
4321,v3,1.0,0.0
4322,v2,0.8515928515928516,0.0
4322,v3,1.0,0.0
4323,v2,0.8532608695652174,0.0
4323,v3,1.0,0.0
4324,v2,0.8517228029423152,0.0
4324,v3,1.0,0.0
4325,v2,0.8497429814155792,0.0
4325,v3,1.0,0.0
4326,v2,0.8490859587709063,0.0
4326,v3,1.0,0.0
4327,v2,0.8535056795926361,0.0
4327,v3,1.0,0.0
4328,v2,0.852211016291699,0.0
4328,v3,1.0,0.0
4329,v2,0.8559223300970874,0.0
4329,v3,1.0,0.0
4330,v2,0.8611329661683713,0.0
4330,v3,1.0,0.0
4331,v2,0.8540372670807453,0.0
4331,v3,1.0,0.0
4332,v2,0.855049504950495,0.0
4332,v3,1.0,0.0
4333,v2,0.8555772994129158,0.0
4333,v3,1.0,0.0
4334,v2,0.8578720062819003,0.0
4334,v3,1.0,0.0
4335,v2,0.8569163694015062,0.0
4335,v3,1.0,0.0
4336,v2,0.8487958941966048,0.0
4336,v3,1.0,0.0
4337,v2,0.849901768172888,0.0
4337,v3,1.0,0.0
4338,v2,0.8547206165703276,0.0
4338,v3,1.0,0.0
4339,v2,0.8550156739811913,0.0
4339,v3,1.0,0.0
4340,v2,0.8478939157566303,0.0
4340,v3,1.0,0.0
4341,v2,0.8538491598280579,0.0
4341,v3,1.0,0.0
4342,v2,0.8549980244962465,0.0
4342,v3,1.0,0.0
4343,v2,0.8575310559006211,0.0
4343,v3,1.0,0.0
4344,v2,0.8543956043956044,0.0
4344,v3,1.0,0.0
4345,v2,0.8489320388349515,0.0
4345,v3,1.0,0.0
4346,v2,0.8519813519813519,0.0
4346,v3,1.0,0.0
4347,v2,0.8513618677042801,0.0
4347,v3,1.0,0.0
4348,v2,0.8509047993705744,0.0
4348,v3,1.0,0.0
4349,v2,0.8500986193293886,0.0
4349,v3,1.0,0.0
4350,v2,0.8555383423702556,0.0
4350,v3,1.0,0.0
4351,v2,0.8589195491643995,0.0
4351,v3,1.0,0.0
4352,v2,0.8571428571428571,0.0
4352,v3,1.0,0.0
4353,v2,0.8534956794972506,0.0
4353,v3,1.0,0.0
4354,v2,0.856973058637084,0.0
4354,v3,1.0,0.0
4355,v2,0.855164226355362,0.0
4355,v3,1.0,0.0
4356,v2,0.8524590163934426,0.0
4356,v3,1.0,0.0
4357,v2,0.8505882352941176,0.0
4357,v3,1.0,0.0
4358,v2,0.8472222222222222,0.0
4358,v3,1.0,0.0
4359,v2,0.8511627906976744,0.0
4359,v3,1.0,0.0
4360,v2,0.852561595619867,0.0
4360,v3,1.0,0.0
4361,v2,0.8519813519813519,0.0
4361,v3,1.0,0.0
4362,v2,0.8592477704536642,0.0
4362,v3,1.0,0.0
4363,v2,0.8528717545239969,0.0
4363,v3,1.0,0.0
4364,v2,0.8544328300425862,0.0
4364,v3,1.0,0.0
4365,v2,0.852755905511811,0.0
4365,v3,1.0,0.0
4366,v2,0.8571428571428571,0.0
4366,v3,1.0,0.0
4367,v2,0.8540772532188842,0.0
4367,v3,1.0,0.0
4368,v2,0.8539770478828651,0.0
4368,v3,1.0,0.0
4369,v2,0.8553459119496856,0.0
4369,v3,1.0,0.0
4370,v2,0.8532289628180039,0.0
4370,v3,1.0,0.0
4371,v2,0.8585346843335931,0.0
4371,v3,1.0,0.0
4372,v2,0.8518664047151278,0.0
4372,v3,1.0,0.0
4373,v2,0.8554778554778555,0.0
4373,v3,1.0,0.0
4374,v2,0.8581560283687943,0.0
4374,v3,1.0,0.0
4375,v2,0.8535645472061657,0.0
4375,v3,1.0,0.0
4376,v2,0.8557466770914777,0.0
4376,v3,1.0,0.0
4377,v2,0.853923853923854,0.0
4377,v3,1.0,0.0
4378,v2,0.8518664047151278,0.0
4378,v3,1.0,0.0
4379,v2,0.8514851485148515,0.0
4379,v3,1.0,0.0
4380,v2,0.8520368946963874,0.0
4380,v3,1.0,0.0
4381,v2,0.8515901060070671,0.0
4381,v3,1.0,0.0
4382,v2,0.854215003866976,0.0
4382,v3,1.0,0.0
4383,v2,0.8529067499024581,0.0
4383,v3,1.0,0.0
4384,v2,0.8571428571428571,0.0
4384,v3,1.0,0.0
4385,v2,0.8565876408861252,0.0
4385,v3,1.0,0.0
4386,v2,0.8527011270890011,0.0
4386,v3,1.0,0.0
4387,v2,0.853837254145777,0.0
4387,v3,1.0,0.0
4388,v2,0.8539857932123125,0.0
4388,v3,1.0,0.0
4389,v2,0.8522946394138065,0.0
4389,v3,1.0,0.0
4390,v2,0.8575248281130634,0.0
4390,v3,1.0,0.0
4391,v2,0.8552268244575937,0.0
4391,v3,1.0,0.0
4392,v2,0.8550893550893551,0.0
4392,v3,1.0,0.0
4393,v2,0.8572539867755737,0.0
4393,v3,1.0,0.0
4394,v2,0.8548575887631682,0.0
4394,v3,1.0,0.0
4395,v2,0.8603744149765991,0.0
4395,v3,1.0,0.0
4396,v2,0.8544674209910261,0.0
4396,v3,1.0,0.0
4397,v2,0.8571984435797665,0.0
4397,v3,1.0,0.0
4398,v2,0.8575321136629038,0.0
4398,v3,1.0,0.0
4399,v2,0.8566487317448117,0.0
4399,v3,1.0,0.0
4400,v2,0.850412249705536,0.0
4400,v3,1.0,0.0
4401,v2,0.8555815768930523,0.0
4401,v3,1.0,0.0
4402,v2,0.8522860492379836,0.0
4402,v3,1.0,0.0
4403,v2,0.856921287320667,0.0
4403,v3,1.0,0.0
4404,v2,0.856592135697764,0.0
4404,v3,1.0,0.0
4405,v2,0.8464521132221792,0.0
4405,v3,1.0,0.0
4406,v2,0.8556296586896822,0.0
4406,v3,1.0,0.0
4407,v2,0.8508907823392718,0.0
4407,v3,1.0,0.0
4408,v2,0.8557351202207332,0.0
4408,v3,1.0,0.0
4409,v2,0.8618915710328453,0.0
4409,v3,1.0,0.0
4410,v2,0.8517940717628705,0.0
4410,v3,1.0,0.0
4411,v2,0.8441507967353284,0.0
4411,v3,1.0,0.0
4412,v2,0.8596698113207547,0.0
4412,v3,1.0,0.0
4413,v2,0.8514352211016292,0.0
4413,v3,1.0,0.0
4414,v2,0.8544031311154598,0.0
4414,v3,1.0,0.0
4415,v2,0.8529641185647426,0.0
4415,v3,1.0,0.0
4416,v2,0.8480814408770556,0.0
4416,v3,1.0,0.0
4417,v2,0.8539857932123125,0.0
4417,v3,1.0,0.0
4418,v2,0.8511881573821581,0.0
4418,v3,1.0,0.0
4419,v2,0.8606750392464678,0.0
4419,v3,1.0,0.0
4420,v2,0.8599450765005885,0.0
4420,v3,1.0,0.0
4421,v2,0.8530564263322884,0.0
4421,v3,1.0,0.0
4422,v2,0.8517940717628705,0.0
4422,v3,1.0,0.0
4423,v2,0.8491512345679012,0.0
4423,v3,1.0,0.0
4424,v2,0.8586572438162544,0.0
4424,v3,1.0,0.0
4425,v2,0.8521536670547147,0.0
4425,v3,1.0,0.0
4426,v2,0.8518228145825166,0.0
4426,v3,1.0,0.0
4427,v2,0.8529868114817688,0.0
4427,v3,1.0,0.0
4428,v2,0.8566447113521891,0.0
4428,v3,1.0,0.0
4429,v2,0.8503507404520655,0.0
4429,v3,1.0,0.0
4430,v2,0.8522283033620016,0.0
4430,v3,1.0,0.0
4431,v2,0.8523386161577117,0.0
4431,v3,1.0,0.0
4432,v2,0.856257264626114,0.0
4432,v3,1.0,0.0
4433,v2,0.8549080954243253,0.0
4433,v3,1.0,0.0
4434,v2,0.8549588396707174,0.0
4434,v3,1.0,0.0
4435,v2,0.86171875,0.0
4435,v3,1.0,0.0
4436,v2,0.8571428571428571,0.0
4436,v3,1.0,0.0
4437,v2,0.847331240188383,0.0
4437,v3,1.0,0.0
4438,v2,0.8552215189873418,0.0
4438,v3,1.0,0.0
4439,v2,0.8550893550893551,0.0
4439,v3,1.0,0.0
4440,v2,0.8522458628841607,0.0
4440,v3,1.0,0.0
4441,v2,0.854863813229572,0.0
4441,v3,1.0,0.0
4442,v2,0.8580318942045897,0.0
4442,v3,1.0,0.0
4443,v2,0.8520988622989407,0.0
4443,v3,1.0,0.0
4444,v2,0.8518228145825166,0.0
4444,v3,1.0,0.0
4445,v2,0.859642301710731,0.0
4445,v3,1.0,0.0
4446,v2,0.8539412673879444,0.0
4446,v3,1.0,0.0
4447,v2,0.8496448303078137,0.0
4447,v3,1.0,0.0
4448,v2,0.8605482717520858,0.0
4448,v3,1.0,0.0
4449,v2,0.8549202644885259,0.0
4449,v3,1.0,0.0
4450,v2,0.8543613707165109,0.0
4450,v3,1.0,0.0
4451,v2,0.8487427466150871,0.0
4451,v3,1.0,0.0
4452,v2,0.8558487593540764,0.0
4452,v3,1.0,0.0
4453,v2,0.8513566653558788,0.0
4453,v3,1.0,0.0
4454,v2,0.8541910331384016,0.0
4454,v3,1.0,0.0
4455,v2,0.8578161822466615,0.0
4455,v3,1.0,0.0
4456,v2,0.8528717545239969,0.0
4456,v3,1.0,0.0
4457,v2,0.8588052754072925,0.0
4457,v3,1.0,0.0
4458,v2,0.8547310561444837,0.0
4458,v3,1.0,0.0
4459,v2,0.8601398601398601,0.0
4459,v3,1.0,0.0
4460,v2,0.8549141965678627,0.0
4460,v3,1.0,0.0
4461,v2,0.8536114329857087,0.0
4461,v3,1.0,0.0
4462,v2,0.8524717789022966,0.0
4462,v3,1.0,0.0
4463,v2,0.8588328075709779,0.0
4463,v3,1.0,0.0
4464,v2,0.855151045701007,0.0
4464,v3,1.0,0.0
4465,v2,0.8540772532188842,0.0
4465,v3,1.0,0.0
4466,v2,0.851736246586032,0.0
4466,v3,1.0,0.0
4467,v2,0.8588281557215887,0.0
4467,v3,1.0,0.0
4468,v2,0.8549707602339182,0.0
4468,v3,1.0,0.0
4469,v2,0.8530564263322884,0.0
4469,v3,1.0,0.0
4470,v2,0.8565891472868217,0.0
4470,v3,1.0,0.0
4471,v2,0.854452726559435,0.0
4471,v3,1.0,0.0
4472,v2,0.855859375,0.0
4472,v3,1.0,0.0
4473,v2,0.8574234092694423,0.0
4473,v3,1.0,0.0
4474,v2,0.8513246342427837,0.0
4474,v3,1.0,0.0
4475,v2,0.8544401544401544,0.0
4475,v3,1.0,0.0
4476,v2,0.8527583527583528,0.0
4476,v3,1.0,0.0
4477,v2,0.8509219301686936,0.0
4477,v3,1.0,0.0
4478,v2,0.860939907550077,0.0
4478,v3,1.0,0.0
4479,v2,0.8569739952718676,0.0
4479,v3,1.0,0.0
4480,v2,0.8552941176470589,0.0
4480,v3,1.0,0.0
4481,v2,0.8522815158546017,0.0
4481,v3,1.0,0.0
4482,v2,0.8545524691358025,0.0
4482,v3,1.0,0.0
4483,v2,0.8578106739384496,0.0
4483,v3,1.0,0.0
4484,v2,0.8566378633150039,0.0
4484,v3,1.0,0.0
4485,v2,0.8582089552238806,0.0
4485,v3,1.0,0.0
4486,v2,0.8546465448768864,0.0
4486,v3,1.0,0.0
4487,v2,0.8487958941966048,0.0
4487,v3,1.0,0.0
4488,v2,0.8427450980392157,0.0
4488,v3,1.0,0.0
4489,v2,0.8544963334619838,0.0
4489,v3,1.0,0.0
4490,v2,0.8531029065200314,0.0
4490,v3,1.0,0.0
4491,v2,0.8568627450980392,0.0
4491,v3,1.0,0.0
4492,v2,0.8561964146531567,0.0
4492,v3,1.0,0.0
4493,v2,0.8527370855821126,0.0
4493,v3,1.0,0.0
4494,v2,0.8480620155038759,0.0
4494,v3,1.0,0.0
4495,v2,0.8503110419906688,0.0
4495,v3,1.0,0.0
4496,v2,0.8527799530148786,0.0
4496,v3,1.0,0.0
4497,v2,0.8525437201907791,0.0
4497,v3,1.0,0.0
4498,v2,0.8476302389345868,0.0
4498,v3,1.0,0.0
4499,v2,0.8544600938967136,0.0
4499,v3,1.0,0.0
4500,v2,0.8571984435797665,0.0
4500,v3,1.0,0.0
4501,v2,0.8528599605522682,0.0
4501,v3,1.0,0.0
4502,v2,0.856137607505864,0.0
4502,v3,1.0,0.0
4503,v2,0.8570309439874657,0.0
4503,v3,1.0,0.0
4504,v2,0.8527042577675489,0.0
4504,v3,1.0,0.0
4505,v2,0.8575331772053083,0.0
4505,v3,1.0,0.0
4506,v2,0.85,0.0
4506,v3,1.0,0.0
4507,v2,0.8530451866404715,0.0
4507,v3,1.0,0.0
4508,v2,0.851063829787234,0.0
4508,v3,1.0,0.0
4509,v2,0.8482839313572543,0.0
4509,v3,1.0,0.0
4510,v2,0.8524717789022966,0.0
4510,v3,1.0,0.0
4511,v2,0.850197628458498,0.0
4511,v3,1.0,0.0
4512,v2,0.8539325842696629,0.0
4512,v3,1.0,0.0
4513,v2,0.8489521550019771,0.0
4513,v3,1.0,0.0
4514,v2,0.8549202644885259,0.0
4514,v3,1.0,0.0
4515,v2,0.8598019801980198,0.0
4515,v3,1.0,0.0
4516,v2,0.8530225207427894,0.0
4516,v3,1.0,0.0
4517,v2,0.8520849724626278,0.0
4517,v3,1.0,0.0
4518,v2,0.861798193953671,0.0
4518,v3,1.0,0.0
4519,v2,0.8542574257425742,0.0
4519,v3,1.0,0.0
4520,v2,0.8529067499024581,0.0
4520,v3,1.0,0.0
4521,v2,0.8560250391236307,0.0
4521,v3,1.0,0.0
4522,v2,0.8477000386548125,0.0
4522,v3,1.0,0.0
4523,v2,0.8557504873294347,0.0
4523,v3,1.0,0.0
4524,v2,0.8618935837245696,0.0
4524,v3,1.0,0.0
4525,v2,0.852170512319124,0.0
4525,v3,1.0,0.0
4526,v2,0.8497854077253219,0.0
4526,v3,1.0,0.0
4527,v2,0.853897375636506,0.0
4527,v3,1.0,0.0
4528,v2,0.8484848484848485,0.0
4528,v3,1.0,0.0
4529,v2,0.8529526789206101,0.0
4529,v3,1.0,0.0
4530,v2,0.854296875,0.0
4530,v3,1.0,0.0
4531,v2,0.8529641185647426,0.0
4531,v3,1.0,0.0
4532,v2,0.848071679002727,0.0
4532,v3,1.0,0.0
4533,v2,0.8573661586557249,0.0
4533,v3,1.0,0.0
4534,v2,0.8549528301886793,0.0
4534,v3,1.0,0.0
4535,v2,0.8563600782778865,0.0
4535,v3,1.0,0.0
4536,v2,0.8592592592592593,0.0
4536,v3,1.0,0.0
4537,v2,0.8561320754716981,0.0
4537,v3,1.0,0.0
4538,v2,0.8531359563693027,0.0
4538,v3,1.0,0.0
4539,v2,0.8566990291262135,0.0
4539,v3,1.0,0.0
4540,v2,0.854630715123095,0.0
4540,v3,1.0,0.0
4541,v2,0.8546443839875631,0.0
4541,v3,1.0,0.0
4542,v2,0.8606203376521397,0.0
4542,v3,1.0,0.0
4543,v2,0.8490639625585024,0.0
4543,v3,1.0,0.0
4544,v2,0.8513775708187815,0.0
4544,v3,1.0,0.0
4545,v2,0.8564337533409698,0.0
4545,v3,1.0,0.0
4546,v2,0.8519095869056897,0.0
4546,v3,1.0,0.0
4547,v2,0.8556541875723659,0.0
4547,v3,1.0,0.0
4548,v2,0.8506061791161518,0.0
4548,v3,1.0,0.0
4549,v2,0.8565234528971226,0.0
4549,v3,1.0,0.0
4550,v2,0.8596355176424971,0.0
4550,v3,1.0,0.0
4551,v2,0.8495713172252534,0.0
4551,v3,1.0,0.0
4552,v2,0.8507229386479094,0.0
4552,v3,1.0,0.0
4553,v2,0.8573698847834724,0.0
4553,v3,1.0,0.0
4554,v2,0.8545384018619084,0.0
4554,v3,1.0,0.0
4555,v2,0.8574721475220899,0.0
4555,v3,1.0,0.0
4556,v2,0.8542070569988368,0.0
4556,v3,1.0,0.0
4557,v2,0.8562040974101276,0.0
4557,v3,1.0,0.0
4558,v2,0.8577586206896551,0.0
4558,v3,1.0,0.0
4559,v2,0.8516204607575166,0.0
4559,v3,1.0,0.0
4560,v2,0.8554027504911591,0.0
4560,v3,1.0,0.0
4561,v2,0.8594361785434612,0.0
4561,v3,1.0,0.0
4562,v2,0.8583860759493671,0.0
4562,v3,1.0,0.0
4563,v2,0.8520109332292073,0.0
4563,v3,1.0,0.0
4564,v2,0.8497854077253219,0.0
4564,v3,1.0,0.0
4565,v2,0.8537348455220962,0.0
4565,v3,1.0,0.0
4566,v2,0.8519542045005922,0.0
4566,v3,1.0,0.0
4567,v2,0.8477157360406091,0.0
4567,v3,1.0,0.0
4568,v2,0.855880092236741,0.0
4568,v3,1.0,0.0
4569,v2,0.8482213438735178,0.0
4569,v3,1.0,0.0
4570,v2,0.8557504873294347,0.0
4570,v3,1.0,0.0
4571,v2,0.8505613627564848,0.0
4571,v3,1.0,0.0
4572,v2,0.869701726844584,0.0
4572,v3,1.0,0.0
4573,v2,0.8519083969465648,0.0
4573,v3,1.0,0.0
4574,v2,0.856921287320667,0.0
4574,v3,1.0,0.0
4575,v2,0.852689010132502,0.0
4575,v3,1.0,0.0
4576,v2,0.8506061791161518,0.0
4576,v3,1.0,0.0
4577,v2,0.8587681443703413,0.0
4577,v3,1.0,0.0
4578,v2,0.8527011270890011,0.0
4578,v3,1.0,0.0
4579,v2,0.8535531998429525,0.0
4579,v3,1.0,0.0
4580,v2,0.8566447113521891,0.0
4580,v3,1.0,0.0
4581,v2,0.8601776747779065,0.0
4581,v3,1.0,0.0
4582,v2,0.8531225905936777,0.0
4582,v3,1.0,0.0
4583,v2,0.8584104938271605,0.0
4583,v3,1.0,0.0
4584,v2,0.8580922595777951,0.0
4584,v3,1.0,0.0
4585,v2,0.8582494190549961,0.0
4585,v3,1.0,0.0
4586,v2,0.8546375681995323,0.0
4586,v3,1.0,0.0
4587,v2,0.851213782302271,0.0
4587,v3,1.0,0.0
4588,v2,0.85864896524795,0.0
4588,v3,1.0,0.0
4589,v2,0.8522593320235756,0.0
4589,v3,1.0,0.0
4590,v2,0.8483654982276487,0.0
4590,v3,1.0,0.0
4591,v2,0.8578106739384496,0.0
4591,v3,1.0,0.0
4592,v2,0.8531029065200314,0.0
4592,v3,1.0,0.0
4593,v2,0.8546168958742633,0.0
4593,v3,1.0,0.0
4594,v2,0.8576498422712934,0.0
4594,v3,1.0,0.0
4595,v2,0.8461538461538461,0.0
4595,v3,1.0,0.0
4596,v2,0.8557059961315281,0.0
4596,v3,1.0,0.0
4597,v2,0.8510556621880998,0.0
4597,v3,1.0,0.0
4598,v2,0.8509803921568627,0.0
4598,v3,1.0,0.0
4599,v2,0.8551696921862668,0.0
4599,v3,1.0,0.0
4600,v2,0.8553606237816764,0.0
4600,v3,1.0,0.0
4601,v2,0.8610354223433242,0.0
4601,v3,1.0,0.0
4602,v2,0.8530214424951267,0.0
4602,v3,1.0,0.0
4603,v2,0.8616228929831439,0.0
4603,v3,1.0,0.0
4604,v2,0.8568642745709828,0.0
4604,v3,1.0,0.0
4605,v2,0.8580794446586965,0.0
4605,v3,1.0,0.0
4606,v2,0.8533073929961089,0.0
4606,v3,1.0,0.0
4607,v2,0.8538704581358609,0.0
4607,v3,1.0,0.0
4608,v2,0.8438851749901691,0.0
4608,v3,1.0,0.0
4609,v2,0.8510802469135802,0.0
4609,v3,1.0,0.0
4610,v2,0.8498439937597504,0.0
4610,v3,1.0,0.0
4611,v2,0.8632980806893851,0.0
4611,v3,1.0,0.0
4612,v2,0.8579299488390397,0.0
4612,v3,1.0,0.0
4613,v2,0.8584278451310129,0.0
4613,v3,1.0,0.0
4614,v2,0.8562450903377847,0.0
4614,v3,1.0,0.0
4615,v2,0.855862874951305,0.0
4615,v3,1.0,0.0
4616,v2,0.8504854368932039,0.0
4616,v3,1.0,0.0
4617,v2,0.8574211141410206,0.0
4617,v3,1.0,0.0
4618,v2,0.850907686365392,0.0
4618,v3,1.0,0.0
4619,v2,0.8561859732072498,0.0
4619,v3,1.0,0.0
4620,v2,0.8516932658622032,0.0
4620,v3,1.0,0.0
4621,v2,0.8553289726818007,0.0
4621,v3,1.0,0.0
4622,v2,0.8552373479795998,0.0
4622,v3,1.0,0.0
4623,v2,0.8531714956930305,0.0
4623,v3,1.0,0.0
4624,v2,0.8591715976331361,0.0
4624,v3,1.0,0.0
4625,v2,0.8577535950252624,0.0
4625,v3,1.0,0.0
4626,v2,0.8496503496503497,0.0
4626,v3,1.0,0.0
4627,v2,0.8585346843335931,0.0
4627,v3,1.0,0.0
4628,v2,0.8450980392156863,0.0
4628,v3,1.0,0.0
4629,v2,0.8543956043956044,0.0
4629,v3,1.0,0.0
4630,v2,0.8549825513765025,0.0
4630,v3,1.0,0.0
4631,v2,0.8554263565891473,0.0
4631,v3,1.0,0.0
4632,v2,0.8532863849765259,0.0
4632,v3,1.0,0.0
4633,v2,0.8491598280578351,0.0
4633,v3,1.0,0.0
4634,v2,0.8491379310344828,0.0
4634,v3,1.0,0.0
4635,v2,0.8563240351547573,0.0
4635,v3,1.0,0.0
4636,v2,0.8578052550231839,0.0
4636,v3,1.0,0.0
4637,v2,0.8525236593059937,0.0
4637,v3,1.0,0.0
4638,v2,0.8495034377387318,0.0
4638,v3,1.0,0.0
4639,v2,0.8477834444880346,0.0
4639,v3,1.0,0.0
4640,v2,0.8549141965678627,0.0
4640,v3,1.0,0.0
4641,v2,0.8503507404520655,0.0
4641,v3,1.0,0.0
4642,v2,0.8521099496709252,0.0
4642,v3,1.0,0.0
4643,v2,0.8554595443833464,0.0
4643,v3,1.0,0.0
4644,v2,0.8576429404900817,0.0
4644,v3,1.0,0.0
4645,v2,0.8533123028391167,0.0
4645,v3,1.0,0.0
4646,v2,0.8553459119496856,0.0
4646,v3,1.0,0.0
4647,v2,0.8544254658385093,0.0
4647,v3,1.0,0.0
4648,v2,0.8556026184058529,0.0
4648,v3,1.0,0.0
4649,v2,0.8557504873294347,0.0
4649,v3,1.0,0.0
4650,v2,0.8489906832298136,0.0
4650,v3,1.0,0.0
4651,v2,0.8481308411214953,0.0
4651,v3,1.0,0.0
4652,v2,0.8540856031128404,0.0
4652,v3,1.0,0.0
4653,v2,0.8545948041876696,0.0
4653,v3,1.0,0.0
4654,v2,0.8561292865589278,0.0
4654,v3,1.0,0.0
4655,v2,0.8522072936660269,0.0
4655,v3,1.0,0.0
4656,v2,0.8522593320235756,0.0
4656,v3,1.0,0.0
4657,v2,0.85703125,0.0
4657,v3,1.0,0.0
4658,v2,0.8575300038714673,0.0
4658,v3,1.0,0.0
4659,v2,0.8498226251478124,0.0
4659,v3,1.0,0.0
4660,v2,0.858158830501778,0.0
4660,v3,1.0,0.0
4661,v2,0.8578700078308535,0.0
4661,v3,1.0,0.0
4662,v2,0.8540925266903915,0.0
4662,v3,1.0,0.0
4663,v2,0.8583106267029973,0.0
4663,v3,1.0,0.0
4664,v2,0.8504854368932039,0.0
4664,v3,1.0,0.0
4665,v2,0.8631743549648163,0.0
4665,v3,1.0,0.0
4666,v2,0.8541176470588235,0.0
4666,v3,1.0,0.0
4667,v2,0.8564122738001574,0.0
4667,v3,1.0,0.0
4668,v2,0.8520109332292073,0.0
4668,v3,1.0,0.0
4669,v2,0.8547880690737834,0.0
4669,v3,1.0,0.0
4670,v2,0.8471839306813707,0.0
4670,v3,1.0,0.0
4671,v2,0.8578052550231839,0.0
4671,v3,1.0,0.0
4672,v2,0.8605375925204519,0.0
4672,v3,1.0,0.0
4673,v2,0.8535451375435877,0.0
4673,v3,1.0,0.0
4674,v2,0.8511376783648283,0.0
4674,v3,1.0,0.0
4675,v2,0.8482596793116934,0.0
4675,v3,1.0,0.0
4676,v2,0.8510805500982318,0.0
4676,v3,1.0,0.0
4677,v2,0.8542557326078507,0.0
4677,v3,1.0,0.0
4678,v2,0.8525490196078431,0.0
4678,v3,1.0,0.0
4679,v2,0.852789869410368,0.0
4679,v3,1.0,0.0
4680,v2,0.8581916537867079,0.0
4680,v3,1.0,0.0
4681,v2,0.8513198757763976,0.0
4681,v3,1.0,0.0
4682,v2,0.8563664596273292,0.0
4682,v3,1.0,0.0
4683,v2,0.8514040561622465,0.0
4683,v3,1.0,0.0
4684,v2,0.8544180615025302,0.0
4684,v3,1.0,0.0
4685,v2,0.8567002323780015,0.0
4685,v3,1.0,0.0
4686,v2,0.8483430799220273,0.0
4686,v3,1.0,0.0
4687,v2,0.8506645817044566,0.0
4687,v3,1.0,0.0
4688,v2,0.8577586206896551,0.0
4688,v3,1.0,0.0
4689,v2,0.8535233570863024,0.0
4689,v3,1.0,0.0
4690,v2,0.858094864758918,0.0
4690,v3,1.0,0.0
4691,v2,0.8559718969555035,0.0
4691,v3,1.0,0.0
4692,v2,0.8551181102362204,0.0
4692,v3,1.0,0.0
4693,v2,0.8553882725832013,0.0
4693,v3,1.0,0.0
4694,v2,0.8550387596899225,0.0
4694,v3,1.0,0.0
4695,v2,0.8542944785276073,0.0
4695,v3,1.0,0.0
4696,v2,0.8522683210546723,0.0
4696,v3,1.0,0.0
4697,v2,0.8557389937106918,0.0
4697,v3,1.0,0.0
4698,v2,0.8566322478157268,0.0
4698,v3,1.0,0.0
4699,v2,0.8529411764705882,0.0
4699,v3,1.0,0.0
4700,v2,0.8559490648627139,0.0
4700,v3,1.0,0.0
4701,v2,0.8531714956930305,0.0
4701,v3,1.0,0.0
4702,v2,0.85003885003885,0.0
4702,v3,1.0,0.0
4703,v2,0.8498039215686275,0.0
4703,v3,1.0,0.0
4704,v2,0.8529297632906481,0.0
4704,v3,1.0,0.0
4705,v2,0.8545594459407464,0.0
4705,v3,1.0,0.0
4706,v2,0.852510873863187,0.0
4706,v3,1.0,0.0
4707,v2,0.8543123543123543,0.0
4707,v3,1.0,0.0
4708,v2,0.8488555643251776,0.0
4708,v3,1.0,0.0
4709,v2,0.8557993730407524,0.0
4709,v3,1.0,0.0
4710,v2,0.8570321580782643,0.0
4710,v3,1.0,0.0
4711,v2,0.8537151702786377,0.0
4711,v3,1.0,0.0
4712,v2,0.8493526873283641,0.0
4712,v3,1.0,0.0
4713,v2,0.8478851377570819,0.0
4713,v3,1.0,0.0
4714,v2,0.8545454545454545,0.0
4714,v3,1.0,0.0
4715,v2,0.8549202644885259,0.0
4715,v3,1.0,0.0
4716,v2,0.8546168958742633,0.0
4716,v3,1.0,0.0
4717,v2,0.8530549110595514,0.0
4717,v3,1.0,0.0
4718,v2,0.8530326594090202,0.0
4718,v3,1.0,0.0
4719,v2,0.8497489378138278,0.0
4719,v3,1.0,0.0
4720,v2,0.8519968676585747,0.0
4720,v3,1.0,0.0
4721,v2,0.8536585365853658,0.0
4721,v3,1.0,0.0
4722,v2,0.8477751756440282,0.0
4722,v3,1.0,0.0
4723,v2,0.8583011583011583,0.0
4723,v3,1.0,0.0
4724,v2,0.8528717545239969,0.0
4724,v3,1.0,0.0
4725,v2,0.8561989895064127,0.0
4725,v3,1.0,0.0
4726,v2,0.8484021823850351,0.0
4726,v3,1.0,0.0
4727,v2,0.858051689860835,0.0
4727,v3,1.0,0.0
4728,v2,0.8541428025964108,0.0
4728,v3,1.0,0.0
4729,v2,0.8616228929831439,0.0
4729,v3,1.0,0.0
4730,v2,0.8516932658622032,0.0
4730,v3,1.0,0.0
4731,v2,0.8528155339805825,0.0
4731,v3,1.0,0.0
4732,v2,0.8569182389937107,0.0
4732,v3,1.0,0.0
4733,v2,0.854587869362364,0.0
4733,v3,1.0,0.0
4734,v2,0.8555900621118012,0.0
4734,v3,1.0,0.0
4735,v2,0.8511376783648283,0.0
4735,v3,1.0,0.0
4736,v2,0.8559223300970874,0.0
4736,v3,1.0,0.0
4737,v2,0.8617727450214759,0.0
4737,v3,1.0,0.0
4738,v2,0.8502528199144301,0.0
4738,v3,1.0,0.0
4739,v2,0.8505296194586113,0.0
4739,v3,1.0,0.0
4740,v2,0.8572558323448003,0.0
4740,v3,1.0,0.0
4741,v2,0.8471362229102167,0.0
4741,v3,1.0,0.0
4742,v2,0.850907686365392,0.0
4742,v3,1.0,0.0
4743,v2,0.8522683210546723,0.0
4743,v3,1.0,0.0
4744,v2,0.8570306362922231,0.0
4744,v3,1.0,0.0
4745,v2,0.8583860759493671,0.0
4745,v3,1.0,0.0
4746,v2,0.8552425665101722,0.0
4746,v3,1.0,0.0
4747,v2,0.8517794290183809,0.0
4747,v3,1.0,0.0
4748,v2,0.8524590163934426,0.0
4748,v3,1.0,0.0
4749,v2,0.8506191950464397,0.0
4749,v3,1.0,0.0
4750,v2,0.8569753810082064,0.0
4750,v3,1.0,0.0
4751,v2,0.8574757281553398,0.0
4751,v3,1.0,0.0
4752,v2,0.8513775708187815,0.0
4752,v3,1.0,0.0
4753,v2,0.8505613627564848,0.0
4753,v3,1.0,0.0
4754,v2,0.858869395711501,0.0
4754,v3,1.0,0.0
4755,v2,0.8542478565861262,0.0
4755,v3,1.0,0.0
4756,v2,0.8580819798917246,0.0
4756,v3,1.0,0.0
4757,v2,0.8547074777218132,0.0
4757,v3,1.0,0.0
4758,v2,0.85078125,0.0
4758,v3,1.0,0.0
4759,v2,0.8498475609756098,0.0
4759,v3,1.0,0.0
4760,v2,0.8520109332292073,0.0
4760,v3,1.0,0.0
4761,v2,0.852734375,0.0
4761,v3,1.0,0.0
4762,v2,0.8506998444790047,0.0
4762,v3,1.0,0.0
4763,v2,0.8535922330097088,0.0
4763,v3,1.0,0.0
4764,v2,0.8527918781725888,0.0
4764,v3,1.0,0.0
4765,v2,0.8592650508209538,0.0
4765,v3,1.0,0.0
4766,v2,0.8542494042891183,0.0
4766,v3,1.0,0.0
4767,v2,0.8479190976273824,0.0
4767,v3,1.0,0.0
4768,v2,0.8556420233463035,0.0
4768,v3,1.0,0.0
4769,v2,0.8498463901689708,0.0
4769,v3,1.0,0.0
4770,v2,0.8540755467196819,0.0
4770,v3,1.0,0.0
4771,v2,0.8530326594090202,0.0
4771,v3,1.0,0.0
4772,v2,0.8573667711598746,0.0
4772,v3,1.0,0.0
4773,v2,0.8560341482343811,0.0
4773,v3,1.0,0.0
4774,v2,0.8560755013763272,0.0
4774,v3,1.0,0.0
4775,v2,0.8575912122400942,0.0
4775,v3,1.0,0.0
4776,v2,0.8543537680593518,0.0
4776,v3,1.0,0.0
4777,v2,0.8593502377179081,0.0
4777,v3,1.0,0.0
4778,v2,0.854757281553398,0.0
4778,v3,1.0,0.0
4779,v2,0.8517656189367482,0.0
4779,v3,1.0,0.0
4780,v2,0.8482003129890454,0.0
4780,v3,1.0,0.0
4781,v2,0.853243670886076,0.0
4781,v3,1.0,0.0
4782,v2,0.8514196810579541,0.0
4782,v3,1.0,0.0
4783,v2,0.8508977361436377,0.0
4783,v3,1.0,0.0
4784,v2,0.8602739726027397,0.0
4784,v3,1.0,0.0
4785,v2,0.850682261208577,0.0
4785,v3,1.0,0.0
4786,v2,0.8525490196078431,0.0
4786,v3,1.0,0.0
4787,v2,0.8583106267029973,0.0
4787,v3,1.0,0.0
4788,v2,0.8551059730250482,0.0
4788,v3,1.0,0.0
4789,v2,0.85680285600952,0.0
4789,v3,1.0,0.0
4790,v2,0.8561886051080551,0.0
4790,v3,1.0,0.0
4791,v2,0.8579835229501765,0.0
4791,v3,1.0,0.0
4792,v2,0.8547376664056382,0.0
4792,v3,1.0,0.0
4793,v2,0.8524590163934426,0.0
4793,v3,1.0,0.0
4794,v2,0.8515748031496063,0.0
4794,v3,1.0,0.0
4795,v2,0.856069592724397,0.0
4795,v3,1.0,0.0
4796,v2,0.854757281553398,0.0
4796,v3,1.0,0.0
4797,v2,0.8499228395061729,0.0
4797,v3,1.0,0.0
4798,v2,0.8495950636328576,0.0
4798,v3,1.0,0.0
4799,v2,0.8544328300425862,0.0
4799,v3,1.0,0.0
4800,v2,0.8602150537634409,0.0
4800,v3,1.0,0.0
4801,v2,0.8569206842923794,0.0
4801,v3,1.0,0.0
4802,v2,0.8567525370804059,0.0
4802,v3,1.0,0.0
4803,v2,0.8552941176470589,0.0
4803,v3,1.0,0.0
4804,v2,0.8552631578947368,0.0
4804,v3,1.0,0.0
4805,v2,0.8525989138867339,0.0
4805,v3,1.0,0.0
4806,v2,0.8557617942768755,0.0
4806,v3,1.0,0.0
4807,v2,0.8551751279024006,0.0
4807,v3,1.0,0.0
4808,v2,0.8548575887631682,0.0
4808,v3,1.0,0.0
4809,v2,0.8511555033294164,0.0
4809,v3,1.0,0.0
4810,v2,0.8474314407106991,0.0
4810,v3,1.0,0.0
4811,v2,0.8544819557625145,0.0
4811,v3,1.0,0.0
4812,v2,0.848052448900887,0.0
4812,v3,1.0,0.0
4813,v2,0.8554455445544554,0.0
4813,v3,1.0,0.0
4814,v2,0.8541259288228392,0.0
4814,v3,1.0,0.0
4815,v2,0.8572539867755737,0.0
4815,v3,1.0,0.0
4816,v2,0.853963295587661,0.0
4816,v3,1.0,0.0
4817,v2,0.8529062870699882,0.0
4817,v3,1.0,0.0
4818,v2,0.8563664596273292,0.0
4818,v3,1.0,0.0
4819,v2,0.8506158124751688,0.0
4819,v3,1.0,0.0
4820,v2,0.8522727272727273,0.0
4820,v3,1.0,0.0
4821,v2,0.8545241809672387,0.0
4821,v3,1.0,0.0
4822,v2,0.8527656187823319,0.0
4822,v3,1.0,0.0
4823,v2,0.8548136645962733,0.0
4823,v3,1.0,0.0
4824,v2,0.8555858310626703,0.0
4824,v3,1.0,0.0
4825,v2,0.8568650330610658,0.0
4825,v3,1.0,0.0
4826,v2,0.8543200309957381,0.0
4826,v3,1.0,0.0
4827,v2,0.8576362240982348,0.0
4827,v3,1.0,0.0
4828,v2,0.855686274509804,0.0
4828,v3,1.0,0.0
4829,v2,0.852156862745098,0.0
4829,v3,1.0,0.0
4830,v2,0.848378272762798,0.0
4830,v3,1.0,0.0
4831,v2,0.8540202966432474,0.0
4831,v3,1.0,0.0
4832,v2,0.8574241827491138,0.0
4832,v3,1.0,0.0
4833,v2,0.8514619883040936,0.0
4833,v3,1.0,0.0
4834,v2,0.8541093197011403,0.0
4834,v3,1.0,0.0
4835,v2,0.8570873786407767,0.0
4835,v3,1.0,0.0
4836,v2,0.8536773199845976,0.0
4836,v3,1.0,0.0
4837,v2,0.8520526723470179,0.0
4837,v3,1.0,0.0
4838,v2,0.8506417736289381,0.0
4838,v3,1.0,0.0
4839,v2,0.8519813519813519,0.0
4839,v3,1.0,0.0
4840,v2,0.8528389339513326,0.0
4840,v3,1.0,0.0
4841,v2,0.851937984496124,0.0
4841,v3,1.0,0.0
4842,v2,0.8564687377113646,0.0
4842,v3,1.0,0.0
4843,v2,0.8583106267029973,0.0
4843,v3,1.0,0.0
4844,v2,0.8612308898471188,0.0
4844,v3,1.0,0.0
4845,v2,0.861132660977502,0.0
4845,v3,1.0,0.0
4846,v2,0.8613396004700352,0.0
4846,v3,1.0,0.0
4847,v2,0.8607987592089957,0.0
4847,v3,1.0,0.0
4848,v2,0.8574226400313357,0.0
4848,v3,1.0,0.0
4849,v2,0.8518811881188119,0.0
4849,v3,1.0,0.0
4850,v2,0.8586286594761171,0.0
4850,v3,1.0,0.0
4851,v2,0.8585308977846872,0.0
4851,v3,1.0,0.0
4852,v2,0.8549080954243253,0.0
4852,v3,1.0,0.0
4853,v2,0.8553208449581506,0.0
4853,v3,1.0,0.0
4854,v2,0.8562015503875969,0.0
4854,v3,1.0,0.0
4855,v2,0.8574793875147232,0.0
4855,v3,1.0,0.0
4856,v2,0.8518225039619651,0.0
4856,v3,1.0,0.0
4857,v2,0.8567525370804059,0.0
4857,v3,1.0,0.0
4858,v2,0.856640625,0.0
4858,v3,1.0,0.0
4859,v2,0.8494582043343654,0.0
4859,v3,1.0,0.0
4860,v2,0.859105180533752,0.0
4860,v3,1.0,0.0
4861,v2,0.8517946738710922,0.0
4861,v3,1.0,0.0
4862,v2,0.8618548700038805,0.0
4862,v3,1.0,0.0
4863,v2,0.8495088408644401,0.0
4863,v3,1.0,0.0
4864,v2,0.8509634290208415,0.0
4864,v3,1.0,0.0
4865,v2,0.8459427675421404,0.0
4865,v3,1.0,0.0
4866,v2,0.8610787737679473,0.0
4866,v3,1.0,0.0
4867,v2,0.8576982892690513,0.0
4867,v3,1.0,0.0
4868,v2,0.8537534033450019,0.0
4868,v3,1.0,0.0
4869,v2,0.8500196309383589,0.0
4869,v3,1.0,0.0
4870,v2,0.8588884509262908,0.0
4870,v3,1.0,0.0
4871,v2,0.8565768621236133,0.0
4871,v3,1.0,0.0
4872,v2,0.8543461237274863,0.0
4872,v3,1.0,0.0
4873,v2,0.853515625,0.0
4873,v3,1.0,0.0
4874,v2,0.8503692188107268,0.0
4874,v3,1.0,0.0
4875,v2,0.8535056795926361,0.0
4875,v3,1.0,0.0
4876,v2,0.8561430793157077,0.0
4876,v3,1.0,0.0
4877,v2,0.8604741546832492,0.0
4877,v3,1.0,0.0
4878,v2,0.8625924484235111,0.0
4878,v3,1.0,0.0
4879,v2,0.8530769230769231,0.0
4879,v3,1.0,0.0
4880,v2,0.855191256830601,0.0
4880,v3,1.0,0.0
4881,v2,0.8522417153996101,0.0
4881,v3,1.0,0.0
4882,v2,0.8505114083398898,0.0
4882,v3,1.0,0.0
4883,v2,0.858027079303675,0.0
4883,v3,1.0,0.0
4884,v2,0.8550156739811913,0.0
4884,v3,1.0,0.0
4885,v2,0.8596283115856069,0.0
4885,v3,1.0,0.0
4886,v2,0.8524461839530333,0.0
4886,v3,1.0,0.0
4887,v2,0.8502923976608188,0.0
4887,v3,1.0,0.0
4888,v2,0.8529296106960284,0.0
4888,v3,1.0,0.0
4889,v2,0.8553309552120492,0.0
4889,v3,1.0,0.0
4890,v2,0.8522593320235756,0.0
4890,v3,1.0,0.0
4891,v2,0.854043392504931,0.0
4891,v3,1.0,0.0
4892,v2,0.8485322896281801,0.0
4892,v3,1.0,0.0
4893,v2,0.8597800471327572,0.0
4893,v3,1.0,0.0
4894,v2,0.8557956777996071,0.0
4894,v3,1.0,0.0
4895,v2,0.8608287724784989,0.0
4895,v3,1.0,0.0
4896,v2,0.8536870854467421,0.0
4896,v3,1.0,0.0
4897,v2,0.8603086664028492,0.0
4897,v3,1.0,0.0
4898,v2,0.8512364760432767,0.0
4898,v3,1.0,0.0
4899,v2,0.8596559812353401,0.0
4899,v3,1.0,0.0
4900,v2,0.8466019417475729,0.0
4900,v3,1.0,0.0
4901,v2,0.8509147528221098,0.0
4901,v3,1.0,0.0
4902,v2,0.8561938257131692,0.0
4902,v3,1.0,0.0
4903,v2,0.8521099496709252,0.0
4903,v3,1.0,0.0
4904,v2,0.8567514677103718,0.0
4904,v3,1.0,0.0
4905,v2,0.8510140405616224,0.0
4905,v3,1.0,0.0
4906,v2,0.8529641185647426,0.0
4906,v3,1.0,0.0
4907,v2,0.8559622195985832,0.0
4907,v3,1.0,0.0
4908,v2,0.8583792289535799,0.0
4908,v3,1.0,0.0
4909,v2,0.8541009463722398,0.0
4909,v3,1.0,0.0
4910,v2,0.85195206803247,0.0
4910,v3,1.0,0.0
4911,v2,0.851195065535852,0.0
4911,v3,1.0,0.0
4912,v2,0.8535548686244204,0.0
4912,v3,1.0,0.0
4913,v2,0.8501552795031055,0.0
4913,v3,1.0,0.0
4914,v2,0.8558030480656507,0.0
4914,v3,1.0,0.0
4915,v2,0.8548073180225769,0.0
4915,v3,1.0,0.0
4916,v2,0.8550837553564472,0.0
4916,v3,1.0,0.0
4917,v2,0.8520526723470179,0.0
4917,v3,1.0,0.0
4918,v2,0.8479690522243714,0.0
4918,v3,1.0,0.0
4919,v2,0.8504892367906066,0.0
4919,v3,1.0,0.0
4920,v2,0.8563579277864992,0.0
4920,v3,1.0,0.0
4921,v2,0.8602912239275876,0.0
4921,v3,1.0,0.0
4922,v2,0.8496680983990629,0.0
4922,v3,1.0,0.0
4923,v2,0.8535080956052429,0.0
4923,v3,1.0,0.0
4924,v2,0.8597372488408037,0.0
4924,v3,1.0,0.0
4925,v2,0.8525541795665634,0.0
4925,v3,1.0,0.0
4926,v2,0.8494163424124513,0.0
4926,v3,1.0,0.0
4927,v2,0.8573667711598746,0.0
4927,v3,1.0,0.0
4928,v2,0.8514040561622465,0.0
4928,v3,1.0,0.0
4929,v2,0.8571985953960203,0.0
4929,v3,1.0,0.0
4930,v2,0.8554823711739635,0.0
4930,v3,1.0,0.0
4931,v2,0.8520267611176702,0.0
4931,v3,1.0,0.0
4932,v2,0.8535333596525859,0.0
4932,v3,1.0,0.0
4933,v2,0.8506109578242018,0.0
4933,v3,1.0,0.0
4934,v2,0.8548199767711963,0.0
4934,v3,1.0,0.0
4935,v2,0.8561484918793504,0.0
4935,v3,1.0,0.0
4936,v2,0.8505296194586113,0.0
4936,v3,1.0,0.0
4937,v2,0.8515928515928516,0.0
4937,v3,1.0,0.0
4938,v2,0.8527011270890011,0.0
4938,v3,1.0,0.0
4939,v2,0.8580870917573873,0.0
4939,v3,1.0,0.0
4940,v2,0.8544879398971925,0.0
4940,v3,1.0,0.0
4941,v2,0.8532251834685206,0.0
4941,v3,1.0,0.0
4942,v2,0.8496124031007752,0.0
4942,v3,1.0,0.0
4943,v2,0.8507173322993409,0.0
4943,v3,1.0,0.0
4944,v2,0.8540117416829746,0.0
4944,v3,1.0,0.0
4945,v2,0.8566966028894963,0.0
4945,v3,1.0,0.0
4946,v2,0.8486381322957198,0.0
4946,v3,1.0,0.0
4947,v2,0.8559156579461148,0.0
4947,v3,1.0,0.0
4948,v2,0.8484251968503937,0.0
4948,v3,1.0,0.0
4949,v2,0.849609375,0.0
4949,v3,1.0,0.0
4950,v2,0.8603744149765991,0.0
4950,v3,1.0,0.0
4951,v2,0.8557504873294347,0.0
4951,v3,1.0,0.0
4952,v2,0.858041683051514,0.0
4952,v3,1.0,0.0
4953,v2,0.8490272373540856,0.0
4953,v3,1.0,0.0
4954,v2,0.8561538461538462,0.0
4954,v3,1.0,0.0
4955,v2,0.8576415826221877,0.0
4955,v3,1.0,0.0
4956,v2,0.8524970963995354,0.0
4956,v3,1.0,0.0
4957,v2,0.8537808641975309,0.0
4957,v3,1.0,0.0
4958,v2,0.8529296106960284,0.0
4958,v3,1.0,0.0
4959,v2,0.8561292865589278,0.0
4959,v3,1.0,0.0
4960,v2,0.8519095869056897,0.0
4960,v3,1.0,0.0
4961,v2,0.848046875,0.0
4961,v3,1.0,0.0
4962,v2,0.8514578408195429,0.0
4962,v3,1.0,0.0
4963,v2,0.8548575887631682,0.0
4963,v3,1.0,0.0
4964,v2,0.8587170405352224,0.0
4964,v3,1.0,0.0
4965,v2,0.855686274509804,0.0
4965,v3,1.0,0.0
4966,v2,0.8521431380259537,0.0
4966,v3,1.0,0.0
4967,v2,0.8550272798129385,0.0
4967,v3,1.0,0.0
4968,v2,0.8478007006617361,0.0
4968,v3,1.0,0.0
4969,v2,0.8531965272296764,0.0
4969,v3,1.0,0.0
4970,v2,0.8530805687203792,0.0
4970,v3,1.0,0.0
4971,v2,0.8553141970519783,0.0
4971,v3,1.0,0.0
4972,v2,0.8603286384976526,0.0
4972,v3,1.0,0.0
4973,v2,0.8463925523661753,0.0
4973,v3,1.0,0.0
4974,v2,0.8539150759641605,0.0
4974,v3,1.0,0.0
4975,v2,0.8552278820375335,0.0
4975,v3,1.0,0.0
4976,v2,0.8567514677103718,0.0
4976,v3,1.0,0.0
4977,v2,0.8610675039246468,0.0
4977,v3,1.0,0.0
4978,v2,0.851335656213705,0.0
4978,v3,1.0,0.0
4979,v2,0.8542812254516889,0.0
4979,v3,1.0,0.0
4980,v2,0.8620417816318486,0.0
4980,v3,1.0,0.0
4981,v2,0.8538581449727202,0.0
4981,v3,1.0,0.0
4982,v2,0.8507578701904391,0.0
4982,v3,1.0,0.0
4983,v2,0.8552890287062525,0.0
4983,v3,1.0,0.0
4984,v2,0.8524271844660194,0.0
4984,v3,1.0,0.0
4985,v2,0.8591604550804237,0.0
4985,v3,1.0,0.0
4986,v2,0.8517946738710922,0.0
4986,v3,1.0,0.0
4987,v2,0.8495297805642633,0.0
4987,v3,1.0,0.0
4988,v2,0.8503110419906688,0.0
4988,v3,1.0,0.0
4989,v2,0.8516179952644041,0.0
4989,v3,1.0,0.0
4990,v2,0.8498836307214895,0.0
4990,v3,1.0,0.0
4991,v2,0.8515163450177236,0.0
4991,v3,1.0,0.0
4992,v2,0.8564742589703588,0.0
4992,v3,1.0,0.0
4993,v2,0.8505074160811865,0.0
4993,v3,1.0,0.0
4994,v2,0.8540202966432474,0.0
4994,v3,1.0,0.0
4995,v2,0.8512658227848101,0.0
4995,v3,1.0,0.0
4996,v2,0.8572530864197531,0.0
4996,v3,1.0,0.0
4997,v2,0.8484848484848485,0.0
4997,v3,1.0,0.0
4998,v2,0.8545025560361778,0.0
4998,v3,1.0,0.0
4999,v2,0.852465483234714,0.0
4999,v3,1.0,0.0
