case_id,language,transform,v3_triggered
ntx3-001016-1,hin_Latn,nfkc,False
ntx3-001016-1,hin_Latn,extra_spaces,False
ntx3-001016-1,hin_Latn,punctuation,False
ntx3-001016-1,hin_Latn,zero_width,False
ntx3-000584-2,tel_Latn,nfkc,False
ntx3-000584-2,tel_Latn,extra_spaces,False
ntx3-000584-2,tel_Latn,punctuation,False
ntx3-000584-2,tel_Latn,zero_width,False
ntx3-001741-3,tel_Telu,nfkc,False
ntx3-001741-3,tel_Telu,extra_spaces,False
ntx3-001741-3,tel_Telu,punctuation,False
ntx3-001741-3,tel_Telu,zero_width,False
ntx3-001967-1,hin_Latn,nfkc,False
ntx3-001967-1,hin_Latn,extra_spaces,False
ntx3-001967-1,hin_Latn,punctuation,False
ntx3-001967-1,hin_Latn,zero_width,False
ntx3-001933-3,tel_Telu,nfkc,False
ntx3-001933-3,tel_Telu,extra_spaces,False
ntx3-001933-3,tel_Telu,punctuation,False
ntx3-001933-3,tel_Telu,zero_width,False
ntx3-000589-3,tel_Telu,nfkc,False
ntx3-000589-3,tel_Telu,extra_spaces,False
ntx3-000589-3,tel_Telu,punctuation,False
ntx3-000589-3,tel_Telu,zero_width,False
ntx3-001301-3,tel_Telu,nfkc,False
ntx3-001301-3,tel_Telu,extra_spaces,False
ntx3-001301-3,tel_Telu,punctuation,False
ntx3-001301-3,tel_Telu,zero_width,False
ntx3-000876-0,eng_Latn,nfkc,False
ntx3-000876-0,eng_Latn,extra_spaces,False
ntx3-000876-0,eng_Latn,punctuation,False
ntx3-000876-0,eng_Latn,zero_width,False
ntx3-000328-3,tel_Telu,nfkc,False
ntx3-000328-3,tel_Telu,extra_spaces,False
ntx3-000328-3,tel_Telu,punctuation,False
ntx3-000328-3,tel_Telu,zero_width,False
ntx3-001191-1,hin_Latn,nfkc,False
ntx3-001191-1,hin_Latn,extra_spaces,False
ntx3-001191-1,hin_Latn,punctuation,False
ntx3-001191-1,hin_Latn,zero_width,False
ntx3-000514-2,tel_Latn,nfkc,False
ntx3-000514-2,tel_Latn,extra_spaces,False
ntx3-000514-2,tel_Latn,punctuation,False
ntx3-000514-2,tel_Latn,zero_width,False
ntx3-000302-3,tel_Telu,nfkc,False
ntx3-000302-3,tel_Telu,extra_spaces,False
ntx3-000302-3,tel_Telu,punctuation,False
ntx3-000302-3,tel_Telu,zero_width,False
ntx3-000381-2,tel_Latn,nfkc,False
ntx3-000381-2,tel_Latn,extra_spaces,False
ntx3-000381-2,tel_Latn,punctuation,False
ntx3-000381-2,tel_Latn,zero_width,False
ntx3-002334-1,hin_Latn,nfkc,False
ntx3-002334-1,hin_Latn,extra_spaces,False
ntx3-002334-1,hin_Latn,punctuation,False
ntx3-002334-1,hin_Latn,zero_width,False
ntx3-002235-3,tel_Telu,nfkc,False
ntx3-002235-3,tel_Telu,extra_spaces,False
ntx3-002235-3,tel_Telu,punctuation,False
ntx3-002235-3,tel_Telu,zero_width,False
ntx3-001696-1,hin_Latn,nfkc,False
ntx3-001696-1,hin_Latn,extra_spaces,False
ntx3-001696-1,hin_Latn,punctuation,False
ntx3-001696-1,hin_Latn,zero_width,False
ntx3-000246-1,hin_Latn,nfkc,False
ntx3-000246-1,hin_Latn,extra_spaces,False
ntx3-000246-1,hin_Latn,punctuation,False
ntx3-000246-1,hin_Latn,zero_width,False
ntx3-001643-0,eng_Latn,nfkc,False
ntx3-001643-0,eng_Latn,extra_spaces,False
ntx3-001643-0,eng_Latn,punctuation,False
ntx3-001643-0,eng_Latn,zero_width,False
ntx3-002234-3,tel_Telu,nfkc,False
ntx3-002234-3,tel_Telu,extra_spaces,False
ntx3-002234-3,tel_Telu,punctuation,False
ntx3-002234-3,tel_Telu,zero_width,False
ntx3-000300-1,hin_Latn,nfkc,False
ntx3-000300-1,hin_Latn,extra_spaces,False
ntx3-000300-1,hin_Latn,punctuation,False
ntx3-000300-1,hin_Latn,zero_width,False
ntx3-001304-1,hin_Latn,nfkc,False
ntx3-001304-1,hin_Latn,extra_spaces,False
ntx3-001304-1,hin_Latn,punctuation,False
ntx3-001304-1,hin_Latn,zero_width,False
ntx3-000817-3,tel_Telu,nfkc,False
ntx3-000817-3,tel_Telu,extra_spaces,False
ntx3-000817-3,tel_Telu,punctuation,False
ntx3-000817-3,tel_Telu,zero_width,False
ntx3-002206-0,eng_Latn,nfkc,False
ntx3-002206-0,eng_Latn,extra_spaces,False
ntx3-002206-0,eng_Latn,punctuation,False
ntx3-002206-0,eng_Latn,zero_width,False
ntx3-000213-1,hin_Latn,nfkc,False
ntx3-000213-1,hin_Latn,extra_spaces,False
ntx3-000213-1,hin_Latn,punctuation,False
ntx3-000213-1,hin_Latn,zero_width,False
ntx3-001670-1,hin_Latn,nfkc,False
ntx3-001670-1,hin_Latn,extra_spaces,False
ntx3-001670-1,hin_Latn,punctuation,False
ntx3-001670-1,hin_Latn,zero_width,False
ntx3-002083-3,tel_Telu,nfkc,False
ntx3-002083-3,tel_Telu,extra_spaces,False
ntx3-002083-3,tel_Telu,punctuation,False
ntx3-002083-3,tel_Telu,zero_width,False
ntx3-001040-1,hin_Latn,nfkc,False
ntx3-001040-1,hin_Latn,extra_spaces,False
ntx3-001040-1,hin_Latn,punctuation,False
ntx3-001040-1,hin_Latn,zero_width,False
ntx3-001475-2,tel_Latn,nfkc,False
ntx3-001475-2,tel_Latn,extra_spaces,False
ntx3-001475-2,tel_Latn,punctuation,False
ntx3-001475-2,tel_Latn,zero_width,False
ntx3-000454-1,hin_Latn,nfkc,False
ntx3-000454-1,hin_Latn,extra_spaces,False
ntx3-000454-1,hin_Latn,punctuation,False
ntx3-000454-1,hin_Latn,zero_width,False
ntx3-001260-2,tel_Latn,nfkc,False
ntx3-001260-2,tel_Latn,extra_spaces,False
ntx3-001260-2,tel_Latn,punctuation,False
ntx3-001260-2,tel_Latn,zero_width,False
ntx3-000898-0,eng_Latn,nfkc,False
ntx3-000898-0,eng_Latn,extra_spaces,False
ntx3-000898-0,eng_Latn,punctuation,False
ntx3-000898-0,eng_Latn,zero_width,False
ntx3-002054-1,hin_Latn,nfkc,False
ntx3-002054-1,hin_Latn,extra_spaces,False
ntx3-002054-1,hin_Latn,punctuation,False
ntx3-002054-1,hin_Latn,zero_width,False
ntx3-001225-3,tel_Telu,nfkc,False
ntx3-001225-3,tel_Telu,extra_spaces,False
ntx3-001225-3,tel_Telu,punctuation,False
ntx3-001225-3,tel_Telu,zero_width,False
ntx3-000790-2,tel_Latn,nfkc,False
ntx3-000790-2,tel_Latn,extra_spaces,False
ntx3-000790-2,tel_Latn,punctuation,False
ntx3-000790-2,tel_Latn,zero_width,False
ntx3-001336-0,eng_Latn,nfkc,False
ntx3-001336-0,eng_Latn,extra_spaces,False
ntx3-001336-0,eng_Latn,punctuation,False
ntx3-001336-0,eng_Latn,zero_width,False
ntx3-000884-0,eng_Latn,nfkc,False
ntx3-000884-0,eng_Latn,extra_spaces,False
ntx3-000884-0,eng_Latn,punctuation,False
ntx3-000884-0,eng_Latn,zero_width,False
ntx3-001225-1,hin_Latn,nfkc,False
ntx3-001225-1,hin_Latn,extra_spaces,False
ntx3-001225-1,hin_Latn,punctuation,False
ntx3-001225-1,hin_Latn,zero_width,False
ntx3-000238-1,hin_Latn,nfkc,False
ntx3-000238-1,hin_Latn,extra_spaces,False
ntx3-000238-1,hin_Latn,punctuation,False
ntx3-000238-1,hin_Latn,zero_width,False
ntx3-001191-2,tel_Latn,nfkc,False
ntx3-001191-2,tel_Latn,extra_spaces,False
ntx3-001191-2,tel_Latn,punctuation,False
ntx3-001191-2,tel_Latn,zero_width,False
ntx3-001051-3,tel_Telu,nfkc,False
ntx3-001051-3,tel_Telu,extra_spaces,False
ntx3-001051-3,tel_Telu,punctuation,False
ntx3-001051-3,tel_Telu,zero_width,False
ntx3-001466-3,tel_Telu,nfkc,False
ntx3-001466-3,tel_Telu,extra_spaces,False
ntx3-001466-3,tel_Telu,punctuation,False
ntx3-001466-3,tel_Telu,zero_width,False
ntx3-001019-2,tel_Latn,nfkc,False
ntx3-001019-2,tel_Latn,extra_spaces,False
ntx3-001019-2,tel_Latn,punctuation,False
ntx3-001019-2,tel_Latn,zero_width,False
ntx3-002249-0,eng_Latn,nfkc,False
ntx3-002249-0,eng_Latn,extra_spaces,False
ntx3-002249-0,eng_Latn,punctuation,False
ntx3-002249-0,eng_Latn,zero_width,False
ntx3-001930-0,eng_Latn,nfkc,False
ntx3-001930-0,eng_Latn,extra_spaces,False
ntx3-001930-0,eng_Latn,punctuation,False
ntx3-001930-0,eng_Latn,zero_width,False
ntx3-002299-3,tel_Telu,nfkc,False
ntx3-002299-3,tel_Telu,extra_spaces,False
ntx3-002299-3,tel_Telu,punctuation,False
ntx3-002299-3,tel_Telu,zero_width,False
ntx3-000538-0,eng_Latn,nfkc,False
ntx3-000538-0,eng_Latn,extra_spaces,False
ntx3-000538-0,eng_Latn,punctuation,False
ntx3-000538-0,eng_Latn,zero_width,False
ntx3-000349-1,hin_Latn,nfkc,False
ntx3-000349-1,hin_Latn,extra_spaces,False
ntx3-000349-1,hin_Latn,punctuation,False
ntx3-000349-1,hin_Latn,zero_width,False
ntx3-000837-1,hin_Latn,nfkc,False
ntx3-000837-1,hin_Latn,extra_spaces,False
ntx3-000837-1,hin_Latn,punctuation,False
ntx3-000837-1,hin_Latn,zero_width,False
ntx3-001280-1,hin_Latn,nfkc,False
ntx3-001280-1,hin_Latn,extra_spaces,False
ntx3-001280-1,hin_Latn,punctuation,False
ntx3-001280-1,hin_Latn,zero_width,False
ntx3-000954-3,tel_Telu,nfkc,False
ntx3-000954-3,tel_Telu,extra_spaces,False
ntx3-000954-3,tel_Telu,punctuation,False
ntx3-000954-3,tel_Telu,zero_width,False
ntx3-000645-0,eng_Latn,nfkc,False
ntx3-000645-0,eng_Latn,extra_spaces,False
ntx3-000645-0,eng_Latn,punctuation,False
ntx3-000645-0,eng_Latn,zero_width,False
ntx3-000968-1,hin_Latn,nfkc,False
ntx3-000968-1,hin_Latn,extra_spaces,False
ntx3-000968-1,hin_Latn,punctuation,False
ntx3-000968-1,hin_Latn,zero_width,False
ntx3-001012-1,hin_Latn,nfkc,False
ntx3-001012-1,hin_Latn,extra_spaces,False
ntx3-001012-1,hin_Latn,punctuation,False
ntx3-001012-1,hin_Latn,zero_width,False
ntx3-000504-1,hin_Latn,nfkc,False
ntx3-000504-1,hin_Latn,extra_spaces,False
ntx3-000504-1,hin_Latn,punctuation,False
ntx3-000504-1,hin_Latn,zero_width,False
ntx3-001570-0,eng_Latn,nfkc,False
ntx3-001570-0,eng_Latn,extra_spaces,False
ntx3-001570-0,eng_Latn,punctuation,False
ntx3-001570-0,eng_Latn,zero_width,False
ntx3-002065-2,tel_Latn,nfkc,False
ntx3-002065-2,tel_Latn,extra_spaces,False
ntx3-002065-2,tel_Latn,punctuation,False
ntx3-002065-2,tel_Latn,zero_width,False
ntx3-001957-3,tel_Telu,nfkc,False
ntx3-001957-3,tel_Telu,extra_spaces,False
ntx3-001957-3,tel_Telu,punctuation,False
ntx3-001957-3,tel_Telu,zero_width,False
ntx3-002237-1,hin_Latn,nfkc,False
ntx3-002237-1,hin_Latn,extra_spaces,False
ntx3-002237-1,hin_Latn,punctuation,False
ntx3-002237-1,hin_Latn,zero_width,False
ntx3-001848-2,tel_Latn,nfkc,False
ntx3-001848-2,tel_Latn,extra_spaces,False
ntx3-001848-2,tel_Latn,punctuation,False
ntx3-001848-2,tel_Latn,zero_width,False
ntx3-002495-2,tel_Latn,nfkc,False
ntx3-002495-2,tel_Latn,extra_spaces,False
ntx3-002495-2,tel_Latn,punctuation,False
ntx3-002495-2,tel_Latn,zero_width,False
ntx3-000246-0,eng_Latn,nfkc,False
ntx3-000246-0,eng_Latn,extra_spaces,False
ntx3-000246-0,eng_Latn,punctuation,False
ntx3-000246-0,eng_Latn,zero_width,False
ntx3-001736-3,tel_Telu,nfkc,False
ntx3-001736-3,tel_Telu,extra_spaces,False
ntx3-001736-3,tel_Telu,punctuation,False
ntx3-001736-3,tel_Telu,zero_width,False
ntx3-000607-3,tel_Telu,nfkc,False
ntx3-000607-3,tel_Telu,extra_spaces,False
ntx3-000607-3,tel_Telu,punctuation,False
ntx3-000607-3,tel_Telu,zero_width,False
ntx3-001198-3,tel_Telu,nfkc,False
ntx3-001198-3,tel_Telu,extra_spaces,False
ntx3-001198-3,tel_Telu,punctuation,False
ntx3-001198-3,tel_Telu,zero_width,False
ntx3-002240-2,tel_Latn,nfkc,False
ntx3-002240-2,tel_Latn,extra_spaces,False
ntx3-002240-2,tel_Latn,punctuation,False
ntx3-002240-2,tel_Latn,zero_width,False
ntx3-001361-1,hin_Latn,nfkc,False
ntx3-001361-1,hin_Latn,extra_spaces,False
ntx3-001361-1,hin_Latn,punctuation,False
ntx3-001361-1,hin_Latn,zero_width,False
ntx3-002296-0,eng_Latn,nfkc,False
ntx3-002296-0,eng_Latn,extra_spaces,False
ntx3-002296-0,eng_Latn,punctuation,False
ntx3-002296-0,eng_Latn,zero_width,False
ntx3-001736-2,tel_Latn,nfkc,False
ntx3-001736-2,tel_Latn,extra_spaces,False
ntx3-001736-2,tel_Latn,punctuation,False
ntx3-001736-2,tel_Latn,zero_width,False
ntx3-001250-3,tel_Telu,nfkc,False
ntx3-001250-3,tel_Telu,extra_spaces,False
ntx3-001250-3,tel_Telu,punctuation,False
ntx3-001250-3,tel_Telu,zero_width,False
ntx3-001428-2,tel_Latn,nfkc,False
ntx3-001428-2,tel_Latn,extra_spaces,False
ntx3-001428-2,tel_Latn,punctuation,False
ntx3-001428-2,tel_Latn,zero_width,False
ntx3-000600-1,hin_Latn,nfkc,False
ntx3-000600-1,hin_Latn,extra_spaces,False
ntx3-000600-1,hin_Latn,punctuation,False
ntx3-000600-1,hin_Latn,zero_width,False
ntx3-002395-2,tel_Latn,nfkc,False
ntx3-002395-2,tel_Latn,extra_spaces,False
ntx3-002395-2,tel_Latn,punctuation,False
ntx3-002395-2,tel_Latn,zero_width,False
ntx3-001153-3,tel_Telu,nfkc,False
ntx3-001153-3,tel_Telu,extra_spaces,False
ntx3-001153-3,tel_Telu,punctuation,False
ntx3-001153-3,tel_Telu,zero_width,False
ntx3-002081-0,eng_Latn,nfkc,False
ntx3-002081-0,eng_Latn,extra_spaces,False
ntx3-002081-0,eng_Latn,punctuation,False
ntx3-002081-0,eng_Latn,zero_width,False
ntx3-000828-2,tel_Latn,nfkc,False
ntx3-000828-2,tel_Latn,extra_spaces,False
ntx3-000828-2,tel_Latn,punctuation,False
ntx3-000828-2,tel_Latn,zero_width,False
ntx3-002477-1,hin_Latn,nfkc,False
ntx3-002477-1,hin_Latn,extra_spaces,False
ntx3-002477-1,hin_Latn,punctuation,False
ntx3-002477-1,hin_Latn,zero_width,False
ntx3-001398-3,tel_Telu,nfkc,False
ntx3-001398-3,tel_Telu,extra_spaces,False
ntx3-001398-3,tel_Telu,punctuation,False
ntx3-001398-3,tel_Telu,zero_width,False
ntx3-001716-3,tel_Telu,nfkc,False
ntx3-001716-3,tel_Telu,extra_spaces,False
ntx3-001716-3,tel_Telu,punctuation,False
ntx3-001716-3,tel_Telu,zero_width,False
ntx3-002036-1,hin_Latn,nfkc,False
ntx3-002036-1,hin_Latn,extra_spaces,False
ntx3-002036-1,hin_Latn,punctuation,False
ntx3-002036-1,hin_Latn,zero_width,False
ntx3-001846-0,eng_Latn,nfkc,False
ntx3-001846-0,eng_Latn,extra_spaces,False
ntx3-001846-0,eng_Latn,punctuation,False
ntx3-001846-0,eng_Latn,zero_width,False
ntx3-001179-2,tel_Latn,nfkc,False
ntx3-001179-2,tel_Latn,extra_spaces,False
ntx3-001179-2,tel_Latn,punctuation,False
ntx3-001179-2,tel_Latn,zero_width,False
ntx3-001509-2,tel_Latn,nfkc,False
ntx3-001509-2,tel_Latn,extra_spaces,False
ntx3-001509-2,tel_Latn,punctuation,False
ntx3-001509-2,tel_Latn,zero_width,False
ntx3-001910-1,hin_Latn,nfkc,False
ntx3-001910-1,hin_Latn,extra_spaces,False
ntx3-001910-1,hin_Latn,punctuation,False
ntx3-001910-1,hin_Latn,zero_width,False
ntx3-002000-3,tel_Telu,nfkc,False
ntx3-002000-3,tel_Telu,extra_spaces,False
ntx3-002000-3,tel_Telu,punctuation,False
ntx3-002000-3,tel_Telu,zero_width,False
ntx3-001269-1,hin_Latn,nfkc,False
ntx3-001269-1,hin_Latn,extra_spaces,False
ntx3-001269-1,hin_Latn,punctuation,False
ntx3-001269-1,hin_Latn,zero_width,False
ntx3-001040-3,tel_Telu,nfkc,False
ntx3-001040-3,tel_Telu,extra_spaces,False
ntx3-001040-3,tel_Telu,punctuation,False
ntx3-001040-3,tel_Telu,zero_width,False
ntx3-000556-2,tel_Latn,nfkc,False
ntx3-000556-2,tel_Latn,extra_spaces,False
ntx3-000556-2,tel_Latn,punctuation,False
ntx3-000556-2,tel_Latn,zero_width,False
ntx3-001892-0,eng_Latn,nfkc,False
ntx3-001892-0,eng_Latn,extra_spaces,False
ntx3-001892-0,eng_Latn,punctuation,False
ntx3-001892-0,eng_Latn,zero_width,False
ntx3-000248-2,tel_Latn,nfkc,False
ntx3-000248-2,tel_Latn,extra_spaces,False
ntx3-000248-2,tel_Latn,punctuation,False
ntx3-000248-2,tel_Latn,zero_width,False
ntx3-000464-0,eng_Latn,nfkc,False
ntx3-000464-0,eng_Latn,extra_spaces,False
ntx3-000464-0,eng_Latn,punctuation,False
ntx3-000464-0,eng_Latn,zero_width,False
ntx3-000869-2,tel_Latn,nfkc,False
ntx3-000869-2,tel_Latn,extra_spaces,False
ntx3-000869-2,tel_Latn,punctuation,False
ntx3-000869-2,tel_Latn,zero_width,False
ntx3-000751-2,tel_Latn,nfkc,False
ntx3-000751-2,tel_Latn,extra_spaces,False
ntx3-000751-2,tel_Latn,punctuation,False
ntx3-000751-2,tel_Latn,zero_width,False
ntx3-002249-3,tel_Telu,nfkc,False
ntx3-002249-3,tel_Telu,extra_spaces,False
ntx3-002249-3,tel_Telu,punctuation,False
ntx3-002249-3,tel_Telu,zero_width,False
ntx3-000825-3,tel_Telu,nfkc,False
ntx3-000825-3,tel_Telu,extra_spaces,False
ntx3-000825-3,tel_Telu,punctuation,False
ntx3-000825-3,tel_Telu,zero_width,False
ntx3-001445-2,tel_Latn,nfkc,False
ntx3-001445-2,tel_Latn,extra_spaces,False
ntx3-001445-2,tel_Latn,punctuation,False
ntx3-001445-2,tel_Latn,zero_width,False
ntx3-000232-2,tel_Latn,nfkc,False
ntx3-000232-2,tel_Latn,extra_spaces,False
ntx3-000232-2,tel_Latn,punctuation,False
ntx3-000232-2,tel_Latn,zero_width,False
ntx3-000505-1,hin_Latn,nfkc,False
ntx3-000505-1,hin_Latn,extra_spaces,False
ntx3-000505-1,hin_Latn,punctuation,False
ntx3-000505-1,hin_Latn,zero_width,False
ntx3-002406-0,eng_Latn,nfkc,False
ntx3-002406-0,eng_Latn,extra_spaces,False
ntx3-002406-0,eng_Latn,punctuation,False
ntx3-002406-0,eng_Latn,zero_width,False
ntx3-000349-3,tel_Telu,nfkc,False
ntx3-000349-3,tel_Telu,extra_spaces,False
ntx3-000349-3,tel_Telu,punctuation,False
ntx3-000349-3,tel_Telu,zero_width,False
ntx3-000898-2,tel_Latn,nfkc,False
ntx3-000898-2,tel_Latn,extra_spaces,False
ntx3-000898-2,tel_Latn,punctuation,False
ntx3-000898-2,tel_Latn,zero_width,False
ntx3-001599-2,tel_Latn,nfkc,False
ntx3-001599-2,tel_Latn,extra_spaces,False
ntx3-001599-2,tel_Latn,punctuation,False
ntx3-001599-2,tel_Latn,zero_width,False
ntx3-001390-3,tel_Telu,nfkc,False
ntx3-001390-3,tel_Telu,extra_spaces,False
ntx3-001390-3,tel_Telu,punctuation,False
ntx3-001390-3,tel_Telu,zero_width,False
ntx3-000878-1,hin_Latn,nfkc,False
ntx3-000878-1,hin_Latn,extra_spaces,False
ntx3-000878-1,hin_Latn,punctuation,False
ntx3-000878-1,hin_Latn,zero_width,False
ntx3-002098-2,tel_Latn,nfkc,False
ntx3-002098-2,tel_Latn,extra_spaces,False
ntx3-002098-2,tel_Latn,punctuation,False
ntx3-002098-2,tel_Latn,zero_width,False
ntx3-001674-3,tel_Telu,nfkc,False
ntx3-001674-3,tel_Telu,extra_spaces,False
ntx3-001674-3,tel_Telu,punctuation,False
ntx3-001674-3,tel_Telu,zero_width,False
ntx3-001966-2,tel_Latn,nfkc,False
ntx3-001966-2,tel_Latn,extra_spaces,False
ntx3-001966-2,tel_Latn,punctuation,False
ntx3-001966-2,tel_Latn,zero_width,False
ntx3-001825-3,tel_Telu,nfkc,False
ntx3-001825-3,tel_Telu,extra_spaces,False
ntx3-001825-3,tel_Telu,punctuation,False
ntx3-001825-3,tel_Telu,zero_width,False
ntx3-001014-3,tel_Telu,nfkc,False
ntx3-001014-3,tel_Telu,extra_spaces,False
ntx3-001014-3,tel_Telu,punctuation,False
ntx3-001014-3,tel_Telu,zero_width,False
ntx3-002172-3,tel_Telu,nfkc,False
ntx3-002172-3,tel_Telu,extra_spaces,False
ntx3-002172-3,tel_Telu,punctuation,False
ntx3-002172-3,tel_Telu,zero_width,False
ntx3-001091-1,hin_Latn,nfkc,False
ntx3-001091-1,hin_Latn,extra_spaces,False
ntx3-001091-1,hin_Latn,punctuation,False
ntx3-001091-1,hin_Latn,zero_width,False
ntx3-002267-3,tel_Telu,nfkc,False
ntx3-002267-3,tel_Telu,extra_spaces,False
ntx3-002267-3,tel_Telu,punctuation,False
ntx3-002267-3,tel_Telu,zero_width,False
ntx3-002267-2,tel_Latn,nfkc,False
ntx3-002267-2,tel_Latn,extra_spaces,False
ntx3-002267-2,tel_Latn,punctuation,False
ntx3-002267-2,tel_Latn,zero_width,False
ntx3-001932-3,tel_Telu,nfkc,False
ntx3-001932-3,tel_Telu,extra_spaces,False
ntx3-001932-3,tel_Telu,punctuation,False
ntx3-001932-3,tel_Telu,zero_width,False
ntx3-001496-3,tel_Telu,nfkc,False
ntx3-001496-3,tel_Telu,extra_spaces,False
ntx3-001496-3,tel_Telu,punctuation,False
ntx3-001496-3,tel_Telu,zero_width,False
ntx3-001029-2,tel_Latn,nfkc,False
ntx3-001029-2,tel_Latn,extra_spaces,False
ntx3-001029-2,tel_Latn,punctuation,False
ntx3-001029-2,tel_Latn,zero_width,False
ntx3-000389-3,tel_Telu,nfkc,False
ntx3-000389-3,tel_Telu,extra_spaces,False
ntx3-000389-3,tel_Telu,punctuation,False
ntx3-000389-3,tel_Telu,zero_width,False
ntx3-001653-3,tel_Telu,nfkc,False
ntx3-001653-3,tel_Telu,extra_spaces,False
ntx3-001653-3,tel_Telu,punctuation,False
ntx3-001653-3,tel_Telu,zero_width,False
ntx3-001284-2,tel_Latn,nfkc,False
ntx3-001284-2,tel_Latn,extra_spaces,False
ntx3-001284-2,tel_Latn,punctuation,False
ntx3-001284-2,tel_Latn,zero_width,False
ntx3-001628-1,hin_Latn,nfkc,False
ntx3-001628-1,hin_Latn,extra_spaces,False
ntx3-001628-1,hin_Latn,punctuation,False
ntx3-001628-1,hin_Latn,zero_width,False
ntx3-001035-3,tel_Telu,nfkc,False
ntx3-001035-3,tel_Telu,extra_spaces,False
ntx3-001035-3,tel_Telu,punctuation,False
ntx3-001035-3,tel_Telu,zero_width,False
ntx3-002129-3,tel_Telu,nfkc,False
ntx3-002129-3,tel_Telu,extra_spaces,False
ntx3-002129-3,tel_Telu,punctuation,False
ntx3-002129-3,tel_Telu,zero_width,False
ntx3-000310-0,eng_Latn,nfkc,False
ntx3-000310-0,eng_Latn,extra_spaces,False
ntx3-000310-0,eng_Latn,punctuation,False
ntx3-000310-0,eng_Latn,zero_width,False
ntx3-000381-1,hin_Latn,nfkc,False
ntx3-000381-1,hin_Latn,extra_spaces,False
ntx3-000381-1,hin_Latn,punctuation,False
ntx3-000381-1,hin_Latn,zero_width,False
ntx3-001968-2,tel_Latn,nfkc,False
ntx3-001968-2,tel_Latn,extra_spaces,False
ntx3-001968-2,tel_Latn,punctuation,False
ntx3-001968-2,tel_Latn,zero_width,False
ntx3-001786-2,tel_Latn,nfkc,False
ntx3-001786-2,tel_Latn,extra_spaces,False
ntx3-001786-2,tel_Latn,punctuation,False
ntx3-001786-2,tel_Latn,zero_width,False
ntx3-002406-1,hin_Latn,nfkc,False
ntx3-002406-1,hin_Latn,extra_spaces,False
ntx3-002406-1,hin_Latn,punctuation,False
ntx3-002406-1,hin_Latn,zero_width,False
ntx3-002141-1,hin_Latn,nfkc,False
ntx3-002141-1,hin_Latn,extra_spaces,False
ntx3-002141-1,hin_Latn,punctuation,False
ntx3-002141-1,hin_Latn,zero_width,False
ntx3-000941-0,eng_Latn,nfkc,False
ntx3-000941-0,eng_Latn,extra_spaces,False
ntx3-000941-0,eng_Latn,punctuation,False
ntx3-000941-0,eng_Latn,zero_width,False
ntx3-000585-0,eng_Latn,nfkc,False
ntx3-000585-0,eng_Latn,extra_spaces,False
ntx3-000585-0,eng_Latn,punctuation,False
ntx3-000585-0,eng_Latn,zero_width,False
ntx3-000726-0,eng_Latn,nfkc,False
ntx3-000726-0,eng_Latn,extra_spaces,False
ntx3-000726-0,eng_Latn,punctuation,False
ntx3-000726-0,eng_Latn,zero_width,False
ntx3-002459-2,tel_Latn,nfkc,False
ntx3-002459-2,tel_Latn,extra_spaces,False
ntx3-002459-2,tel_Latn,punctuation,False
ntx3-002459-2,tel_Latn,zero_width,False
ntx3-001679-1,hin_Latn,nfkc,False
ntx3-001679-1,hin_Latn,extra_spaces,False
ntx3-001679-1,hin_Latn,punctuation,False
ntx3-001679-1,hin_Latn,zero_width,False
ntx3-001035-0,eng_Latn,nfkc,False
ntx3-001035-0,eng_Latn,extra_spaces,False
ntx3-001035-0,eng_Latn,punctuation,False
ntx3-001035-0,eng_Latn,zero_width,False
ntx3-001179-3,tel_Telu,nfkc,False
ntx3-001179-3,tel_Telu,extra_spaces,False
ntx3-001179-3,tel_Telu,punctuation,False
ntx3-001179-3,tel_Telu,zero_width,False
ntx3-001531-2,tel_Latn,nfkc,False
ntx3-001531-2,tel_Latn,extra_spaces,False
ntx3-001531-2,tel_Latn,punctuation,False
ntx3-001531-2,tel_Latn,zero_width,False
ntx3-000337-1,hin_Latn,nfkc,False
ntx3-000337-1,hin_Latn,extra_spaces,False
ntx3-000337-1,hin_Latn,punctuation,False
ntx3-000337-1,hin_Latn,zero_width,False
ntx3-000902-0,eng_Latn,nfkc,False
ntx3-000902-0,eng_Latn,extra_spaces,False
ntx3-000902-0,eng_Latn,punctuation,False
ntx3-000902-0,eng_Latn,zero_width,False
ntx3-000539-2,tel_Latn,nfkc,False
ntx3-000539-2,tel_Latn,extra_spaces,False
ntx3-000539-2,tel_Latn,punctuation,False
ntx3-000539-2,tel_Latn,zero_width,False
ntx3-000776-1,hin_Latn,nfkc,False
ntx3-000776-1,hin_Latn,extra_spaces,False
ntx3-000776-1,hin_Latn,punctuation,False
ntx3-000776-1,hin_Latn,zero_width,False
ntx3-002185-1,hin_Latn,nfkc,False
ntx3-002185-1,hin_Latn,extra_spaces,False
ntx3-002185-1,hin_Latn,punctuation,False
ntx3-002185-1,hin_Latn,zero_width,False
ntx3-000740-2,tel_Latn,nfkc,False
ntx3-000740-2,tel_Latn,extra_spaces,False
ntx3-000740-2,tel_Latn,punctuation,False
ntx3-000740-2,tel_Latn,zero_width,False
ntx3-002065-3,tel_Telu,nfkc,False
ntx3-002065-3,tel_Telu,extra_spaces,False
ntx3-002065-3,tel_Telu,punctuation,False
ntx3-002065-3,tel_Telu,zero_width,False
ntx3-001584-2,tel_Latn,nfkc,False
ntx3-001584-2,tel_Latn,extra_spaces,False
ntx3-001584-2,tel_Latn,punctuation,False
ntx3-001584-2,tel_Latn,zero_width,False
ntx3-001465-0,eng_Latn,nfkc,False
ntx3-001465-0,eng_Latn,extra_spaces,False
ntx3-001465-0,eng_Latn,punctuation,False
ntx3-001465-0,eng_Latn,zero_width,False
ntx3-000953-1,hin_Latn,nfkc,False
ntx3-000953-1,hin_Latn,extra_spaces,False
ntx3-000953-1,hin_Latn,punctuation,False
ntx3-000953-1,hin_Latn,zero_width,False
ntx3-001878-3,tel_Telu,nfkc,False
ntx3-001878-3,tel_Telu,extra_spaces,False
ntx3-001878-3,tel_Telu,punctuation,False
ntx3-001878-3,tel_Telu,zero_width,False
ntx3-001814-2,tel_Latn,nfkc,False
ntx3-001814-2,tel_Latn,extra_spaces,False
ntx3-001814-2,tel_Latn,punctuation,False
ntx3-001814-2,tel_Latn,zero_width,False
ntx3-001198-2,tel_Latn,nfkc,False
ntx3-001198-2,tel_Latn,extra_spaces,False
ntx3-001198-2,tel_Latn,punctuation,False
ntx3-001198-2,tel_Latn,zero_width,False
ntx3-001013-0,eng_Latn,nfkc,False
ntx3-001013-0,eng_Latn,extra_spaces,False
ntx3-001013-0,eng_Latn,punctuation,False
ntx3-001013-0,eng_Latn,zero_width,False
ntx3-002291-0,eng_Latn,nfkc,False
ntx3-002291-0,eng_Latn,extra_spaces,False
ntx3-002291-0,eng_Latn,punctuation,False
ntx3-002291-0,eng_Latn,zero_width,False
ntx3-001694-0,eng_Latn,nfkc,False
ntx3-001694-0,eng_Latn,extra_spaces,False
ntx3-001694-0,eng_Latn,punctuation,False
ntx3-001694-0,eng_Latn,zero_width,False
ntx3-000395-2,tel_Latn,nfkc,False
ntx3-000395-2,tel_Latn,extra_spaces,False
ntx3-000395-2,tel_Latn,punctuation,False
ntx3-000395-2,tel_Latn,zero_width,False
ntx3-001019-1,hin_Latn,nfkc,False
ntx3-001019-1,hin_Latn,extra_spaces,False
ntx3-001019-1,hin_Latn,punctuation,False
ntx3-001019-1,hin_Latn,zero_width,False
ntx3-001013-3,tel_Telu,nfkc,False
ntx3-001013-3,tel_Telu,extra_spaces,False
ntx3-001013-3,tel_Telu,punctuation,False
ntx3-001013-3,tel_Telu,zero_width,False
ntx3-002173-1,hin_Latn,nfkc,False
ntx3-002173-1,hin_Latn,extra_spaces,False
ntx3-002173-1,hin_Latn,punctuation,False
ntx3-002173-1,hin_Latn,zero_width,False
ntx3-002459-3,tel_Telu,nfkc,False
ntx3-002459-3,tel_Telu,extra_spaces,False
ntx3-002459-3,tel_Telu,punctuation,False
ntx3-002459-3,tel_Telu,zero_width,False
ntx3-001528-1,hin_Latn,nfkc,False
ntx3-001528-1,hin_Latn,extra_spaces,False
ntx3-001528-1,hin_Latn,punctuation,False
ntx3-001528-1,hin_Latn,zero_width,False
ntx3-001424-1,hin_Latn,nfkc,False
ntx3-001424-1,hin_Latn,extra_spaces,False
ntx3-001424-1,hin_Latn,punctuation,False
ntx3-001424-1,hin_Latn,zero_width,False
ntx3-000516-1,hin_Latn,nfkc,False
ntx3-000516-1,hin_Latn,extra_spaces,False
ntx3-000516-1,hin_Latn,punctuation,False
ntx3-000516-1,hin_Latn,zero_width,False
ntx3-001705-0,eng_Latn,nfkc,False
ntx3-001705-0,eng_Latn,extra_spaces,False
ntx3-001705-0,eng_Latn,punctuation,False
ntx3-001705-0,eng_Latn,zero_width,False
ntx3-000160-1,hin_Latn,nfkc,False
ntx3-000160-1,hin_Latn,extra_spaces,False
ntx3-000160-1,hin_Latn,punctuation,False
ntx3-000160-1,hin_Latn,zero_width,False
ntx3-000395-3,tel_Telu,nfkc,False
ntx3-000395-3,tel_Telu,extra_spaces,False
ntx3-000395-3,tel_Telu,punctuation,False
ntx3-000395-3,tel_Telu,zero_width,False
ntx3-001246-2,tel_Latn,nfkc,False
ntx3-001246-2,tel_Latn,extra_spaces,False
ntx3-001246-2,tel_Latn,punctuation,False
ntx3-001246-2,tel_Latn,zero_width,False
ntx3-000958-3,tel_Telu,nfkc,False
ntx3-000958-3,tel_Telu,extra_spaces,False
ntx3-000958-3,tel_Telu,punctuation,False
ntx3-000958-3,tel_Telu,zero_width,False
ntx3-000175-0,eng_Latn,nfkc,False
ntx3-000175-0,eng_Latn,extra_spaces,False
ntx3-000175-0,eng_Latn,punctuation,False
ntx3-000175-0,eng_Latn,zero_width,False
ntx3-000452-0,eng_Latn,nfkc,False
ntx3-000452-0,eng_Latn,extra_spaces,False
ntx3-000452-0,eng_Latn,punctuation,False
ntx3-000452-0,eng_Latn,zero_width,False
ntx3-000709-2,tel_Latn,nfkc,False
ntx3-000709-2,tel_Latn,extra_spaces,False
ntx3-000709-2,tel_Latn,punctuation,False
ntx3-000709-2,tel_Latn,zero_width,False
ntx3-002249-2,tel_Latn,nfkc,False
ntx3-002249-2,tel_Latn,extra_spaces,False
ntx3-002249-2,tel_Latn,punctuation,False
ntx3-002249-2,tel_Latn,zero_width,False
ntx3-002206-2,tel_Latn,nfkc,False
ntx3-002206-2,tel_Latn,extra_spaces,False
ntx3-002206-2,tel_Latn,punctuation,False
ntx3-002206-2,tel_Latn,zero_width,False
ntx3-000800-2,tel_Latn,nfkc,False
ntx3-000800-2,tel_Latn,extra_spaces,False
ntx3-000800-2,tel_Latn,punctuation,False
ntx3-000800-2,tel_Latn,zero_width,False
ntx3-000901-1,hin_Latn,nfkc,False
ntx3-000901-1,hin_Latn,extra_spaces,False
ntx3-000901-1,hin_Latn,punctuation,False
ntx3-000901-1,hin_Latn,zero_width,False
ntx3-000577-2,tel_Latn,nfkc,False
ntx3-000577-2,tel_Latn,extra_spaces,False
ntx3-000577-2,tel_Latn,punctuation,False
ntx3-000577-2,tel_Latn,zero_width,False
ntx3-001932-1,hin_Latn,nfkc,False
ntx3-001932-1,hin_Latn,extra_spaces,False
ntx3-001932-1,hin_Latn,punctuation,False
ntx3-001932-1,hin_Latn,zero_width,False
ntx3-001878-0,eng_Latn,nfkc,False
ntx3-001878-0,eng_Latn,extra_spaces,False
ntx3-001878-0,eng_Latn,punctuation,False
ntx3-001878-0,eng_Latn,zero_width,False
ntx3-000616-3,tel_Telu,nfkc,False
ntx3-000616-3,tel_Telu,extra_spaces,False
ntx3-000616-3,tel_Telu,punctuation,False
ntx3-000616-3,tel_Telu,zero_width,False
ntx3-000809-0,eng_Latn,nfkc,False
ntx3-000809-0,eng_Latn,extra_spaces,False
ntx3-000809-0,eng_Latn,punctuation,False
ntx3-000809-0,eng_Latn,zero_width,False
ntx3-001716-0,eng_Latn,nfkc,False
ntx3-001716-0,eng_Latn,extra_spaces,False
ntx3-001716-0,eng_Latn,punctuation,False
ntx3-001716-0,eng_Latn,zero_width,False
ntx3-001445-1,hin_Latn,nfkc,False
ntx3-001445-1,hin_Latn,extra_spaces,False
ntx3-001445-1,hin_Latn,punctuation,False
ntx3-001445-1,hin_Latn,zero_width,False
ntx3-002327-2,tel_Latn,nfkc,False
ntx3-002327-2,tel_Latn,extra_spaces,False
ntx3-002327-2,tel_Latn,punctuation,False
ntx3-002327-2,tel_Latn,zero_width,False
ntx3-002055-1,hin_Latn,nfkc,False
ntx3-002055-1,hin_Latn,extra_spaces,False
ntx3-002055-1,hin_Latn,punctuation,False
ntx3-002055-1,hin_Latn,zero_width,False
ntx3-001566-1,hin_Latn,nfkc,False
ntx3-001566-1,hin_Latn,extra_spaces,False
ntx3-001566-1,hin_Latn,punctuation,False
ntx3-001566-1,hin_Latn,zero_width,False
ntx3-001628-2,tel_Latn,nfkc,False
ntx3-001628-2,tel_Latn,extra_spaces,False
ntx3-001628-2,tel_Latn,punctuation,False
ntx3-001628-2,tel_Latn,zero_width,False
ntx3-001213-2,tel_Latn,nfkc,False
ntx3-001213-2,tel_Latn,extra_spaces,False
ntx3-001213-2,tel_Latn,punctuation,False
ntx3-001213-2,tel_Latn,zero_width,False
ntx3-000800-1,hin_Latn,nfkc,False
ntx3-000800-1,hin_Latn,extra_spaces,False
ntx3-000800-1,hin_Latn,punctuation,False
ntx3-000800-1,hin_Latn,zero_width,False
ntx3-001932-0,eng_Latn,nfkc,False
ntx3-001932-0,eng_Latn,extra_spaces,False
ntx3-001932-0,eng_Latn,punctuation,False
ntx3-001932-0,eng_Latn,zero_width,False
ntx3-001729-1,hin_Latn,nfkc,False
ntx3-001729-1,hin_Latn,extra_spaces,False
ntx3-001729-1,hin_Latn,punctuation,False
ntx3-001729-1,hin_Latn,zero_width,False
ntx3-000589-1,hin_Latn,nfkc,False
ntx3-000589-1,hin_Latn,extra_spaces,False
ntx3-000589-1,hin_Latn,punctuation,False
ntx3-000589-1,hin_Latn,zero_width,False
ntx3-000232-3,tel_Telu,nfkc,False
ntx3-000232-3,tel_Telu,extra_spaces,False
ntx3-000232-3,tel_Telu,punctuation,False
ntx3-000232-3,tel_Telu,zero_width,False
ntx3-002318-2,tel_Latn,nfkc,False
ntx3-002318-2,tel_Latn,extra_spaces,False
ntx3-002318-2,tel_Latn,punctuation,False
ntx3-002318-2,tel_Latn,zero_width,False
ntx3-002237-0,eng_Latn,nfkc,False
ntx3-002237-0,eng_Latn,extra_spaces,False
ntx3-002237-0,eng_Latn,punctuation,False
ntx3-002237-0,eng_Latn,zero_width,False
ntx3-001933-2,tel_Latn,nfkc,False
ntx3-001933-2,tel_Latn,extra_spaces,False
ntx3-001933-2,tel_Latn,punctuation,False
ntx3-001933-2,tel_Latn,zero_width,False
ntx3-001415-0,eng_Latn,nfkc,False
ntx3-001415-0,eng_Latn,extra_spaces,False
ntx3-001415-0,eng_Latn,punctuation,False
ntx3-001415-0,eng_Latn,zero_width,False
ntx3-002267-1,hin_Latn,nfkc,False
ntx3-002267-1,hin_Latn,extra_spaces,False
ntx3-002267-1,hin_Latn,punctuation,False
ntx3-002267-1,hin_Latn,zero_width,False
ntx3-002291-3,tel_Telu,nfkc,False
ntx3-002291-3,tel_Telu,extra_spaces,False
ntx3-002291-3,tel_Telu,punctuation,False
ntx3-002291-3,tel_Telu,zero_width,False
ntx3-002296-1,hin_Latn,nfkc,False
ntx3-002296-1,hin_Latn,extra_spaces,False
ntx3-002296-1,hin_Latn,punctuation,False
ntx3-002296-1,hin_Latn,zero_width,False
ntx3-000890-1,hin_Latn,nfkc,False
ntx3-000890-1,hin_Latn,extra_spaces,False
ntx3-000890-1,hin_Latn,punctuation,False
ntx3-000890-1,hin_Latn,zero_width,False
ntx3-002329-3,tel_Telu,nfkc,False
ntx3-002329-3,tel_Telu,extra_spaces,False
ntx3-002329-3,tel_Telu,punctuation,False
ntx3-002329-3,tel_Telu,zero_width,False
ntx3-000246-2,tel_Latn,nfkc,False
ntx3-000246-2,tel_Latn,extra_spaces,False
ntx3-000246-2,tel_Latn,punctuation,False
ntx3-000246-2,tel_Latn,zero_width,False
ntx3-000300-3,tel_Telu,nfkc,False
ntx3-000300-3,tel_Telu,extra_spaces,False
ntx3-000300-3,tel_Telu,punctuation,False
ntx3-000300-3,tel_Telu,zero_width,False
ntx3-001087-2,tel_Latn,nfkc,False
ntx3-001087-2,tel_Latn,extra_spaces,False
ntx3-001087-2,tel_Latn,punctuation,False
ntx3-001087-2,tel_Latn,zero_width,False
ntx3-000469-3,tel_Telu,nfkc,False
ntx3-000469-3,tel_Telu,extra_spaces,False
ntx3-000469-3,tel_Telu,punctuation,False
ntx3-000469-3,tel_Telu,zero_width,False
ntx3-002172-2,tel_Latn,nfkc,False
ntx3-002172-2,tel_Latn,extra_spaces,False
ntx3-002172-2,tel_Latn,punctuation,False
ntx3-002172-2,tel_Latn,zero_width,False
ntx3-000238-3,tel_Telu,nfkc,False
ntx3-000238-3,tel_Telu,extra_spaces,False
ntx3-000238-3,tel_Telu,punctuation,False
ntx3-000238-3,tel_Telu,zero_width,False
ntx3-001154-3,tel_Telu,nfkc,False
ntx3-001154-3,tel_Telu,extra_spaces,False
ntx3-001154-3,tel_Telu,punctuation,False
ntx3-001154-3,tel_Telu,zero_width,False
ntx3-000495-0,eng_Latn,nfkc,False
ntx3-000495-0,eng_Latn,extra_spaces,False
ntx3-000495-0,eng_Latn,punctuation,False
ntx3-000495-0,eng_Latn,zero_width,False
ntx3-000438-3,tel_Telu,nfkc,False
ntx3-000438-3,tel_Telu,extra_spaces,False
ntx3-000438-3,tel_Telu,punctuation,False
ntx3-000438-3,tel_Telu,zero_width,False
ntx3-002054-2,tel_Latn,nfkc,False
ntx3-002054-2,tel_Latn,extra_spaces,False
ntx3-002054-2,tel_Latn,punctuation,False
ntx3-002054-2,tel_Latn,zero_width,False
ntx3-000888-1,hin_Latn,nfkc,False
ntx3-000888-1,hin_Latn,extra_spaces,False
ntx3-000888-1,hin_Latn,punctuation,False
ntx3-000888-1,hin_Latn,zero_width,False
ntx3-000869-3,tel_Telu,nfkc,False
ntx3-000869-3,tel_Telu,extra_spaces,False
ntx3-000869-3,tel_Telu,punctuation,False
ntx3-000869-3,tel_Telu,zero_width,False
ntx3-000556-3,tel_Telu,nfkc,False
ntx3-000556-3,tel_Telu,extra_spaces,False
ntx3-000556-3,tel_Telu,punctuation,False
ntx3-000556-3,tel_Telu,zero_width,False
ntx3-002304-2,tel_Latn,nfkc,False
ntx3-002304-2,tel_Latn,extra_spaces,False
ntx3-002304-2,tel_Latn,punctuation,False
ntx3-002304-2,tel_Latn,zero_width,False
ntx3-001529-0,eng_Latn,nfkc,False
ntx3-001529-0,eng_Latn,extra_spaces,False
ntx3-001529-0,eng_Latn,punctuation,False
ntx3-001529-0,eng_Latn,zero_width,False
ntx3-001652-0,eng_Latn,nfkc,False
ntx3-001652-0,eng_Latn,extra_spaces,False
ntx3-001652-0,eng_Latn,punctuation,False
ntx3-001652-0,eng_Latn,zero_width,False
ntx3-001625-3,tel_Telu,nfkc,False
ntx3-001625-3,tel_Telu,extra_spaces,False
ntx3-001625-3,tel_Telu,punctuation,False
ntx3-001625-3,tel_Telu,zero_width,False
ntx3-000152-2,tel_Latn,nfkc,False
ntx3-000152-2,tel_Latn,extra_spaces,False
ntx3-000152-2,tel_Latn,punctuation,False
ntx3-000152-2,tel_Latn,zero_width,False
ntx3-002229-0,eng_Latn,nfkc,False
ntx3-002229-0,eng_Latn,extra_spaces,False
ntx3-002229-0,eng_Latn,punctuation,False
ntx3-002229-0,eng_Latn,zero_width,False
ntx3-001519-0,eng_Latn,nfkc,False
ntx3-001519-0,eng_Latn,extra_spaces,False
ntx3-001519-0,eng_Latn,punctuation,False
ntx3-001519-0,eng_Latn,zero_width,False
ntx3-001970-1,hin_Latn,nfkc,False
ntx3-001970-1,hin_Latn,extra_spaces,False
ntx3-001970-1,hin_Latn,punctuation,False
ntx3-001970-1,hin_Latn,zero_width,False
ntx3-000527-2,tel_Latn,nfkc,False
ntx3-000527-2,tel_Latn,extra_spaces,False
ntx3-000527-2,tel_Latn,punctuation,False
ntx3-000527-2,tel_Latn,zero_width,False
ntx3-001277-2,tel_Latn,nfkc,False
ntx3-001277-2,tel_Latn,extra_spaces,False
ntx3-001277-2,tel_Latn,punctuation,False
ntx3-001277-2,tel_Latn,zero_width,False
ntx3-002135-3,tel_Telu,nfkc,False
ntx3-002135-3,tel_Telu,extra_spaces,False
ntx3-002135-3,tel_Telu,punctuation,False
ntx3-002135-3,tel_Telu,zero_width,False
ntx3-002230-3,tel_Telu,nfkc,False
ntx3-002230-3,tel_Telu,extra_spaces,False
ntx3-002230-3,tel_Telu,punctuation,False
ntx3-002230-3,tel_Telu,zero_width,False
ntx3-001059-0,eng_Latn,nfkc,False
ntx3-001059-0,eng_Latn,extra_spaces,False
ntx3-001059-0,eng_Latn,punctuation,False
ntx3-001059-0,eng_Latn,zero_width,False
ntx3-000464-3,tel_Telu,nfkc,False
ntx3-000464-3,tel_Telu,extra_spaces,False
ntx3-000464-3,tel_Telu,punctuation,False
ntx3-000464-3,tel_Telu,zero_width,False
ntx3-000776-3,tel_Telu,nfkc,False
ntx3-000776-3,tel_Telu,extra_spaces,False
ntx3-000776-3,tel_Telu,punctuation,False
ntx3-000776-3,tel_Telu,zero_width,False
ntx3-001112-0,eng_Latn,nfkc,False
ntx3-001112-0,eng_Latn,extra_spaces,False
ntx3-001112-0,eng_Latn,punctuation,False
ntx3-001112-0,eng_Latn,zero_width,False
ntx3-002011-2,tel_Latn,nfkc,False
ntx3-002011-2,tel_Latn,extra_spaces,False
ntx3-002011-2,tel_Latn,punctuation,False
ntx3-002011-2,tel_Latn,zero_width,False
ntx3-000792-3,tel_Telu,nfkc,False
ntx3-000792-3,tel_Telu,extra_spaces,False
ntx3-000792-3,tel_Telu,punctuation,False
ntx3-000792-3,tel_Telu,zero_width,False
ntx3-000705-3,tel_Telu,nfkc,False
ntx3-000705-3,tel_Telu,extra_spaces,False
ntx3-000705-3,tel_Telu,punctuation,False
ntx3-000705-3,tel_Telu,zero_width,False
ntx3-000520-1,hin_Latn,nfkc,False
ntx3-000520-1,hin_Latn,extra_spaces,False
ntx3-000520-1,hin_Latn,punctuation,False
ntx3-000520-1,hin_Latn,zero_width,False
ntx3-001860-2,tel_Latn,nfkc,False
ntx3-001860-2,tel_Latn,extra_spaces,False
ntx3-001860-2,tel_Latn,punctuation,False
ntx3-001860-2,tel_Latn,zero_width,False
ntx3-000741-0,eng_Latn,nfkc,False
ntx3-000741-0,eng_Latn,extra_spaces,False
ntx3-000741-0,eng_Latn,punctuation,False
ntx3-000741-0,eng_Latn,zero_width,False
ntx3-001450-0,eng_Latn,nfkc,False
ntx3-001450-0,eng_Latn,extra_spaces,False
ntx3-001450-0,eng_Latn,punctuation,False
ntx3-001450-0,eng_Latn,zero_width,False
ntx3-001201-1,hin_Latn,nfkc,False
ntx3-001201-1,hin_Latn,extra_spaces,False
ntx3-001201-1,hin_Latn,punctuation,False
ntx3-001201-1,hin_Latn,zero_width,False
ntx3-000520-2,tel_Latn,nfkc,False
ntx3-000520-2,tel_Latn,extra_spaces,False
ntx3-000520-2,tel_Latn,punctuation,False
ntx3-000520-2,tel_Latn,zero_width,False
ntx3-000996-0,eng_Latn,nfkc,False
ntx3-000996-0,eng_Latn,extra_spaces,False
ntx3-000996-0,eng_Latn,punctuation,False
ntx3-000996-0,eng_Latn,zero_width,False
ntx3-002078-1,hin_Latn,nfkc,False
ntx3-002078-1,hin_Latn,extra_spaces,False
ntx3-002078-1,hin_Latn,punctuation,False
ntx3-002078-1,hin_Latn,zero_width,False
ntx3-000555-0,eng_Latn,nfkc,False
ntx3-000555-0,eng_Latn,extra_spaces,False
ntx3-000555-0,eng_Latn,punctuation,False
ntx3-000555-0,eng_Latn,zero_width,False
ntx3-002108-3,tel_Telu,nfkc,False
ntx3-002108-3,tel_Telu,extra_spaces,False
ntx3-002108-3,tel_Telu,punctuation,False
ntx3-002108-3,tel_Telu,zero_width,False
ntx3-001048-3,tel_Telu,nfkc,False
ntx3-001048-3,tel_Telu,extra_spaces,False
ntx3-001048-3,tel_Telu,punctuation,False
ntx3-001048-3,tel_Telu,zero_width,False
ntx3-002117-1,hin_Latn,nfkc,False
ntx3-002117-1,hin_Latn,extra_spaces,False
ntx3-002117-1,hin_Latn,punctuation,False
ntx3-002117-1,hin_Latn,zero_width,False
ntx3-001171-3,tel_Telu,nfkc,False
ntx3-001171-3,tel_Telu,extra_spaces,False
ntx3-001171-3,tel_Telu,punctuation,False
ntx3-001171-3,tel_Telu,zero_width,False
ntx3-001123-2,tel_Latn,nfkc,False
ntx3-001123-2,tel_Latn,extra_spaces,False
ntx3-001123-2,tel_Latn,punctuation,False
ntx3-001123-2,tel_Latn,zero_width,False
ntx3-000399-2,tel_Latn,nfkc,False
ntx3-000399-2,tel_Latn,extra_spaces,False
ntx3-000399-2,tel_Latn,punctuation,False
ntx3-000399-2,tel_Latn,zero_width,False
ntx3-001197-0,eng_Latn,nfkc,False
ntx3-001197-0,eng_Latn,extra_spaces,False
ntx3-001197-0,eng_Latn,punctuation,False
ntx3-001197-0,eng_Latn,zero_width,False
ntx3-001721-3,tel_Telu,nfkc,False
ntx3-001721-3,tel_Telu,extra_spaces,False
ntx3-001721-3,tel_Telu,punctuation,False
ntx3-001721-3,tel_Telu,zero_width,False
ntx3-001897-3,tel_Telu,nfkc,False
ntx3-001897-3,tel_Telu,extra_spaces,False
ntx3-001897-3,tel_Telu,punctuation,False
ntx3-001897-3,tel_Telu,zero_width,False
ntx3-001284-3,tel_Telu,nfkc,False
ntx3-001284-3,tel_Telu,extra_spaces,False
ntx3-001284-3,tel_Telu,punctuation,False
ntx3-001284-3,tel_Telu,zero_width,False
ntx3-000261-2,tel_Latn,nfkc,False
ntx3-000261-2,tel_Latn,extra_spaces,False
ntx3-000261-2,tel_Latn,punctuation,False
ntx3-000261-2,tel_Latn,zero_width,False
ntx3-002492-1,hin_Latn,nfkc,False
ntx3-002492-1,hin_Latn,extra_spaces,False
ntx3-002492-1,hin_Latn,punctuation,False
ntx3-002492-1,hin_Latn,zero_width,False
ntx3-002470-1,hin_Latn,nfkc,False
ntx3-002470-1,hin_Latn,extra_spaces,False
ntx3-002470-1,hin_Latn,punctuation,False
ntx3-002470-1,hin_Latn,zero_width,False
ntx3-001141-3,tel_Telu,nfkc,False
ntx3-001141-3,tel_Telu,extra_spaces,False
ntx3-001141-3,tel_Telu,punctuation,False
ntx3-001141-3,tel_Telu,zero_width,False
ntx3-002412-1,hin_Latn,nfkc,False
ntx3-002412-1,hin_Latn,extra_spaces,False
ntx3-002412-1,hin_Latn,punctuation,False
ntx3-002412-1,hin_Latn,zero_width,False
ntx3-001975-2,tel_Latn,nfkc,False
ntx3-001975-2,tel_Latn,extra_spaces,False
ntx3-001975-2,tel_Latn,punctuation,False
ntx3-001975-2,tel_Latn,zero_width,False
ntx3-001859-0,eng_Latn,nfkc,False
ntx3-001859-0,eng_Latn,extra_spaces,False
ntx3-001859-0,eng_Latn,punctuation,False
ntx3-001859-0,eng_Latn,zero_width,False
ntx3-001578-1,hin_Latn,nfkc,False
ntx3-001578-1,hin_Latn,extra_spaces,False
ntx3-001578-1,hin_Latn,punctuation,False
ntx3-001578-1,hin_Latn,zero_width,False
ntx3-002026-2,tel_Latn,nfkc,False
ntx3-002026-2,tel_Latn,extra_spaces,False
ntx3-002026-2,tel_Latn,punctuation,False
ntx3-002026-2,tel_Latn,zero_width,False
ntx3-001567-2,tel_Latn,nfkc,False
ntx3-001567-2,tel_Latn,extra_spaces,False
ntx3-001567-2,tel_Latn,punctuation,False
ntx3-001567-2,tel_Latn,zero_width,False
ntx3-002129-1,hin_Latn,nfkc,False
ntx3-002129-1,hin_Latn,extra_spaces,False
ntx3-002129-1,hin_Latn,punctuation,False
ntx3-002129-1,hin_Latn,zero_width,False
ntx3-001795-1,hin_Latn,nfkc,False
ntx3-001795-1,hin_Latn,extra_spaces,False
ntx3-001795-1,hin_Latn,punctuation,False
ntx3-001795-1,hin_Latn,zero_width,False
ntx3-000349-2,tel_Latn,nfkc,False
ntx3-000349-2,tel_Latn,extra_spaces,False
ntx3-000349-2,tel_Latn,punctuation,False
ntx3-000349-2,tel_Latn,zero_width,False
ntx3-001225-0,eng_Latn,nfkc,False
ntx3-001225-0,eng_Latn,extra_spaces,False
ntx3-001225-0,eng_Latn,punctuation,False
ntx3-001225-0,eng_Latn,zero_width,False
ntx3-002235-1,hin_Latn,nfkc,False
ntx3-002235-1,hin_Latn,extra_spaces,False
ntx3-002235-1,hin_Latn,punctuation,False
ntx3-002235-1,hin_Latn,zero_width,False
ntx3-000164-3,tel_Telu,nfkc,False
ntx3-000164-3,tel_Telu,extra_spaces,False
ntx3-000164-3,tel_Telu,punctuation,False
ntx3-000164-3,tel_Telu,zero_width,False
ntx3-002210-3,tel_Telu,nfkc,False
ntx3-002210-3,tel_Telu,extra_spaces,False
ntx3-002210-3,tel_Telu,punctuation,False
ntx3-002210-3,tel_Telu,zero_width,False
ntx3-002224-2,tel_Latn,nfkc,False
ntx3-002224-2,tel_Latn,extra_spaces,False
ntx3-002224-2,tel_Latn,punctuation,False
ntx3-002224-2,tel_Latn,zero_width,False
ntx3-001211-2,tel_Latn,nfkc,False
ntx3-001211-2,tel_Latn,extra_spaces,False
ntx3-001211-2,tel_Latn,punctuation,False
ntx3-001211-2,tel_Latn,zero_width,False
ntx3-000561-2,tel_Latn,nfkc,False
ntx3-000561-2,tel_Latn,extra_spaces,False
ntx3-000561-2,tel_Latn,punctuation,False
ntx3-000561-2,tel_Latn,zero_width,False
ntx3-002011-1,hin_Latn,nfkc,False
ntx3-002011-1,hin_Latn,extra_spaces,False
ntx3-002011-1,hin_Latn,punctuation,False
ntx3-002011-1,hin_Latn,zero_width,False
ntx3-000457-0,eng_Latn,nfkc,False
ntx3-000457-0,eng_Latn,extra_spaces,False
ntx3-000457-0,eng_Latn,punctuation,False
ntx3-000457-0,eng_Latn,zero_width,False
ntx3-001524-1,hin_Latn,nfkc,False
ntx3-001524-1,hin_Latn,extra_spaces,False
ntx3-001524-1,hin_Latn,punctuation,False
ntx3-001524-1,hin_Latn,zero_width,False
ntx3-000913-1,hin_Latn,nfkc,False
ntx3-000913-1,hin_Latn,extra_spaces,False
ntx3-000913-1,hin_Latn,punctuation,False
ntx3-000913-1,hin_Latn,zero_width,False
ntx3-000697-0,eng_Latn,nfkc,False
ntx3-000697-0,eng_Latn,extra_spaces,False
ntx3-000697-0,eng_Latn,punctuation,False
ntx3-000697-0,eng_Latn,zero_width,False
ntx3-001912-3,tel_Telu,nfkc,False
ntx3-001912-3,tel_Telu,extra_spaces,False
ntx3-001912-3,tel_Telu,punctuation,False
ntx3-001912-3,tel_Telu,zero_width,False
ntx3-001695-0,eng_Latn,nfkc,False
ntx3-001695-0,eng_Latn,extra_spaces,False
ntx3-001695-0,eng_Latn,punctuation,False
ntx3-001695-0,eng_Latn,zero_width,False
ntx3-002124-1,hin_Latn,nfkc,False
ntx3-002124-1,hin_Latn,extra_spaces,False
ntx3-002124-1,hin_Latn,punctuation,False
ntx3-002124-1,hin_Latn,zero_width,False
ntx3-001857-3,tel_Telu,nfkc,False
ntx3-001857-3,tel_Telu,extra_spaces,False
ntx3-001857-3,tel_Telu,punctuation,False
ntx3-001857-3,tel_Telu,zero_width,False
ntx3-001663-3,tel_Telu,nfkc,False
ntx3-001663-3,tel_Telu,extra_spaces,False
ntx3-001663-3,tel_Telu,punctuation,False
ntx3-001663-3,tel_Telu,zero_width,False
ntx3-002040-1,hin_Latn,nfkc,False
ntx3-002040-1,hin_Latn,extra_spaces,False
ntx3-002040-1,hin_Latn,punctuation,False
ntx3-002040-1,hin_Latn,zero_width,False
ntx3-002129-0,eng_Latn,nfkc,False
ntx3-002129-0,eng_Latn,extra_spaces,False
ntx3-002129-0,eng_Latn,punctuation,False
ntx3-002129-0,eng_Latn,zero_width,False
ntx3-001844-1,hin_Latn,nfkc,False
ntx3-001844-1,hin_Latn,extra_spaces,False
ntx3-001844-1,hin_Latn,punctuation,False
ntx3-001844-1,hin_Latn,zero_width,False
ntx3-001732-2,tel_Latn,nfkc,False
ntx3-001732-2,tel_Latn,extra_spaces,False
ntx3-001732-2,tel_Latn,punctuation,False
ntx3-001732-2,tel_Latn,zero_width,False
ntx3-001577-1,hin_Latn,nfkc,False
ntx3-001577-1,hin_Latn,extra_spaces,False
ntx3-001577-1,hin_Latn,punctuation,False
ntx3-001577-1,hin_Latn,zero_width,False
ntx3-001985-2,tel_Latn,nfkc,False
ntx3-001985-2,tel_Latn,extra_spaces,False
ntx3-001985-2,tel_Latn,punctuation,False
ntx3-001985-2,tel_Latn,zero_width,False
ntx3-001391-1,hin_Latn,nfkc,False
ntx3-001391-1,hin_Latn,extra_spaces,False
ntx3-001391-1,hin_Latn,punctuation,False
ntx3-001391-1,hin_Latn,zero_width,False
ntx3-000659-2,tel_Latn,nfkc,False
ntx3-000659-2,tel_Latn,extra_spaces,False
ntx3-000659-2,tel_Latn,punctuation,False
ntx3-000659-2,tel_Latn,zero_width,False
ntx3-001821-1,hin_Latn,nfkc,False
ntx3-001821-1,hin_Latn,extra_spaces,False
ntx3-001821-1,hin_Latn,punctuation,False
ntx3-001821-1,hin_Latn,zero_width,False
ntx3-001818-2,tel_Latn,nfkc,False
ntx3-001818-2,tel_Latn,extra_spaces,False
ntx3-001818-2,tel_Latn,punctuation,False
ntx3-001818-2,tel_Latn,zero_width,False
ntx3-001679-3,tel_Telu,nfkc,False
ntx3-001679-3,tel_Telu,extra_spaces,False
ntx3-001679-3,tel_Telu,punctuation,False
ntx3-001679-3,tel_Telu,zero_width,False
ntx3-000495-3,tel_Telu,nfkc,False
ntx3-000495-3,tel_Telu,extra_spaces,False
ntx3-000495-3,tel_Telu,punctuation,False
ntx3-000495-3,tel_Telu,zero_width,False
ntx3-000628-0,eng_Latn,nfkc,False
ntx3-000628-0,eng_Latn,extra_spaces,False
ntx3-000628-0,eng_Latn,punctuation,False
ntx3-000628-0,eng_Latn,zero_width,False
ntx3-000387-0,eng_Latn,nfkc,False
ntx3-000387-0,eng_Latn,extra_spaces,False
ntx3-000387-0,eng_Latn,punctuation,False
ntx3-000387-0,eng_Latn,zero_width,False
ntx3-000513-2,tel_Latn,nfkc,False
ntx3-000513-2,tel_Latn,extra_spaces,False
ntx3-000513-2,tel_Latn,punctuation,False
ntx3-000513-2,tel_Latn,zero_width,False
ntx3-002050-1,hin_Latn,nfkc,False
ntx3-002050-1,hin_Latn,extra_spaces,False
ntx3-002050-1,hin_Latn,punctuation,False
ntx3-002050-1,hin_Latn,zero_width,False
ntx3-002221-1,hin_Latn,nfkc,False
ntx3-002221-1,hin_Latn,extra_spaces,False
ntx3-002221-1,hin_Latn,punctuation,False
ntx3-002221-1,hin_Latn,zero_width,False
ntx3-000387-2,tel_Latn,nfkc,False
ntx3-000387-2,tel_Latn,extra_spaces,False
ntx3-000387-2,tel_Latn,punctuation,False
ntx3-000387-2,tel_Latn,zero_width,False
ntx3-001756-2,tel_Latn,nfkc,False
ntx3-001756-2,tel_Latn,extra_spaces,False
ntx3-001756-2,tel_Latn,punctuation,False
ntx3-001756-2,tel_Latn,zero_width,False
ntx3-000438-2,tel_Latn,nfkc,False
ntx3-000438-2,tel_Latn,extra_spaces,False
ntx3-000438-2,tel_Latn,punctuation,False
ntx3-000438-2,tel_Latn,zero_width,False
ntx3-001055-0,eng_Latn,nfkc,False
ntx3-001055-0,eng_Latn,extra_spaces,False
ntx3-001055-0,eng_Latn,punctuation,False
ntx3-001055-0,eng_Latn,zero_width,False
ntx3-002147-0,eng_Latn,nfkc,False
ntx3-002147-0,eng_Latn,extra_spaces,False
ntx3-002147-0,eng_Latn,punctuation,False
ntx3-002147-0,eng_Latn,zero_width,False
ntx3-001787-3,tel_Telu,nfkc,False
ntx3-001787-3,tel_Telu,extra_spaces,False
ntx3-001787-3,tel_Telu,punctuation,False
ntx3-001787-3,tel_Telu,zero_width,False
ntx3-001903-2,tel_Latn,nfkc,False
ntx3-001903-2,tel_Latn,extra_spaces,False
ntx3-001903-2,tel_Latn,punctuation,False
ntx3-001903-2,tel_Latn,zero_width,False
ntx3-001874-0,eng_Latn,nfkc,False
ntx3-001874-0,eng_Latn,extra_spaces,False
ntx3-001874-0,eng_Latn,punctuation,False
ntx3-001874-0,eng_Latn,zero_width,False
ntx3-001985-1,hin_Latn,nfkc,False
ntx3-001985-1,hin_Latn,extra_spaces,False
ntx3-001985-1,hin_Latn,punctuation,False
ntx3-001985-1,hin_Latn,zero_width,False
ntx3-002000-0,eng_Latn,nfkc,False
ntx3-002000-0,eng_Latn,extra_spaces,False
ntx3-002000-0,eng_Latn,punctuation,False
ntx3-002000-0,eng_Latn,zero_width,False
ntx3-001399-3,tel_Telu,nfkc,False
ntx3-001399-3,tel_Telu,extra_spaces,False
ntx3-001399-3,tel_Telu,punctuation,False
ntx3-001399-3,tel_Telu,zero_width,False
ntx3-001506-0,eng_Latn,nfkc,False
ntx3-001506-0,eng_Latn,extra_spaces,False
ntx3-001506-0,eng_Latn,punctuation,False
ntx3-001506-0,eng_Latn,zero_width,False
ntx3-002037-0,eng_Latn,nfkc,False
ntx3-002037-0,eng_Latn,extra_spaces,False
ntx3-002037-0,eng_Latn,punctuation,False
ntx3-002037-0,eng_Latn,zero_width,False
ntx3-002495-1,hin_Latn,nfkc,False
ntx3-002495-1,hin_Latn,extra_spaces,False
ntx3-002495-1,hin_Latn,punctuation,False
ntx3-002495-1,hin_Latn,zero_width,False
ntx3-001766-2,tel_Latn,nfkc,False
ntx3-001766-2,tel_Latn,extra_spaces,False
ntx3-001766-2,tel_Latn,punctuation,False
ntx3-001766-2,tel_Latn,zero_width,False
ntx3-001709-0,eng_Latn,nfkc,False
ntx3-001709-0,eng_Latn,extra_spaces,False
ntx3-001709-0,eng_Latn,punctuation,False
ntx3-001709-0,eng_Latn,zero_width,False
ntx3-001191-3,tel_Telu,nfkc,False
ntx3-001191-3,tel_Telu,extra_spaces,False
ntx3-001191-3,tel_Telu,punctuation,False
ntx3-001191-3,tel_Telu,zero_width,False
ntx3-002229-2,tel_Latn,nfkc,False
ntx3-002229-2,tel_Latn,extra_spaces,False
ntx3-002229-2,tel_Latn,punctuation,False
ntx3-002229-2,tel_Latn,zero_width,False
ntx3-002100-3,tel_Telu,nfkc,False
ntx3-002100-3,tel_Telu,extra_spaces,False
ntx3-002100-3,tel_Telu,punctuation,False
ntx3-002100-3,tel_Telu,zero_width,False
ntx3-001213-1,hin_Latn,nfkc,False
ntx3-001213-1,hin_Latn,extra_spaces,False
ntx3-001213-1,hin_Latn,punctuation,False
ntx3-001213-1,hin_Latn,zero_width,False
ntx3-001032-0,eng_Latn,nfkc,False
ntx3-001032-0,eng_Latn,extra_spaces,False
ntx3-001032-0,eng_Latn,punctuation,False
ntx3-001032-0,eng_Latn,zero_width,False
ntx3-000153-1,hin_Latn,nfkc,False
ntx3-000153-1,hin_Latn,extra_spaces,False
ntx3-000153-1,hin_Latn,punctuation,False
ntx3-000153-1,hin_Latn,zero_width,False
ntx3-001472-2,tel_Latn,nfkc,False
ntx3-001472-2,tel_Latn,extra_spaces,False
ntx3-001472-2,tel_Latn,punctuation,False
ntx3-001472-2,tel_Latn,zero_width,False
ntx3-002021-1,hin_Latn,nfkc,False
ntx3-002021-1,hin_Latn,extra_spaces,False
ntx3-002021-1,hin_Latn,punctuation,False
ntx3-002021-1,hin_Latn,zero_width,False
ntx3-000175-3,tel_Telu,nfkc,False
ntx3-000175-3,tel_Telu,extra_spaces,False
ntx3-000175-3,tel_Telu,punctuation,False
ntx3-000175-3,tel_Telu,zero_width,False
ntx3-002497-1,hin_Latn,nfkc,False
ntx3-002497-1,hin_Latn,extra_spaces,False
ntx3-002497-1,hin_Latn,punctuation,False
ntx3-002497-1,hin_Latn,zero_width,False
ntx3-000413-1,hin_Latn,nfkc,False
ntx3-000413-1,hin_Latn,extra_spaces,False
ntx3-000413-1,hin_Latn,punctuation,False
ntx3-000413-1,hin_Latn,zero_width,False
ntx3-000539-0,eng_Latn,nfkc,False
ntx3-000539-0,eng_Latn,extra_spaces,False
ntx3-000539-0,eng_Latn,punctuation,False
ntx3-000539-0,eng_Latn,zero_width,False
ntx3-001733-0,eng_Latn,nfkc,False
ntx3-001733-0,eng_Latn,extra_spaces,False
ntx3-001733-0,eng_Latn,punctuation,False
ntx3-001733-0,eng_Latn,zero_width,False
ntx3-002448-0,eng_Latn,nfkc,False
ntx3-002448-0,eng_Latn,extra_spaces,False
ntx3-002448-0,eng_Latn,punctuation,False
ntx3-002448-0,eng_Latn,zero_width,False
ntx3-000364-0,eng_Latn,nfkc,False
ntx3-000364-0,eng_Latn,extra_spaces,False
ntx3-000364-0,eng_Latn,punctuation,False
ntx3-000364-0,eng_Latn,zero_width,False
ntx3-002485-2,tel_Latn,nfkc,False
ntx3-002485-2,tel_Latn,extra_spaces,False
ntx3-002485-2,tel_Latn,punctuation,False
ntx3-002485-2,tel_Latn,zero_width,False
ntx3-001985-3,tel_Telu,nfkc,False
ntx3-001985-3,tel_Telu,extra_spaces,False
ntx3-001985-3,tel_Telu,punctuation,False
ntx3-001985-3,tel_Telu,zero_width,False
ntx3-001859-2,tel_Latn,nfkc,False
ntx3-001859-2,tel_Latn,extra_spaces,False
ntx3-001859-2,tel_Latn,punctuation,False
ntx3-001859-2,tel_Latn,zero_width,False
ntx3-001304-0,eng_Latn,nfkc,False
ntx3-001304-0,eng_Latn,extra_spaces,False
ntx3-001304-0,eng_Latn,punctuation,False
ntx3-001304-0,eng_Latn,zero_width,False
ntx3-001059-3,tel_Telu,nfkc,False
ntx3-001059-3,tel_Telu,extra_spaces,False
ntx3-001059-3,tel_Telu,punctuation,False
ntx3-001059-3,tel_Telu,zero_width,False
ntx3-000272-1,hin_Latn,nfkc,False
ntx3-000272-1,hin_Latn,extra_spaces,False
ntx3-000272-1,hin_Latn,punctuation,False
ntx3-000272-1,hin_Latn,zero_width,False
ntx3-001810-0,eng_Latn,nfkc,False
ntx3-001810-0,eng_Latn,extra_spaces,False
ntx3-001810-0,eng_Latn,punctuation,False
ntx3-001810-0,eng_Latn,zero_width,False
ntx3-001277-0,eng_Latn,nfkc,False
ntx3-001277-0,eng_Latn,extra_spaces,False
ntx3-001277-0,eng_Latn,punctuation,False
ntx3-001277-0,eng_Latn,zero_width,False
ntx3-001651-3,tel_Telu,nfkc,False
ntx3-001651-3,tel_Telu,extra_spaces,False
ntx3-001651-3,tel_Telu,punctuation,False
ntx3-001651-3,tel_Telu,zero_width,False
ntx3-000857-3,tel_Telu,nfkc,False
ntx3-000857-3,tel_Telu,extra_spaces,False
ntx3-000857-3,tel_Telu,punctuation,False
ntx3-000857-3,tel_Telu,zero_width,False
ntx3-000555-1,hin_Latn,nfkc,False
ntx3-000555-1,hin_Latn,extra_spaces,False
ntx3-000555-1,hin_Latn,punctuation,False
ntx3-000555-1,hin_Latn,zero_width,False
ntx3-000639-3,tel_Telu,nfkc,False
ntx3-000639-3,tel_Telu,extra_spaces,False
ntx3-000639-3,tel_Telu,punctuation,False
ntx3-000639-3,tel_Telu,zero_width,False
ntx3-001457-3,tel_Telu,nfkc,False
ntx3-001457-3,tel_Telu,extra_spaces,False
ntx3-001457-3,tel_Telu,punctuation,False
ntx3-001457-3,tel_Telu,zero_width,False
ntx3-002135-2,tel_Latn,nfkc,False
ntx3-002135-2,tel_Latn,extra_spaces,False
ntx3-002135-2,tel_Latn,punctuation,False
ntx3-002135-2,tel_Latn,zero_width,False
ntx3-002474-0,eng_Latn,nfkc,False
ntx3-002474-0,eng_Latn,extra_spaces,False
ntx3-002474-0,eng_Latn,punctuation,False
ntx3-002474-0,eng_Latn,zero_width,False
ntx3-001491-2,tel_Latn,nfkc,False
ntx3-001491-2,tel_Latn,extra_spaces,False
ntx3-001491-2,tel_Latn,punctuation,False
ntx3-001491-2,tel_Latn,zero_width,False
ntx3-001692-1,hin_Latn,nfkc,False
ntx3-001692-1,hin_Latn,extra_spaces,False
ntx3-001692-1,hin_Latn,punctuation,False
ntx3-001692-1,hin_Latn,zero_width,False
ntx3-001466-0,eng_Latn,nfkc,False
ntx3-001466-0,eng_Latn,extra_spaces,False
ntx3-001466-0,eng_Latn,punctuation,False
ntx3-001466-0,eng_Latn,zero_width,False
ntx3-000844-3,tel_Telu,nfkc,False
ntx3-000844-3,tel_Telu,extra_spaces,False
ntx3-000844-3,tel_Telu,punctuation,False
ntx3-000844-3,tel_Telu,zero_width,False
ntx3-000438-1,hin_Latn,nfkc,False
ntx3-000438-1,hin_Latn,extra_spaces,False
ntx3-000438-1,hin_Latn,punctuation,False
ntx3-000438-1,hin_Latn,zero_width,False
ntx3-001779-2,tel_Latn,nfkc,False
ntx3-001779-2,tel_Latn,extra_spaces,False
ntx3-001779-2,tel_Latn,punctuation,False
ntx3-001779-2,tel_Latn,zero_width,False
ntx3-001321-0,eng_Latn,nfkc,False
ntx3-001321-0,eng_Latn,extra_spaces,False
ntx3-001321-0,eng_Latn,punctuation,False
ntx3-001321-0,eng_Latn,zero_width,False
ntx3-000315-1,hin_Latn,nfkc,False
ntx3-000315-1,hin_Latn,extra_spaces,False
ntx3-000315-1,hin_Latn,punctuation,False
ntx3-000315-1,hin_Latn,zero_width,False
ntx3-000876-1,hin_Latn,nfkc,False
ntx3-000876-1,hin_Latn,extra_spaces,False
ntx3-000876-1,hin_Latn,punctuation,False
ntx3-000876-1,hin_Latn,zero_width,False
ntx3-001975-0,eng_Latn,nfkc,False
ntx3-001975-0,eng_Latn,extra_spaces,False
ntx3-001975-0,eng_Latn,punctuation,False
ntx3-001975-0,eng_Latn,zero_width,False
ntx3-001101-3,tel_Telu,nfkc,False
ntx3-001101-3,tel_Telu,extra_spaces,False
ntx3-001101-3,tel_Telu,punctuation,False
ntx3-001101-3,tel_Telu,zero_width,False
ntx3-000633-2,tel_Latn,nfkc,False
ntx3-000633-2,tel_Latn,extra_spaces,False
ntx3-000633-2,tel_Latn,punctuation,False
ntx3-000633-2,tel_Latn,zero_width,False
ntx3-001280-2,tel_Latn,nfkc,False
ntx3-001280-2,tel_Latn,extra_spaces,False
ntx3-001280-2,tel_Latn,punctuation,False
ntx3-001280-2,tel_Latn,zero_width,False
ntx3-001391-0,eng_Latn,nfkc,False
ntx3-001391-0,eng_Latn,extra_spaces,False
ntx3-001391-0,eng_Latn,punctuation,False
ntx3-001391-0,eng_Latn,zero_width,False
ntx3-000689-0,eng_Latn,nfkc,False
ntx3-000689-0,eng_Latn,extra_spaces,False
ntx3-000689-0,eng_Latn,punctuation,False
ntx3-000689-0,eng_Latn,zero_width,False
ntx3-000387-3,tel_Telu,nfkc,False
ntx3-000387-3,tel_Telu,extra_spaces,False
ntx3-000387-3,tel_Telu,punctuation,False
ntx3-000387-3,tel_Telu,zero_width,False
ntx3-000538-1,hin_Latn,nfkc,False
ntx3-000538-1,hin_Latn,extra_spaces,False
ntx3-000538-1,hin_Latn,punctuation,False
ntx3-000538-1,hin_Latn,zero_width,False
ntx3-000375-2,tel_Latn,nfkc,False
ntx3-000375-2,tel_Latn,extra_spaces,False
ntx3-000375-2,tel_Latn,punctuation,False
ntx3-000375-2,tel_Latn,zero_width,False
ntx3-001091-3,tel_Telu,nfkc,False
ntx3-001091-3,tel_Telu,extra_spaces,False
ntx3-001091-3,tel_Telu,punctuation,False
ntx3-001091-3,tel_Telu,zero_width,False
ntx3-002412-2,tel_Latn,nfkc,False
ntx3-002412-2,tel_Latn,extra_spaces,False
ntx3-002412-2,tel_Latn,punctuation,False
ntx3-002412-2,tel_Latn,zero_width,False
ntx3-002428-2,tel_Latn,nfkc,False
ntx3-002428-2,tel_Latn,extra_spaces,False
ntx3-002428-2,tel_Latn,punctuation,False
ntx3-002428-2,tel_Latn,zero_width,False
ntx3-001741-2,tel_Latn,nfkc,False
ntx3-001741-2,tel_Latn,extra_spaces,False
ntx3-001741-2,tel_Latn,punctuation,False
ntx3-001741-2,tel_Latn,zero_width,False
ntx3-002426-2,tel_Latn,nfkc,False
ntx3-002426-2,tel_Latn,extra_spaces,False
ntx3-002426-2,tel_Latn,punctuation,False
ntx3-002426-2,tel_Latn,zero_width,False
ntx3-000851-0,eng_Latn,nfkc,False
ntx3-000851-0,eng_Latn,extra_spaces,False
ntx3-000851-0,eng_Latn,punctuation,False
ntx3-000851-0,eng_Latn,zero_width,False
ntx3-002304-0,eng_Latn,nfkc,False
ntx3-002304-0,eng_Latn,extra_spaces,False
ntx3-002304-0,eng_Latn,punctuation,False
ntx3-002304-0,eng_Latn,zero_width,False
ntx3-000548-1,hin_Latn,nfkc,False
ntx3-000548-1,hin_Latn,extra_spaces,False
ntx3-000548-1,hin_Latn,punctuation,False
ntx3-000548-1,hin_Latn,zero_width,False
ntx3-001636-1,hin_Latn,nfkc,False
ntx3-001636-1,hin_Latn,extra_spaces,False
ntx3-001636-1,hin_Latn,punctuation,False
ntx3-001636-1,hin_Latn,zero_width,False
ntx3-000469-2,tel_Latn,nfkc,False
ntx3-000469-2,tel_Latn,extra_spaces,False
ntx3-000469-2,tel_Latn,punctuation,False
ntx3-000469-2,tel_Latn,zero_width,False
ntx3-001039-3,tel_Telu,nfkc,False
ntx3-001039-3,tel_Telu,extra_spaces,False
ntx3-001039-3,tel_Telu,punctuation,False
ntx3-001039-3,tel_Telu,zero_width,False
ntx3-001759-3,tel_Telu,nfkc,False
ntx3-001759-3,tel_Telu,extra_spaces,False
ntx3-001759-3,tel_Telu,punctuation,False
ntx3-001759-3,tel_Telu,zero_width,False
ntx3-001503-3,tel_Telu,nfkc,False
ntx3-001503-3,tel_Telu,extra_spaces,False
ntx3-001503-3,tel_Telu,punctuation,False
ntx3-001503-3,tel_Telu,zero_width,False
ntx3-002229-3,tel_Telu,nfkc,False
ntx3-002229-3,tel_Telu,extra_spaces,False
ntx3-002229-3,tel_Telu,punctuation,False
ntx3-002229-3,tel_Telu,zero_width,False
ntx3-001476-2,tel_Latn,nfkc,False
ntx3-001476-2,tel_Latn,extra_spaces,False
ntx3-001476-2,tel_Latn,punctuation,False
ntx3-001476-2,tel_Latn,zero_width,False
ntx3-000940-3,tel_Telu,nfkc,False
ntx3-000940-3,tel_Telu,extra_spaces,False
ntx3-000940-3,tel_Telu,punctuation,False
ntx3-000940-3,tel_Telu,zero_width,False
ntx3-000513-3,tel_Telu,nfkc,False
ntx3-000513-3,tel_Telu,extra_spaces,False
ntx3-000513-3,tel_Telu,punctuation,False
ntx3-000513-3,tel_Telu,zero_width,False
ntx3-001001-2,tel_Latn,nfkc,False
ntx3-001001-2,tel_Latn,extra_spaces,False
ntx3-001001-2,tel_Latn,punctuation,False
ntx3-001001-2,tel_Latn,zero_width,False
ntx3-001171-0,eng_Latn,nfkc,False
ntx3-001171-0,eng_Latn,extra_spaces,False
ntx3-001171-0,eng_Latn,punctuation,False
ntx3-001171-0,eng_Latn,zero_width,False
ntx3-000304-3,tel_Telu,nfkc,False
ntx3-000304-3,tel_Telu,extra_spaces,False
ntx3-000304-3,tel_Telu,punctuation,False
ntx3-000304-3,tel_Telu,zero_width,False
ntx3-002179-1,hin_Latn,nfkc,False
ntx3-002179-1,hin_Latn,extra_spaces,False
ntx3-002179-1,hin_Latn,punctuation,False
ntx3-002179-1,hin_Latn,zero_width,False
ntx3-001049-2,tel_Latn,nfkc,False
ntx3-001049-2,tel_Latn,extra_spaces,False
ntx3-001049-2,tel_Latn,punctuation,False
ntx3-001049-2,tel_Latn,zero_width,False
ntx3-001844-0,eng_Latn,nfkc,False
ntx3-001844-0,eng_Latn,extra_spaces,False
ntx3-001844-0,eng_Latn,punctuation,False
ntx3-001844-0,eng_Latn,zero_width,False
ntx3-001020-3,tel_Telu,nfkc,False
ntx3-001020-3,tel_Telu,extra_spaces,False
ntx3-001020-3,tel_Telu,punctuation,False
ntx3-001020-3,tel_Telu,zero_width,False
ntx3-000310-2,tel_Latn,nfkc,False
ntx3-000310-2,tel_Latn,extra_spaces,False
ntx3-000310-2,tel_Latn,punctuation,False
ntx3-000310-2,tel_Latn,zero_width,False
ntx3-001625-2,tel_Latn,nfkc,False
ntx3-001625-2,tel_Latn,extra_spaces,False
ntx3-001625-2,tel_Latn,punctuation,False
ntx3-001625-2,tel_Latn,zero_width,False
ntx3-002357-1,hin_Latn,nfkc,False
ntx3-002357-1,hin_Latn,extra_spaces,False
ntx3-002357-1,hin_Latn,punctuation,False
ntx3-002357-1,hin_Latn,zero_width,False
ntx3-000639-0,eng_Latn,nfkc,False
ntx3-000639-0,eng_Latn,extra_spaces,False
ntx3-000639-0,eng_Latn,punctuation,False
ntx3-000639-0,eng_Latn,zero_width,False
ntx3-000302-2,tel_Latn,nfkc,False
ntx3-000302-2,tel_Latn,extra_spaces,False
ntx3-000302-2,tel_Latn,punctuation,False
ntx3-000302-2,tel_Latn,zero_width,False
ntx3-001148-1,hin_Latn,nfkc,False
ntx3-001148-1,hin_Latn,extra_spaces,False
ntx3-001148-1,hin_Latn,punctuation,False
ntx3-001148-1,hin_Latn,zero_width,False
ntx3-002182-2,tel_Latn,nfkc,False
ntx3-002182-2,tel_Latn,extra_spaces,False
ntx3-002182-2,tel_Latn,punctuation,False
ntx3-002182-2,tel_Latn,zero_width,False
ntx3-000697-1,hin_Latn,nfkc,False
ntx3-000697-1,hin_Latn,extra_spaces,False
ntx3-000697-1,hin_Latn,punctuation,False
ntx3-000697-1,hin_Latn,zero_width,False
ntx3-002462-0,eng_Latn,nfkc,False
ntx3-002462-0,eng_Latn,extra_spaces,False
ntx3-002462-0,eng_Latn,punctuation,False
ntx3-002462-0,eng_Latn,zero_width,False
ntx3-001966-0,eng_Latn,nfkc,False
ntx3-001966-0,eng_Latn,extra_spaces,False
ntx3-001966-0,eng_Latn,punctuation,False
ntx3-001966-0,eng_Latn,zero_width,False
ntx3-000518-2,tel_Latn,nfkc,False
ntx3-000518-2,tel_Latn,extra_spaces,False
ntx3-000518-2,tel_Latn,punctuation,False
ntx3-000518-2,tel_Latn,zero_width,False
ntx3-001625-1,hin_Latn,nfkc,False
ntx3-001625-1,hin_Latn,extra_spaces,False
ntx3-001625-1,hin_Latn,punctuation,False
ntx3-001625-1,hin_Latn,zero_width,False
ntx3-000375-3,tel_Telu,nfkc,False
ntx3-000375-3,tel_Telu,extra_spaces,False
ntx3-000375-3,tel_Telu,punctuation,False
ntx3-000375-3,tel_Telu,zero_width,False
ntx3-000261-3,tel_Telu,nfkc,False
ntx3-000261-3,tel_Telu,extra_spaces,False
ntx3-000261-3,tel_Telu,punctuation,False
ntx3-000261-3,tel_Telu,zero_width,False
ntx3-001832-1,hin_Latn,nfkc,False
ntx3-001832-1,hin_Latn,extra_spaces,False
ntx3-001832-1,hin_Latn,punctuation,False
ntx3-001832-1,hin_Latn,zero_width,False
ntx3-000332-2,tel_Latn,nfkc,False
ntx3-000332-2,tel_Latn,extra_spaces,False
ntx3-000332-2,tel_Latn,punctuation,False
ntx3-000332-2,tel_Latn,zero_width,False
ntx3-001852-0,eng_Latn,nfkc,False
ntx3-001852-0,eng_Latn,extra_spaces,False
ntx3-001852-0,eng_Latn,punctuation,False
ntx3-001852-0,eng_Latn,zero_width,False
ntx3-001321-3,tel_Telu,nfkc,False
ntx3-001321-3,tel_Telu,extra_spaces,False
ntx3-001321-3,tel_Telu,punctuation,False
ntx3-001321-3,tel_Telu,zero_width,False
ntx3-000809-1,hin_Latn,nfkc,False
ntx3-000809-1,hin_Latn,extra_spaces,False
ntx3-000809-1,hin_Latn,punctuation,False
ntx3-000809-1,hin_Latn,zero_width,False
ntx3-001123-0,eng_Latn,nfkc,False
ntx3-001123-0,eng_Latn,extra_spaces,False
ntx3-001123-0,eng_Latn,punctuation,False
ntx3-001123-0,eng_Latn,zero_width,False
ntx3-000954-2,tel_Latn,nfkc,False
ntx3-000954-2,tel_Latn,extra_spaces,False
ntx3-000954-2,tel_Latn,punctuation,False
ntx3-000954-2,tel_Latn,zero_width,False
ntx3-002035-2,tel_Latn,nfkc,False
ntx3-002035-2,tel_Latn,extra_spaces,False
ntx3-002035-2,tel_Latn,punctuation,False
ntx3-002035-2,tel_Latn,zero_width,False
ntx3-000527-0,eng_Latn,nfkc,False
ntx3-000527-0,eng_Latn,extra_spaces,False
ntx3-000527-0,eng_Latn,punctuation,False
ntx3-000527-0,eng_Latn,zero_width,False
ntx3-001779-3,tel_Telu,nfkc,False
ntx3-001779-3,tel_Telu,extra_spaces,False
ntx3-001779-3,tel_Telu,punctuation,False
ntx3-001779-3,tel_Telu,zero_width,False
ntx3-000717-0,eng_Latn,nfkc,False
ntx3-000717-0,eng_Latn,extra_spaces,False
ntx3-000717-0,eng_Latn,punctuation,False
ntx3-000717-0,eng_Latn,zero_width,False
ntx3-002255-3,tel_Telu,nfkc,False
ntx3-002255-3,tel_Telu,extra_spaces,False
ntx3-002255-3,tel_Telu,punctuation,False
ntx3-002255-3,tel_Telu,zero_width,False
ntx3-001825-0,eng_Latn,nfkc,False
ntx3-001825-0,eng_Latn,extra_spaces,False
ntx3-001825-0,eng_Latn,punctuation,False
ntx3-001825-0,eng_Latn,zero_width,False
ntx3-001231-0,eng_Latn,nfkc,False
ntx3-001231-0,eng_Latn,extra_spaces,False
ntx3-001231-0,eng_Latn,punctuation,False
ntx3-001231-0,eng_Latn,zero_width,False
ntx3-000814-0,eng_Latn,nfkc,False
ntx3-000814-0,eng_Latn,extra_spaces,False
ntx3-000814-0,eng_Latn,punctuation,False
ntx3-000814-0,eng_Latn,zero_width,False
ntx3-002439-1,hin_Latn,nfkc,False
ntx3-002439-1,hin_Latn,extra_spaces,False
ntx3-002439-1,hin_Latn,punctuation,False
ntx3-002439-1,hin_Latn,zero_width,False
ntx3-001029-1,hin_Latn,nfkc,False
ntx3-001029-1,hin_Latn,extra_spaces,False
ntx3-001029-1,hin_Latn,punctuation,False
ntx3-001029-1,hin_Latn,zero_width,False
ntx3-001915-3,tel_Telu,nfkc,False
ntx3-001915-3,tel_Telu,extra_spaces,False
ntx3-001915-3,tel_Telu,punctuation,False
ntx3-001915-3,tel_Telu,zero_width,False
ntx3-000538-2,tel_Latn,nfkc,False
ntx3-000538-2,tel_Latn,extra_spaces,False
ntx3-000538-2,tel_Latn,punctuation,False
ntx3-000538-2,tel_Latn,zero_width,False
ntx3-000529-1,hin_Latn,nfkc,False
ntx3-000529-1,hin_Latn,extra_spaces,False
ntx3-000529-1,hin_Latn,punctuation,False
ntx3-000529-1,hin_Latn,zero_width,False
ntx3-001818-0,eng_Latn,nfkc,False
ntx3-001818-0,eng_Latn,extra_spaces,False
ntx3-001818-0,eng_Latn,punctuation,False
ntx3-001818-0,eng_Latn,zero_width,False
ntx3-002470-2,tel_Latn,nfkc,False
ntx3-002470-2,tel_Latn,extra_spaces,False
ntx3-002470-2,tel_Latn,punctuation,False
ntx3-002470-2,tel_Latn,zero_width,False
ntx3-000445-0,eng_Latn,nfkc,False
ntx3-000445-0,eng_Latn,extra_spaces,False
ntx3-000445-0,eng_Latn,punctuation,False
ntx3-000445-0,eng_Latn,zero_width,False
ntx3-002089-1,hin_Latn,nfkc,False
ntx3-002089-1,hin_Latn,extra_spaces,False
ntx3-002089-1,hin_Latn,punctuation,False
ntx3-002089-1,hin_Latn,zero_width,False
ntx3-001927-0,eng_Latn,nfkc,False
ntx3-001927-0,eng_Latn,extra_spaces,False
ntx3-001927-0,eng_Latn,punctuation,False
ntx3-001927-0,eng_Latn,zero_width,False
ntx3-000953-3,tel_Telu,nfkc,False
ntx3-000953-3,tel_Telu,extra_spaces,False
ntx3-000953-3,tel_Telu,punctuation,False
ntx3-000953-3,tel_Telu,zero_width,False
ntx3-000795-1,hin_Latn,nfkc,False
ntx3-000795-1,hin_Latn,extra_spaces,False
ntx3-000795-1,hin_Latn,punctuation,False
ntx3-000795-1,hin_Latn,zero_width,False
ntx3-001652-2,tel_Latn,nfkc,False
ntx3-001652-2,tel_Latn,extra_spaces,False
ntx3-001652-2,tel_Latn,punctuation,False
ntx3-001652-2,tel_Latn,zero_width,False
ntx3-001613-3,tel_Telu,nfkc,False
ntx3-001613-3,tel_Telu,extra_spaces,False
ntx3-001613-3,tel_Telu,punctuation,False
ntx3-001613-3,tel_Telu,zero_width,False
ntx3-001709-3,tel_Telu,nfkc,False
ntx3-001709-3,tel_Telu,extra_spaces,False
ntx3-001709-3,tel_Telu,punctuation,False
ntx3-001709-3,tel_Telu,zero_width,False
ntx3-001016-0,eng_Latn,nfkc,False
ntx3-001016-0,eng_Latn,extra_spaces,False
ntx3-001016-0,eng_Latn,punctuation,False
ntx3-001016-0,eng_Latn,zero_width,False
ntx3-001555-3,tel_Telu,nfkc,False
ntx3-001555-3,tel_Telu,extra_spaces,False
ntx3-001555-3,tel_Telu,punctuation,False
ntx3-001555-3,tel_Telu,zero_width,False
ntx3-002000-1,hin_Latn,nfkc,False
ntx3-002000-1,hin_Latn,extra_spaces,False
ntx3-002000-1,hin_Latn,punctuation,False
ntx3-002000-1,hin_Latn,zero_width,False
ntx3-001860-1,hin_Latn,nfkc,False
ntx3-001860-1,hin_Latn,extra_spaces,False
ntx3-001860-1,hin_Latn,punctuation,False
ntx3-001860-1,hin_Latn,zero_width,False
ntx3-000689-2,tel_Latn,nfkc,False
ntx3-000689-2,tel_Latn,extra_spaces,False
ntx3-000689-2,tel_Latn,punctuation,False
ntx3-000689-2,tel_Latn,zero_width,False
ntx3-002023-0,eng_Latn,nfkc,False
ntx3-002023-0,eng_Latn,extra_spaces,False
ntx3-002023-0,eng_Latn,punctuation,False
ntx3-002023-0,eng_Latn,zero_width,False
ntx3-002365-1,hin_Latn,nfkc,False
ntx3-002365-1,hin_Latn,extra_spaces,False
ntx3-002365-1,hin_Latn,punctuation,False
ntx3-002365-1,hin_Latn,zero_width,False
ntx3-000464-2,tel_Latn,nfkc,False
ntx3-000464-2,tel_Latn,extra_spaces,False
ntx3-000464-2,tel_Latn,punctuation,False
ntx3-000464-2,tel_Latn,zero_width,False
ntx3-000370-0,eng_Latn,nfkc,False
ntx3-000370-0,eng_Latn,extra_spaces,False
ntx3-000370-0,eng_Latn,punctuation,False
ntx3-000370-0,eng_Latn,zero_width,False
ntx3-001756-3,tel_Telu,nfkc,False
ntx3-001756-3,tel_Telu,extra_spaces,False
ntx3-001756-3,tel_Telu,punctuation,False
ntx3-001756-3,tel_Telu,zero_width,False
ntx3-000324-2,tel_Latn,nfkc,False
ntx3-000324-2,tel_Latn,extra_spaces,False
ntx3-000324-2,tel_Latn,punctuation,False
ntx3-000324-2,tel_Latn,zero_width,False
ntx3-000815-2,tel_Latn,nfkc,False
ntx3-000815-2,tel_Latn,extra_spaces,False
ntx3-000815-2,tel_Latn,punctuation,False
ntx3-000815-2,tel_Latn,zero_width,False
ntx3-001613-0,eng_Latn,nfkc,False
ntx3-001613-0,eng_Latn,extra_spaces,False
ntx3-001613-0,eng_Latn,punctuation,False
ntx3-001613-0,eng_Latn,zero_width,False
ntx3-002428-1,hin_Latn,nfkc,False
ntx3-002428-1,hin_Latn,extra_spaces,False
ntx3-002428-1,hin_Latn,punctuation,False
ntx3-002428-1,hin_Latn,zero_width,False
ntx3-001391-3,tel_Telu,nfkc,False
ntx3-001391-3,tel_Telu,extra_spaces,False
ntx3-001391-3,tel_Telu,punctuation,False
ntx3-001391-3,tel_Telu,zero_width,False
ntx3-000941-2,tel_Latn,nfkc,False
ntx3-000941-2,tel_Latn,extra_spaces,False
ntx3-000941-2,tel_Latn,punctuation,False
ntx3-000941-2,tel_Latn,zero_width,False
ntx3-001889-1,hin_Latn,nfkc,False
ntx3-001889-1,hin_Latn,extra_spaces,False
ntx3-001889-1,hin_Latn,punctuation,False
ntx3-001889-1,hin_Latn,zero_width,False
ntx3-000902-2,tel_Latn,nfkc,False
ntx3-000902-2,tel_Latn,extra_spaces,False
ntx3-000902-2,tel_Latn,punctuation,False
ntx3-000902-2,tel_Latn,zero_width,False
ntx3-000160-3,tel_Telu,nfkc,False
ntx3-000160-3,tel_Telu,extra_spaces,False
ntx3-000160-3,tel_Telu,punctuation,False
ntx3-000160-3,tel_Telu,zero_width,False
ntx3-001696-2,tel_Latn,nfkc,False
ntx3-001696-2,tel_Latn,extra_spaces,False
ntx3-001696-2,tel_Latn,punctuation,False
ntx3-001696-2,tel_Latn,zero_width,False
ntx3-001814-1,hin_Latn,nfkc,False
ntx3-001814-1,hin_Latn,extra_spaces,False
ntx3-001814-1,hin_Latn,punctuation,False
ntx3-001814-1,hin_Latn,zero_width,False
ntx3-002164-0,eng_Latn,nfkc,False
ntx3-002164-0,eng_Latn,extra_spaces,False
ntx3-002164-0,eng_Latn,punctuation,False
ntx3-002164-0,eng_Latn,zero_width,False
ntx3-002386-1,hin_Latn,nfkc,False
ntx3-002386-1,hin_Latn,extra_spaces,False
ntx3-002386-1,hin_Latn,punctuation,False
ntx3-002386-1,hin_Latn,zero_width,False
ntx3-000127-2,tel_Latn,nfkc,False
ntx3-000127-2,tel_Latn,extra_spaces,False
ntx3-000127-2,tel_Latn,punctuation,False
ntx3-000127-2,tel_Latn,zero_width,False
ntx3-000595-1,hin_Latn,nfkc,False
ntx3-000595-1,hin_Latn,extra_spaces,False
ntx3-000595-1,hin_Latn,punctuation,False
ntx3-000595-1,hin_Latn,zero_width,False
ntx3-001653-0,eng_Latn,nfkc,False
ntx3-001653-0,eng_Latn,extra_spaces,False
ntx3-001653-0,eng_Latn,punctuation,False
ntx3-001653-0,eng_Latn,zero_width,False
ntx3-001936-3,tel_Telu,nfkc,False
ntx3-001936-3,tel_Telu,extra_spaces,False
ntx3-001936-3,tel_Telu,punctuation,False
ntx3-001936-3,tel_Telu,zero_width,False
ntx3-002050-3,tel_Telu,nfkc,False
ntx3-002050-3,tel_Telu,extra_spaces,False
ntx3-002050-3,tel_Telu,punctuation,False
ntx3-002050-3,tel_Telu,zero_width,False
ntx3-001838-0,eng_Latn,nfkc,False
ntx3-001838-0,eng_Latn,extra_spaces,False
ntx3-001838-0,eng_Latn,punctuation,False
ntx3-001838-0,eng_Latn,zero_width,False
ntx3-000539-1,hin_Latn,nfkc,False
ntx3-000539-1,hin_Latn,extra_spaces,False
ntx3-000539-1,hin_Latn,punctuation,False
ntx3-000539-1,hin_Latn,zero_width,False
ntx3-001496-2,tel_Latn,nfkc,False
ntx3-001496-2,tel_Latn,extra_spaces,False
ntx3-001496-2,tel_Latn,punctuation,False
ntx3-001496-2,tel_Latn,zero_width,False
ntx3-002179-0,eng_Latn,nfkc,False
ntx3-002179-0,eng_Latn,extra_spaces,False
ntx3-002179-0,eng_Latn,punctuation,False
ntx3-002179-0,eng_Latn,zero_width,False
ntx3-002327-1,hin_Latn,nfkc,False
ntx3-002327-1,hin_Latn,extra_spaces,False
ntx3-002327-1,hin_Latn,punctuation,False
ntx3-002327-1,hin_Latn,zero_width,False
ntx3-001852-3,tel_Telu,nfkc,False
ntx3-001852-3,tel_Telu,extra_spaces,False
ntx3-001852-3,tel_Telu,punctuation,False
ntx3-001852-3,tel_Telu,zero_width,False
ntx3-001816-1,hin_Latn,nfkc,False
ntx3-001816-1,hin_Latn,extra_spaces,False
ntx3-001816-1,hin_Latn,punctuation,False
ntx3-001816-1,hin_Latn,zero_width,False
ntx3-001246-0,eng_Latn,nfkc,False
ntx3-001246-0,eng_Latn,extra_spaces,False
ntx3-001246-0,eng_Latn,punctuation,False
ntx3-001246-0,eng_Latn,zero_width,False
ntx3-001197-3,tel_Telu,nfkc,False
ntx3-001197-3,tel_Telu,extra_spaces,False
ntx3-001197-3,tel_Telu,punctuation,False
ntx3-001197-3,tel_Telu,zero_width,False
ntx3-000741-3,tel_Telu,nfkc,False
ntx3-000741-3,tel_Telu,extra_spaces,False
ntx3-000741-3,tel_Telu,punctuation,False
ntx3-000741-3,tel_Telu,zero_width,False
ntx3-001577-2,tel_Latn,nfkc,False
ntx3-001577-2,tel_Latn,extra_spaces,False
ntx3-001577-2,tel_Latn,punctuation,False
ntx3-001577-2,tel_Latn,zero_width,False
ntx3-000951-0,eng_Latn,nfkc,False
ntx3-000951-0,eng_Latn,extra_spaces,False
ntx3-000951-0,eng_Latn,punctuation,False
ntx3-000951-0,eng_Latn,zero_width,False
ntx3-000820-1,hin_Latn,nfkc,False
ntx3-000820-1,hin_Latn,extra_spaces,False
ntx3-000820-1,hin_Latn,punctuation,False
ntx3-000820-1,hin_Latn,zero_width,False
ntx3-000759-3,tel_Telu,nfkc,False
ntx3-000759-3,tel_Telu,extra_spaces,False
ntx3-000759-3,tel_Telu,punctuation,False
ntx3-000759-3,tel_Telu,zero_width,False
ntx3-000790-1,hin_Latn,nfkc,False
ntx3-000790-1,hin_Latn,extra_spaces,False
ntx3-000790-1,hin_Latn,punctuation,False
ntx3-000790-1,hin_Latn,zero_width,False
ntx3-001836-2,tel_Latn,nfkc,False
ntx3-001836-2,tel_Latn,extra_spaces,False
ntx3-001836-2,tel_Latn,punctuation,False
ntx3-001836-2,tel_Latn,zero_width,False
ntx3-002365-3,tel_Telu,nfkc,False
ntx3-002365-3,tel_Telu,extra_spaces,False
ntx3-002365-3,tel_Telu,punctuation,False
ntx3-002365-3,tel_Telu,zero_width,False
ntx3-000304-2,tel_Latn,nfkc,False
ntx3-000304-2,tel_Latn,extra_spaces,False
ntx3-000304-2,tel_Latn,punctuation,False
ntx3-000304-2,tel_Latn,zero_width,False
ntx3-001213-3,tel_Telu,nfkc,False
ntx3-001213-3,tel_Telu,extra_spaces,False
ntx3-001213-3,tel_Telu,punctuation,False
ntx3-001213-3,tel_Telu,zero_width,False
ntx3-000665-1,hin_Latn,nfkc,False
ntx3-000665-1,hin_Latn,extra_spaces,False
ntx3-000665-1,hin_Latn,punctuation,False
ntx3-000665-1,hin_Latn,zero_width,False
ntx3-001848-0,eng_Latn,nfkc,False
ntx3-001848-0,eng_Latn,extra_spaces,False
ntx3-001848-0,eng_Latn,punctuation,False
ntx3-001848-0,eng_Latn,zero_width,False
ntx3-001366-0,eng_Latn,nfkc,False
ntx3-001366-0,eng_Latn,extra_spaces,False
ntx3-001366-0,eng_Latn,punctuation,False
ntx3-001366-0,eng_Latn,zero_width,False
ntx3-002040-0,eng_Latn,nfkc,False
ntx3-002040-0,eng_Latn,extra_spaces,False
ntx3-002040-0,eng_Latn,punctuation,False
ntx3-002040-0,eng_Latn,zero_width,False
ntx3-002316-3,tel_Telu,nfkc,False
ntx3-002316-3,tel_Telu,extra_spaces,False
ntx3-002316-3,tel_Telu,punctuation,False
ntx3-002316-3,tel_Telu,zero_width,False
ntx3-002497-3,tel_Telu,nfkc,False
ntx3-002497-3,tel_Telu,extra_spaces,False
ntx3-002497-3,tel_Telu,punctuation,False
ntx3-002497-3,tel_Telu,zero_width,False
ntx3-000953-0,eng_Latn,nfkc,False
ntx3-000953-0,eng_Latn,extra_spaces,False
ntx3-000953-0,eng_Latn,punctuation,False
ntx3-000953-0,eng_Latn,zero_width,False
ntx3-001049-0,eng_Latn,nfkc,False
ntx3-001049-0,eng_Latn,extra_spaces,False
ntx3-001049-0,eng_Latn,punctuation,False
ntx3-001049-0,eng_Latn,zero_width,False
ntx3-002194-0,eng_Latn,nfkc,False
ntx3-002194-0,eng_Latn,extra_spaces,False
ntx3-002194-0,eng_Latn,punctuation,False
ntx3-002194-0,eng_Latn,zero_width,False
ntx3-000389-1,hin_Latn,nfkc,False
ntx3-000389-1,hin_Latn,extra_spaces,False
ntx3-000389-1,hin_Latn,punctuation,False
ntx3-000389-1,hin_Latn,zero_width,False
ntx3-000232-1,hin_Latn,nfkc,False
ntx3-000232-1,hin_Latn,extra_spaces,False
ntx3-000232-1,hin_Latn,punctuation,False
ntx3-000232-1,hin_Latn,zero_width,False
ntx3-001766-0,eng_Latn,nfkc,False
ntx3-001766-0,eng_Latn,extra_spaces,False
ntx3-001766-0,eng_Latn,punctuation,False
ntx3-001766-0,eng_Latn,zero_width,False
ntx3-001211-3,tel_Telu,nfkc,False
ntx3-001211-3,tel_Telu,extra_spaces,False
ntx3-001211-3,tel_Telu,punctuation,False
ntx3-001211-3,tel_Telu,zero_width,False
ntx3-001081-1,hin_Latn,nfkc,False
ntx3-001081-1,hin_Latn,extra_spaces,False
ntx3-001081-1,hin_Latn,punctuation,False
ntx3-001081-1,hin_Latn,zero_width,False
ntx3-001685-3,tel_Telu,nfkc,False
ntx3-001685-3,tel_Telu,extra_spaces,False
ntx3-001685-3,tel_Telu,punctuation,False
ntx3-001685-3,tel_Telu,zero_width,False
ntx3-001703-2,tel_Latn,nfkc,False
ntx3-001703-2,tel_Latn,extra_spaces,False
ntx3-001703-2,tel_Latn,punctuation,False
ntx3-001703-2,tel_Latn,zero_width,False
ntx3-002485-0,eng_Latn,nfkc,False
ntx3-002485-0,eng_Latn,extra_spaces,False
ntx3-002485-0,eng_Latn,punctuation,False
ntx3-002485-0,eng_Latn,zero_width,False
ntx3-000530-1,hin_Latn,nfkc,False
ntx3-000530-1,hin_Latn,extra_spaces,False
ntx3-000530-1,hin_Latn,punctuation,False
ntx3-000530-1,hin_Latn,zero_width,False
ntx3-001763-2,tel_Latn,nfkc,False
ntx3-001763-2,tel_Latn,extra_spaces,False
ntx3-001763-2,tel_Latn,punctuation,False
ntx3-001763-2,tel_Latn,zero_width,False
ntx3-001148-0,eng_Latn,nfkc,False
ntx3-001148-0,eng_Latn,extra_spaces,False
ntx3-001148-0,eng_Latn,punctuation,False
ntx3-001148-0,eng_Latn,zero_width,False
ntx3-001039-1,hin_Latn,nfkc,False
ntx3-001039-1,hin_Latn,extra_spaces,False
ntx3-001039-1,hin_Latn,punctuation,False
ntx3-001039-1,hin_Latn,zero_width,False
ntx3-002221-3,tel_Telu,nfkc,False
ntx3-002221-3,tel_Telu,extra_spaces,False
ntx3-002221-3,tel_Telu,punctuation,False
ntx3-002221-3,tel_Telu,zero_width,False
ntx3-001091-0,eng_Latn,nfkc,False
ntx3-001091-0,eng_Latn,extra_spaces,False
ntx3-001091-0,eng_Latn,punctuation,False
ntx3-001091-0,eng_Latn,zero_width,False
ntx3-001844-3,tel_Telu,nfkc,False
ntx3-001844-3,tel_Telu,extra_spaces,False
ntx3-001844-3,tel_Telu,punctuation,False
ntx3-001844-3,tel_Telu,zero_width,False
ntx3-002089-0,eng_Latn,nfkc,False
ntx3-002089-0,eng_Latn,extra_spaces,False
ntx3-002089-0,eng_Latn,punctuation,False
ntx3-002089-0,eng_Latn,zero_width,False
ntx3-000425-3,tel_Telu,nfkc,False
ntx3-000425-3,tel_Telu,extra_spaces,False
ntx3-000425-3,tel_Telu,punctuation,False
ntx3-000425-3,tel_Telu,zero_width,False
ntx3-000844-2,tel_Latn,nfkc,False
ntx3-000844-2,tel_Latn,extra_spaces,False
ntx3-000844-2,tel_Latn,punctuation,False
ntx3-000844-2,tel_Latn,zero_width,False
ntx3-000529-0,eng_Latn,nfkc,False
ntx3-000529-0,eng_Latn,extra_spaces,False
ntx3-000529-0,eng_Latn,punctuation,False
ntx3-000529-0,eng_Latn,zero_width,False
ntx3-000127-0,eng_Latn,nfkc,False
ntx3-000127-0,eng_Latn,extra_spaces,False
ntx3-000127-0,eng_Latn,punctuation,False
ntx3-000127-0,eng_Latn,zero_width,False
ntx3-002046-0,eng_Latn,nfkc,False
ntx3-002046-0,eng_Latn,extra_spaces,False
ntx3-002046-0,eng_Latn,punctuation,False
ntx3-002046-0,eng_Latn,zero_width,False
ntx3-002386-2,tel_Latn,nfkc,False
ntx3-002386-2,tel_Latn,extra_spaces,False
ntx3-002386-2,tel_Latn,punctuation,False
ntx3-002386-2,tel_Latn,zero_width,False
ntx3-002474-3,tel_Telu,nfkc,False
ntx3-002474-3,tel_Telu,extra_spaces,False
ntx3-002474-3,tel_Telu,punctuation,False
ntx3-002474-3,tel_Telu,zero_width,False
ntx3-001390-1,hin_Latn,nfkc,False
ntx3-001390-1,hin_Latn,extra_spaces,False
ntx3-001390-1,hin_Latn,punctuation,False
ntx3-001390-1,hin_Latn,zero_width,False
ntx3-000379-3,tel_Telu,nfkc,False
ntx3-000379-3,tel_Telu,extra_spaces,False
ntx3-000379-3,tel_Telu,punctuation,False
ntx3-000379-3,tel_Telu,zero_width,False
ntx3-000585-2,tel_Latn,nfkc,False
ntx3-000585-2,tel_Latn,extra_spaces,False
ntx3-000585-2,tel_Latn,punctuation,False
ntx3-000585-2,tel_Latn,zero_width,False
ntx3-001133-3,tel_Telu,nfkc,False
ntx3-001133-3,tel_Telu,extra_spaces,False
ntx3-001133-3,tel_Telu,punctuation,False
ntx3-001133-3,tel_Telu,zero_width,False
ntx3-001868-1,hin_Latn,nfkc,False
ntx3-001868-1,hin_Latn,extra_spaces,False
ntx3-001868-1,hin_Latn,punctuation,False
ntx3-001868-1,hin_Latn,zero_width,False
ntx3-001970-2,tel_Latn,nfkc,False
ntx3-001970-2,tel_Latn,extra_spaces,False
ntx3-001970-2,tel_Latn,punctuation,False
ntx3-001970-2,tel_Latn,zero_width,False
ntx3-002138-0,eng_Latn,nfkc,False
ntx3-002138-0,eng_Latn,extra_spaces,False
ntx3-002138-0,eng_Latn,punctuation,False
ntx3-002138-0,eng_Latn,zero_width,False
ntx3-002147-1,hin_Latn,nfkc,False
ntx3-002147-1,hin_Latn,extra_spaces,False
ntx3-002147-1,hin_Latn,punctuation,False
ntx3-002147-1,hin_Latn,zero_width,False
ntx3-000893-2,tel_Latn,nfkc,False
ntx3-000893-2,tel_Latn,extra_spaces,False
ntx3-000893-2,tel_Latn,punctuation,False
ntx3-000893-2,tel_Latn,zero_width,False
ntx3-002304-3,tel_Telu,nfkc,False
ntx3-002304-3,tel_Telu,extra_spaces,False
ntx3-002304-3,tel_Telu,punctuation,False
ntx3-002304-3,tel_Telu,zero_width,False
ntx3-001434-1,hin_Latn,nfkc,False
ntx3-001434-1,hin_Latn,extra_spaces,False
ntx3-001434-1,hin_Latn,punctuation,False
ntx3-001434-1,hin_Latn,zero_width,False
ntx3-002459-0,eng_Latn,nfkc,False
ntx3-002459-0,eng_Latn,extra_spaces,False
ntx3-002459-0,eng_Latn,punctuation,False
ntx3-002459-0,eng_Latn,zero_width,False
ntx3-001742-0,eng_Latn,nfkc,False
ntx3-001742-0,eng_Latn,extra_spaces,False
ntx3-001742-0,eng_Latn,punctuation,False
ntx3-001742-0,eng_Latn,zero_width,False
ntx3-001599-3,tel_Telu,nfkc,False
ntx3-001599-3,tel_Telu,extra_spaces,False
ntx3-001599-3,tel_Telu,punctuation,False
ntx3-001599-3,tel_Telu,zero_width,False
ntx3-002436-3,tel_Telu,nfkc,False
ntx3-002436-3,tel_Telu,extra_spaces,False
ntx3-002436-3,tel_Telu,punctuation,False
ntx3-002436-3,tel_Telu,zero_width,False
ntx3-000825-0,eng_Latn,nfkc,False
ntx3-000825-0,eng_Latn,extra_spaces,False
ntx3-000825-0,eng_Latn,punctuation,False
ntx3-000825-0,eng_Latn,zero_width,False
ntx3-000913-2,tel_Latn,nfkc,False
ntx3-000913-2,tel_Latn,extra_spaces,False
ntx3-000913-2,tel_Latn,punctuation,False
ntx3-000913-2,tel_Latn,zero_width,False
ntx3-002498-3,tel_Telu,nfkc,False
ntx3-002498-3,tel_Telu,extra_spaces,False
ntx3-002498-3,tel_Telu,punctuation,False
ntx3-002498-3,tel_Telu,zero_width,False
ntx3-000817-1,hin_Latn,nfkc,False
ntx3-000817-1,hin_Latn,extra_spaces,False
ntx3-000817-1,hin_Latn,punctuation,False
ntx3-000817-1,hin_Latn,zero_width,False
ntx3-001112-3,tel_Telu,nfkc,False
ntx3-001112-3,tel_Telu,extra_spaces,False
ntx3-001112-3,tel_Telu,punctuation,False
ntx3-001112-3,tel_Telu,zero_width,False
ntx3-001125-1,hin_Latn,nfkc,False
ntx3-001125-1,hin_Latn,extra_spaces,False
ntx3-001125-1,hin_Latn,punctuation,False
ntx3-001125-1,hin_Latn,zero_width,False
ntx3-001821-3,tel_Telu,nfkc,False
ntx3-001821-3,tel_Telu,extra_spaces,False
ntx3-001821-3,tel_Telu,punctuation,False
ntx3-001821-3,tel_Telu,zero_width,False
ntx3-000726-2,tel_Latn,nfkc,False
ntx3-000726-2,tel_Latn,extra_spaces,False
ntx3-000726-2,tel_Latn,punctuation,False
ntx3-000726-2,tel_Latn,zero_width,False
ntx3-002334-3,tel_Telu,nfkc,False
ntx3-002334-3,tel_Telu,extra_spaces,False
ntx3-002334-3,tel_Telu,punctuation,False
ntx3-002334-3,tel_Telu,zero_width,False
ntx3-001133-0,eng_Latn,nfkc,False
ntx3-001133-0,eng_Latn,extra_spaces,False
ntx3-001133-0,eng_Latn,punctuation,False
ntx3-001133-0,eng_Latn,zero_width,False
ntx3-000616-0,eng_Latn,nfkc,False
ntx3-000616-0,eng_Latn,extra_spaces,False
ntx3-000616-0,eng_Latn,punctuation,False
ntx3-000616-0,eng_Latn,zero_width,False
ntx3-002083-1,hin_Latn,nfkc,False
ntx3-002083-1,hin_Latn,extra_spaces,False
ntx3-002083-1,hin_Latn,punctuation,False
ntx3-002083-1,hin_Latn,zero_width,False
ntx3-001726-2,tel_Latn,nfkc,False
ntx3-001726-2,tel_Latn,extra_spaces,False
ntx3-001726-2,tel_Latn,punctuation,False
ntx3-001726-2,tel_Latn,zero_width,False
ntx3-001878-1,hin_Latn,nfkc,False
ntx3-001878-1,hin_Latn,extra_spaces,False
ntx3-001878-1,hin_Latn,punctuation,False
ntx3-001878-1,hin_Latn,zero_width,False
ntx3-000868-2,tel_Latn,nfkc,False
ntx3-000868-2,tel_Latn,extra_spaces,False
ntx3-000868-2,tel_Latn,punctuation,False
ntx3-000868-2,tel_Latn,zero_width,False
ntx3-001929-2,tel_Latn,nfkc,False
ntx3-001929-2,tel_Latn,extra_spaces,False
ntx3-001929-2,tel_Latn,punctuation,False
ntx3-001929-2,tel_Latn,zero_width,False
ntx3-000809-3,tel_Telu,nfkc,False
ntx3-000809-3,tel_Telu,extra_spaces,False
ntx3-000809-3,tel_Telu,punctuation,False
ntx3-000809-3,tel_Telu,zero_width,False
ntx3-001625-0,eng_Latn,nfkc,False
ntx3-001625-0,eng_Latn,extra_spaces,False
ntx3-001625-0,eng_Latn,punctuation,False
ntx3-001625-0,eng_Latn,zero_width,False
ntx3-001434-0,eng_Latn,nfkc,False
ntx3-001434-0,eng_Latn,extra_spaces,False
ntx3-001434-0,eng_Latn,punctuation,False
ntx3-001434-0,eng_Latn,zero_width,False
ntx3-002478-1,hin_Latn,nfkc,False
ntx3-002478-1,hin_Latn,extra_spaces,False
ntx3-002478-1,hin_Latn,punctuation,False
ntx3-002478-1,hin_Latn,zero_width,False
ntx3-001645-1,hin_Latn,nfkc,False
ntx3-001645-1,hin_Latn,extra_spaces,False
ntx3-001645-1,hin_Latn,punctuation,False
ntx3-001645-1,hin_Latn,zero_width,False
ntx3-001668-3,tel_Telu,nfkc,False
ntx3-001668-3,tel_Telu,extra_spaces,False
ntx3-001668-3,tel_Telu,punctuation,False
ntx3-001668-3,tel_Telu,zero_width,False
ntx3-000492-1,hin_Latn,nfkc,False
ntx3-000492-1,hin_Latn,extra_spaces,False
ntx3-000492-1,hin_Latn,punctuation,False
ntx3-000492-1,hin_Latn,zero_width,False
ntx3-000404-1,hin_Latn,nfkc,False
ntx3-000404-1,hin_Latn,extra_spaces,False
ntx3-000404-1,hin_Latn,punctuation,False
ntx3-000404-1,hin_Latn,zero_width,False
ntx3-000913-3,tel_Telu,nfkc,False
ntx3-000913-3,tel_Telu,extra_spaces,False
ntx3-000913-3,tel_Telu,punctuation,False
ntx3-000913-3,tel_Telu,zero_width,False
ntx3-001013-1,hin_Latn,nfkc,False
ntx3-001013-1,hin_Latn,extra_spaces,False
ntx3-001013-1,hin_Latn,punctuation,False
ntx3-001013-1,hin_Latn,zero_width,False
ntx3-000514-3,tel_Telu,nfkc,False
ntx3-000514-3,tel_Telu,extra_spaces,False
ntx3-000514-3,tel_Telu,punctuation,False
ntx3-000514-3,tel_Telu,zero_width,False
ntx3-001578-3,tel_Telu,nfkc,False
ntx3-001578-3,tel_Telu,extra_spaces,False
ntx3-001578-3,tel_Telu,punctuation,False
ntx3-001578-3,tel_Telu,zero_width,False
ntx3-001970-0,eng_Latn,nfkc,False
ntx3-001970-0,eng_Latn,extra_spaces,False
ntx3-001970-0,eng_Latn,punctuation,False
ntx3-001970-0,eng_Latn,zero_width,False
ntx3-001288-0,eng_Latn,nfkc,False
ntx3-001288-0,eng_Latn,extra_spaces,False
ntx3-001288-0,eng_Latn,punctuation,False
ntx3-001288-0,eng_Latn,zero_width,False
ntx3-002117-3,tel_Telu,nfkc,False
ntx3-002117-3,tel_Telu,extra_spaces,False
ntx3-002117-3,tel_Telu,punctuation,False
ntx3-002117-3,tel_Telu,zero_width,False
ntx3-002308-2,tel_Latn,nfkc,False
ntx3-002308-2,tel_Latn,extra_spaces,False
ntx3-002308-2,tel_Latn,punctuation,False
ntx3-002308-2,tel_Latn,zero_width,False
ntx3-001010-3,tel_Telu,nfkc,False
ntx3-001010-3,tel_Telu,extra_spaces,False
ntx3-001010-3,tel_Telu,punctuation,False
ntx3-001010-3,tel_Telu,zero_width,False
ntx3-001445-0,eng_Latn,nfkc,False
ntx3-001445-0,eng_Latn,extra_spaces,False
ntx3-001445-0,eng_Latn,punctuation,False
ntx3-001445-0,eng_Latn,zero_width,False
ntx3-001570-1,hin_Latn,nfkc,False
ntx3-001570-1,hin_Latn,extra_spaces,False
ntx3-001570-1,hin_Latn,punctuation,False
ntx3-001570-1,hin_Latn,zero_width,False
ntx3-001975-1,hin_Latn,nfkc,False
ntx3-001975-1,hin_Latn,extra_spaces,False
ntx3-001975-1,hin_Latn,punctuation,False
ntx3-001975-1,hin_Latn,zero_width,False
ntx3-000540-2,tel_Latn,nfkc,False
ntx3-000540-2,tel_Latn,extra_spaces,False
ntx3-000540-2,tel_Latn,punctuation,False
ntx3-000540-2,tel_Latn,zero_width,False
ntx3-000958-0,eng_Latn,nfkc,False
ntx3-000958-0,eng_Latn,extra_spaces,False
ntx3-000958-0,eng_Latn,punctuation,False
ntx3-000958-0,eng_Latn,zero_width,False
ntx3-000705-2,tel_Latn,nfkc,False
ntx3-000705-2,tel_Latn,extra_spaces,False
ntx3-000705-2,tel_Latn,punctuation,False
ntx3-000705-2,tel_Latn,zero_width,False
ntx3-001519-2,tel_Latn,nfkc,False
ntx3-001519-2,tel_Latn,extra_spaces,False
ntx3-001519-2,tel_Latn,punctuation,False
ntx3-001519-2,tel_Latn,zero_width,False
ntx3-002011-3,tel_Telu,nfkc,False
ntx3-002011-3,tel_Telu,extra_spaces,False
ntx3-002011-3,tel_Telu,punctuation,False
ntx3-002011-3,tel_Telu,zero_width,False
ntx3-001857-1,hin_Latn,nfkc,False
ntx3-001857-1,hin_Latn,extra_spaces,False
ntx3-001857-1,hin_Latn,punctuation,False
ntx3-001857-1,hin_Latn,zero_width,False
ntx3-002181-3,tel_Telu,nfkc,False
ntx3-002181-3,tel_Telu,extra_spaces,False
ntx3-002181-3,tel_Telu,punctuation,False
ntx3-002181-3,tel_Telu,zero_width,False
ntx3-001583-1,hin_Latn,nfkc,False
ntx3-001583-1,hin_Latn,extra_spaces,False
ntx3-001583-1,hin_Latn,punctuation,False
ntx3-001583-1,hin_Latn,zero_width,False
ntx3-002486-0,eng_Latn,nfkc,False
ntx3-002486-0,eng_Latn,extra_spaces,False
ntx3-002486-0,eng_Latn,punctuation,False
ntx3-002486-0,eng_Latn,zero_width,False
ntx3-001957-0,eng_Latn,nfkc,False
ntx3-001957-0,eng_Latn,extra_spaces,False
ntx3-001957-0,eng_Latn,punctuation,False
ntx3-001957-0,eng_Latn,zero_width,False
ntx3-001721-0,eng_Latn,nfkc,False
ntx3-001721-0,eng_Latn,extra_spaces,False
ntx3-001721-0,eng_Latn,punctuation,False
ntx3-001721-0,eng_Latn,zero_width,False
ntx3-001012-0,eng_Latn,nfkc,False
ntx3-001012-0,eng_Latn,extra_spaces,False
ntx3-001012-0,eng_Latn,punctuation,False
ntx3-001012-0,eng_Latn,zero_width,False
ntx3-002173-2,tel_Latn,nfkc,False
ntx3-002173-2,tel_Latn,extra_spaces,False
ntx3-002173-2,tel_Latn,punctuation,False
ntx3-002173-2,tel_Latn,zero_width,False
ntx3-000449-0,eng_Latn,nfkc,False
ntx3-000449-0,eng_Latn,extra_spaces,False
ntx3-000449-0,eng_Latn,punctuation,False
ntx3-000449-0,eng_Latn,zero_width,False
ntx3-002426-1,hin_Latn,nfkc,False
ntx3-002426-1,hin_Latn,extra_spaces,False
ntx3-002426-1,hin_Latn,punctuation,False
ntx3-002426-1,hin_Latn,zero_width,False
ntx3-001465-2,tel_Latn,nfkc,False
ntx3-001465-2,tel_Latn,extra_spaces,False
ntx3-001465-2,tel_Latn,punctuation,False
ntx3-001465-2,tel_Latn,zero_width,False
ntx3-000943-0,eng_Latn,nfkc,False
ntx3-000943-0,eng_Latn,extra_spaces,False
ntx3-000943-0,eng_Latn,punctuation,False
ntx3-000943-0,eng_Latn,zero_width,False
ntx3-001551-0,eng_Latn,nfkc,False
ntx3-001551-0,eng_Latn,extra_spaces,False
ntx3-001551-0,eng_Latn,punctuation,False
ntx3-001551-0,eng_Latn,zero_width,False
ntx3-000863-3,tel_Telu,nfkc,False
ntx3-000863-3,tel_Telu,extra_spaces,False
ntx3-000863-3,tel_Telu,punctuation,False
ntx3-000863-3,tel_Telu,zero_width,False
ntx3-000496-0,eng_Latn,nfkc,False
ntx3-000496-0,eng_Latn,extra_spaces,False
ntx3-000496-0,eng_Latn,punctuation,False
ntx3-000496-0,eng_Latn,zero_width,False
ntx3-000868-3,tel_Telu,nfkc,False
ntx3-000868-3,tel_Telu,extra_spaces,False
ntx3-000868-3,tel_Telu,punctuation,False
ntx3-000868-3,tel_Telu,zero_width,False
ntx3-001705-2,tel_Latn,nfkc,False
ntx3-001705-2,tel_Latn,extra_spaces,False
ntx3-001705-2,tel_Latn,punctuation,False
ntx3-001705-2,tel_Latn,zero_width,False
ntx3-001280-3,tel_Telu,nfkc,False
ntx3-001280-3,tel_Telu,extra_spaces,False
ntx3-001280-3,tel_Telu,punctuation,False
ntx3-001280-3,tel_Telu,zero_width,False
ntx3-000772-2,tel_Latn,nfkc,False
ntx3-000772-2,tel_Latn,extra_spaces,False
ntx3-000772-2,tel_Latn,punctuation,False
ntx3-000772-2,tel_Latn,zero_width,False
ntx3-002357-0,eng_Latn,nfkc,False
ntx3-002357-0,eng_Latn,extra_spaces,False
ntx3-002357-0,eng_Latn,punctuation,False
ntx3-002357-0,eng_Latn,zero_width,False
ntx3-000709-1,hin_Latn,nfkc,False
ntx3-000709-1,hin_Latn,extra_spaces,False
ntx3-000709-1,hin_Latn,punctuation,False
ntx3-000709-1,hin_Latn,zero_width,False
ntx3-001010-1,hin_Latn,nfkc,False
ntx3-001010-1,hin_Latn,extra_spaces,False
ntx3-001010-1,hin_Latn,punctuation,False
ntx3-001010-1,hin_Latn,zero_width,False
ntx3-001029-0,eng_Latn,nfkc,False
ntx3-001029-0,eng_Latn,extra_spaces,False
ntx3-001029-0,eng_Latn,punctuation,False
ntx3-001029-0,eng_Latn,zero_width,False
ntx3-002185-3,tel_Telu,nfkc,False
ntx3-002185-3,tel_Telu,extra_spaces,False
ntx3-002185-3,tel_Telu,punctuation,False
ntx3-002185-3,tel_Telu,zero_width,False
ntx3-001020-2,tel_Latn,nfkc,False
ntx3-001020-2,tel_Latn,extra_spaces,False
ntx3-001020-2,tel_Latn,punctuation,False
ntx3-001020-2,tel_Latn,zero_width,False
ntx3-001786-0,eng_Latn,nfkc,False
ntx3-001786-0,eng_Latn,extra_spaces,False
ntx3-001786-0,eng_Latn,punctuation,False
ntx3-001786-0,eng_Latn,zero_width,False
ntx3-001486-1,hin_Latn,nfkc,False
ntx3-001486-1,hin_Latn,extra_spaces,False
ntx3-001486-1,hin_Latn,punctuation,False
ntx3-001486-1,hin_Latn,zero_width,False
ntx3-001466-2,tel_Latn,nfkc,False
ntx3-001466-2,tel_Latn,extra_spaces,False
ntx3-001466-2,tel_Latn,punctuation,False
ntx3-001466-2,tel_Latn,zero_width,False
ntx3-001629-1,hin_Latn,nfkc,False
ntx3-001629-1,hin_Latn,extra_spaces,False
ntx3-001629-1,hin_Latn,punctuation,False
ntx3-001629-1,hin_Latn,zero_width,False
ntx3-000595-0,eng_Latn,nfkc,False
ntx3-000595-0,eng_Latn,extra_spaces,False
ntx3-000595-0,eng_Latn,punctuation,False
ntx3-000595-0,eng_Latn,zero_width,False
ntx3-000943-3,tel_Telu,nfkc,False
ntx3-000943-3,tel_Telu,extra_spaces,False
ntx3-000943-3,tel_Telu,punctuation,False
ntx3-000943-3,tel_Telu,zero_width,False
ntx3-001985-0,eng_Latn,nfkc,False
ntx3-001985-0,eng_Latn,extra_spaces,False
ntx3-001985-0,eng_Latn,punctuation,False
ntx3-001985-0,eng_Latn,zero_width,False
ntx3-001644-1,hin_Latn,nfkc,False
ntx3-001644-1,hin_Latn,extra_spaces,False
ntx3-001644-1,hin_Latn,punctuation,False
ntx3-001644-1,hin_Latn,zero_width,False
ntx3-001035-2,tel_Latn,nfkc,False
ntx3-001035-2,tel_Latn,extra_spaces,False
ntx3-001035-2,tel_Latn,punctuation,False
ntx3-001035-2,tel_Latn,zero_width,False
ntx3-001663-2,tel_Latn,nfkc,False
ntx3-001663-2,tel_Latn,extra_spaces,False
ntx3-001663-2,tel_Latn,punctuation,False
ntx3-001663-2,tel_Latn,zero_width,False
ntx3-000413-2,tel_Latn,nfkc,False
ntx3-000413-2,tel_Latn,extra_spaces,False
ntx3-000413-2,tel_Latn,punctuation,False
ntx3-000413-2,tel_Latn,zero_width,False
ntx3-002223-0,eng_Latn,nfkc,False
ntx3-002223-0,eng_Latn,extra_spaces,False
ntx3-002223-0,eng_Latn,punctuation,False
ntx3-002223-0,eng_Latn,zero_width,False
ntx3-000331-2,tel_Latn,nfkc,False
ntx3-000331-2,tel_Latn,extra_spaces,False
ntx3-000331-2,tel_Latn,punctuation,False
ntx3-000331-2,tel_Latn,zero_width,False
ntx3-002439-3,tel_Telu,nfkc,False
ntx3-002439-3,tel_Telu,extra_spaces,False
ntx3-002439-3,tel_Telu,punctuation,False
ntx3-002439-3,tel_Telu,zero_width,False
ntx3-001428-1,hin_Latn,nfkc,False
ntx3-001428-1,hin_Latn,extra_spaces,False
ntx3-001428-1,hin_Latn,punctuation,False
ntx3-001428-1,hin_Latn,zero_width,False
ntx3-000607-2,tel_Latn,nfkc,False
ntx3-000607-2,tel_Latn,extra_spaces,False
ntx3-000607-2,tel_Latn,punctuation,False
ntx3-000607-2,tel_Latn,zero_width,False
ntx3-000153-3,tel_Telu,nfkc,False
ntx3-000153-3,tel_Telu,extra_spaces,False
ntx3-000153-3,tel_Telu,punctuation,False
ntx3-000153-3,tel_Telu,zero_width,False
ntx3-002485-1,hin_Latn,nfkc,False
ntx3-002485-1,hin_Latn,extra_spaces,False
ntx3-002485-1,hin_Latn,punctuation,False
ntx3-002485-1,hin_Latn,zero_width,False
ntx3-002054-3,tel_Telu,nfkc,False
ntx3-002054-3,tel_Telu,extra_spaces,False
ntx3-002054-3,tel_Telu,punctuation,False
ntx3-002054-3,tel_Telu,zero_width,False
ntx3-001524-3,tel_Telu,nfkc,False
ntx3-001524-3,tel_Telu,extra_spaces,False
ntx3-001524-3,tel_Telu,punctuation,False
ntx3-001524-3,tel_Telu,zero_width,False
ntx3-000825-2,tel_Latn,nfkc,False
ntx3-000825-2,tel_Latn,extra_spaces,False
ntx3-000825-2,tel_Latn,punctuation,False
ntx3-000825-2,tel_Latn,zero_width,False
ntx3-000555-3,tel_Telu,nfkc,False
ntx3-000555-3,tel_Telu,extra_spaces,False
ntx3-000555-3,tel_Telu,punctuation,False
ntx3-000555-3,tel_Telu,zero_width,False
ntx3-000495-2,tel_Latn,nfkc,False
ntx3-000495-2,tel_Latn,extra_spaces,False
ntx3-000495-2,tel_Latn,punctuation,False
ntx3-000495-2,tel_Latn,zero_width,False
ntx3-001929-3,tel_Telu,nfkc,False
ntx3-001929-3,tel_Telu,extra_spaces,False
ntx3-001929-3,tel_Telu,punctuation,False
ntx3-001929-3,tel_Telu,zero_width,False
ntx3-000797-0,eng_Latn,nfkc,False
ntx3-000797-0,eng_Latn,extra_spaces,False
ntx3-000797-0,eng_Latn,punctuation,False
ntx3-000797-0,eng_Latn,zero_width,False
ntx3-002299-2,tel_Latn,nfkc,False
ntx3-002299-2,tel_Latn,extra_spaces,False
ntx3-002299-2,tel_Latn,punctuation,False
ntx3-002299-2,tel_Latn,zero_width,False
ntx3-000458-2,tel_Latn,nfkc,False
ntx3-000458-2,tel_Latn,extra_spaces,False
ntx3-000458-2,tel_Latn,punctuation,False
ntx3-000458-2,tel_Latn,zero_width,False
ntx3-000454-0,eng_Latn,nfkc,False
ntx3-000454-0,eng_Latn,extra_spaces,False
ntx3-000454-0,eng_Latn,punctuation,False
ntx3-000454-0,eng_Latn,zero_width,False
ntx3-001486-2,tel_Latn,nfkc,False
ntx3-001486-2,tel_Latn,extra_spaces,False
ntx3-001486-2,tel_Latn,punctuation,False
ntx3-001486-2,tel_Latn,zero_width,False
ntx3-000518-3,tel_Telu,nfkc,False
ntx3-000518-3,tel_Telu,extra_spaces,False
ntx3-000518-3,tel_Telu,punctuation,False
ntx3-000518-3,tel_Telu,zero_width,False
ntx3-000379-2,tel_Latn,nfkc,False
ntx3-000379-2,tel_Latn,extra_spaces,False
ntx3-000379-2,tel_Latn,punctuation,False
ntx3-000379-2,tel_Latn,zero_width,False
ntx3-002138-1,hin_Latn,nfkc,False
ntx3-002138-1,hin_Latn,extra_spaces,False
ntx3-002138-1,hin_Latn,punctuation,False
ntx3-002138-1,hin_Latn,zero_width,False
ntx3-000485-1,hin_Latn,nfkc,False
ntx3-000485-1,hin_Latn,extra_spaces,False
ntx3-000485-1,hin_Latn,punctuation,False
ntx3-000485-1,hin_Latn,zero_width,False
ntx3-001426-3,tel_Telu,nfkc,False
ntx3-001426-3,tel_Telu,extra_spaces,False
ntx3-001426-3,tel_Telu,punctuation,False
ntx3-001426-3,tel_Telu,zero_width,False
ntx3-000884-3,tel_Telu,nfkc,False
ntx3-000884-3,tel_Telu,extra_spaces,False
ntx3-000884-3,tel_Telu,punctuation,False
ntx3-000884-3,tel_Telu,zero_width,False
ntx3-001670-0,eng_Latn,nfkc,False
ntx3-001670-0,eng_Latn,extra_spaces,False
ntx3-001670-0,eng_Latn,punctuation,False
ntx3-001670-0,eng_Latn,zero_width,False
ntx3-001763-1,hin_Latn,nfkc,False
ntx3-001763-1,hin_Latn,extra_spaces,False
ntx3-001763-1,hin_Latn,punctuation,False
ntx3-001763-1,hin_Latn,zero_width,False
ntx3-001288-3,tel_Telu,nfkc,False
ntx3-001288-3,tel_Telu,extra_spaces,False
ntx3-001288-3,tel_Telu,punctuation,False
ntx3-001288-3,tel_Telu,zero_width,False
ntx3-001477-0,eng_Latn,nfkc,False
ntx3-001477-0,eng_Latn,extra_spaces,False
ntx3-001477-0,eng_Latn,punctuation,False
ntx3-001477-0,eng_Latn,zero_width,False
ntx3-001821-2,tel_Latn,nfkc,False
ntx3-001821-2,tel_Latn,extra_spaces,False
ntx3-001821-2,tel_Latn,punctuation,False
ntx3-001821-2,tel_Latn,zero_width,False
ntx3-000254-2,tel_Latn,nfkc,False
ntx3-000254-2,tel_Latn,extra_spaces,False
ntx3-000254-2,tel_Latn,punctuation,False
ntx3-000254-2,tel_Latn,zero_width,False
ntx3-002236-1,hin_Latn,nfkc,False
ntx3-002236-1,hin_Latn,extra_spaces,False
ntx3-002236-1,hin_Latn,punctuation,False
ntx3-002236-1,hin_Latn,zero_width,False
ntx3-001868-3,tel_Telu,nfkc,False
ntx3-001868-3,tel_Telu,extra_spaces,False
ntx3-001868-3,tel_Telu,punctuation,False
ntx3-001868-3,tel_Telu,zero_width,False
ntx3-001368-2,tel_Latn,nfkc,False
ntx3-001368-2,tel_Latn,extra_spaces,False
ntx3-001368-2,tel_Latn,punctuation,False
ntx3-001368-2,tel_Latn,zero_width,False
ntx3-001514-1,hin_Latn,nfkc,False
ntx3-001514-1,hin_Latn,extra_spaces,False
ntx3-001514-1,hin_Latn,punctuation,False
ntx3-001514-1,hin_Latn,zero_width,False
ntx3-000527-1,hin_Latn,nfkc,False
ntx3-000527-1,hin_Latn,extra_spaces,False
ntx3-000527-1,hin_Latn,punctuation,False
ntx3-000527-1,hin_Latn,zero_width,False
ntx3-001786-3,tel_Telu,nfkc,False
ntx3-001786-3,tel_Telu,extra_spaces,False
ntx3-001786-3,tel_Telu,punctuation,False
ntx3-001786-3,tel_Telu,zero_width,False
ntx3-002478-3,tel_Telu,nfkc,False
ntx3-002478-3,tel_Telu,extra_spaces,False
ntx3-002478-3,tel_Telu,punctuation,False
ntx3-002478-3,tel_Telu,zero_width,False
ntx3-000709-3,tel_Telu,nfkc,False
ntx3-000709-3,tel_Telu,extra_spaces,False
ntx3-000709-3,tel_Telu,punctuation,False
ntx3-000709-3,tel_Telu,zero_width,False
ntx3-000675-2,tel_Latn,nfkc,False
ntx3-000675-2,tel_Latn,extra_spaces,False
ntx3-000675-2,tel_Latn,punctuation,False
ntx3-000675-2,tel_Latn,zero_width,False
ntx3-001477-1,hin_Latn,nfkc,False
ntx3-001477-1,hin_Latn,extra_spaces,False
ntx3-001477-1,hin_Latn,punctuation,False
ntx3-001477-1,hin_Latn,zero_width,False
ntx3-002486-2,tel_Latn,nfkc,False
ntx3-002486-2,tel_Latn,extra_spaces,False
ntx3-002486-2,tel_Latn,punctuation,False
ntx3-002486-2,tel_Latn,zero_width,False
ntx3-001426-2,tel_Latn,nfkc,False
ntx3-001426-2,tel_Latn,extra_spaces,False
ntx3-001426-2,tel_Latn,punctuation,False
ntx3-001426-2,tel_Latn,zero_width,False
ntx3-000792-2,tel_Latn,nfkc,False
ntx3-000792-2,tel_Latn,extra_spaces,False
ntx3-000792-2,tel_Latn,punctuation,False
ntx3-000792-2,tel_Latn,zero_width,False
ntx3-000389-0,eng_Latn,nfkc,False
ntx3-000389-0,eng_Latn,extra_spaces,False
ntx3-000389-0,eng_Latn,punctuation,False
ntx3-000389-0,eng_Latn,zero_width,False
ntx3-002337-1,hin_Latn,nfkc,False
ntx3-002337-1,hin_Latn,extra_spaces,False
ntx3-002337-1,hin_Latn,punctuation,False
ntx3-002337-1,hin_Latn,zero_width,False
ntx3-001703-3,tel_Telu,nfkc,False
ntx3-001703-3,tel_Telu,extra_spaces,False
ntx3-001703-3,tel_Telu,punctuation,False
ntx3-001703-3,tel_Telu,zero_width,False
ntx3-002194-3,tel_Telu,nfkc,False
ntx3-002194-3,tel_Telu,extra_spaces,False
ntx3-002194-3,tel_Telu,punctuation,False
ntx3-002194-3,tel_Telu,zero_width,False
ntx3-001081-0,eng_Latn,nfkc,False
ntx3-001081-0,eng_Latn,extra_spaces,False
ntx3-001081-0,eng_Latn,punctuation,False
ntx3-001081-0,eng_Latn,zero_width,False
ntx3-001742-3,tel_Telu,nfkc,False
ntx3-001742-3,tel_Telu,extra_spaces,False
ntx3-001742-3,tel_Telu,punctuation,False
ntx3-001742-3,tel_Telu,zero_width,False
ntx3-002303-0,eng_Latn,nfkc,False
ntx3-002303-0,eng_Latn,extra_spaces,False
ntx3-002303-0,eng_Latn,punctuation,False
ntx3-002303-0,eng_Latn,zero_width,False
ntx3-001361-0,eng_Latn,nfkc,False
ntx3-001361-0,eng_Latn,extra_spaces,False
ntx3-001361-0,eng_Latn,punctuation,False
ntx3-001361-0,eng_Latn,zero_width,False
ntx3-002223-1,hin_Latn,nfkc,False
ntx3-002223-1,hin_Latn,extra_spaces,False
ntx3-002223-1,hin_Latn,punctuation,False
ntx3-002223-1,hin_Latn,zero_width,False
ntx3-001857-0,eng_Latn,nfkc,False
ntx3-001857-0,eng_Latn,extra_spaces,False
ntx3-001857-0,eng_Latn,punctuation,False
ntx3-001857-0,eng_Latn,zero_width,False
ntx3-001321-1,hin_Latn,nfkc,False
ntx3-001321-1,hin_Latn,extra_spaces,False
ntx3-001321-1,hin_Latn,punctuation,False
ntx3-001321-1,hin_Latn,zero_width,False
ntx3-002108-1,hin_Latn,nfkc,False
ntx3-002108-1,hin_Latn,extra_spaces,False
ntx3-002108-1,hin_Latn,punctuation,False
ntx3-002108-1,hin_Latn,zero_width,False
ntx3-001735-2,tel_Latn,nfkc,False
ntx3-001735-2,tel_Latn,extra_spaces,False
ntx3-001735-2,tel_Latn,punctuation,False
ntx3-001735-2,tel_Latn,zero_width,False
ntx3-002081-1,hin_Latn,nfkc,False
ntx3-002081-1,hin_Latn,extra_spaces,False
ntx3-002081-1,hin_Latn,punctuation,False
ntx3-002081-1,hin_Latn,zero_width,False
ntx3-002367-1,hin_Latn,nfkc,False
ntx3-002367-1,hin_Latn,extra_spaces,False
ntx3-002367-1,hin_Latn,punctuation,False
ntx3-002367-1,hin_Latn,zero_width,False
ntx3-001950-2,tel_Latn,nfkc,False
ntx3-001950-2,tel_Latn,extra_spaces,False
ntx3-001950-2,tel_Latn,punctuation,False
ntx3-001950-2,tel_Latn,zero_width,False
ntx3-002040-2,tel_Latn,nfkc,False
ntx3-002040-2,tel_Latn,extra_spaces,False
ntx3-002040-2,tel_Latn,punctuation,False
ntx3-002040-2,tel_Latn,zero_width,False
ntx3-001123-1,hin_Latn,nfkc,False
ntx3-001123-1,hin_Latn,extra_spaces,False
ntx3-001123-1,hin_Latn,punctuation,False
ntx3-001123-1,hin_Latn,zero_width,False
ntx3-000496-3,tel_Telu,nfkc,False
ntx3-000496-3,tel_Telu,extra_spaces,False
ntx3-000496-3,tel_Telu,punctuation,False
ntx3-000496-3,tel_Telu,zero_width,False
ntx3-000762-3,tel_Telu,nfkc,False
ntx3-000762-3,tel_Telu,extra_spaces,False
ntx3-000762-3,tel_Telu,punctuation,False
ntx3-000762-3,tel_Telu,zero_width,False
ntx3-000741-1,hin_Latn,nfkc,False
ntx3-000741-1,hin_Latn,extra_spaces,False
ntx3-000741-1,hin_Latn,punctuation,False
ntx3-000741-1,hin_Latn,zero_width,False
ntx3-001129-3,tel_Telu,nfkc,False
ntx3-001129-3,tel_Telu,extra_spaces,False
ntx3-001129-3,tel_Telu,punctuation,False
ntx3-001129-3,tel_Telu,zero_width,False
ntx3-001472-1,hin_Latn,nfkc,False
ntx3-001472-1,hin_Latn,extra_spaces,False
ntx3-001472-1,hin_Latn,punctuation,False
ntx3-001472-1,hin_Latn,zero_width,False
ntx3-001231-3,tel_Telu,nfkc,False
ntx3-001231-3,tel_Telu,extra_spaces,False
ntx3-001231-3,tel_Telu,punctuation,False
ntx3-001231-3,tel_Telu,zero_width,False
ntx3-001246-1,hin_Latn,nfkc,False
ntx3-001246-1,hin_Latn,extra_spaces,False
ntx3-001246-1,hin_Latn,punctuation,False
ntx3-001246-1,hin_Latn,zero_width,False
ntx3-001221-2,tel_Latn,nfkc,False
ntx3-001221-2,tel_Latn,extra_spaces,False
ntx3-001221-2,tel_Latn,punctuation,False
ntx3-001221-2,tel_Latn,zero_width,False
ntx3-001930-1,hin_Latn,nfkc,False
ntx3-001930-1,hin_Latn,extra_spaces,False
ntx3-001930-1,hin_Latn,punctuation,False
ntx3-001930-1,hin_Latn,zero_width,False
ntx3-000790-0,eng_Latn,nfkc,False
ntx3-000790-0,eng_Latn,extra_spaces,False
ntx3-000790-0,eng_Latn,punctuation,False
ntx3-000790-0,eng_Latn,zero_width,False
ntx3-001844-2,tel_Latn,nfkc,False
ntx3-001844-2,tel_Latn,extra_spaces,False
ntx3-001844-2,tel_Latn,punctuation,False
ntx3-001844-2,tel_Latn,zero_width,False
ntx3-002050-0,eng_Latn,nfkc,False
ntx3-002050-0,eng_Latn,extra_spaces,False
ntx3-002050-0,eng_Latn,punctuation,False
ntx3-002050-0,eng_Latn,zero_width,False
ntx3-000285-2,tel_Latn,nfkc,False
ntx3-000285-2,tel_Latn,extra_spaces,False
ntx3-000285-2,tel_Latn,punctuation,False
ntx3-000285-2,tel_Latn,zero_width,False
ntx3-001567-0,eng_Latn,nfkc,False
ntx3-001567-0,eng_Latn,extra_spaces,False
ntx3-001567-0,eng_Latn,punctuation,False
ntx3-001567-0,eng_Latn,zero_width,False
ntx3-002460-3,tel_Telu,nfkc,False
ntx3-002460-3,tel_Telu,extra_spaces,False
ntx3-002460-3,tel_Telu,punctuation,False
ntx3-002460-3,tel_Telu,zero_width,False
ntx3-002037-1,hin_Latn,nfkc,False
ntx3-002037-1,hin_Latn,extra_spaces,False
ntx3-002037-1,hin_Latn,punctuation,False
ntx3-002037-1,hin_Latn,zero_width,False
ntx3-001674-2,tel_Latn,nfkc,False
ntx3-001674-2,tel_Latn,extra_spaces,False
ntx3-001674-2,tel_Latn,punctuation,False
ntx3-001674-2,tel_Latn,zero_width,False
ntx3-000492-2,tel_Latn,nfkc,False
ntx3-000492-2,tel_Latn,extra_spaces,False
ntx3-000492-2,tel_Latn,punctuation,False
ntx3-000492-2,tel_Latn,zero_width,False
ntx3-002337-0,eng_Latn,nfkc,False
ntx3-002337-0,eng_Latn,extra_spaces,False
ntx3-002337-0,eng_Latn,punctuation,False
ntx3-002337-0,eng_Latn,zero_width,False
ntx3-002234-0,eng_Latn,nfkc,False
ntx3-002234-0,eng_Latn,extra_spaces,False
ntx3-002234-0,eng_Latn,punctuation,False
ntx3-002234-0,eng_Latn,zero_width,False
ntx3-001716-2,tel_Latn,nfkc,False
ntx3-001716-2,tel_Latn,extra_spaces,False
ntx3-001716-2,tel_Latn,punctuation,False
ntx3-001716-2,tel_Latn,zero_width,False
ntx3-001732-1,hin_Latn,nfkc,False
ntx3-001732-1,hin_Latn,extra_spaces,False
ntx3-001732-1,hin_Latn,punctuation,False
ntx3-001732-1,hin_Latn,zero_width,False
ntx3-000815-0,eng_Latn,nfkc,False
ntx3-000815-0,eng_Latn,extra_spaces,False
ntx3-000815-0,eng_Latn,punctuation,False
ntx3-000815-0,eng_Latn,zero_width,False
ntx3-001263-1,hin_Latn,nfkc,False
ntx3-001263-1,hin_Latn,extra_spaces,False
ntx3-001263-1,hin_Latn,punctuation,False
ntx3-001263-1,hin_Latn,zero_width,False
ntx3-002486-3,tel_Telu,nfkc,False
ntx3-002486-3,tel_Telu,extra_spaces,False
ntx3-002486-3,tel_Telu,punctuation,False
ntx3-002486-3,tel_Telu,zero_width,False
ntx3-001147-0,eng_Latn,nfkc,False
ntx3-001147-0,eng_Latn,extra_spaces,False
ntx3-001147-0,eng_Latn,punctuation,False
ntx3-001147-0,eng_Latn,zero_width,False
ntx3-000399-1,hin_Latn,nfkc,False
ntx3-000399-1,hin_Latn,extra_spaces,False
ntx3-000399-1,hin_Latn,punctuation,False
ntx3-000399-1,hin_Latn,zero_width,False
ntx3-001450-2,tel_Latn,nfkc,False
ntx3-001450-2,tel_Latn,extra_spaces,False
ntx3-001450-2,tel_Latn,punctuation,False
ntx3-001450-2,tel_Latn,zero_width,False
ntx3-000815-1,hin_Latn,nfkc,False
ntx3-000815-1,hin_Latn,extra_spaces,False
ntx3-000815-1,hin_Latn,punctuation,False
ntx3-000815-1,hin_Latn,zero_width,False
ntx3-001832-2,tel_Latn,nfkc,False
ntx3-001832-2,tel_Latn,extra_spaces,False
ntx3-001832-2,tel_Latn,punctuation,False
ntx3-001832-2,tel_Latn,zero_width,False
ntx3-001937-1,hin_Latn,nfkc,False
ntx3-001937-1,hin_Latn,extra_spaces,False
ntx3-001937-1,hin_Latn,punctuation,False
ntx3-001937-1,hin_Latn,zero_width,False
ntx3-000717-2,tel_Latn,nfkc,False
ntx3-000717-2,tel_Latn,extra_spaces,False
ntx3-000717-2,tel_Latn,punctuation,False
ntx3-000717-2,tel_Latn,zero_width,False
ntx3-000452-3,tel_Telu,nfkc,False
ntx3-000452-3,tel_Telu,extra_spaces,False
ntx3-000452-3,tel_Telu,punctuation,False
ntx3-000452-3,tel_Telu,zero_width,False
ntx3-001810-2,tel_Latn,nfkc,False
ntx3-001810-2,tel_Latn,extra_spaces,False
ntx3-001810-2,tel_Latn,punctuation,False
ntx3-001810-2,tel_Latn,zero_width,False
ntx3-001506-1,hin_Latn,nfkc,False
ntx3-001506-1,hin_Latn,extra_spaces,False
ntx3-001506-1,hin_Latn,punctuation,False
ntx3-001506-1,hin_Latn,zero_width,False
ntx3-000218-2,tel_Latn,nfkc,False
ntx3-000218-2,tel_Latn,extra_spaces,False
ntx3-000218-2,tel_Latn,punctuation,False
ntx3-000218-2,tel_Latn,zero_width,False
ntx3-001208-0,eng_Latn,nfkc,False
ntx3-001208-0,eng_Latn,extra_spaces,False
ntx3-001208-0,eng_Latn,punctuation,False
ntx3-001208-0,eng_Latn,zero_width,False
ntx3-002315-1,hin_Latn,nfkc,False
ntx3-002315-1,hin_Latn,extra_spaces,False
ntx3-002315-1,hin_Latn,punctuation,False
ntx3-002315-1,hin_Latn,zero_width,False
ntx3-002098-0,eng_Latn,nfkc,False
ntx3-002098-0,eng_Latn,extra_spaces,False
ntx3-002098-0,eng_Latn,punctuation,False
ntx3-002098-0,eng_Latn,zero_width,False
ntx3-002249-1,hin_Latn,nfkc,False
ntx3-002249-1,hin_Latn,extra_spaces,False
ntx3-002249-1,hin_Latn,punctuation,False
ntx3-002249-1,hin_Latn,zero_width,False
ntx3-000530-3,tel_Telu,nfkc,False
ntx3-000530-3,tel_Telu,extra_spaces,False
ntx3-000530-3,tel_Telu,punctuation,False
ntx3-000530-3,tel_Telu,zero_width,False
ntx3-001428-0,eng_Latn,nfkc,False
ntx3-001428-0,eng_Latn,extra_spaces,False
ntx3-001428-0,eng_Latn,punctuation,False
ntx3-001428-0,eng_Latn,zero_width,False
ntx3-001301-2,tel_Latn,nfkc,False
ntx3-001301-2,tel_Latn,extra_spaces,False
ntx3-001301-2,tel_Latn,punctuation,False
ntx3-001301-2,tel_Latn,zero_width,False
ntx3-001101-2,tel_Latn,nfkc,False
ntx3-001101-2,tel_Latn,extra_spaces,False
ntx3-001101-2,tel_Latn,punctuation,False
ntx3-001101-2,tel_Latn,zero_width,False
ntx3-000863-2,tel_Latn,nfkc,False
ntx3-000863-2,tel_Latn,extra_spaces,False
ntx3-000863-2,tel_Latn,punctuation,False
ntx3-000863-2,tel_Latn,zero_width,False
ntx3-001685-0,eng_Latn,nfkc,False
ntx3-001685-0,eng_Latn,extra_spaces,False
ntx3-001685-0,eng_Latn,punctuation,False
ntx3-001685-0,eng_Latn,zero_width,False
ntx3-001751-2,tel_Latn,nfkc,False
ntx3-001751-2,tel_Latn,extra_spaces,False
ntx3-001751-2,tel_Latn,punctuation,False
ntx3-001751-2,tel_Latn,zero_width,False
ntx3-001613-1,hin_Latn,nfkc,False
ntx3-001613-1,hin_Latn,extra_spaces,False
ntx3-001613-1,hin_Latn,punctuation,False
ntx3-001613-1,hin_Latn,zero_width,False
ntx3-002420-1,hin_Latn,nfkc,False
ntx3-002420-1,hin_Latn,extra_spaces,False
ntx3-002420-1,hin_Latn,punctuation,False
ntx3-002420-1,hin_Latn,zero_width,False
ntx3-001524-2,tel_Latn,nfkc,False
ntx3-001524-2,tel_Latn,extra_spaces,False
ntx3-001524-2,tel_Latn,punctuation,False
ntx3-001524-2,tel_Latn,zero_width,False
ntx3-001859-1,hin_Latn,nfkc,False
ntx3-001859-1,hin_Latn,extra_spaces,False
ntx3-001859-1,hin_Latn,punctuation,False
ntx3-001859-1,hin_Latn,zero_width,False
ntx3-002478-2,tel_Latn,nfkc,False
ntx3-002478-2,tel_Latn,extra_spaces,False
ntx3-002478-2,tel_Latn,punctuation,False
ntx3-002478-2,tel_Latn,zero_width,False
ntx3-001131-2,tel_Latn,nfkc,False
ntx3-001131-2,tel_Latn,extra_spaces,False
ntx3-001131-2,tel_Latn,punctuation,False
ntx3-001131-2,tel_Latn,zero_width,False
ntx3-001014-0,eng_Latn,nfkc,False
ntx3-001014-0,eng_Latn,extra_spaces,False
ntx3-001014-0,eng_Latn,punctuation,False
ntx3-001014-0,eng_Latn,zero_width,False
ntx3-000312-0,eng_Latn,nfkc,False
ntx3-000312-0,eng_Latn,extra_spaces,False
ntx3-000312-0,eng_Latn,punctuation,False
ntx3-000312-0,eng_Latn,zero_width,False
ntx3-001353-0,eng_Latn,nfkc,False
ntx3-001353-0,eng_Latn,extra_spaces,False
ntx3-001353-0,eng_Latn,punctuation,False
ntx3-001353-0,eng_Latn,zero_width,False
ntx3-002338-0,eng_Latn,nfkc,False
ntx3-002338-0,eng_Latn,extra_spaces,False
ntx3-002338-0,eng_Latn,punctuation,False
ntx3-002338-0,eng_Latn,zero_width,False
ntx3-002124-2,tel_Latn,nfkc,False
ntx3-002124-2,tel_Latn,extra_spaces,False
ntx3-002124-2,tel_Latn,punctuation,False
ntx3-002124-2,tel_Latn,zero_width,False
ntx3-002395-3,tel_Telu,nfkc,False
ntx3-002395-3,tel_Telu,extra_spaces,False
ntx3-002395-3,tel_Telu,punctuation,False
ntx3-002395-3,tel_Telu,zero_width,False
ntx3-000310-1,hin_Latn,nfkc,False
ntx3-000310-1,hin_Latn,extra_spaces,False
ntx3-000310-1,hin_Latn,punctuation,False
ntx3-000310-1,hin_Latn,zero_width,False
ntx3-002019-2,tel_Latn,nfkc,False
ntx3-002019-2,tel_Latn,extra_spaces,False
ntx3-002019-2,tel_Latn,punctuation,False
ntx3-002019-2,tel_Latn,zero_width,False
ntx3-001759-1,hin_Latn,nfkc,False
ntx3-001759-1,hin_Latn,extra_spaces,False
ntx3-001759-1,hin_Latn,punctuation,False
ntx3-001759-1,hin_Latn,zero_width,False
ntx3-002309-1,hin_Latn,nfkc,False
ntx3-002309-1,hin_Latn,extra_spaces,False
ntx3-002309-1,hin_Latn,punctuation,False
ntx3-002309-1,hin_Latn,zero_width,False
ntx3-001263-2,tel_Latn,nfkc,False
ntx3-001263-2,tel_Latn,extra_spaces,False
ntx3-001263-2,tel_Latn,punctuation,False
ntx3-001263-2,tel_Latn,zero_width,False
ntx3-001970-3,tel_Telu,nfkc,False
ntx3-001970-3,tel_Telu,extra_spaces,False
ntx3-001970-3,tel_Telu,punctuation,False
ntx3-001970-3,tel_Telu,zero_width,False
ntx3-001780-0,eng_Latn,nfkc,False
ntx3-001780-0,eng_Latn,extra_spaces,False
ntx3-001780-0,eng_Latn,punctuation,False
ntx3-001780-0,eng_Latn,zero_width,False
ntx3-001931-3,tel_Telu,nfkc,False
ntx3-001931-3,tel_Telu,extra_spaces,False
ntx3-001931-3,tel_Telu,punctuation,False
ntx3-001931-3,tel_Telu,zero_width,False
ntx3-000449-2,tel_Latn,nfkc,False
ntx3-000449-2,tel_Latn,extra_spaces,False
ntx3-000449-2,tel_Latn,punctuation,False
ntx3-000449-2,tel_Latn,zero_width,False
ntx3-000192-3,tel_Telu,nfkc,False
ntx3-000192-3,tel_Telu,extra_spaces,False
ntx3-000192-3,tel_Telu,punctuation,False
ntx3-000192-3,tel_Telu,zero_width,False
ntx3-001307-2,tel_Latn,nfkc,False
ntx3-001307-2,tel_Latn,extra_spaces,False
ntx3-001307-2,tel_Latn,punctuation,False
ntx3-001307-2,tel_Latn,zero_width,False
ntx3-001531-1,hin_Latn,nfkc,False
ntx3-001531-1,hin_Latn,extra_spaces,False
ntx3-001531-1,hin_Latn,punctuation,False
ntx3-001531-1,hin_Latn,zero_width,False
ntx3-001836-1,hin_Latn,nfkc,False
ntx3-001836-1,hin_Latn,extra_spaces,False
ntx3-001836-1,hin_Latn,punctuation,False
ntx3-001836-1,hin_Latn,zero_width,False
ntx3-001918-1,hin_Latn,nfkc,False
ntx3-001918-1,hin_Latn,extra_spaces,False
ntx3-001918-1,hin_Latn,punctuation,False
ntx3-001918-1,hin_Latn,zero_width,False
ntx3-001477-3,tel_Telu,nfkc,False
ntx3-001477-3,tel_Telu,extra_spaces,False
ntx3-001477-3,tel_Telu,punctuation,False
ntx3-001477-3,tel_Telu,zero_width,False
ntx3-001780-1,hin_Latn,nfkc,False
ntx3-001780-1,hin_Latn,extra_spaces,False
ntx3-001780-1,hin_Latn,punctuation,False
ntx3-001780-1,hin_Latn,zero_width,False
ntx3-002498-2,tel_Latn,nfkc,False
ntx3-002498-2,tel_Latn,extra_spaces,False
ntx3-002498-2,tel_Latn,punctuation,False
ntx3-002498-2,tel_Latn,zero_width,False
ntx3-001930-3,tel_Telu,nfkc,False
ntx3-001930-3,tel_Telu,extra_spaces,False
ntx3-001930-3,tel_Telu,punctuation,False
ntx3-001930-3,tel_Telu,zero_width,False
ntx3-001500-1,hin_Latn,nfkc,False
ntx3-001500-1,hin_Latn,extra_spaces,False
ntx3-001500-1,hin_Latn,punctuation,False
ntx3-001500-1,hin_Latn,zero_width,False
ntx3-002436-2,tel_Latn,nfkc,False
ntx3-002436-2,tel_Latn,extra_spaces,False
ntx3-002436-2,tel_Latn,punctuation,False
ntx3-002436-2,tel_Latn,zero_width,False
ntx3-000504-2,tel_Latn,nfkc,False
ntx3-000504-2,tel_Latn,extra_spaces,False
ntx3-000504-2,tel_Latn,punctuation,False
ntx3-000504-2,tel_Latn,zero_width,False
ntx3-001645-0,eng_Latn,nfkc,False
ntx3-001645-0,eng_Latn,extra_spaces,False
ntx3-001645-0,eng_Latn,punctuation,False
ntx3-001645-0,eng_Latn,zero_width,False
ntx3-002191-1,hin_Latn,nfkc,False
ntx3-002191-1,hin_Latn,extra_spaces,False
ntx3-002191-1,hin_Latn,punctuation,False
ntx3-002191-1,hin_Latn,zero_width,False
ntx3-001904-1,hin_Latn,nfkc,False
ntx3-001904-1,hin_Latn,extra_spaces,False
ntx3-001904-1,hin_Latn,punctuation,False
ntx3-001904-1,hin_Latn,zero_width,False
ntx3-002412-0,eng_Latn,nfkc,False
ntx3-002412-0,eng_Latn,extra_spaces,False
ntx3-002412-0,eng_Latn,punctuation,False
ntx3-002412-0,eng_Latn,zero_width,False
ntx3-001795-0,eng_Latn,nfkc,False
ntx3-001795-0,eng_Latn,extra_spaces,False
ntx3-001795-0,eng_Latn,punctuation,False
ntx3-001795-0,eng_Latn,zero_width,False
ntx3-002478-0,eng_Latn,nfkc,False
ntx3-002478-0,eng_Latn,extra_spaces,False
ntx3-002478-0,eng_Latn,punctuation,False
ntx3-002478-0,eng_Latn,zero_width,False
ntx3-001476-0,eng_Latn,nfkc,False
ntx3-001476-0,eng_Latn,extra_spaces,False
ntx3-001476-0,eng_Latn,punctuation,False
ntx3-001476-0,eng_Latn,zero_width,False
ntx3-002147-3,tel_Telu,nfkc,False
ntx3-002147-3,tel_Telu,extra_spaces,False
ntx3-002147-3,tel_Telu,punctuation,False
ntx3-002147-3,tel_Telu,zero_width,False
ntx3-001763-0,eng_Latn,nfkc,False
ntx3-001763-0,eng_Latn,extra_spaces,False
ntx3-001763-0,eng_Latn,punctuation,False
ntx3-001763-0,eng_Latn,zero_width,False
ntx3-000751-0,eng_Latn,nfkc,False
ntx3-000751-0,eng_Latn,extra_spaces,False
ntx3-000751-0,eng_Latn,punctuation,False
ntx3-000751-0,eng_Latn,zero_width,False
ntx3-002338-1,hin_Latn,nfkc,False
ntx3-002338-1,hin_Latn,extra_spaces,False
ntx3-002338-1,hin_Latn,punctuation,False
ntx3-002338-1,hin_Latn,zero_width,False
ntx3-001821-0,eng_Latn,nfkc,False
ntx3-001821-0,eng_Latn,extra_spaces,False
ntx3-001821-0,eng_Latn,punctuation,False
ntx3-001821-0,eng_Latn,zero_width,False
ntx3-002260-3,tel_Telu,nfkc,False
ntx3-002260-3,tel_Telu,extra_spaces,False
ntx3-002260-3,tel_Telu,punctuation,False
ntx3-002260-3,tel_Telu,zero_width,False
ntx3-002426-3,tel_Telu,nfkc,False
ntx3-002426-3,tel_Telu,extra_spaces,False
ntx3-002426-3,tel_Telu,punctuation,False
ntx3-002426-3,tel_Telu,zero_width,False
ntx3-002497-0,eng_Latn,nfkc,False
ntx3-002497-0,eng_Latn,extra_spaces,False
ntx3-002497-0,eng_Latn,punctuation,False
ntx3-002497-0,eng_Latn,zero_width,False
ntx3-000877-0,eng_Latn,nfkc,False
ntx3-000877-0,eng_Latn,extra_spaces,False
ntx3-000877-0,eng_Latn,punctuation,False
ntx3-000877-0,eng_Latn,zero_width,False
ntx3-002295-1,hin_Latn,nfkc,False
ntx3-002295-1,hin_Latn,extra_spaces,False
ntx3-002295-1,hin_Latn,punctuation,False
ntx3-002295-1,hin_Latn,zero_width,False
ntx3-001211-1,hin_Latn,nfkc,False
ntx3-001211-1,hin_Latn,extra_spaces,False
ntx3-001211-1,hin_Latn,punctuation,False
ntx3-001211-1,hin_Latn,zero_width,False
ntx3-001726-0,eng_Latn,nfkc,False
ntx3-001726-0,eng_Latn,extra_spaces,False
ntx3-001726-0,eng_Latn,punctuation,False
ntx3-001726-0,eng_Latn,zero_width,False
ntx3-002334-2,tel_Latn,nfkc,False
ntx3-002334-2,tel_Latn,extra_spaces,False
ntx3-002334-2,tel_Latn,punctuation,False
ntx3-002334-2,tel_Latn,zero_width,False
ntx3-000602-0,eng_Latn,nfkc,False
ntx3-000602-0,eng_Latn,extra_spaces,False
ntx3-000602-0,eng_Latn,punctuation,False
ntx3-000602-0,eng_Latn,zero_width,False
ntx3-000561-3,tel_Telu,nfkc,False
ntx3-000561-3,tel_Telu,extra_spaces,False
ntx3-000561-3,tel_Telu,punctuation,False
ntx3-000561-3,tel_Telu,zero_width,False
ntx3-001903-3,tel_Telu,nfkc,False
ntx3-001903-3,tel_Telu,extra_spaces,False
ntx3-001903-3,tel_Telu,punctuation,False
ntx3-001903-3,tel_Telu,zero_width,False
ntx3-001795-2,tel_Latn,nfkc,False
ntx3-001795-2,tel_Latn,extra_spaces,False
ntx3-001795-2,tel_Latn,punctuation,False
ntx3-001795-2,tel_Latn,zero_width,False
ntx3-002272-0,eng_Latn,nfkc,False
ntx3-002272-0,eng_Latn,extra_spaces,False
ntx3-002272-0,eng_Latn,punctuation,False
ntx3-002272-0,eng_Latn,zero_width,False
ntx3-001324-1,hin_Latn,nfkc,False
ntx3-001324-1,hin_Latn,extra_spaces,False
ntx3-001324-1,hin_Latn,punctuation,False
ntx3-001324-1,hin_Latn,zero_width,False
ntx3-001131-1,hin_Latn,nfkc,False
ntx3-001131-1,hin_Latn,extra_spaces,False
ntx3-001131-1,hin_Latn,punctuation,False
ntx3-001131-1,hin_Latn,zero_width,False
ntx3-002078-0,eng_Latn,nfkc,False
ntx3-002078-0,eng_Latn,extra_spaces,False
ntx3-002078-0,eng_Latn,punctuation,False
ntx3-002078-0,eng_Latn,zero_width,False
ntx3-001179-1,hin_Latn,nfkc,False
ntx3-001179-1,hin_Latn,extra_spaces,False
ntx3-001179-1,hin_Latn,punctuation,False
ntx3-001179-1,hin_Latn,zero_width,False
ntx3-002224-0,eng_Latn,nfkc,False
ntx3-002224-0,eng_Latn,extra_spaces,False
ntx3-002224-0,eng_Latn,punctuation,False
ntx3-002224-0,eng_Latn,zero_width,False
ntx3-000825-1,hin_Latn,nfkc,False
ntx3-000825-1,hin_Latn,extra_spaces,False
ntx3-000825-1,hin_Latn,punctuation,False
ntx3-000825-1,hin_Latn,zero_width,False
ntx3-001503-2,tel_Latn,nfkc,False
ntx3-001503-2,tel_Latn,extra_spaces,False
ntx3-001503-2,tel_Latn,punctuation,False
ntx3-001503-2,tel_Latn,zero_width,False
ntx3-001644-3,tel_Telu,nfkc,False
ntx3-001644-3,tel_Telu,extra_spaces,False
ntx3-001644-3,tel_Telu,punctuation,False
ntx3-001644-3,tel_Telu,zero_width,False
ntx3-000469-1,hin_Latn,nfkc,False
ntx3-000469-1,hin_Latn,extra_spaces,False
ntx3-000469-1,hin_Latn,punctuation,False
ntx3-000469-1,hin_Latn,zero_width,False
ntx3-001055-3,tel_Telu,nfkc,False
ntx3-001055-3,tel_Telu,extra_spaces,False
ntx3-001055-3,tel_Telu,punctuation,False
ntx3-001055-3,tel_Telu,zero_width,False
ntx3-002111-1,hin_Latn,nfkc,False
ntx3-002111-1,hin_Latn,extra_spaces,False
ntx3-002111-1,hin_Latn,punctuation,False
ntx3-002111-1,hin_Latn,zero_width,False
ntx3-001526-3,tel_Telu,nfkc,False
ntx3-001526-3,tel_Telu,extra_spaces,False
ntx3-001526-3,tel_Telu,punctuation,False
ntx3-001526-3,tel_Telu,zero_width,False
ntx3-000797-1,hin_Latn,nfkc,False
ntx3-000797-1,hin_Latn,extra_spaces,False
ntx3-000797-1,hin_Latn,punctuation,False
ntx3-000797-1,hin_Latn,zero_width,False
ntx3-000877-2,tel_Latn,nfkc,False
ntx3-000877-2,tel_Latn,extra_spaces,False
ntx3-000877-2,tel_Latn,punctuation,False
ntx3-000877-2,tel_Latn,zero_width,False
ntx3-001277-3,tel_Telu,nfkc,False
ntx3-001277-3,tel_Telu,extra_spaces,False
ntx3-001277-3,tel_Telu,punctuation,False
ntx3-001277-3,tel_Telu,zero_width,False
ntx3-002260-1,hin_Latn,nfkc,False
ntx3-002260-1,hin_Latn,extra_spaces,False
ntx3-002260-1,hin_Latn,punctuation,False
ntx3-002260-1,hin_Latn,zero_width,False
ntx3-000468-3,tel_Telu,nfkc,False
ntx3-000468-3,tel_Telu,extra_spaces,False
ntx3-000468-3,tel_Telu,punctuation,False
ntx3-000468-3,tel_Telu,zero_width,False
ntx3-001741-0,eng_Latn,nfkc,False
ntx3-001741-0,eng_Latn,extra_spaces,False
ntx3-001741-0,eng_Latn,punctuation,False
ntx3-001741-0,eng_Latn,zero_width,False
ntx3-002327-0,eng_Latn,nfkc,False
ntx3-002327-0,eng_Latn,extra_spaces,False
ntx3-002327-0,eng_Latn,punctuation,False
ntx3-002327-0,eng_Latn,zero_width,False
ntx3-001695-2,tel_Latn,nfkc,False
ntx3-001695-2,tel_Latn,extra_spaces,False
ntx3-001695-2,tel_Latn,punctuation,False
ntx3-001695-2,tel_Latn,zero_width,False
ntx3-001668-2,tel_Latn,nfkc,False
ntx3-001668-2,tel_Latn,extra_spaces,False
ntx3-001668-2,tel_Latn,punctuation,False
ntx3-001668-2,tel_Latn,zero_width,False
ntx3-000710-2,tel_Latn,nfkc,False
ntx3-000710-2,tel_Latn,extra_spaces,False
ntx3-000710-2,tel_Latn,punctuation,False
ntx3-000710-2,tel_Latn,zero_width,False
ntx3-002492-0,eng_Latn,nfkc,False
ntx3-002492-0,eng_Latn,extra_spaces,False
ntx3-002492-0,eng_Latn,punctuation,False
ntx3-002492-0,eng_Latn,zero_width,False
ntx3-000584-1,hin_Latn,nfkc,False
ntx3-000584-1,hin_Latn,extra_spaces,False
ntx3-000584-1,hin_Latn,punctuation,False
ntx3-000584-1,hin_Latn,zero_width,False
ntx3-000890-3,tel_Telu,nfkc,False
ntx3-000890-3,tel_Telu,extra_spaces,False
ntx3-000890-3,tel_Telu,punctuation,False
ntx3-000890-3,tel_Telu,zero_width,False
ntx3-002043-3,tel_Telu,nfkc,False
ntx3-002043-3,tel_Telu,extra_spaces,False
ntx3-002043-3,tel_Telu,punctuation,False
ntx3-002043-3,tel_Telu,zero_width,False
ntx3-001971-2,tel_Latn,nfkc,False
ntx3-001971-2,tel_Latn,extra_spaces,False
ntx3-001971-2,tel_Latn,punctuation,False
ntx3-001971-2,tel_Latn,zero_width,False
ntx3-002477-2,tel_Latn,nfkc,False
ntx3-002477-2,tel_Latn,extra_spaces,False
ntx3-002477-2,tel_Latn,punctuation,False
ntx3-002477-2,tel_Latn,zero_width,False
ntx3-000425-2,tel_Latn,nfkc,False
ntx3-000425-2,tel_Latn,extra_spaces,False
ntx3-000425-2,tel_Latn,punctuation,False
ntx3-000425-2,tel_Latn,zero_width,False
ntx3-000710-3,tel_Telu,nfkc,False
ntx3-000710-3,tel_Telu,extra_spaces,False
ntx3-000710-3,tel_Telu,punctuation,False
ntx3-000710-3,tel_Telu,zero_width,False
ntx3-001852-1,hin_Latn,nfkc,False
ntx3-001852-1,hin_Latn,extra_spaces,False
ntx3-001852-1,hin_Latn,punctuation,False
ntx3-001852-1,hin_Latn,zero_width,False
ntx3-001091-2,tel_Latn,nfkc,False
ntx3-001091-2,tel_Latn,extra_spaces,False
ntx3-001091-2,tel_Latn,punctuation,False
ntx3-001091-2,tel_Latn,zero_width,False
ntx3-000607-0,eng_Latn,nfkc,False
ntx3-000607-0,eng_Latn,extra_spaces,False
ntx3-000607-0,eng_Latn,punctuation,False
ntx3-000607-0,eng_Latn,zero_width,False
ntx3-001415-2,tel_Latn,nfkc,False
ntx3-001415-2,tel_Latn,extra_spaces,False
ntx3-001415-2,tel_Latn,punctuation,False
ntx3-001415-2,tel_Latn,zero_width,False
ntx3-002335-3,tel_Telu,nfkc,False
ntx3-002335-3,tel_Telu,extra_spaces,False
ntx3-002335-3,tel_Telu,punctuation,False
ntx3-002335-3,tel_Telu,zero_width,False
ntx3-001859-3,tel_Telu,nfkc,False
ntx3-001859-3,tel_Telu,extra_spaces,False
ntx3-001859-3,tel_Telu,punctuation,False
ntx3-001859-3,tel_Telu,zero_width,False
