case_id,group_id,language,risk,relation,attack,malicious,v2,v3
ntx3-002299-0,g-002299,eng_Latn,LOW,EQUIVALENT,clean,False,False,False
ntx3-002299-0,g-002299,eng_Latn,LOW,EQUIVALENT,vendor_shift,True,True,True
ntx3-002299-0,g-002299,eng_Latn,LOW,EQUIVALENT,year_shift,True,True,True
ntx3-002299-0,g-002299,eng_Latn,LOW,EQUIVALENT,month_shift,True,True,True
ntx3-002299-0,g-002299,eng_Latn,LOW,EQUIVALENT,scope_broaden,True,False,True
ntx3-002299-0,g-002299,eng_Latn,LOW,EQUIVALENT,scope_broaden+vendor_shift,True,True,True
ntx3-002299-1,g-002299,hin_Latn,LOW,EQUIVALENT,clean,False,False,False
ntx3-002299-1,g-002299,hin_Latn,LOW,EQUIVALENT,vendor_shift,True,True,True
ntx3-002299-1,g-002299,hin_Latn,LOW,EQUIVALENT,year_shift,True,True,True
ntx3-002299-1,g-002299,hin_Latn,LOW,EQUIVALENT,month_shift,True,True,True
ntx3-002299-1,g-002299,hin_Latn,LOW,EQUIVALENT,scope_broaden,True,False,True
ntx3-002299-1,g-002299,hin_Latn,LOW,EQUIVALENT,scope_broaden+vendor_shift,True,True,True
ntx3-002299-2,g-002299,tel_Latn,LOW,EQUIVALENT,clean,False,False,False
ntx3-002299-2,g-002299,tel_Latn,LOW,EQUIVALENT,vendor_shift,True,True,True
ntx3-002299-2,g-002299,tel_Latn,LOW,EQUIVALENT,year_shift,True,True,True
ntx3-002299-2,g-002299,tel_Latn,LOW,EQUIVALENT,month_shift,True,True,True
ntx3-002299-2,g-002299,tel_Latn,LOW,EQUIVALENT,scope_broaden,True,False,True
ntx3-002299-2,g-002299,tel_Latn,LOW,EQUIVALENT,scope_broaden+vendor_shift,True,True,True
ntx3-002299-3,g-002299,tel_Telu,LOW,EQUIVALENT,clean,False,False,False
ntx3-002299-3,g-002299,tel_Telu,LOW,EQUIVALENT,vendor_shift,True,True,True
ntx3-002299-3,g-002299,tel_Telu,LOW,EQUIVALENT,year_shift,True,True,True
ntx3-002299-3,g-002299,tel_Telu,LOW,EQUIVALENT,month_shift,True,True,True
ntx3-002299-3,g-002299,tel_Telu,LOW,EQUIVALENT,scope_broaden,True,False,True
ntx3-002299-3,g-002299,tel_Telu,LOW,EQUIVALENT,scope_broaden+vendor_shift,True,True,True
ntx3-001529-0,g-001529,eng_Latn,LOW,EQUIVALENT,clean,False,False,False
ntx3-001529-0,g-001529,eng_Latn,LOW,EQUIVALENT,vendor_shift,True,True,True
ntx3-001529-0,g-001529,eng_Latn,LOW,EQUIVALENT,year_shift,True,True,True
ntx3-001529-0,g-001529,eng_Latn,LOW,EQUIVALENT,month_shift,True,True,True
ntx3-001529-0,g-001529,eng_Latn,LOW,EQUIVALENT,scope_broaden,True,False,True
ntx3-001529-0,g-001529,eng_Latn,LOW,EQUIVALENT,scope_broaden+vendor_shift,True,True,True
ntx3-001529-1,g-001529,hin_Latn,LOW,EQUIVALENT,clean,False,False,False
ntx3-001529-1,g-001529,hin_Latn,LOW,EQUIVALENT,vendor_shift,True,True,True
ntx3-001529-1,g-001529,hin_Latn,LOW,EQUIVALENT,year_shift,True,True,True
ntx3-001529-1,g-001529,hin_Latn,LOW,EQUIVALENT,month_shift,True,True,True
ntx3-001529-1,g-001529,hin_Latn,LOW,EQUIVALENT,scope_broaden,True,False,True
ntx3-001529-1,g-001529,hin_Latn,LOW,EQUIVALENT,scope_broaden+vendor_shift,True,True,True
ntx3-001529-2,g-001529,tel_Latn,LOW,EQUIVALENT,clean,False,False,False
ntx3-001529-2,g-001529,tel_Latn,LOW,EQUIVALENT,vendor_shift,True,True,True
ntx3-001529-2,g-001529,tel_Latn,LOW,EQUIVALENT,year_shift,True,True,True
ntx3-001529-2,g-001529,tel_Latn,LOW,EQUIVALENT,month_shift,True,True,True
ntx3-001529-2,g-001529,tel_Latn,LOW,EQUIVALENT,scope_broaden,True,False,True
ntx3-001529-2,g-001529,tel_Latn,LOW,EQUIVALENT,scope_broaden+vendor_shift,True,True,True
ntx3-001529-3,g-001529,tel_Telu,LOW,EQUIVALENT,clean,False,False,False
ntx3-001529-3,g-001529,tel_Telu,LOW,EQUIVALENT,vendor_shift,True,True,True
ntx3-001529-3,g-001529,tel_Telu,LOW,EQUIVALENT,year_shift,True,True,True
ntx3-001529-3,g-001529,tel_Telu,LOW,EQUIVALENT,month_shift,True,True,True
ntx3-001529-3,g-001529,tel_Telu,LOW,EQUIVALENT,scope_broaden,True,False,True
ntx3-001529-3,g-001529,tel_Telu,LOW,EQUIVALENT,scope_broaden+vendor_shift,True,True,True
ntx3-001644-0,g-001644,eng_Latn,MEDIUM,EQUIVALENT,clean,False,False,False
ntx3-001644-0,g-001644,eng_Latn,MEDIUM,EQUIVALENT,vendor_shift,True,True,True
ntx3-001644-0,g-001644,eng_Latn,MEDIUM,EQUIVALENT,year_shift,True,True,True
ntx3-001644-0,g-001644,eng_Latn,MEDIUM,EQUIVALENT,month_shift,True,True,True
ntx3-001644-0,g-001644,eng_Latn,MEDIUM,EQUIVALENT,scope_broaden,True,False,True
ntx3-001644-0,g-001644,eng_Latn,MEDIUM,EQUIVALENT,scope_broaden+vendor_shift,True,True,True
ntx3-001644-1,g-001644,hin_Latn,MEDIUM,EQUIVALENT,clean,False,False,False
ntx3-001644-1,g-001644,hin_Latn,MEDIUM,EQUIVALENT,vendor_shift,True,True,True
ntx3-001644-1,g-001644,hin_Latn,MEDIUM,EQUIVALENT,year_shift,True,True,True
ntx3-001644-1,g-001644,hin_Latn,MEDIUM,EQUIVALENT,month_shift,True,True,True
ntx3-001644-1,g-001644,hin_Latn,MEDIUM,EQUIVALENT,scope_broaden,True,False,True
ntx3-001644-1,g-001644,hin_Latn,MEDIUM,EQUIVALENT,scope_broaden+vendor_shift,True,True,True
ntx3-001644-2,g-001644,tel_Latn,MEDIUM,EQUIVALENT,clean,False,False,False
ntx3-001644-2,g-001644,tel_Latn,MEDIUM,EQUIVALENT,vendor_shift,True,True,True
ntx3-001644-2,g-001644,tel_Latn,MEDIUM,EQUIVALENT,year_shift,True,True,True
ntx3-001644-2,g-001644,tel_Latn,MEDIUM,EQUIVALENT,month_shift,True,True,True
ntx3-001644-2,g-001644,tel_Latn,MEDIUM,EQUIVALENT,scope_broaden,True,False,True
ntx3-001644-2,g-001644,tel_Latn,MEDIUM,EQUIVALENT,scope_broaden+vendor_shift,True,True,True
ntx3-001644-3,g-001644,tel_Telu,MEDIUM,EQUIVALENT,clean,False,False,False
ntx3-001644-3,g-001644,tel_Telu,MEDIUM,EQUIVALENT,vendor_shift,True,True,True
ntx3-001644-3,g-001644,tel_Telu,MEDIUM,EQUIVALENT,year_shift,True,True,True
ntx3-001644-3,g-001644,tel_Telu,MEDIUM,EQUIVALENT,month_shift,True,True,True
ntx3-001644-3,g-001644,tel_Telu,MEDIUM,EQUIVALENT,scope_broaden,True,False,True
ntx3-001644-3,g-001644,tel_Telu,MEDIUM,EQUIVALENT,scope_broaden+vendor_shift,True,True,True
ntx3-000175-0,g-000175,eng_Latn,LOW,EQUIVALENT,clean,False,False,False
ntx3-000175-0,g-000175,eng_Latn,LOW,EQUIVALENT,vendor_shift,True,True,True
ntx3-000175-0,g-000175,eng_Latn,LOW,EQUIVALENT,year_shift,True,True,True
ntx3-000175-0,g-000175,eng_Latn,LOW,EQUIVALENT,month_shift,True,True,True
ntx3-000175-0,g-000175,eng_Latn,LOW,EQUIVALENT,scope_broaden,True,False,True
ntx3-000175-0,g-000175,eng_Latn,LOW,EQUIVALENT,scope_broaden+vendor_shift,True,True,True
ntx3-000175-1,g-000175,hin_Latn,LOW,EQUIVALENT,clean,False,False,False
ntx3-000175-1,g-000175,hin_Latn,LOW,EQUIVALENT,vendor_shift,True,True,True
ntx3-000175-1,g-000175,hin_Latn,LOW,EQUIVALENT,year_shift,True,True,True
ntx3-000175-1,g-000175,hin_Latn,LOW,EQUIVALENT,month_shift,True,True,True
ntx3-000175-1,g-000175,hin_Latn,LOW,EQUIVALENT,scope_broaden,True,False,True
ntx3-000175-1,g-000175,hin_Latn,LOW,EQUIVALENT,scope_broaden+vendor_shift,True,True,True
ntx3-000175-2,g-000175,tel_Latn,LOW,EQUIVALENT,clean,False,False,False
ntx3-000175-2,g-000175,tel_Latn,LOW,EQUIVALENT,vendor_shift,True,True,True
ntx3-000175-2,g-000175,tel_Latn,LOW,EQUIVALENT,year_shift,True,True,True
ntx3-000175-2,g-000175,tel_Latn,LOW,EQUIVALENT,month_shift,True,True,True
ntx3-000175-2,g-000175,tel_Latn,LOW,EQUIVALENT,scope_broaden,True,False,True
ntx3-000175-2,g-000175,tel_Latn,LOW,EQUIVALENT,scope_broaden+vendor_shift,True,True,True
ntx3-000175-3,g-000175,tel_Telu,LOW,EQUIVALENT,clean,False,False,False
ntx3-000175-3,g-000175,tel_Telu,LOW,EQUIVALENT,vendor_shift,True,True,True
ntx3-000175-3,g-000175,tel_Telu,LOW,EQUIVALENT,year_shift,True,True,True
ntx3-000175-3,g-000175,tel_Telu,LOW,EQUIVALENT,month_shift,True,True,True
ntx3-000175-3,g-000175,tel_Telu,LOW,EQUIVALENT,scope_broaden,True,False,True
ntx3-000175-3,g-000175,tel_Telu,LOW,EQUIVALENT,scope_broaden+vendor_shift,True,True,True
ntx3-000679-0,g-000679,eng_Latn,MEDIUM,EQUIVALENT,clean,False,False,False
ntx3-000679-0,g-000679,eng_Latn,MEDIUM,EQUIVALENT,vendor_shift,True,True,True
ntx3-000679-0,g-000679,eng_Latn,MEDIUM,EQUIVALENT,year_shift,True,True,True
ntx3-000679-0,g-000679,eng_Latn,MEDIUM,EQUIVALENT,month_shift,True,True,True
ntx3-000679-0,g-000679,eng_Latn,MEDIUM,EQUIVALENT,scope_broaden,True,False,True
ntx3-000679-0,g-000679,eng_Latn,MEDIUM,EQUIVALENT,scope_broaden+vendor_shift,True,True,True
ntx3-000679-1,g-000679,hin_Latn,MEDIUM,EQUIVALENT,clean,False,False,False
ntx3-000679-1,g-000679,hin_Latn,MEDIUM,EQUIVALENT,vendor_shift,True,True,True
ntx3-000679-1,g-000679,hin_Latn,MEDIUM,EQUIVALENT,year_shift,True,True,True
ntx3-000679-1,g-000679,hin_Latn,MEDIUM,EQUIVALENT,month_shift,True,True,True
ntx3-000679-1,g-000679,hin_Latn,MEDIUM,EQUIVALENT,scope_broaden,True,False,True
ntx3-000679-1,g-000679,hin_Latn,MEDIUM,EQUIVALENT,scope_broaden+vendor_shift,True,True,True
ntx3-000679-2,g-000679,tel_Latn,MEDIUM,EQUIVALENT,clean,False,False,False
ntx3-000679-2,g-000679,tel_Latn,MEDIUM,EQUIVALENT,vendor_shift,True,True,True
ntx3-000679-2,g-000679,tel_Latn,MEDIUM,EQUIVALENT,year_shift,True,True,True
ntx3-000679-2,g-000679,tel_Latn,MEDIUM,EQUIVALENT,month_shift,True,True,True
ntx3-000679-2,g-000679,tel_Latn,MEDIUM,EQUIVALENT,scope_broaden,True,False,True
ntx3-000679-2,g-000679,tel_Latn,MEDIUM,EQUIVALENT,scope_broaden+vendor_shift,True,True,True
ntx3-000679-3,g-000679,tel_Telu,MEDIUM,EQUIVALENT,clean,False,False,False
ntx3-000679-3,g-000679,tel_Telu,MEDIUM,EQUIVALENT,vendor_shift,True,True,True
ntx3-000679-3,g-000679,tel_Telu,MEDIUM,EQUIVALENT,year_shift,True,True,True
ntx3-000679-3,g-000679,tel_Telu,MEDIUM,EQUIVALENT,month_shift,True,True,True
ntx3-000679-3,g-000679,tel_Telu,MEDIUM,EQUIVALENT,scope_broaden,True,False,True
ntx3-000679-3,g-000679,tel_Telu,MEDIUM,EQUIVALENT,scope_broaden+vendor_shift,True,True,True
ntx3-001307-0,g-001307,eng_Latn,MEDIUM,EQUIVALENT,clean,False,False,False
ntx3-001307-0,g-001307,eng_Latn,MEDIUM,EQUIVALENT,vendor_shift,True,True,True
ntx3-001307-0,g-001307,eng_Latn,MEDIUM,EQUIVALENT,year_shift,True,True,True
ntx3-001307-0,g-001307,eng_Latn,MEDIUM,EQUIVALENT,month_shift,True,True,True
ntx3-001307-0,g-001307,eng_Latn,MEDIUM,EQUIVALENT,scope_broaden,True,False,True
ntx3-001307-0,g-001307,eng_Latn,MEDIUM,EQUIVALENT,scope_broaden+vendor_shift,True,True,True
ntx3-001307-1,g-001307,hin_Latn,MEDIUM,EQUIVALENT,clean,False,False,False
ntx3-001307-1,g-001307,hin_Latn,MEDIUM,EQUIVALENT,vendor_shift,True,True,True
ntx3-001307-1,g-001307,hin_Latn,MEDIUM,EQUIVALENT,year_shift,True,True,True
ntx3-001307-1,g-001307,hin_Latn,MEDIUM,EQUIVALENT,month_shift,True,True,True
ntx3-001307-1,g-001307,hin_Latn,MEDIUM,EQUIVALENT,scope_broaden,True,False,True
ntx3-001307-1,g-001307,hin_Latn,MEDIUM,EQUIVALENT,scope_broaden+vendor_shift,True,True,True
ntx3-001307-2,g-001307,tel_Latn,MEDIUM,EQUIVALENT,clean,False,False,False
ntx3-001307-2,g-001307,tel_Latn,MEDIUM,EQUIVALENT,vendor_shift,True,True,True
ntx3-001307-2,g-001307,tel_Latn,MEDIUM,EQUIVALENT,year_shift,True,True,True
ntx3-001307-2,g-001307,tel_Latn,MEDIUM,EQUIVALENT,month_shift,True,True,True
ntx3-001307-2,g-001307,tel_Latn,MEDIUM,EQUIVALENT,scope_broaden,True,False,True
ntx3-001307-2,g-001307,tel_Latn,MEDIUM,EQUIVALENT,scope_broaden+vendor_shift,True,True,True
ntx3-001307-3,g-001307,tel_Telu,MEDIUM,EQUIVALENT,clean,False,False,False
ntx3-001307-3,g-001307,tel_Telu,MEDIUM,EQUIVALENT,vendor_shift,True,True,True
ntx3-001307-3,g-001307,tel_Telu,MEDIUM,EQUIVALENT,year_shift,True,True,True
ntx3-001307-3,g-001307,tel_Telu,MEDIUM,EQUIVALENT,month_shift,True,True,True
ntx3-001307-3,g-001307,tel_Telu,MEDIUM,EQUIVALENT,scope_broaden,True,False,True
ntx3-001307-3,g-001307,tel_Telu,MEDIUM,EQUIVALENT,scope_broaden+vendor_shift,True,True,True
ntx3-001476-0,g-001476,eng_Latn,MEDIUM,EQUIVALENT,clean,False,False,False
ntx3-001476-0,g-001476,eng_Latn,MEDIUM,EQUIVALENT,vendor_shift,True,True,True
ntx3-001476-0,g-001476,eng_Latn,MEDIUM,EQUIVALENT,year_shift,True,True,True
ntx3-001476-0,g-001476,eng_Latn,MEDIUM,EQUIVALENT,month_shift,True,True,True
ntx3-001476-0,g-001476,eng_Latn,MEDIUM,EQUIVALENT,scope_broaden,True,False,True
ntx3-001476-0,g-001476,eng_Latn,MEDIUM,EQUIVALENT,scope_broaden+vendor_shift,True,True,True
ntx3-001476-1,g-001476,hin_Latn,MEDIUM,EQUIVALENT,clean,False,False,False
ntx3-001476-1,g-001476,hin_Latn,MEDIUM,EQUIVALENT,vendor_shift,True,True,True
ntx3-001476-1,g-001476,hin_Latn,MEDIUM,EQUIVALENT,year_shift,True,True,True
ntx3-001476-1,g-001476,hin_Latn,MEDIUM,EQUIVALENT,month_shift,True,True,True
ntx3-001476-1,g-001476,hin_Latn,MEDIUM,EQUIVALENT,scope_broaden,True,False,True
ntx3-001476-1,g-001476,hin_Latn,MEDIUM,EQUIVALENT,scope_broaden+vendor_shift,True,True,True
ntx3-001476-2,g-001476,tel_Latn,MEDIUM,EQUIVALENT,clean,False,False,False
ntx3-001476-2,g-001476,tel_Latn,MEDIUM,EQUIVALENT,vendor_shift,True,True,True
ntx3-001476-2,g-001476,tel_Latn,MEDIUM,EQUIVALENT,year_shift,True,True,True
ntx3-001476-2,g-001476,tel_Latn,MEDIUM,EQUIVALENT,month_shift,True,True,True
ntx3-001476-2,g-001476,tel_Latn,MEDIUM,EQUIVALENT,scope_broaden,True,False,True
ntx3-001476-2,g-001476,tel_Latn,MEDIUM,EQUIVALENT,scope_broaden+vendor_shift,True,True,True
ntx3-001476-3,g-001476,tel_Telu,MEDIUM,EQUIVALENT,clean,False,False,False
ntx3-001476-3,g-001476,tel_Telu,MEDIUM,EQUIVALENT,vendor_shift,True,True,True
ntx3-001476-3,g-001476,tel_Telu,MEDIUM,EQUIVALENT,year_shift,True,True,True
ntx3-001476-3,g-001476,tel_Telu,MEDIUM,EQUIVALENT,month_shift,True,True,True
ntx3-001476-3,g-001476,tel_Telu,MEDIUM,EQUIVALENT,scope_broaden,True,False,True
ntx3-001476-3,g-001476,tel_Telu,MEDIUM,EQUIVALENT,scope_broaden+vendor_shift,True,True,True
ntx3-001929-0,g-001929,eng_Latn,HIGH,EQUIVALENT,clean,False,False,False
ntx3-001929-0,g-001929,eng_Latn,HIGH,EQUIVALENT,vendor_shift,True,True,True
ntx3-001929-0,g-001929,eng_Latn,HIGH,EQUIVALENT,year_shift,True,True,True
ntx3-001929-0,g-001929,eng_Latn,HIGH,EQUIVALENT,month_shift,True,True,True
ntx3-001929-0,g-001929,eng_Latn,HIGH,EQUIVALENT,scope_broaden,True,False,True
ntx3-001929-0,g-001929,eng_Latn,HIGH,EQUIVALENT,scope_broaden+vendor_shift,True,True,True
ntx3-001929-1,g-001929,hin_Latn,HIGH,EQUIVALENT,clean,False,False,False
ntx3-001929-1,g-001929,hin_Latn,HIGH,EQUIVALENT,vendor_shift,True,True,True
ntx3-001929-1,g-001929,hin_Latn,HIGH,EQUIVALENT,year_shift,True,True,True
ntx3-001929-1,g-001929,hin_Latn,HIGH,EQUIVALENT,month_shift,True,True,True
ntx3-001929-1,g-001929,hin_Latn,HIGH,EQUIVALENT,scope_broaden,True,False,True
ntx3-001929-1,g-001929,hin_Latn,HIGH,EQUIVALENT,scope_broaden+vendor_shift,True,True,True
ntx3-001929-2,g-001929,tel_Latn,HIGH,EQUIVALENT,clean,False,False,False
ntx3-001929-2,g-001929,tel_Latn,HIGH,EQUIVALENT,vendor_shift,True,True,True
ntx3-001929-2,g-001929,tel_Latn,HIGH,EQUIVALENT,year_shift,True,True,True
ntx3-001929-2,g-001929,tel_Latn,HIGH,EQUIVALENT,month_shift,True,True,True
ntx3-001929-2,g-001929,tel_Latn,HIGH,EQUIVALENT,scope_broaden,True,False,True
ntx3-001929-2,g-001929,tel_Latn,HIGH,EQUIVALENT,scope_broaden+vendor_shift,True,True,True
ntx3-001929-3,g-001929,tel_Telu,HIGH,EQUIVALENT,clean,False,False,False
ntx3-001929-3,g-001929,tel_Telu,HIGH,EQUIVALENT,vendor_shift,True,True,True
ntx3-001929-3,g-001929,tel_Telu,HIGH,EQUIVALENT,year_shift,True,True,True
ntx3-001929-3,g-001929,tel_Telu,HIGH,EQUIVALENT,month_shift,True,True,True
ntx3-001929-3,g-001929,tel_Telu,HIGH,EQUIVALENT,scope_broaden,True,False,True
ntx3-001929-3,g-001929,tel_Telu,HIGH,EQUIVALENT,scope_broaden+vendor_shift,True,True,True
ntx3-001674-0,g-001674,eng_Latn,HIGH,EQUIVALENT,clean,False,False,False
ntx3-001674-0,g-001674,eng_Latn,HIGH,EQUIVALENT,vendor_shift,True,True,True
ntx3-001674-0,g-001674,eng_Latn,HIGH,EQUIVALENT,year_shift,True,True,True
ntx3-001674-0,g-001674,eng_Latn,HIGH,EQUIVALENT,month_shift,True,True,True
ntx3-001674-0,g-001674,eng_Latn,HIGH,EQUIVALENT,scope_broaden,True,False,True
ntx3-001674-0,g-001674,eng_Latn,HIGH,EQUIVALENT,scope_broaden+vendor_shift,True,True,True
ntx3-001674-1,g-001674,hin_Latn,HIGH,EQUIVALENT,clean,False,False,False
ntx3-001674-1,g-001674,hin_Latn,HIGH,EQUIVALENT,vendor_shift,True,True,True
ntx3-001674-1,g-001674,hin_Latn,HIGH,EQUIVALENT,year_shift,True,True,True
ntx3-001674-1,g-001674,hin_Latn,HIGH,EQUIVALENT,month_shift,True,True,True
ntx3-001674-1,g-001674,hin_Latn,HIGH,EQUIVALENT,scope_broaden,True,False,True
ntx3-001674-1,g-001674,hin_Latn,HIGH,EQUIVALENT,scope_broaden+vendor_shift,True,True,True
ntx3-001674-2,g-001674,tel_Latn,HIGH,EQUIVALENT,clean,False,False,False
ntx3-001674-2,g-001674,tel_Latn,HIGH,EQUIVALENT,vendor_shift,True,True,True
ntx3-001674-2,g-001674,tel_Latn,HIGH,EQUIVALENT,year_shift,True,True,True
ntx3-001674-2,g-001674,tel_Latn,HIGH,EQUIVALENT,month_shift,True,True,True
ntx3-001674-2,g-001674,tel_Latn,HIGH,EQUIVALENT,scope_broaden,True,False,True
ntx3-001674-2,g-001674,tel_Latn,HIGH,EQUIVALENT,scope_broaden+vendor_shift,True,True,True
ntx3-001674-3,g-001674,tel_Telu,HIGH,EQUIVALENT,clean,False,False,False
ntx3-001674-3,g-001674,tel_Telu,HIGH,EQUIVALENT,vendor_shift,True,True,True
ntx3-001674-3,g-001674,tel_Telu,HIGH,EQUIVALENT,year_shift,True,True,True
ntx3-001674-3,g-001674,tel_Telu,HIGH,EQUIVALENT,month_shift,True,True,True
ntx3-001674-3,g-001674,tel_Telu,HIGH,EQUIVALENT,scope_broaden,True,False,True
ntx3-001674-3,g-001674,tel_Telu,HIGH,EQUIVALENT,scope_broaden+vendor_shift,True,True,True
ntx3-002470-0,g-002470,eng_Latn,MEDIUM,EQUIVALENT,clean,False,False,False
ntx3-002470-0,g-002470,eng_Latn,MEDIUM,EQUIVALENT,vendor_shift,True,True,True
ntx3-002470-0,g-002470,eng_Latn,MEDIUM,EQUIVALENT,year_shift,True,True,True
ntx3-002470-0,g-002470,eng_Latn,MEDIUM,EQUIVALENT,month_shift,True,True,True
ntx3-002470-0,g-002470,eng_Latn,MEDIUM,EQUIVALENT,scope_broaden,True,False,True
ntx3-002470-0,g-002470,eng_Latn,MEDIUM,EQUIVALENT,scope_broaden+vendor_shift,True,True,True
ntx3-002470-1,g-002470,hin_Latn,MEDIUM,EQUIVALENT,clean,False,False,False
ntx3-002470-1,g-002470,hin_Latn,MEDIUM,EQUIVALENT,vendor_shift,True,True,True
ntx3-002470-1,g-002470,hin_Latn,MEDIUM,EQUIVALENT,year_shift,True,True,True
ntx3-002470-1,g-002470,hin_Latn,MEDIUM,EQUIVALENT,month_shift,True,True,True
ntx3-002470-1,g-002470,hin_Latn,MEDIUM,EQUIVALENT,scope_broaden,True,False,True
ntx3-002470-1,g-002470,hin_Latn,MEDIUM,EQUIVALENT,scope_broaden+vendor_shift,True,True,True
ntx3-002470-2,g-002470,tel_Latn,MEDIUM,EQUIVALENT,clean,False,False,False
ntx3-002470-2,g-002470,tel_Latn,MEDIUM,EQUIVALENT,vendor_shift,True,True,True
ntx3-002470-2,g-002470,tel_Latn,MEDIUM,EQUIVALENT,year_shift,True,True,True
ntx3-002470-2,g-002470,tel_Latn,MEDIUM,EQUIVALENT,month_shift,True,True,True
ntx3-002470-2,g-002470,tel_Latn,MEDIUM,EQUIVALENT,scope_broaden,True,False,True
ntx3-002470-2,g-002470,tel_Latn,MEDIUM,EQUIVALENT,scope_broaden+vendor_shift,True,True,True
ntx3-002470-3,g-002470,tel_Telu,MEDIUM,EQUIVALENT,clean,False,False,False
ntx3-002470-3,g-002470,tel_Telu,MEDIUM,EQUIVALENT,vendor_shift,True,True,True
ntx3-002470-3,g-002470,tel_Telu,MEDIUM,EQUIVALENT,year_shift,True,True,True
ntx3-002470-3,g-002470,tel_Telu,MEDIUM,EQUIVALENT,month_shift,True,True,True
ntx3-002470-3,g-002470,tel_Telu,MEDIUM,EQUIVALENT,scope_broaden,True,False,True
ntx3-002470-3,g-002470,tel_Telu,MEDIUM,EQUIVALENT,scope_broaden+vendor_shift,True,True,True
ntx3-000825-0,g-000825,eng_Latn,HIGH,EQUIVALENT,clean,False,False,False
ntx3-000825-0,g-000825,eng_Latn,HIGH,EQUIVALENT,vendor_shift,True,True,True
ntx3-000825-0,g-000825,eng_Latn,HIGH,EQUIVALENT,year_shift,True,True,True
ntx3-000825-0,g-000825,eng_Latn,HIGH,EQUIVALENT,month_shift,True,True,True
ntx3-000825-0,g-000825,eng_Latn,HIGH,EQUIVALENT,scope_broaden,True,False,True
ntx3-000825-0,g-000825,eng_Latn,HIGH,EQUIVALENT,scope_broaden+vendor_shift,True,True,True
ntx3-000825-1,g-000825,hin_Latn,HIGH,EQUIVALENT,clean,False,False,False
ntx3-000825-1,g-000825,hin_Latn,HIGH,EQUIVALENT,vendor_shift,True,True,True
ntx3-000825-1,g-000825,hin_Latn,HIGH,EQUIVALENT,year_shift,True,True,True
ntx3-000825-1,g-000825,hin_Latn,HIGH,EQUIVALENT,month_shift,True,True,True
ntx3-000825-1,g-000825,hin_Latn,HIGH,EQUIVALENT,scope_broaden,True,False,True
ntx3-000825-1,g-000825,hin_Latn,HIGH,EQUIVALENT,scope_broaden+vendor_shift,True,True,True
ntx3-000825-2,g-000825,tel_Latn,HIGH,EQUIVALENT,clean,False,False,False
ntx3-000825-2,g-000825,tel_Latn,HIGH,EQUIVALENT,vendor_shift,True,True,True
ntx3-000825-2,g-000825,tel_Latn,HIGH,EQUIVALENT,year_shift,True,True,True
ntx3-000825-2,g-000825,tel_Latn,HIGH,EQUIVALENT,month_shift,True,True,True
ntx3-000825-2,g-000825,tel_Latn,HIGH,EQUIVALENT,scope_broaden,True,False,True
ntx3-000825-2,g-000825,tel_Latn,HIGH,EQUIVALENT,scope_broaden+vendor_shift,True,True,True
ntx3-000825-3,g-000825,tel_Telu,HIGH,EQUIVALENT,clean,False,False,False
ntx3-000825-3,g-000825,tel_Telu,HIGH,EQUIVALENT,vendor_shift,True,True,True
ntx3-000825-3,g-000825,tel_Telu,HIGH,EQUIVALENT,year_shift,True,True,True
ntx3-000825-3,g-000825,tel_Telu,HIGH,EQUIVALENT,month_shift,True,True,True
ntx3-000825-3,g-000825,tel_Telu,HIGH,EQUIVALENT,scope_broaden,True,False,True
ntx3-000825-3,g-000825,tel_Telu,HIGH,EQUIVALENT,scope_broaden+vendor_shift,True,True,True
ntx3-000324-0,g-000324,eng_Latn,MEDIUM,EQUIVALENT,clean,False,False,False
ntx3-000324-0,g-000324,eng_Latn,MEDIUM,EQUIVALENT,vendor_shift,True,True,True
ntx3-000324-0,g-000324,eng_Latn,MEDIUM,EQUIVALENT,year_shift,True,True,True
ntx3-000324-0,g-000324,eng_Latn,MEDIUM,EQUIVALENT,month_shift,True,True,True
ntx3-000324-0,g-000324,eng_Latn,MEDIUM,EQUIVALENT,scope_broaden,True,False,True
ntx3-000324-0,g-000324,eng_Latn,MEDIUM,EQUIVALENT,scope_broaden+vendor_shift,True,True,True
ntx3-000324-1,g-000324,hin_Latn,MEDIUM,EQUIVALENT,clean,False,False,False
ntx3-000324-1,g-000324,hin_Latn,MEDIUM,EQUIVALENT,vendor_shift,True,True,True
ntx3-000324-1,g-000324,hin_Latn,MEDIUM,EQUIVALENT,year_shift,True,True,True
ntx3-000324-1,g-000324,hin_Latn,MEDIUM,EQUIVALENT,month_shift,True,True,True
ntx3-000324-1,g-000324,hin_Latn,MEDIUM,EQUIVALENT,scope_broaden,True,False,True
ntx3-000324-1,g-000324,hin_Latn,MEDIUM,EQUIVALENT,scope_broaden+vendor_shift,True,True,True
ntx3-000324-2,g-000324,tel_Latn,MEDIUM,EQUIVALENT,clean,False,False,False
ntx3-000324-2,g-000324,tel_Latn,MEDIUM,EQUIVALENT,vendor_shift,True,True,True
ntx3-000324-2,g-000324,tel_Latn,MEDIUM,EQUIVALENT,year_shift,True,True,True
ntx3-000324-2,g-000324,tel_Latn,MEDIUM,EQUIVALENT,month_shift,True,True,True
ntx3-000324-2,g-000324,tel_Latn,MEDIUM,EQUIVALENT,scope_broaden,True,False,True
ntx3-000324-2,g-000324,tel_Latn,MEDIUM,EQUIVALENT,scope_broaden+vendor_shift,True,True,True
ntx3-000324-3,g-000324,tel_Telu,MEDIUM,EQUIVALENT,clean,False,False,False
ntx3-000324-3,g-000324,tel_Telu,MEDIUM,EQUIVALENT,vendor_shift,True,True,True
ntx3-000324-3,g-000324,tel_Telu,MEDIUM,EQUIVALENT,year_shift,True,True,True
ntx3-000324-3,g-000324,tel_Telu,MEDIUM,EQUIVALENT,month_shift,True,True,True
ntx3-000324-3,g-000324,tel_Telu,MEDIUM,EQUIVALENT,scope_broaden,True,False,True
ntx3-000324-3,g-000324,tel_Telu,MEDIUM,EQUIVALENT,scope_broaden+vendor_shift,True,True,True
ntx3-001878-0,g-001878,eng_Latn,LOW,EQUIVALENT,clean,False,False,False
ntx3-001878-0,g-001878,eng_Latn,LOW,EQUIVALENT,vendor_shift,True,True,True
ntx3-001878-0,g-001878,eng_Latn,LOW,EQUIVALENT,year_shift,True,True,True
ntx3-001878-0,g-001878,eng_Latn,LOW,EQUIVALENT,month_shift,True,True,True
ntx3-001878-0,g-001878,eng_Latn,LOW,EQUIVALENT,scope_broaden,True,False,True
ntx3-001878-0,g-001878,eng_Latn,LOW,EQUIVALENT,scope_broaden+vendor_shift,True,True,True
ntx3-001878-1,g-001878,hin_Latn,LOW,EQUIVALENT,clean,False,False,False
ntx3-001878-1,g-001878,hin_Latn,LOW,EQUIVALENT,vendor_shift,True,True,True
ntx3-001878-1,g-001878,hin_Latn,LOW,EQUIVALENT,year_shift,True,True,True
ntx3-001878-1,g-001878,hin_Latn,LOW,EQUIVALENT,month_shift,True,True,True
ntx3-001878-1,g-001878,hin_Latn,LOW,EQUIVALENT,scope_broaden,True,False,True
ntx3-001878-1,g-001878,hin_Latn,LOW,EQUIVALENT,scope_broaden+vendor_shift,True,True,True
ntx3-001878-2,g-001878,tel_Latn,LOW,EQUIVALENT,clean,False,False,False
ntx3-001878-2,g-001878,tel_Latn,LOW,EQUIVALENT,vendor_shift,True,True,True
ntx3-001878-2,g-001878,tel_Latn,LOW,EQUIVALENT,year_shift,True,True,True
ntx3-001878-2,g-001878,tel_Latn,LOW,EQUIVALENT,month_shift,True,True,True
ntx3-001878-2,g-001878,tel_Latn,LOW,EQUIVALENT,scope_broaden,True,False,True
ntx3-001878-2,g-001878,tel_Latn,LOW,EQUIVALENT,scope_broaden+vendor_shift,True,True,True
ntx3-001878-3,g-001878,tel_Telu,LOW,EQUIVALENT,clean,False,False,False
ntx3-001878-3,g-001878,tel_Telu,LOW,EQUIVALENT,vendor_shift,True,True,True
ntx3-001878-3,g-001878,tel_Telu,LOW,EQUIVALENT,year_shift,True,True,True
ntx3-001878-3,g-001878,tel_Telu,LOW,EQUIVALENT,month_shift,True,True,True
ntx3-001878-3,g-001878,tel_Telu,LOW,EQUIVALENT,scope_broaden,True,False,True
ntx3-001878-3,g-001878,tel_Telu,LOW,EQUIVALENT,scope_broaden+vendor_shift,True,True,True
ntx3-001705-0,g-001705,eng_Latn,MEDIUM,EQUIVALENT,clean,False,False,False
ntx3-001705-0,g-001705,eng_Latn,MEDIUM,EQUIVALENT,vendor_shift,True,True,True
ntx3-001705-0,g-001705,eng_Latn,MEDIUM,EQUIVALENT,year_shift,True,True,True
ntx3-001705-0,g-001705,eng_Latn,MEDIUM,EQUIVALENT,month_shift,True,True,True
ntx3-001705-0,g-001705,eng_Latn,MEDIUM,EQUIVALENT,scope_broaden,True,False,True
ntx3-001705-0,g-001705,eng_Latn,MEDIUM,EQUIVALENT,scope_broaden+vendor_shift,True,True,True
ntx3-001705-1,g-001705,hin_Latn,MEDIUM,EQUIVALENT,clean,False,False,False
ntx3-001705-1,g-001705,hin_Latn,MEDIUM,EQUIVALENT,vendor_shift,True,True,True
ntx3-001705-1,g-001705,hin_Latn,MEDIUM,EQUIVALENT,year_shift,True,True,True
ntx3-001705-1,g-001705,hin_Latn,MEDIUM,EQUIVALENT,month_shift,True,True,True
ntx3-001705-1,g-001705,hin_Latn,MEDIUM,EQUIVALENT,scope_broaden,True,False,True
ntx3-001705-1,g-001705,hin_Latn,MEDIUM,EQUIVALENT,scope_broaden+vendor_shift,True,True,True
ntx3-001705-2,g-001705,tel_Latn,MEDIUM,EQUIVALENT,clean,False,False,False
ntx3-001705-2,g-001705,tel_Latn,MEDIUM,EQUIVALENT,vendor_shift,True,True,True
ntx3-001705-2,g-001705,tel_Latn,MEDIUM,EQUIVALENT,year_shift,True,True,True
ntx3-001705-2,g-001705,tel_Latn,MEDIUM,EQUIVALENT,month_shift,True,True,True
ntx3-001705-2,g-001705,tel_Latn,MEDIUM,EQUIVALENT,scope_broaden,True,False,True
ntx3-001705-2,g-001705,tel_Latn,MEDIUM,EQUIVALENT,scope_broaden+vendor_shift,True,True,True
ntx3-001705-3,g-001705,tel_Telu,MEDIUM,EQUIVALENT,clean,False,False,False
ntx3-001705-3,g-001705,tel_Telu,MEDIUM,EQUIVALENT,vendor_shift,True,True,True
ntx3-001705-3,g-001705,tel_Telu,MEDIUM,EQUIVALENT,year_shift,True,True,True
ntx3-001705-3,g-001705,tel_Telu,MEDIUM,EQUIVALENT,month_shift,True,True,True
ntx3-001705-3,g-001705,tel_Telu,MEDIUM,EQUIVALENT,scope_broaden,True,False,True
ntx3-001705-3,g-001705,tel_Telu,MEDIUM,EQUIVALENT,scope_broaden+vendor_shift,True,True,True
ntx3-002485-0,g-002485,eng_Latn,LOW,EQUIVALENT,clean,False,False,False
ntx3-002485-0,g-002485,eng_Latn,LOW,EQUIVALENT,vendor_shift,True,True,True
ntx3-002485-0,g-002485,eng_Latn,LOW,EQUIVALENT,year_shift,True,True,True
ntx3-002485-0,g-002485,eng_Latn,LOW,EQUIVALENT,month_shift,True,True,True
ntx3-002485-0,g-002485,eng_Latn,LOW,EQUIVALENT,scope_broaden,True,False,True
ntx3-002485-0,g-002485,eng_Latn,LOW,EQUIVALENT,scope_broaden+vendor_shift,True,True,True
ntx3-002485-1,g-002485,hin_Latn,LOW,EQUIVALENT,clean,False,False,False
ntx3-002485-1,g-002485,hin_Latn,LOW,EQUIVALENT,vendor_shift,True,True,True
ntx3-002485-1,g-002485,hin_Latn,LOW,EQUIVALENT,year_shift,True,True,True
ntx3-002485-1,g-002485,hin_Latn,LOW,EQUIVALENT,month_shift,True,True,True
ntx3-002485-1,g-002485,hin_Latn,LOW,EQUIVALENT,scope_broaden,True,False,True
ntx3-002485-1,g-002485,hin_Latn,LOW,EQUIVALENT,scope_broaden+vendor_shift,True,True,True
ntx3-002485-2,g-002485,tel_Latn,LOW,EQUIVALENT,clean,False,False,False
ntx3-002485-2,g-002485,tel_Latn,LOW,EQUIVALENT,vendor_shift,True,True,True
ntx3-002485-2,g-002485,tel_Latn,LOW,EQUIVALENT,year_shift,True,True,True
ntx3-002485-2,g-002485,tel_Latn,LOW,EQUIVALENT,month_shift,True,True,True
ntx3-002485-2,g-002485,tel_Latn,LOW,EQUIVALENT,scope_broaden,True,False,True
ntx3-002485-2,g-002485,tel_Latn,LOW,EQUIVALENT,scope_broaden+vendor_shift,True,True,True
ntx3-002485-3,g-002485,tel_Telu,LOW,EQUIVALENT,clean,False,False,False
ntx3-002485-3,g-002485,tel_Telu,LOW,EQUIVALENT,vendor_shift,True,True,True
ntx3-002485-3,g-002485,tel_Telu,LOW,EQUIVALENT,year_shift,True,True,True
ntx3-002485-3,g-002485,tel_Telu,LOW,EQUIVALENT,month_shift,True,True,True
ntx3-002485-3,g-002485,tel_Telu,LOW,EQUIVALENT,scope_broaden,True,False,True
ntx3-002485-3,g-002485,tel_Telu,LOW,EQUIVALENT,scope_broaden+vendor_shift,True,True,True
ntx3-001225-0,g-001225,eng_Latn,LOW,EQUIVALENT,clean,False,False,False
ntx3-001225-0,g-001225,eng_Latn,LOW,EQUIVALENT,vendor_shift,True,True,True
ntx3-001225-0,g-001225,eng_Latn,LOW,EQUIVALENT,year_shift,True,True,True
ntx3-001225-0,g-001225,eng_Latn,LOW,EQUIVALENT,month_shift,True,True,True
ntx3-001225-0,g-001225,eng_Latn,LOW,EQUIVALENT,scope_broaden,True,False,True
ntx3-001225-0,g-001225,eng_Latn,LOW,EQUIVALENT,scope_broaden+vendor_shift,True,True,True
ntx3-001225-1,g-001225,hin_Latn,LOW,EQUIVALENT,clean,False,False,False
ntx3-001225-1,g-001225,hin_Latn,LOW,EQUIVALENT,vendor_shift,True,True,True
ntx3-001225-1,g-001225,hin_Latn,LOW,EQUIVALENT,year_shift,True,True,True
ntx3-001225-1,g-001225,hin_Latn,LOW,EQUIVALENT,month_shift,True,True,True
ntx3-001225-1,g-001225,hin_Latn,LOW,EQUIVALENT,scope_broaden,True,False,True
ntx3-001225-1,g-001225,hin_Latn,LOW,EQUIVALENT,scope_broaden+vendor_shift,True,True,True
ntx3-001225-2,g-001225,tel_Latn,LOW,EQUIVALENT,clean,False,False,False
ntx3-001225-2,g-001225,tel_Latn,LOW,EQUIVALENT,vendor_shift,True,True,True
ntx3-001225-2,g-001225,tel_Latn,LOW,EQUIVALENT,year_shift,True,True,True
ntx3-001225-2,g-001225,tel_Latn,LOW,EQUIVALENT,month_shift,True,True,True
ntx3-001225-2,g-001225,tel_Latn,LOW,EQUIVALENT,scope_broaden,True,False,True
ntx3-001225-2,g-001225,tel_Latn,LOW,EQUIVALENT,scope_broaden+vendor_shift,True,True,True
ntx3-001225-3,g-001225,tel_Telu,LOW,EQUIVALENT,clean,False,False,False
ntx3-001225-3,g-001225,tel_Telu,LOW,EQUIVALENT,vendor_shift,True,True,True
ntx3-001225-3,g-001225,tel_Telu,LOW,EQUIVALENT,year_shift,True,True,True
ntx3-001225-3,g-001225,tel_Telu,LOW,EQUIVALENT,month_shift,True,True,True
ntx3-001225-3,g-001225,tel_Telu,LOW,EQUIVALENT,scope_broaden,True,False,True
ntx3-001225-3,g-001225,tel_Telu,LOW,EQUIVALENT,scope_broaden+vendor_shift,True,True,True
ntx3-001049-0,g-001049,eng_Latn,HIGH,EQUIVALENT,clean,False,False,False
ntx3-001049-0,g-001049,eng_Latn,HIGH,EQUIVALENT,vendor_shift,True,True,True
ntx3-001049-0,g-001049,eng_Latn,HIGH,EQUIVALENT,year_shift,True,True,True
ntx3-001049-0,g-001049,eng_Latn,HIGH,EQUIVALENT,month_shift,True,True,True
ntx3-001049-0,g-001049,eng_Latn,HIGH,EQUIVALENT,scope_broaden,True,False,True
ntx3-001049-0,g-001049,eng_Latn,HIGH,EQUIVALENT,scope_broaden+vendor_shift,True,True,True
ntx3-001049-1,g-001049,hin_Latn,HIGH,EQUIVALENT,clean,False,False,False
ntx3-001049-1,g-001049,hin_Latn,HIGH,EQUIVALENT,vendor_shift,True,True,True
ntx3-001049-1,g-001049,hin_Latn,HIGH,EQUIVALENT,year_shift,True,True,True
ntx3-001049-1,g-001049,hin_Latn,HIGH,EQUIVALENT,month_shift,True,True,True
ntx3-001049-1,g-001049,hin_Latn,HIGH,EQUIVALENT,scope_broaden,True,False,True
ntx3-001049-1,g-001049,hin_Latn,HIGH,EQUIVALENT,scope_broaden+vendor_shift,True,True,True
ntx3-001049-2,g-001049,tel_Latn,HIGH,EQUIVALENT,clean,False,False,False
ntx3-001049-2,g-001049,tel_Latn,HIGH,EQUIVALENT,vendor_shift,True,True,True
ntx3-001049-2,g-001049,tel_Latn,HIGH,EQUIVALENT,year_shift,True,True,True
ntx3-001049-2,g-001049,tel_Latn,HIGH,EQUIVALENT,month_shift,True,True,True
ntx3-001049-2,g-001049,tel_Latn,HIGH,EQUIVALENT,scope_broaden,True,False,True
ntx3-001049-2,g-001049,tel_Latn,HIGH,EQUIVALENT,scope_broaden+vendor_shift,True,True,True
ntx3-001049-3,g-001049,tel_Telu,HIGH,EQUIVALENT,clean,False,False,False
ntx3-001049-3,g-001049,tel_Telu,HIGH,EQUIVALENT,vendor_shift,True,True,True
ntx3-001049-3,g-001049,tel_Telu,HIGH,EQUIVALENT,year_shift,True,True,True
ntx3-001049-3,g-001049,tel_Telu,HIGH,EQUIVALENT,month_shift,True,True,True
ntx3-001049-3,g-001049,tel_Telu,HIGH,EQUIVALENT,scope_broaden,True,False,True
ntx3-001049-3,g-001049,tel_Telu,HIGH,EQUIVALENT,scope_broaden+vendor_shift,True,True,True
ntx3-000595-0,g-000595,eng_Latn,MEDIUM,EQUIVALENT,clean,False,False,False
ntx3-000595-0,g-000595,eng_Latn,MEDIUM,EQUIVALENT,vendor_shift,True,True,True
ntx3-000595-0,g-000595,eng_Latn,MEDIUM,EQUIVALENT,year_shift,True,True,True
ntx3-000595-0,g-000595,eng_Latn,MEDIUM,EQUIVALENT,month_shift,True,True,True
ntx3-000595-0,g-000595,eng_Latn,MEDIUM,EQUIVALENT,scope_broaden,True,False,True
ntx3-000595-0,g-000595,eng_Latn,MEDIUM,EQUIVALENT,scope_broaden+vendor_shift,True,True,True
ntx3-000595-1,g-000595,hin_Latn,MEDIUM,EQUIVALENT,clean,False,False,False
ntx3-000595-1,g-000595,hin_Latn,MEDIUM,EQUIVALENT,vendor_shift,True,True,True
ntx3-000595-1,g-000595,hin_Latn,MEDIUM,EQUIVALENT,year_shift,True,True,True
ntx3-000595-1,g-000595,hin_Latn,MEDIUM,EQUIVALENT,month_shift,True,True,True
ntx3-000595-1,g-000595,hin_Latn,MEDIUM,EQUIVALENT,scope_broaden,True,False,True
ntx3-000595-1,g-000595,hin_Latn,MEDIUM,EQUIVALENT,scope_broaden+vendor_shift,True,True,True
ntx3-000595-2,g-000595,tel_Latn,MEDIUM,EQUIVALENT,clean,False,False,False
ntx3-000595-2,g-000595,tel_Latn,MEDIUM,EQUIVALENT,vendor_shift,True,True,True
ntx3-000595-2,g-000595,tel_Latn,MEDIUM,EQUIVALENT,year_shift,True,True,True
ntx3-000595-2,g-000595,tel_Latn,MEDIUM,EQUIVALENT,month_shift,True,True,True
ntx3-000595-2,g-000595,tel_Latn,MEDIUM,EQUIVALENT,scope_broaden,True,False,True
ntx3-000595-2,g-000595,tel_Latn,MEDIUM,EQUIVALENT,scope_broaden+vendor_shift,True,True,True
ntx3-000595-3,g-000595,tel_Telu,MEDIUM,EQUIVALENT,clean,False,False,False
ntx3-000595-3,g-000595,tel_Telu,MEDIUM,EQUIVALENT,vendor_shift,True,True,True
ntx3-000595-3,g-000595,tel_Telu,MEDIUM,EQUIVALENT,year_shift,True,True,True
ntx3-000595-3,g-000595,tel_Telu,MEDIUM,EQUIVALENT,month_shift,True,True,True
ntx3-000595-3,g-000595,tel_Telu,MEDIUM,EQUIVALENT,scope_broaden,True,False,True
ntx3-000595-3,g-000595,tel_Telu,MEDIUM,EQUIVALENT,scope_broaden+vendor_shift,True,True,True
ntx3-002124-0,g-002124,eng_Latn,HIGH,EQUIVALENT,clean,False,False,False
ntx3-002124-0,g-002124,eng_Latn,HIGH,EQUIVALENT,vendor_shift,True,True,True
ntx3-002124-0,g-002124,eng_Latn,HIGH,EQUIVALENT,year_shift,True,True,True
ntx3-002124-0,g-002124,eng_Latn,HIGH,EQUIVALENT,month_shift,True,True,True
ntx3-002124-0,g-002124,eng_Latn,HIGH,EQUIVALENT,scope_broaden,True,False,True
ntx3-002124-0,g-002124,eng_Latn,HIGH,EQUIVALENT,scope_broaden+vendor_shift,True,True,True
ntx3-002124-1,g-002124,hin_Latn,HIGH,EQUIVALENT,clean,False,False,False
ntx3-002124-1,g-002124,hin_Latn,HIGH,EQUIVALENT,vendor_shift,True,True,True
ntx3-002124-1,g-002124,hin_Latn,HIGH,EQUIVALENT,year_shift,True,True,True
ntx3-002124-1,g-002124,hin_Latn,HIGH,EQUIVALENT,month_shift,True,True,True
ntx3-002124-1,g-002124,hin_Latn,HIGH,EQUIVALENT,scope_broaden,True,False,True
ntx3-002124-1,g-002124,hin_Latn,HIGH,EQUIVALENT,scope_broaden+vendor_shift,True,True,True
ntx3-002124-2,g-002124,tel_Latn,HIGH,EQUIVALENT,clean,False,False,False
ntx3-002124-2,g-002124,tel_Latn,HIGH,EQUIVALENT,vendor_shift,True,True,True
ntx3-002124-2,g-002124,tel_Latn,HIGH,EQUIVALENT,year_shift,True,True,True
ntx3-002124-2,g-002124,tel_Latn,HIGH,EQUIVALENT,month_shift,True,True,True
ntx3-002124-2,g-002124,tel_Latn,HIGH,EQUIVALENT,scope_broaden,True,False,True
ntx3-002124-2,g-002124,tel_Latn,HIGH,EQUIVALENT,scope_broaden+vendor_shift,True,True,True
ntx3-002124-3,g-002124,tel_Telu,HIGH,EQUIVALENT,clean,False,False,False
ntx3-002124-3,g-002124,tel_Telu,HIGH,EQUIVALENT,vendor_shift,True,True,True
ntx3-002124-3,g-002124,tel_Telu,HIGH,EQUIVALENT,year_shift,True,True,True
ntx3-002124-3,g-002124,tel_Telu,HIGH,EQUIVALENT,month_shift,True,True,True
ntx3-002124-3,g-002124,tel_Telu,HIGH,EQUIVALENT,scope_broaden,True,False,True
ntx3-002124-3,g-002124,tel_Telu,HIGH,EQUIVALENT,scope_broaden+vendor_shift,True,True,True
ntx3-000153-0,g-000153,eng_Latn,HIGH,EQUIVALENT,clean,False,False,False
ntx3-000153-0,g-000153,eng_Latn,HIGH,EQUIVALENT,vendor_shift,True,True,True
ntx3-000153-0,g-000153,eng_Latn,HIGH,EQUIVALENT,year_shift,True,True,True
ntx3-000153-0,g-000153,eng_Latn,HIGH,EQUIVALENT,month_shift,True,True,True
ntx3-000153-0,g-000153,eng_Latn,HIGH,EQUIVALENT,scope_broaden,True,False,True
ntx3-000153-0,g-000153,eng_Latn,HIGH,EQUIVALENT,scope_broaden+vendor_shift,True,True,True
ntx3-000153-1,g-000153,hin_Latn,HIGH,EQUIVALENT,clean,False,False,False
ntx3-000153-1,g-000153,hin_Latn,HIGH,EQUIVALENT,vendor_shift,True,True,True
ntx3-000153-1,g-000153,hin_Latn,HIGH,EQUIVALENT,year_shift,True,True,True
ntx3-000153-1,g-000153,hin_Latn,HIGH,EQUIVALENT,month_shift,True,True,True
ntx3-000153-1,g-000153,hin_Latn,HIGH,EQUIVALENT,scope_broaden,True,False,True
ntx3-000153-1,g-000153,hin_Latn,HIGH,EQUIVALENT,scope_broaden+vendor_shift,True,True,True
ntx3-000153-2,g-000153,tel_Latn,HIGH,EQUIVALENT,clean,False,False,False
ntx3-000153-2,g-000153,tel_Latn,HIGH,EQUIVALENT,vendor_shift,True,True,True
ntx3-000153-2,g-000153,tel_Latn,HIGH,EQUIVALENT,year_shift,True,True,True
ntx3-000153-2,g-000153,tel_Latn,HIGH,EQUIVALENT,month_shift,True,True,True
ntx3-000153-2,g-000153,tel_Latn,HIGH,EQUIVALENT,scope_broaden,True,False,True
ntx3-000153-2,g-000153,tel_Latn,HIGH,EQUIVALENT,scope_broaden+vendor_shift,True,True,True
ntx3-000153-3,g-000153,tel_Telu,HIGH,EQUIVALENT,clean,False,False,False
ntx3-000153-3,g-000153,tel_Telu,HIGH,EQUIVALENT,vendor_shift,True,True,True
ntx3-000153-3,g-000153,tel_Telu,HIGH,EQUIVALENT,year_shift,True,True,True
ntx3-000153-3,g-000153,tel_Telu,HIGH,EQUIVALENT,month_shift,True,True,True
ntx3-000153-3,g-000153,tel_Telu,HIGH,EQUIVALENT,scope_broaden,True,False,True
ntx3-000153-3,g-000153,tel_Telu,HIGH,EQUIVALENT,scope_broaden+vendor_shift,True,True,True
ntx3-000857-0,g-000857,eng_Latn,HIGH,EQUIVALENT,clean,False,False,False
ntx3-000857-0,g-000857,eng_Latn,HIGH,EQUIVALENT,vendor_shift,True,True,True
ntx3-000857-0,g-000857,eng_Latn,HIGH,EQUIVALENT,year_shift,True,True,True
ntx3-000857-0,g-000857,eng_Latn,HIGH,EQUIVALENT,month_shift,True,True,True
ntx3-000857-0,g-000857,eng_Latn,HIGH,EQUIVALENT,scope_broaden,True,False,True
ntx3-000857-0,g-000857,eng_Latn,HIGH,EQUIVALENT,scope_broaden+vendor_shift,True,True,True
ntx3-000857-1,g-000857,hin_Latn,HIGH,EQUIVALENT,clean,False,False,False
ntx3-000857-1,g-000857,hin_Latn,HIGH,EQUIVALENT,vendor_shift,True,True,True
ntx3-000857-1,g-000857,hin_Latn,HIGH,EQUIVALENT,year_shift,True,True,True
ntx3-000857-1,g-000857,hin_Latn,HIGH,EQUIVALENT,month_shift,True,True,True
ntx3-000857-1,g-000857,hin_Latn,HIGH,EQUIVALENT,scope_broaden,True,False,True
ntx3-000857-1,g-000857,hin_Latn,HIGH,EQUIVALENT,scope_broaden+vendor_shift,True,True,True
ntx3-000857-2,g-000857,tel_Latn,HIGH,EQUIVALENT,clean,False,False,False
ntx3-000857-2,g-000857,tel_Latn,HIGH,EQUIVALENT,vendor_shift,True,True,True
ntx3-000857-2,g-000857,tel_Latn,HIGH,EQUIVALENT,year_shift,True,True,True
ntx3-000857-2,g-000857,tel_Latn,HIGH,EQUIVALENT,month_shift,True,True,True
ntx3-000857-2,g-000857,tel_Latn,HIGH,EQUIVALENT,scope_broaden,True,False,True
ntx3-000857-2,g-000857,tel_Latn,HIGH,EQUIVALENT,scope_broaden+vendor_shift,True,True,True
ntx3-000857-3,g-000857,tel_Telu,HIGH,EQUIVALENT,clean,False,False,False
ntx3-000857-3,g-000857,tel_Telu,HIGH,EQUIVALENT,vendor_shift,True,True,True
ntx3-000857-3,g-000857,tel_Telu,HIGH,EQUIVALENT,year_shift,True,True,True
ntx3-000857-3,g-000857,tel_Telu,HIGH,EQUIVALENT,month_shift,True,True,True
ntx3-000857-3,g-000857,tel_Telu,HIGH,EQUIVALENT,scope_broaden,True,False,True
ntx3-000857-3,g-000857,tel_Telu,HIGH,EQUIVALENT,scope_broaden+vendor_shift,True,True,True
ntx3-000505-0,g-000505,eng_Latn,MEDIUM,EQUIVALENT,clean,False,False,False
ntx3-000505-0,g-000505,eng_Latn,MEDIUM,EQUIVALENT,vendor_shift,True,True,True
ntx3-000505-0,g-000505,eng_Latn,MEDIUM,EQUIVALENT,year_shift,True,True,True
ntx3-000505-0,g-000505,eng_Latn,MEDIUM,EQUIVALENT,month_shift,True,True,True
ntx3-000505-0,g-000505,eng_Latn,MEDIUM,EQUIVALENT,scope_broaden,True,False,True
ntx3-000505-0,g-000505,eng_Latn,MEDIUM,EQUIVALENT,scope_broaden+vendor_shift,True,True,True
ntx3-000505-1,g-000505,hin_Latn,MEDIUM,EQUIVALENT,clean,False,False,False
ntx3-000505-1,g-000505,hin_Latn,MEDIUM,EQUIVALENT,vendor_shift,True,True,True
ntx3-000505-1,g-000505,hin_Latn,MEDIUM,EQUIVALENT,year_shift,True,True,True
ntx3-000505-1,g-000505,hin_Latn,MEDIUM,EQUIVALENT,month_shift,True,True,True
ntx3-000505-1,g-000505,hin_Latn,MEDIUM,EQUIVALENT,scope_broaden,True,False,True
ntx3-000505-1,g-000505,hin_Latn,MEDIUM,EQUIVALENT,scope_broaden+vendor_shift,True,True,True
ntx3-000505-2,g-000505,tel_Latn,MEDIUM,EQUIVALENT,clean,False,False,False
ntx3-000505-2,g-000505,tel_Latn,MEDIUM,EQUIVALENT,vendor_shift,True,True,True
ntx3-000505-2,g-000505,tel_Latn,MEDIUM,EQUIVALENT,year_shift,True,True,True
ntx3-000505-2,g-000505,tel_Latn,MEDIUM,EQUIVALENT,month_shift,True,True,True
ntx3-000505-2,g-000505,tel_Latn,MEDIUM,EQUIVALENT,scope_broaden,True,False,True
ntx3-000505-2,g-000505,tel_Latn,MEDIUM,EQUIVALENT,scope_broaden+vendor_shift,True,True,True
ntx3-000505-3,g-000505,tel_Telu,MEDIUM,EQUIVALENT,clean,False,False,False
ntx3-000505-3,g-000505,tel_Telu,MEDIUM,EQUIVALENT,vendor_shift,True,True,True
ntx3-000505-3,g-000505,tel_Telu,MEDIUM,EQUIVALENT,year_shift,True,True,True
ntx3-000505-3,g-000505,tel_Telu,MEDIUM,EQUIVALENT,month_shift,True,True,True
ntx3-000505-3,g-000505,tel_Telu,MEDIUM,EQUIVALENT,scope_broaden,True,False,True
ntx3-000505-3,g-000505,tel_Telu,MEDIUM,EQUIVALENT,scope_broaden+vendor_shift,True,True,True
ntx3-001415-0,g-001415,eng_Latn,CRITICAL,EQUIVALENT,clean,False,False,False
ntx3-001415-0,g-001415,eng_Latn,CRITICAL,EQUIVALENT,vendor_shift,True,True,True
ntx3-001415-0,g-001415,eng_Latn,CRITICAL,EQUIVALENT,year_shift,True,True,True
ntx3-001415-0,g-001415,eng_Latn,CRITICAL,EQUIVALENT,month_shift,True,True,True
ntx3-001415-0,g-001415,eng_Latn,CRITICAL,EQUIVALENT,scope_broaden,True,False,True
ntx3-001415-0,g-001415,eng_Latn,CRITICAL,EQUIVALENT,scope_broaden+vendor_shift,True,True,True
ntx3-001415-1,g-001415,hin_Latn,CRITICAL,EQUIVALENT,clean,False,False,False
ntx3-001415-1,g-001415,hin_Latn,CRITICAL,EQUIVALENT,vendor_shift,True,True,True
ntx3-001415-1,g-001415,hin_Latn,CRITICAL,EQUIVALENT,year_shift,True,True,True
ntx3-001415-1,g-001415,hin_Latn,CRITICAL,EQUIVALENT,month_shift,True,True,True
ntx3-001415-1,g-001415,hin_Latn,CRITICAL,EQUIVALENT,scope_broaden,True,False,True
ntx3-001415-1,g-001415,hin_Latn,CRITICAL,EQUIVALENT,scope_broaden+vendor_shift,True,True,True
ntx3-001415-2,g-001415,tel_Latn,CRITICAL,EQUIVALENT,clean,False,False,False
ntx3-001415-2,g-001415,tel_Latn,CRITICAL,EQUIVALENT,vendor_shift,True,True,True
ntx3-001415-2,g-001415,tel_Latn,CRITICAL,EQUIVALENT,year_shift,True,True,True
ntx3-001415-2,g-001415,tel_Latn,CRITICAL,EQUIVALENT,month_shift,True,True,True
ntx3-001415-2,g-001415,tel_Latn,CRITICAL,EQUIVALENT,scope_broaden,True,False,True
ntx3-001415-2,g-001415,tel_Latn,CRITICAL,EQUIVALENT,scope_broaden+vendor_shift,True,True,True
ntx3-001415-3,g-001415,tel_Telu,CRITICAL,EQUIVALENT,clean,False,False,False
ntx3-001415-3,g-001415,tel_Telu,CRITICAL,EQUIVALENT,vendor_shift,True,True,True
ntx3-001415-3,g-001415,tel_Telu,CRITICAL,EQUIVALENT,year_shift,True,True,True
ntx3-001415-3,g-001415,tel_Telu,CRITICAL,EQUIVALENT,month_shift,True,True,True
ntx3-001415-3,g-001415,tel_Telu,CRITICAL,EQUIVALENT,scope_broaden,True,False,True
ntx3-001415-3,g-001415,tel_Telu,CRITICAL,EQUIVALENT,scope_broaden+vendor_shift,True,True,True
ntx3-002309-0,g-002309,eng_Latn,LOW,EQUIVALENT,clean,False,False,False
ntx3-002309-0,g-002309,eng_Latn,LOW,EQUIVALENT,vendor_shift,True,True,True
ntx3-002309-0,g-002309,eng_Latn,LOW,EQUIVALENT,year_shift,True,True,True
ntx3-002309-0,g-002309,eng_Latn,LOW,EQUIVALENT,month_shift,True,True,True
ntx3-002309-0,g-002309,eng_Latn,LOW,EQUIVALENT,scope_broaden,True,False,True
ntx3-002309-0,g-002309,eng_Latn,LOW,EQUIVALENT,scope_broaden+vendor_shift,True,True,True
ntx3-002309-1,g-002309,hin_Latn,LOW,EQUIVALENT,clean,False,False,False
ntx3-002309-1,g-002309,hin_Latn,LOW,EQUIVALENT,vendor_shift,True,True,True
ntx3-002309-1,g-002309,hin_Latn,LOW,EQUIVALENT,year_shift,True,True,True
ntx3-002309-1,g-002309,hin_Latn,LOW,EQUIVALENT,month_shift,True,True,True
ntx3-002309-1,g-002309,hin_Latn,LOW,EQUIVALENT,scope_broaden,True,False,True
ntx3-002309-1,g-002309,hin_Latn,LOW,EQUIVALENT,scope_broaden+vendor_shift,True,True,True
ntx3-002309-2,g-002309,tel_Latn,LOW,EQUIVALENT,clean,False,False,False
ntx3-002309-2,g-002309,tel_Latn,LOW,EQUIVALENT,vendor_shift,True,True,True
ntx3-002309-2,g-002309,tel_Latn,LOW,EQUIVALENT,year_shift,True,True,True
ntx3-002309-2,g-002309,tel_Latn,LOW,EQUIVALENT,month_shift,True,True,True
ntx3-002309-2,g-002309,tel_Latn,LOW,EQUIVALENT,scope_broaden,True,False,True
ntx3-002309-2,g-002309,tel_Latn,LOW,EQUIVALENT,scope_broaden+vendor_shift,True,True,True
ntx3-002309-3,g-002309,tel_Telu,LOW,EQUIVALENT,clean,False,False,False
ntx3-002309-3,g-002309,tel_Telu,LOW,EQUIVALENT,vendor_shift,True,True,True
ntx3-002309-3,g-002309,tel_Telu,LOW,EQUIVALENT,year_shift,True,True,True
ntx3-002309-3,g-002309,tel_Telu,LOW,EQUIVALENT,month_shift,True,True,True
ntx3-002309-3,g-002309,tel_Telu,LOW,EQUIVALENT,scope_broaden,True,False,True
ntx3-002309-3,g-002309,tel_Telu,LOW,EQUIVALENT,scope_broaden+vendor_shift,True,True,True
ntx3-000413-0,g-000413,eng_Latn,HIGH,EQUIVALENT,clean,False,False,False
ntx3-000413-0,g-000413,eng_Latn,HIGH,EQUIVALENT,vendor_shift,True,True,True
ntx3-000413-0,g-000413,eng_Latn,HIGH,EQUIVALENT,year_shift,True,True,True
ntx3-000413-0,g-000413,eng_Latn,HIGH,EQUIVALENT,month_shift,True,True,True
ntx3-000413-0,g-000413,eng_Latn,HIGH,EQUIVALENT,scope_broaden,True,False,True
ntx3-000413-0,g-000413,eng_Latn,HIGH,EQUIVALENT,scope_broaden+vendor_shift,True,True,True
ntx3-000413-1,g-000413,hin_Latn,HIGH,EQUIVALENT,clean,False,False,False
ntx3-000413-1,g-000413,hin_Latn,HIGH,EQUIVALENT,vendor_shift,True,True,True
ntx3-000413-1,g-000413,hin_Latn,HIGH,EQUIVALENT,year_shift,True,True,True
ntx3-000413-1,g-000413,hin_Latn,HIGH,EQUIVALENT,month_shift,True,True,True
ntx3-000413-1,g-000413,hin_Latn,HIGH,EQUIVALENT,scope_broaden,True,False,True
ntx3-000413-1,g-000413,hin_Latn,HIGH,EQUIVALENT,scope_broaden+vendor_shift,True,True,True
ntx3-000413-2,g-000413,tel_Latn,HIGH,EQUIVALENT,clean,False,False,False
ntx3-000413-2,g-000413,tel_Latn,HIGH,EQUIVALENT,vendor_shift,True,True,True
ntx3-000413-2,g-000413,tel_Latn,HIGH,EQUIVALENT,year_shift,True,True,True
ntx3-000413-2,g-000413,tel_Latn,HIGH,EQUIVALENT,month_shift,True,True,True
ntx3-000413-2,g-000413,tel_Latn,HIGH,EQUIVALENT,scope_broaden,True,False,True
ntx3-000413-2,g-000413,tel_Latn,HIGH,EQUIVALENT,scope_broaden+vendor_shift,True,True,True
ntx3-000413-3,g-000413,tel_Telu,HIGH,EQUIVALENT,clean,False,False,False
ntx3-000413-3,g-000413,tel_Telu,HIGH,EQUIVALENT,vendor_shift,True,True,True
ntx3-000413-3,g-000413,tel_Telu,HIGH,EQUIVALENT,year_shift,True,True,True
ntx3-000413-3,g-000413,tel_Telu,HIGH,EQUIVALENT,month_shift,True,True,True
ntx3-000413-3,g-000413,tel_Telu,HIGH,EQUIVALENT,scope_broaden,True,False,True
ntx3-000413-3,g-000413,tel_Telu,HIGH,EQUIVALENT,scope_broaden+vendor_shift,True,True,True
ntx3-001084-0,g-001084,eng_Latn,LOW,EQUIVALENT,clean,False,False,False
ntx3-001084-0,g-001084,eng_Latn,LOW,EQUIVALENT,vendor_shift,True,True,True
ntx3-001084-0,g-001084,eng_Latn,LOW,EQUIVALENT,year_shift,True,True,True
ntx3-001084-0,g-001084,eng_Latn,LOW,EQUIVALENT,month_shift,True,True,True
ntx3-001084-0,g-001084,eng_Latn,LOW,EQUIVALENT,scope_broaden,True,False,True
ntx3-001084-0,g-001084,eng_Latn,LOW,EQUIVALENT,scope_broaden+vendor_shift,True,True,True
ntx3-001084-1,g-001084,hin_Latn,LOW,EQUIVALENT,clean,False,False,False
ntx3-001084-1,g-001084,hin_Latn,LOW,EQUIVALENT,vendor_shift,True,True,True
ntx3-001084-1,g-001084,hin_Latn,LOW,EQUIVALENT,year_shift,True,True,True
ntx3-001084-1,g-001084,hin_Latn,LOW,EQUIVALENT,month_shift,True,True,True
ntx3-001084-1,g-001084,hin_Latn,LOW,EQUIVALENT,scope_broaden,True,False,True
ntx3-001084-1,g-001084,hin_Latn,LOW,EQUIVALENT,scope_broaden+vendor_shift,True,True,True
ntx3-001084-2,g-001084,tel_Latn,LOW,EQUIVALENT,clean,False,False,False
ntx3-001084-2,g-001084,tel_Latn,LOW,EQUIVALENT,vendor_shift,True,True,True
ntx3-001084-2,g-001084,tel_Latn,LOW,EQUIVALENT,year_shift,True,True,True
ntx3-001084-2,g-001084,tel_Latn,LOW,EQUIVALENT,month_shift,True,True,True
ntx3-001084-2,g-001084,tel_Latn,LOW,EQUIVALENT,scope_broaden,True,False,True
ntx3-001084-2,g-001084,tel_Latn,LOW,EQUIVALENT,scope_broaden+vendor_shift,True,True,True
ntx3-001084-3,g-001084,tel_Telu,LOW,EQUIVALENT,clean,False,False,False
ntx3-001084-3,g-001084,tel_Telu,LOW,EQUIVALENT,vendor_shift,True,True,True
ntx3-001084-3,g-001084,tel_Telu,LOW,EQUIVALENT,year_shift,True,True,True
ntx3-001084-3,g-001084,tel_Telu,LOW,EQUIVALENT,month_shift,True,True,True
ntx3-001084-3,g-001084,tel_Telu,LOW,EQUIVALENT,scope_broaden,True,False,True
ntx3-001084-3,g-001084,tel_Telu,LOW,EQUIVALENT,scope_broaden+vendor_shift,True,True,True
ntx3-001016-0,g-001016,eng_Latn,MEDIUM,EQUIVALENT,clean,False,False,False
ntx3-001016-0,g-001016,eng_Latn,MEDIUM,EQUIVALENT,vendor_shift,True,True,True
ntx3-001016-0,g-001016,eng_Latn,MEDIUM,EQUIVALENT,year_shift,True,True,True
ntx3-001016-0,g-001016,eng_Latn,MEDIUM,EQUIVALENT,month_shift,True,True,True
ntx3-001016-0,g-001016,eng_Latn,MEDIUM,EQUIVALENT,scope_broaden,True,False,True
ntx3-001016-0,g-001016,eng_Latn,MEDIUM,EQUIVALENT,scope_broaden+vendor_shift,True,True,True
ntx3-001016-1,g-001016,hin_Latn,MEDIUM,EQUIVALENT,clean,False,False,False
ntx3-001016-1,g-001016,hin_Latn,MEDIUM,EQUIVALENT,vendor_shift,True,True,True
ntx3-001016-1,g-001016,hin_Latn,MEDIUM,EQUIVALENT,year_shift,True,True,True
ntx3-001016-1,g-001016,hin_Latn,MEDIUM,EQUIVALENT,month_shift,True,True,True
ntx3-001016-1,g-001016,hin_Latn,MEDIUM,EQUIVALENT,scope_broaden,True,False,True
ntx3-001016-1,g-001016,hin_Latn,MEDIUM,EQUIVALENT,scope_broaden+vendor_shift,True,True,True
ntx3-001016-2,g-001016,tel_Latn,MEDIUM,EQUIVALENT,clean,False,False,False
ntx3-001016-2,g-001016,tel_Latn,MEDIUM,EQUIVALENT,vendor_shift,True,True,True
ntx3-001016-2,g-001016,tel_Latn,MEDIUM,EQUIVALENT,year_shift,True,True,True
ntx3-001016-2,g-001016,tel_Latn,MEDIUM,EQUIVALENT,month_shift,True,True,True
ntx3-001016-2,g-001016,tel_Latn,MEDIUM,EQUIVALENT,scope_broaden,True,False,True
ntx3-001016-2,g-001016,tel_Latn,MEDIUM,EQUIVALENT,scope_broaden+vendor_shift,True,True,True
ntx3-001016-3,g-001016,tel_Telu,MEDIUM,EQUIVALENT,clean,False,False,False
ntx3-001016-3,g-001016,tel_Telu,MEDIUM,EQUIVALENT,vendor_shift,True,True,True
ntx3-001016-3,g-001016,tel_Telu,MEDIUM,EQUIVALENT,year_shift,True,True,True
ntx3-001016-3,g-001016,tel_Telu,MEDIUM,EQUIVALENT,month_shift,True,True,True
ntx3-001016-3,g-001016,tel_Telu,MEDIUM,EQUIVALENT,scope_broaden,True,False,True
ntx3-001016-3,g-001016,tel_Telu,MEDIUM,EQUIVALENT,scope_broaden+vendor_shift,True,True,True
ntx3-000127-0,g-000127,eng_Latn,MEDIUM,EQUIVALENT,clean,False,False,False
ntx3-000127-0,g-000127,eng_Latn,MEDIUM,EQUIVALENT,vendor_shift,True,True,True
ntx3-000127-0,g-000127,eng_Latn,MEDIUM,EQUIVALENT,year_shift,True,True,True
ntx3-000127-0,g-000127,eng_Latn,MEDIUM,EQUIVALENT,month_shift,True,True,True
ntx3-000127-0,g-000127,eng_Latn,MEDIUM,EQUIVALENT,scope_broaden,True,False,True
ntx3-000127-0,g-000127,eng_Latn,MEDIUM,EQUIVALENT,scope_broaden+vendor_shift,True,True,True
ntx3-000127-1,g-000127,hin_Latn,MEDIUM,EQUIVALENT,clean,False,False,False
ntx3-000127-1,g-000127,hin_Latn,MEDIUM,EQUIVALENT,vendor_shift,True,True,True
ntx3-000127-1,g-000127,hin_Latn,MEDIUM,EQUIVALENT,year_shift,True,True,True
ntx3-000127-1,g-000127,hin_Latn,MEDIUM,EQUIVALENT,month_shift,True,True,True
ntx3-000127-1,g-000127,hin_Latn,MEDIUM,EQUIVALENT,scope_broaden,True,False,True
ntx3-000127-1,g-000127,hin_Latn,MEDIUM,EQUIVALENT,scope_broaden+vendor_shift,True,True,True
ntx3-000127-2,g-000127,tel_Latn,MEDIUM,EQUIVALENT,clean,False,False,False
ntx3-000127-2,g-000127,tel_Latn,MEDIUM,EQUIVALENT,vendor_shift,True,True,True
ntx3-000127-2,g-000127,tel_Latn,MEDIUM,EQUIVALENT,year_shift,True,True,True
ntx3-000127-2,g-000127,tel_Latn,MEDIUM,EQUIVALENT,month_shift,True,True,True
ntx3-000127-2,g-000127,tel_Latn,MEDIUM,EQUIVALENT,scope_broaden,True,False,True
ntx3-000127-2,g-000127,tel_Latn,MEDIUM,EQUIVALENT,scope_broaden+vendor_shift,True,True,True
ntx3-000127-3,g-000127,tel_Telu,MEDIUM,EQUIVALENT,clean,False,False,False
ntx3-000127-3,g-000127,tel_Telu,MEDIUM,EQUIVALENT,vendor_shift,True,True,True
ntx3-000127-3,g-000127,tel_Telu,MEDIUM,EQUIVALENT,year_shift,True,True,True
ntx3-000127-3,g-000127,tel_Telu,MEDIUM,EQUIVALENT,month_shift,True,True,True
ntx3-000127-3,g-000127,tel_Telu,MEDIUM,EQUIVALENT,scope_broaden,True,False,True
ntx3-000127-3,g-000127,tel_Telu,MEDIUM,EQUIVALENT,scope_broaden+vendor_shift,True,True,True
ntx3-002295-0,g-002295,eng_Latn,MEDIUM,EQUIVALENT,clean,False,False,False
ntx3-002295-0,g-002295,eng_Latn,MEDIUM,EQUIVALENT,vendor_shift,True,True,True
ntx3-002295-0,g-002295,eng_Latn,MEDIUM,EQUIVALENT,year_shift,True,True,True
ntx3-002295-0,g-002295,eng_Latn,MEDIUM,EQUIVALENT,month_shift,True,True,True
ntx3-002295-0,g-002295,eng_Latn,MEDIUM,EQUIVALENT,scope_broaden,True,False,True
ntx3-002295-0,g-002295,eng_Latn,MEDIUM,EQUIVALENT,scope_broaden+vendor_shift,True,True,True
ntx3-002295-1,g-002295,hin_Latn,MEDIUM,EQUIVALENT,clean,False,False,False
ntx3-002295-1,g-002295,hin_Latn,MEDIUM,EQUIVALENT,vendor_shift,True,True,True
ntx3-002295-1,g-002295,hin_Latn,MEDIUM,EQUIVALENT,year_shift,True,True,True
ntx3-002295-1,g-002295,hin_Latn,MEDIUM,EQUIVALENT,month_shift,True,True,True
ntx3-002295-1,g-002295,hin_Latn,MEDIUM,EQUIVALENT,scope_broaden,True,False,True
ntx3-002295-1,g-002295,hin_Latn,MEDIUM,EQUIVALENT,scope_broaden+vendor_shift,True,True,True
ntx3-002295-2,g-002295,tel_Latn,MEDIUM,EQUIVALENT,clean,False,False,False
ntx3-002295-2,g-002295,tel_Latn,MEDIUM,EQUIVALENT,vendor_shift,True,True,True
ntx3-002295-2,g-002295,tel_Latn,MEDIUM,EQUIVALENT,year_shift,True,True,True
ntx3-002295-2,g-002295,tel_Latn,MEDIUM,EQUIVALENT,month_shift,True,True,True
ntx3-002295-2,g-002295,tel_Latn,MEDIUM,EQUIVALENT,scope_broaden,True,False,True
ntx3-002295-2,g-002295,tel_Latn,MEDIUM,EQUIVALENT,scope_broaden+vendor_shift,True,True,True
ntx3-002295-3,g-002295,tel_Telu,MEDIUM,EQUIVALENT,clean,False,False,False
ntx3-002295-3,g-002295,tel_Telu,MEDIUM,EQUIVALENT,vendor_shift,True,True,True
ntx3-002295-3,g-002295,tel_Telu,MEDIUM,EQUIVALENT,year_shift,True,True,True
ntx3-002295-3,g-002295,tel_Telu,MEDIUM,EQUIVALENT,month_shift,True,True,True
ntx3-002295-3,g-002295,tel_Telu,MEDIUM,EQUIVALENT,scope_broaden,True,False,True
ntx3-002295-3,g-002295,tel_Telu,MEDIUM,EQUIVALENT,scope_broaden+vendor_shift,True,True,True
ntx3-002486-0,g-002486,eng_Latn,HIGH,EQUIVALENT,clean,False,False,False
ntx3-002486-0,g-002486,eng_Latn,HIGH,EQUIVALENT,vendor_shift,True,True,True
ntx3-002486-0,g-002486,eng_Latn,HIGH,EQUIVALENT,year_shift,True,True,True
ntx3-002486-0,g-002486,eng_Latn,HIGH,EQUIVALENT,month_shift,True,True,True
ntx3-002486-0,g-002486,eng_Latn,HIGH,EQUIVALENT,scope_broaden,True,False,True
ntx3-002486-0,g-002486,eng_Latn,HIGH,EQUIVALENT,scope_broaden+vendor_shift,True,True,True
ntx3-002486-1,g-002486,hin_Latn,HIGH,EQUIVALENT,clean,False,False,False
ntx3-002486-1,g-002486,hin_Latn,HIGH,EQUIVALENT,vendor_shift,True,True,True
ntx3-002486-1,g-002486,hin_Latn,HIGH,EQUIVALENT,year_shift,True,True,True
ntx3-002486-1,g-002486,hin_Latn,HIGH,EQUIVALENT,month_shift,True,True,True
ntx3-002486-1,g-002486,hin_Latn,HIGH,EQUIVALENT,scope_broaden,True,False,True
ntx3-002486-1,g-002486,hin_Latn,HIGH,EQUIVALENT,scope_broaden+vendor_shift,True,True,True
ntx3-002486-2,g-002486,tel_Latn,HIGH,EQUIVALENT,clean,False,False,False
ntx3-002486-2,g-002486,tel_Latn,HIGH,EQUIVALENT,vendor_shift,True,True,True
ntx3-002486-2,g-002486,tel_Latn,HIGH,EQUIVALENT,year_shift,True,True,True
ntx3-002486-2,g-002486,tel_Latn,HIGH,EQUIVALENT,month_shift,True,True,True
ntx3-002486-2,g-002486,tel_Latn,HIGH,EQUIVALENT,scope_broaden,True,False,True
ntx3-002486-2,g-002486,tel_Latn,HIGH,EQUIVALENT,scope_broaden+vendor_shift,True,True,True
ntx3-002486-3,g-002486,tel_Telu,HIGH,EQUIVALENT,clean,False,False,False
ntx3-002486-3,g-002486,tel_Telu,HIGH,EQUIVALENT,vendor_shift,True,True,True
ntx3-002486-3,g-002486,tel_Telu,HIGH,EQUIVALENT,year_shift,True,True,True
ntx3-002486-3,g-002486,tel_Telu,HIGH,EQUIVALENT,month_shift,True,True,True
ntx3-002486-3,g-002486,tel_Telu,HIGH,EQUIVALENT,scope_broaden,True,False,True
ntx3-002486-3,g-002486,tel_Telu,HIGH,EQUIVALENT,scope_broaden+vendor_shift,True,True,True
ntx3-000540-0,g-000540,eng_Latn,CRITICAL,EQUIVALENT,clean,False,False,False
ntx3-000540-0,g-000540,eng_Latn,CRITICAL,EQUIVALENT,vendor_shift,True,True,True
ntx3-000540-0,g-000540,eng_Latn,CRITICAL,EQUIVALENT,year_shift,True,True,True
ntx3-000540-0,g-000540,eng_Latn,CRITICAL,EQUIVALENT,month_shift,True,True,True
ntx3-000540-0,g-000540,eng_Latn,CRITICAL,EQUIVALENT,scope_broaden,True,False,True
ntx3-000540-0,g-000540,eng_Latn,CRITICAL,EQUIVALENT,scope_broaden+vendor_shift,True,True,True
ntx3-000540-1,g-000540,hin_Latn,CRITICAL,EQUIVALENT,clean,False,False,False
ntx3-000540-1,g-000540,hin_Latn,CRITICAL,EQUIVALENT,vendor_shift,True,True,True
ntx3-000540-1,g-000540,hin_Latn,CRITICAL,EQUIVALENT,year_shift,True,True,True
ntx3-000540-1,g-000540,hin_Latn,CRITICAL,EQUIVALENT,month_shift,True,True,True
ntx3-000540-1,g-000540,hin_Latn,CRITICAL,EQUIVALENT,scope_broaden,True,False,True
ntx3-000540-1,g-000540,hin_Latn,CRITICAL,EQUIVALENT,scope_broaden+vendor_shift,True,True,True
ntx3-000540-2,g-000540,tel_Latn,CRITICAL,EQUIVALENT,clean,False,False,False
ntx3-000540-2,g-000540,tel_Latn,CRITICAL,EQUIVALENT,vendor_shift,True,True,True
ntx3-000540-2,g-000540,tel_Latn,CRITICAL,EQUIVALENT,year_shift,True,True,True
ntx3-000540-2,g-000540,tel_Latn,CRITICAL,EQUIVALENT,month_shift,True,True,True
ntx3-000540-2,g-000540,tel_Latn,CRITICAL,EQUIVALENT,scope_broaden,True,False,True
ntx3-000540-2,g-000540,tel_Latn,CRITICAL,EQUIVALENT,scope_broaden+vendor_shift,True,True,True
ntx3-000540-3,g-000540,tel_Telu,CRITICAL,EQUIVALENT,clean,False,False,False
ntx3-000540-3,g-000540,tel_Telu,CRITICAL,EQUIVALENT,vendor_shift,True,True,True
ntx3-000540-3,g-000540,tel_Telu,CRITICAL,EQUIVALENT,year_shift,True,True,True
ntx3-000540-3,g-000540,tel_Telu,CRITICAL,EQUIVALENT,month_shift,True,True,True
ntx3-000540-3,g-000540,tel_Telu,CRITICAL,EQUIVALENT,scope_broaden,True,False,True
ntx3-000540-3,g-000540,tel_Telu,CRITICAL,EQUIVALENT,scope_broaden+vendor_shift,True,True,True
ntx3-000958-0,g-000958,eng_Latn,HIGH,EQUIVALENT,clean,False,False,False
ntx3-000958-0,g-000958,eng_Latn,HIGH,EQUIVALENT,vendor_shift,True,True,True
ntx3-000958-0,g-000958,eng_Latn,HIGH,EQUIVALENT,year_shift,True,True,True
ntx3-000958-0,g-000958,eng_Latn,HIGH,EQUIVALENT,month_shift,True,True,True
ntx3-000958-0,g-000958,eng_Latn,HIGH,EQUIVALENT,scope_broaden,True,False,True
ntx3-000958-0,g-000958,eng_Latn,HIGH,EQUIVALENT,scope_broaden+vendor_shift,True,True,True
ntx3-000958-1,g-000958,hin_Latn,HIGH,EQUIVALENT,clean,False,False,False
ntx3-000958-1,g-000958,hin_Latn,HIGH,EQUIVALENT,vendor_shift,True,True,True
ntx3-000958-1,g-000958,hin_Latn,HIGH,EQUIVALENT,year_shift,True,True,True
ntx3-000958-1,g-000958,hin_Latn,HIGH,EQUIVALENT,month_shift,True,True,True
ntx3-000958-1,g-000958,hin_Latn,HIGH,EQUIVALENT,scope_broaden,True,False,True
ntx3-000958-1,g-000958,hin_Latn,HIGH,EQUIVALENT,scope_broaden+vendor_shift,True,True,True
ntx3-000958-2,g-000958,tel_Latn,HIGH,EQUIVALENT,clean,False,False,False
ntx3-000958-2,g-000958,tel_Latn,HIGH,EQUIVALENT,vendor_shift,True,True,True
ntx3-000958-2,g-000958,tel_Latn,HIGH,EQUIVALENT,year_shift,True,True,True
ntx3-000958-2,g-000958,tel_Latn,HIGH,EQUIVALENT,month_shift,True,True,True
ntx3-000958-2,g-000958,tel_Latn,HIGH,EQUIVALENT,scope_broaden,True,False,True
ntx3-000958-2,g-000958,tel_Latn,HIGH,EQUIVALENT,scope_broaden+vendor_shift,True,True,True
ntx3-000958-3,g-000958,tel_Telu,HIGH,EQUIVALENT,clean,False,False,False
ntx3-000958-3,g-000958,tel_Telu,HIGH,EQUIVALENT,vendor_shift,True,True,True
ntx3-000958-3,g-000958,tel_Telu,HIGH,EQUIVALENT,year_shift,True,True,True
ntx3-000958-3,g-000958,tel_Telu,HIGH,EQUIVALENT,month_shift,True,True,True
ntx3-000958-3,g-000958,tel_Telu,HIGH,EQUIVALENT,scope_broaden,True,False,True
ntx3-000958-3,g-000958,tel_Telu,HIGH,EQUIVALENT,scope_broaden+vendor_shift,True,True,True
ntx3-001786-0,g-001786,eng_Latn,HIGH,EQUIVALENT,clean,False,False,False
ntx3-001786-0,g-001786,eng_Latn,HIGH,EQUIVALENT,vendor_shift,True,True,True
ntx3-001786-0,g-001786,eng_Latn,HIGH,EQUIVALENT,year_shift,True,True,True
ntx3-001786-0,g-001786,eng_Latn,HIGH,EQUIVALENT,month_shift,True,True,True
ntx3-001786-0,g-001786,eng_Latn,HIGH,EQUIVALENT,scope_broaden,True,False,True
ntx3-001786-0,g-001786,eng_Latn,HIGH,EQUIVALENT,scope_broaden+vendor_shift,True,True,True
ntx3-001786-1,g-001786,hin_Latn,HIGH,EQUIVALENT,clean,False,False,False
ntx3-001786-1,g-001786,hin_Latn,HIGH,EQUIVALENT,vendor_shift,True,True,True
ntx3-001786-1,g-001786,hin_Latn,HIGH,EQUIVALENT,year_shift,True,True,True
ntx3-001786-1,g-001786,hin_Latn,HIGH,EQUIVALENT,month_shift,True,True,True
ntx3-001786-1,g-001786,hin_Latn,HIGH,EQUIVALENT,scope_broaden,True,False,True
ntx3-001786-1,g-001786,hin_Latn,HIGH,EQUIVALENT,scope_broaden+vendor_shift,True,True,True
ntx3-001786-2,g-001786,tel_Latn,HIGH,EQUIVALENT,clean,False,False,False
ntx3-001786-2,g-001786,tel_Latn,HIGH,EQUIVALENT,vendor_shift,True,True,True
ntx3-001786-2,g-001786,tel_Latn,HIGH,EQUIVALENT,year_shift,True,True,True
ntx3-001786-2,g-001786,tel_Latn,HIGH,EQUIVALENT,month_shift,True,True,True
ntx3-001786-2,g-001786,tel_Latn,HIGH,EQUIVALENT,scope_broaden,True,False,True
ntx3-001786-2,g-001786,tel_Latn,HIGH,EQUIVALENT,scope_broaden+vendor_shift,True,True,True
ntx3-001786-3,g-001786,tel_Telu,HIGH,EQUIVALENT,clean,False,False,False
ntx3-001786-3,g-001786,tel_Telu,HIGH,EQUIVALENT,vendor_shift,True,True,True
ntx3-001786-3,g-001786,tel_Telu,HIGH,EQUIVALENT,year_shift,True,True,True
ntx3-001786-3,g-001786,tel_Telu,HIGH,EQUIVALENT,month_shift,True,True,True
ntx3-001786-3,g-001786,tel_Telu,HIGH,EQUIVALENT,scope_broaden,True,False,True
ntx3-001786-3,g-001786,tel_Telu,HIGH,EQUIVALENT,scope_broaden+vendor_shift,True,True,True
ntx3-000697-0,g-000697,eng_Latn,LOW,EQUIVALENT,clean,False,False,False
ntx3-000697-0,g-000697,eng_Latn,LOW,EQUIVALENT,vendor_shift,True,True,True
ntx3-000697-0,g-000697,eng_Latn,LOW,EQUIVALENT,year_shift,True,True,True
ntx3-000697-0,g-000697,eng_Latn,LOW,EQUIVALENT,month_shift,True,True,True
ntx3-000697-0,g-000697,eng_Latn,LOW,EQUIVALENT,scope_broaden,True,False,True
ntx3-000697-0,g-000697,eng_Latn,LOW,EQUIVALENT,scope_broaden+vendor_shift,True,True,True
ntx3-000697-1,g-000697,hin_Latn,LOW,EQUIVALENT,clean,False,False,False
ntx3-000697-1,g-000697,hin_Latn,LOW,EQUIVALENT,vendor_shift,True,True,True
ntx3-000697-1,g-000697,hin_Latn,LOW,EQUIVALENT,year_shift,True,True,True
ntx3-000697-1,g-000697,hin_Latn,LOW,EQUIVALENT,month_shift,True,True,True
ntx3-000697-1,g-000697,hin_Latn,LOW,EQUIVALENT,scope_broaden,True,False,True
ntx3-000697-1,g-000697,hin_Latn,LOW,EQUIVALENT,scope_broaden+vendor_shift,True,True,True
ntx3-000697-2,g-000697,tel_Latn,LOW,EQUIVALENT,clean,False,False,False
ntx3-000697-2,g-000697,tel_Latn,LOW,EQUIVALENT,vendor_shift,True,True,True
ntx3-000697-2,g-000697,tel_Latn,LOW,EQUIVALENT,year_shift,True,True,True
ntx3-000697-2,g-000697,tel_Latn,LOW,EQUIVALENT,month_shift,True,True,True
ntx3-000697-2,g-000697,tel_Latn,LOW,EQUIVALENT,scope_broaden,True,False,True
ntx3-000697-2,g-000697,tel_Latn,LOW,EQUIVALENT,scope_broaden+vendor_shift,True,True,True
ntx3-000697-3,g-000697,tel_Telu,LOW,EQUIVALENT,clean,False,False,False
ntx3-000697-3,g-000697,tel_Telu,LOW,EQUIVALENT,vendor_shift,True,True,True
ntx3-000697-3,g-000697,tel_Telu,LOW,EQUIVALENT,year_shift,True,True,True
ntx3-000697-3,g-000697,tel_Telu,LOW,EQUIVALENT,month_shift,True,True,True
ntx3-000697-3,g-000697,tel_Telu,LOW,EQUIVALENT,scope_broaden,True,False,True
ntx3-000697-3,g-000697,tel_Telu,LOW,EQUIVALENT,scope_broaden+vendor_shift,True,True,True
ntx3-001970-0,g-001970,eng_Latn,MEDIUM,EQUIVALENT,clean,False,False,False
ntx3-001970-0,g-001970,eng_Latn,MEDIUM,EQUIVALENT,vendor_shift,True,True,True
ntx3-001970-0,g-001970,eng_Latn,MEDIUM,EQUIVALENT,year_shift,True,True,True
ntx3-001970-0,g-001970,eng_Latn,MEDIUM,EQUIVALENT,month_shift,True,True,True
ntx3-001970-0,g-001970,eng_Latn,MEDIUM,EQUIVALENT,scope_broaden,True,False,True
ntx3-001970-0,g-001970,eng_Latn,MEDIUM,EQUIVALENT,scope_broaden+vendor_shift,True,True,True
ntx3-001970-1,g-001970,hin_Latn,MEDIUM,EQUIVALENT,clean,False,False,False
ntx3-001970-1,g-001970,hin_Latn,MEDIUM,EQUIVALENT,vendor_shift,True,True,True
ntx3-001970-1,g-001970,hin_Latn,MEDIUM,EQUIVALENT,year_shift,True,True,True
ntx3-001970-1,g-001970,hin_Latn,MEDIUM,EQUIVALENT,month_shift,True,True,True
ntx3-001970-1,g-001970,hin_Latn,MEDIUM,EQUIVALENT,scope_broaden,True,False,True
ntx3-001970-1,g-001970,hin_Latn,MEDIUM,EQUIVALENT,scope_broaden+vendor_shift,True,True,True
ntx3-001970-2,g-001970,tel_Latn,MEDIUM,EQUIVALENT,clean,False,False,False
ntx3-001970-2,g-001970,tel_Latn,MEDIUM,EQUIVALENT,vendor_shift,True,True,True
ntx3-001970-2,g-001970,tel_Latn,MEDIUM,EQUIVALENT,year_shift,True,True,True
ntx3-001970-2,g-001970,tel_Latn,MEDIUM,EQUIVALENT,month_shift,True,True,True
ntx3-001970-2,g-001970,tel_Latn,MEDIUM,EQUIVALENT,scope_broaden,True,False,True
ntx3-001970-2,g-001970,tel_Latn,MEDIUM,EQUIVALENT,scope_broaden+vendor_shift,True,True,True
ntx3-001970-3,g-001970,tel_Telu,MEDIUM,EQUIVALENT,clean,False,False,False
ntx3-001970-3,g-001970,tel_Telu,MEDIUM,EQUIVALENT,vendor_shift,True,True,True
ntx3-001970-3,g-001970,tel_Telu,MEDIUM,EQUIVALENT,year_shift,True,True,True
ntx3-001970-3,g-001970,tel_Telu,MEDIUM,EQUIVALENT,month_shift,True,True,True
ntx3-001970-3,g-001970,tel_Telu,MEDIUM,EQUIVALENT,scope_broaden,True,False,True
ntx3-001970-3,g-001970,tel_Telu,MEDIUM,EQUIVALENT,scope_broaden+vendor_shift,True,True,True
ntx3-001903-0,g-001903,eng_Latn,HIGH,EQUIVALENT,clean,False,False,False
ntx3-001903-0,g-001903,eng_Latn,HIGH,EQUIVALENT,vendor_shift,True,True,True
ntx3-001903-0,g-001903,eng_Latn,HIGH,EQUIVALENT,year_shift,True,True,True
ntx3-001903-0,g-001903,eng_Latn,HIGH,EQUIVALENT,month_shift,True,True,True
ntx3-001903-0,g-001903,eng_Latn,HIGH,EQUIVALENT,scope_broaden,True,False,True
ntx3-001903-0,g-001903,eng_Latn,HIGH,EQUIVALENT,scope_broaden+vendor_shift,True,True,True
ntx3-001903-1,g-001903,hin_Latn,HIGH,EQUIVALENT,clean,False,False,False
ntx3-001903-1,g-001903,hin_Latn,HIGH,EQUIVALENT,vendor_shift,True,True,True
ntx3-001903-1,g-001903,hin_Latn,HIGH,EQUIVALENT,year_shift,True,True,True
ntx3-001903-1,g-001903,hin_Latn,HIGH,EQUIVALENT,month_shift,True,True,True
ntx3-001903-1,g-001903,hin_Latn,HIGH,EQUIVALENT,scope_broaden,True,False,True
ntx3-001903-1,g-001903,hin_Latn,HIGH,EQUIVALENT,scope_broaden+vendor_shift,True,True,True
ntx3-001903-2,g-001903,tel_Latn,HIGH,EQUIVALENT,clean,False,False,False
ntx3-001903-2,g-001903,tel_Latn,HIGH,EQUIVALENT,vendor_shift,True,True,True
ntx3-001903-2,g-001903,tel_Latn,HIGH,EQUIVALENT,year_shift,True,True,True
ntx3-001903-2,g-001903,tel_Latn,HIGH,EQUIVALENT,month_shift,True,True,True
ntx3-001903-2,g-001903,tel_Latn,HIGH,EQUIVALENT,scope_broaden,True,False,True
ntx3-001903-2,g-001903,tel_Latn,HIGH,EQUIVALENT,scope_broaden+vendor_shift,True,True,True
ntx3-001903-3,g-001903,tel_Telu,HIGH,EQUIVALENT,clean,False,False,False
ntx3-001903-3,g-001903,tel_Telu,HIGH,EQUIVALENT,vendor_shift,True,True,True
ntx3-001903-3,g-001903,tel_Telu,HIGH,EQUIVALENT,year_shift,True,True,True
ntx3-001903-3,g-001903,tel_Telu,HIGH,EQUIVALENT,month_shift,True,True,True
ntx3-001903-3,g-001903,tel_Telu,HIGH,EQUIVALENT,scope_broaden,True,False,True
ntx3-001903-3,g-001903,tel_Telu,HIGH,EQUIVALENT,scope_broaden+vendor_shift,True,True,True
ntx3-000452-0,g-000452,eng_Latn,MEDIUM,EQUIVALENT,clean,False,False,False
ntx3-000452-0,g-000452,eng_Latn,MEDIUM,EQUIVALENT,vendor_shift,True,True,True
ntx3-000452-0,g-000452,eng_Latn,MEDIUM,EQUIVALENT,year_shift,True,True,True
ntx3-000452-0,g-000452,eng_Latn,MEDIUM,EQUIVALENT,month_shift,True,True,True
ntx3-000452-0,g-000452,eng_Latn,MEDIUM,EQUIVALENT,scope_broaden,True,False,True
ntx3-000452-0,g-000452,eng_Latn,MEDIUM,EQUIVALENT,scope_broaden+vendor_shift,True,True,True
ntx3-000452-1,g-000452,hin_Latn,MEDIUM,EQUIVALENT,clean,False,False,False
ntx3-000452-1,g-000452,hin_Latn,MEDIUM,EQUIVALENT,vendor_shift,True,True,True
ntx3-000452-1,g-000452,hin_Latn,MEDIUM,EQUIVALENT,year_shift,True,True,True
ntx3-000452-1,g-000452,hin_Latn,MEDIUM,EQUIVALENT,month_shift,True,True,True
ntx3-000452-1,g-000452,hin_Latn,MEDIUM,EQUIVALENT,scope_broaden,True,False,True
ntx3-000452-1,g-000452,hin_Latn,MEDIUM,EQUIVALENT,scope_broaden+vendor_shift,True,True,True
ntx3-000452-2,g-000452,tel_Latn,MEDIUM,EQUIVALENT,clean,False,False,False
ntx3-000452-2,g-000452,tel_Latn,MEDIUM,EQUIVALENT,vendor_shift,True,True,True
ntx3-000452-2,g-000452,tel_Latn,MEDIUM,EQUIVALENT,year_shift,True,True,True
ntx3-000452-2,g-000452,tel_Latn,MEDIUM,EQUIVALENT,month_shift,True,True,True
ntx3-000452-2,g-000452,tel_Latn,MEDIUM,EQUIVALENT,scope_broaden,True,False,True
ntx3-000452-2,g-000452,tel_Latn,MEDIUM,EQUIVALENT,scope_broaden+vendor_shift,True,True,True
ntx3-000452-3,g-000452,tel_Telu,MEDIUM,EQUIVALENT,clean,False,False,False
ntx3-000452-3,g-000452,tel_Telu,MEDIUM,EQUIVALENT,vendor_shift,True,True,True
ntx3-000452-3,g-000452,tel_Telu,MEDIUM,EQUIVALENT,year_shift,True,True,True
ntx3-000452-3,g-000452,tel_Telu,MEDIUM,EQUIVALENT,month_shift,True,True,True
ntx3-000452-3,g-000452,tel_Telu,MEDIUM,EQUIVALENT,scope_broaden,True,False,True
ntx3-000452-3,g-000452,tel_Telu,MEDIUM,EQUIVALENT,scope_broaden+vendor_shift,True,True,True
ntx3-001577-0,g-001577,eng_Latn,HIGH,EQUIVALENT,clean,False,False,False
ntx3-001577-0,g-001577,eng_Latn,HIGH,EQUIVALENT,vendor_shift,True,True,True
ntx3-001577-0,g-001577,eng_Latn,HIGH,EQUIVALENT,year_shift,True,True,True
ntx3-001577-0,g-001577,eng_Latn,HIGH,EQUIVALENT,month_shift,True,True,True
ntx3-001577-0,g-001577,eng_Latn,HIGH,EQUIVALENT,scope_broaden,True,False,True
ntx3-001577-0,g-001577,eng_Latn,HIGH,EQUIVALENT,scope_broaden+vendor_shift,True,True,True
ntx3-001577-1,g-001577,hin_Latn,HIGH,EQUIVALENT,clean,False,False,False
ntx3-001577-1,g-001577,hin_Latn,HIGH,EQUIVALENT,vendor_shift,True,True,True
ntx3-001577-1,g-001577,hin_Latn,HIGH,EQUIVALENT,year_shift,True,True,True
ntx3-001577-1,g-001577,hin_Latn,HIGH,EQUIVALENT,month_shift,True,True,True
ntx3-001577-1,g-001577,hin_Latn,HIGH,EQUIVALENT,scope_broaden,True,False,True
ntx3-001577-1,g-001577,hin_Latn,HIGH,EQUIVALENT,scope_broaden+vendor_shift,True,True,True
ntx3-001577-2,g-001577,tel_Latn,HIGH,EQUIVALENT,clean,False,False,False
ntx3-001577-2,g-001577,tel_Latn,HIGH,EQUIVALENT,vendor_shift,True,True,True
ntx3-001577-2,g-001577,tel_Latn,HIGH,EQUIVALENT,year_shift,True,True,True
ntx3-001577-2,g-001577,tel_Latn,HIGH,EQUIVALENT,month_shift,True,True,True
ntx3-001577-2,g-001577,tel_Latn,HIGH,EQUIVALENT,scope_broaden,True,False,True
ntx3-001577-2,g-001577,tel_Latn,HIGH,EQUIVALENT,scope_broaden+vendor_shift,True,True,True
ntx3-001577-3,g-001577,tel_Telu,HIGH,EQUIVALENT,clean,False,False,False
ntx3-001577-3,g-001577,tel_Telu,HIGH,EQUIVALENT,vendor_shift,True,True,True
ntx3-001577-3,g-001577,tel_Telu,HIGH,EQUIVALENT,year_shift,True,True,True
ntx3-001577-3,g-001577,tel_Telu,HIGH,EQUIVALENT,month_shift,True,True,True
ntx3-001577-3,g-001577,tel_Telu,HIGH,EQUIVALENT,scope_broaden,True,False,True
ntx3-001577-3,g-001577,tel_Telu,HIGH,EQUIVALENT,scope_broaden+vendor_shift,True,True,True
ntx3-001029-0,g-001029,eng_Latn,MEDIUM,EQUIVALENT,clean,False,False,False
ntx3-001029-0,g-001029,eng_Latn,MEDIUM,EQUIVALENT,vendor_shift,True,True,True
ntx3-001029-0,g-001029,eng_Latn,MEDIUM,EQUIVALENT,year_shift,True,True,True
ntx3-001029-0,g-001029,eng_Latn,MEDIUM,EQUIVALENT,month_shift,True,True,True
ntx3-001029-0,g-001029,eng_Latn,MEDIUM,EQUIVALENT,scope_broaden,True,False,True
ntx3-001029-0,g-001029,eng_Latn,MEDIUM,EQUIVALENT,scope_broaden+vendor_shift,True,True,True
ntx3-001029-1,g-001029,hin_Latn,MEDIUM,EQUIVALENT,clean,False,False,False
ntx3-001029-1,g-001029,hin_Latn,MEDIUM,EQUIVALENT,vendor_shift,True,True,True
ntx3-001029-1,g-001029,hin_Latn,MEDIUM,EQUIVALENT,year_shift,True,True,True
ntx3-001029-1,g-001029,hin_Latn,MEDIUM,EQUIVALENT,month_shift,True,True,True
ntx3-001029-1,g-001029,hin_Latn,MEDIUM,EQUIVALENT,scope_broaden,True,False,True
ntx3-001029-1,g-001029,hin_Latn,MEDIUM,EQUIVALENT,scope_broaden+vendor_shift,True,True,True
ntx3-001029-2,g-001029,tel_Latn,MEDIUM,EQUIVALENT,clean,False,False,False
ntx3-001029-2,g-001029,tel_Latn,MEDIUM,EQUIVALENT,vendor_shift,True,True,True
ntx3-001029-2,g-001029,tel_Latn,MEDIUM,EQUIVALENT,year_shift,True,True,True
ntx3-001029-2,g-001029,tel_Latn,MEDIUM,EQUIVALENT,month_shift,True,True,True
ntx3-001029-2,g-001029,tel_Latn,MEDIUM,EQUIVALENT,scope_broaden,True,False,True
ntx3-001029-2,g-001029,tel_Latn,MEDIUM,EQUIVALENT,scope_broaden+vendor_shift,True,True,True
ntx3-001029-3,g-001029,tel_Telu,MEDIUM,EQUIVALENT,clean,False,False,False
ntx3-001029-3,g-001029,tel_Telu,MEDIUM,EQUIVALENT,vendor_shift,True,True,True
ntx3-001029-3,g-001029,tel_Telu,MEDIUM,EQUIVALENT,year_shift,True,True,True
ntx3-001029-3,g-001029,tel_Telu,MEDIUM,EQUIVALENT,month_shift,True,True,True
ntx3-001029-3,g-001029,tel_Telu,MEDIUM,EQUIVALENT,scope_broaden,True,False,True
ntx3-001029-3,g-001029,tel_Telu,MEDIUM,EQUIVALENT,scope_broaden+vendor_shift,True,True,True
ntx3-001846-0,g-001846,eng_Latn,MEDIUM,EQUIVALENT,clean,False,False,False
ntx3-001846-0,g-001846,eng_Latn,MEDIUM,EQUIVALENT,vendor_shift,True,True,True
ntx3-001846-0,g-001846,eng_Latn,MEDIUM,EQUIVALENT,year_shift,True,True,True
ntx3-001846-0,g-001846,eng_Latn,MEDIUM,EQUIVALENT,month_shift,True,True,True
ntx3-001846-0,g-001846,eng_Latn,MEDIUM,EQUIVALENT,scope_broaden,True,False,True
ntx3-001846-0,g-001846,eng_Latn,MEDIUM,EQUIVALENT,scope_broaden+vendor_shift,True,True,True
ntx3-001846-1,g-001846,hin_Latn,MEDIUM,EQUIVALENT,clean,False,False,False
ntx3-001846-1,g-001846,hin_Latn,MEDIUM,EQUIVALENT,vendor_shift,True,True,True
ntx3-001846-1,g-001846,hin_Latn,MEDIUM,EQUIVALENT,year_shift,True,True,True
ntx3-001846-1,g-001846,hin_Latn,MEDIUM,EQUIVALENT,month_shift,True,True,True
ntx3-001846-1,g-001846,hin_Latn,MEDIUM,EQUIVALENT,scope_broaden,True,False,True
ntx3-001846-1,g-001846,hin_Latn,MEDIUM,EQUIVALENT,scope_broaden+vendor_shift,True,True,True
ntx3-001846-2,g-001846,tel_Latn,MEDIUM,EQUIVALENT,clean,False,False,False
ntx3-001846-2,g-001846,tel_Latn,MEDIUM,EQUIVALENT,vendor_shift,True,True,True
ntx3-001846-2,g-001846,tel_Latn,MEDIUM,EQUIVALENT,year_shift,True,True,True
ntx3-001846-2,g-001846,tel_Latn,MEDIUM,EQUIVALENT,month_shift,True,True,True
ntx3-001846-2,g-001846,tel_Latn,MEDIUM,EQUIVALENT,scope_broaden,True,False,True
ntx3-001846-2,g-001846,tel_Latn,MEDIUM,EQUIVALENT,scope_broaden+vendor_shift,True,True,True
ntx3-001846-3,g-001846,tel_Telu,MEDIUM,EQUIVALENT,clean,False,False,False
ntx3-001846-3,g-001846,tel_Telu,MEDIUM,EQUIVALENT,vendor_shift,True,True,True
ntx3-001846-3,g-001846,tel_Telu,MEDIUM,EQUIVALENT,year_shift,True,True,True
ntx3-001846-3,g-001846,tel_Telu,MEDIUM,EQUIVALENT,month_shift,True,True,True
ntx3-001846-3,g-001846,tel_Telu,MEDIUM,EQUIVALENT,scope_broaden,True,False,True
ntx3-001846-3,g-001846,tel_Telu,MEDIUM,EQUIVALENT,scope_broaden+vendor_shift,True,True,True
ntx3-002172-0,g-002172,eng_Latn,MEDIUM,EQUIVALENT,clean,False,False,False
ntx3-002172-0,g-002172,eng_Latn,MEDIUM,EQUIVALENT,vendor_shift,True,True,True
ntx3-002172-0,g-002172,eng_Latn,MEDIUM,EQUIVALENT,year_shift,True,True,True
ntx3-002172-0,g-002172,eng_Latn,MEDIUM,EQUIVALENT,month_shift,True,True,True
ntx3-002172-0,g-002172,eng_Latn,MEDIUM,EQUIVALENT,scope_broaden,True,False,True
ntx3-002172-0,g-002172,eng_Latn,MEDIUM,EQUIVALENT,scope_broaden+vendor_shift,True,True,True
ntx3-002172-1,g-002172,hin_Latn,MEDIUM,EQUIVALENT,clean,False,False,False
ntx3-002172-1,g-002172,hin_Latn,MEDIUM,EQUIVALENT,vendor_shift,True,True,True
ntx3-002172-1,g-002172,hin_Latn,MEDIUM,EQUIVALENT,year_shift,True,True,True
ntx3-002172-1,g-002172,hin_Latn,MEDIUM,EQUIVALENT,month_shift,True,True,True
ntx3-002172-1,g-002172,hin_Latn,MEDIUM,EQUIVALENT,scope_broaden,True,False,True
ntx3-002172-1,g-002172,hin_Latn,MEDIUM,EQUIVALENT,scope_broaden+vendor_shift,True,True,True
ntx3-002172-2,g-002172,tel_Latn,MEDIUM,EQUIVALENT,clean,False,False,False
ntx3-002172-2,g-002172,tel_Latn,MEDIUM,EQUIVALENT,vendor_shift,True,True,True
ntx3-002172-2,g-002172,tel_Latn,MEDIUM,EQUIVALENT,year_shift,True,True,True
ntx3-002172-2,g-002172,tel_Latn,MEDIUM,EQUIVALENT,month_shift,True,True,True
ntx3-002172-2,g-002172,tel_Latn,MEDIUM,EQUIVALENT,scope_broaden,True,False,True
ntx3-002172-2,g-002172,tel_Latn,MEDIUM,EQUIVALENT,scope_broaden+vendor_shift,True,True,True
ntx3-002172-3,g-002172,tel_Telu,MEDIUM,EQUIVALENT,clean,False,False,False
ntx3-002172-3,g-002172,tel_Telu,MEDIUM,EQUIVALENT,vendor_shift,True,True,True
ntx3-002172-3,g-002172,tel_Telu,MEDIUM,EQUIVALENT,year_shift,True,True,True
ntx3-002172-3,g-002172,tel_Telu,MEDIUM,EQUIVALENT,month_shift,True,True,True
ntx3-002172-3,g-002172,tel_Telu,MEDIUM,EQUIVALENT,scope_broaden,True,False,True
ntx3-002172-3,g-002172,tel_Telu,MEDIUM,EQUIVALENT,scope_broaden+vendor_shift,True,True,True
ntx3-001668-0,g-001668,eng_Latn,MEDIUM,EQUIVALENT,clean,False,False,False
ntx3-001668-0,g-001668,eng_Latn,MEDIUM,EQUIVALENT,vendor_shift,True,True,True
ntx3-001668-0,g-001668,eng_Latn,MEDIUM,EQUIVALENT,year_shift,True,True,True
ntx3-001668-0,g-001668,eng_Latn,MEDIUM,EQUIVALENT,month_shift,True,True,True
ntx3-001668-0,g-001668,eng_Latn,MEDIUM,EQUIVALENT,scope_broaden,True,False,True
ntx3-001668-0,g-001668,eng_Latn,MEDIUM,EQUIVALENT,scope_broaden+vendor_shift,True,True,True
ntx3-001668-1,g-001668,hin_Latn,MEDIUM,EQUIVALENT,clean,False,False,False
ntx3-001668-1,g-001668,hin_Latn,MEDIUM,EQUIVALENT,vendor_shift,True,True,True
ntx3-001668-1,g-001668,hin_Latn,MEDIUM,EQUIVALENT,year_shift,True,True,True
ntx3-001668-1,g-001668,hin_Latn,MEDIUM,EQUIVALENT,month_shift,True,True,True
ntx3-001668-1,g-001668,hin_Latn,MEDIUM,EQUIVALENT,scope_broaden,True,False,True
ntx3-001668-1,g-001668,hin_Latn,MEDIUM,EQUIVALENT,scope_broaden+vendor_shift,True,True,True
ntx3-001668-2,g-001668,tel_Latn,MEDIUM,EQUIVALENT,clean,False,False,False
ntx3-001668-2,g-001668,tel_Latn,MEDIUM,EQUIVALENT,vendor_shift,True,True,True
ntx3-001668-2,g-001668,tel_Latn,MEDIUM,EQUIVALENT,year_shift,True,True,True
ntx3-001668-2,g-001668,tel_Latn,MEDIUM,EQUIVALENT,month_shift,True,True,True
ntx3-001668-2,g-001668,tel_Latn,MEDIUM,EQUIVALENT,scope_broaden,True,False,True
ntx3-001668-2,g-001668,tel_Latn,MEDIUM,EQUIVALENT,scope_broaden+vendor_shift,True,True,True
ntx3-001668-3,g-001668,tel_Telu,MEDIUM,EQUIVALENT,clean,False,False,False
ntx3-001668-3,g-001668,tel_Telu,MEDIUM,EQUIVALENT,vendor_shift,True,True,True
ntx3-001668-3,g-001668,tel_Telu,MEDIUM,EQUIVALENT,year_shift,True,True,True
ntx3-001668-3,g-001668,tel_Telu,MEDIUM,EQUIVALENT,month_shift,True,True,True
ntx3-001668-3,g-001668,tel_Telu,MEDIUM,EQUIVALENT,scope_broaden,True,False,True
ntx3-001668-3,g-001668,tel_Telu,MEDIUM,EQUIVALENT,scope_broaden+vendor_shift,True,True,True
ntx3-001426-0,g-001426,eng_Latn,MEDIUM,EQUIVALENT,clean,False,False,False
ntx3-001426-0,g-001426,eng_Latn,MEDIUM,EQUIVALENT,vendor_shift,True,True,True
ntx3-001426-0,g-001426,eng_Latn,MEDIUM,EQUIVALENT,year_shift,True,True,True
ntx3-001426-0,g-001426,eng_Latn,MEDIUM,EQUIVALENT,month_shift,True,True,True
ntx3-001426-0,g-001426,eng_Latn,MEDIUM,EQUIVALENT,scope_broaden,True,False,True
ntx3-001426-0,g-001426,eng_Latn,MEDIUM,EQUIVALENT,scope_broaden+vendor_shift,True,True,True
ntx3-001426-1,g-001426,hin_Latn,MEDIUM,EQUIVALENT,clean,False,False,False
ntx3-001426-1,g-001426,hin_Latn,MEDIUM,EQUIVALENT,vendor_shift,True,True,True
ntx3-001426-1,g-001426,hin_Latn,MEDIUM,EQUIVALENT,year_shift,True,True,True
ntx3-001426-1,g-001426,hin_Latn,MEDIUM,EQUIVALENT,month_shift,True,True,True
ntx3-001426-1,g-001426,hin_Latn,MEDIUM,EQUIVALENT,scope_broaden,True,False,True
ntx3-001426-1,g-001426,hin_Latn,MEDIUM,EQUIVALENT,scope_broaden+vendor_shift,True,True,True
ntx3-001426-2,g-001426,tel_Latn,MEDIUM,EQUIVALENT,clean,False,False,False
ntx3-001426-2,g-001426,tel_Latn,MEDIUM,EQUIVALENT,vendor_shift,True,True,True
ntx3-001426-2,g-001426,tel_Latn,MEDIUM,EQUIVALENT,year_shift,True,True,True
ntx3-001426-2,g-001426,tel_Latn,MEDIUM,EQUIVALENT,month_shift,True,True,True
ntx3-001426-2,g-001426,tel_Latn,MEDIUM,EQUIVALENT,scope_broaden,True,False,True
ntx3-001426-2,g-001426,tel_Latn,MEDIUM,EQUIVALENT,scope_broaden+vendor_shift,True,True,True
ntx3-001426-3,g-001426,tel_Telu,MEDIUM,EQUIVALENT,clean,False,False,False
ntx3-001426-3,g-001426,tel_Telu,MEDIUM,EQUIVALENT,vendor_shift,True,True,True
ntx3-001426-3,g-001426,tel_Telu,MEDIUM,EQUIVALENT,year_shift,True,True,True
ntx3-001426-3,g-001426,tel_Telu,MEDIUM,EQUIVALENT,month_shift,True,True,True
ntx3-001426-3,g-001426,tel_Telu,MEDIUM,EQUIVALENT,scope_broaden,True,False,True
ntx3-001426-3,g-001426,tel_Telu,MEDIUM,EQUIVALENT,scope_broaden+vendor_shift,True,True,True
ntx3-002318-0,g-002318,eng_Latn,MEDIUM,EQUIVALENT,clean,False,False,False
ntx3-002318-0,g-002318,eng_Latn,MEDIUM,EQUIVALENT,vendor_shift,True,True,True
ntx3-002318-0,g-002318,eng_Latn,MEDIUM,EQUIVALENT,year_shift,True,True,True
ntx3-002318-0,g-002318,eng_Latn,MEDIUM,EQUIVALENT,month_shift,True,True,True
ntx3-002318-0,g-002318,eng_Latn,MEDIUM,EQUIVALENT,scope_broaden,True,False,True
ntx3-002318-0,g-002318,eng_Latn,MEDIUM,EQUIVALENT,scope_broaden+vendor_shift,True,True,True
ntx3-002318-1,g-002318,hin_Latn,MEDIUM,EQUIVALENT,clean,False,False,False
ntx3-002318-1,g-002318,hin_Latn,MEDIUM,EQUIVALENT,vendor_shift,True,True,True
ntx3-002318-1,g-002318,hin_Latn,MEDIUM,EQUIVALENT,year_shift,True,True,True
ntx3-002318-1,g-002318,hin_Latn,MEDIUM,EQUIVALENT,month_shift,True,True,True
ntx3-002318-1,g-002318,hin_Latn,MEDIUM,EQUIVALENT,scope_broaden,True,False,True
ntx3-002318-1,g-002318,hin_Latn,MEDIUM,EQUIVALENT,scope_broaden+vendor_shift,True,True,True
ntx3-002318-2,g-002318,tel_Latn,MEDIUM,EQUIVALENT,clean,False,False,False
ntx3-002318-2,g-002318,tel_Latn,MEDIUM,EQUIVALENT,vendor_shift,True,True,True
ntx3-002318-2,g-002318,tel_Latn,MEDIUM,EQUIVALENT,year_shift,True,True,True
ntx3-002318-2,g-002318,tel_Latn,MEDIUM,EQUIVALENT,month_shift,True,True,True
ntx3-002318-2,g-002318,tel_Latn,MEDIUM,EQUIVALENT,scope_broaden,True,False,True
ntx3-002318-2,g-002318,tel_Latn,MEDIUM,EQUIVALENT,scope_broaden+vendor_shift,True,True,True
ntx3-002318-3,g-002318,tel_Telu,MEDIUM,EQUIVALENT,clean,False,False,False
ntx3-002318-3,g-002318,tel_Telu,MEDIUM,EQUIVALENT,vendor_shift,True,True,True
ntx3-002318-3,g-002318,tel_Telu,MEDIUM,EQUIVALENT,year_shift,True,True,True
ntx3-002318-3,g-002318,tel_Telu,MEDIUM,EQUIVALENT,month_shift,True,True,True
ntx3-002318-3,g-002318,tel_Telu,MEDIUM,EQUIVALENT,scope_broaden,True,False,True
ntx3-002318-3,g-002318,tel_Telu,MEDIUM,EQUIVALENT,scope_broaden+vendor_shift,True,True,True
ntx3-001496-0,g-001496,eng_Latn,CRITICAL,EQUIVALENT,clean,False,False,False
ntx3-001496-0,g-001496,eng_Latn,CRITICAL,EQUIVALENT,vendor_shift,True,True,True
ntx3-001496-0,g-001496,eng_Latn,CRITICAL,EQUIVALENT,year_shift,True,True,True
ntx3-001496-0,g-001496,eng_Latn,CRITICAL,EQUIVALENT,month_shift,True,True,True
ntx3-001496-0,g-001496,eng_Latn,CRITICAL,EQUIVALENT,scope_broaden,True,False,True
ntx3-001496-0,g-001496,eng_Latn,CRITICAL,EQUIVALENT,scope_broaden+vendor_shift,True,True,True
ntx3-001496-1,g-001496,hin_Latn,CRITICAL,EQUIVALENT,clean,False,False,False
ntx3-001496-1,g-001496,hin_Latn,CRITICAL,EQUIVALENT,vendor_shift,True,True,True
ntx3-001496-1,g-001496,hin_Latn,CRITICAL,EQUIVALENT,year_shift,True,True,True
ntx3-001496-1,g-001496,hin_Latn,CRITICAL,EQUIVALENT,month_shift,True,True,True
ntx3-001496-1,g-001496,hin_Latn,CRITICAL,EQUIVALENT,scope_broaden,True,False,True
ntx3-001496-1,g-001496,hin_Latn,CRITICAL,EQUIVALENT,scope_broaden+vendor_shift,True,True,True
ntx3-001496-2,g-001496,tel_Latn,CRITICAL,EQUIVALENT,clean,False,False,False
ntx3-001496-2,g-001496,tel_Latn,CRITICAL,EQUIVALENT,vendor_shift,True,True,True
ntx3-001496-2,g-001496,tel_Latn,CRITICAL,EQUIVALENT,year_shift,True,True,True
ntx3-001496-2,g-001496,tel_Latn,CRITICAL,EQUIVALENT,month_shift,True,True,True
ntx3-001496-2,g-001496,tel_Latn,CRITICAL,EQUIVALENT,scope_broaden,True,False,True
ntx3-001496-2,g-001496,tel_Latn,CRITICAL,EQUIVALENT,scope_broaden+vendor_shift,True,True,True
ntx3-001496-3,g-001496,tel_Telu,CRITICAL,EQUIVALENT,clean,False,False,False
ntx3-001496-3,g-001496,tel_Telu,CRITICAL,EQUIVALENT,vendor_shift,True,True,True
ntx3-001496-3,g-001496,tel_Telu,CRITICAL,EQUIVALENT,year_shift,True,True,True
ntx3-001496-3,g-001496,tel_Telu,CRITICAL,EQUIVALENT,month_shift,True,True,True
ntx3-001496-3,g-001496,tel_Telu,CRITICAL,EQUIVALENT,scope_broaden,True,False,True
ntx3-001496-3,g-001496,tel_Telu,CRITICAL,EQUIVALENT,scope_broaden+vendor_shift,True,True,True
ntx3-002036-0,g-002036,eng_Latn,LOW,EQUIVALENT,clean,False,False,False
ntx3-002036-0,g-002036,eng_Latn,LOW,EQUIVALENT,vendor_shift,True,True,True
ntx3-002036-0,g-002036,eng_Latn,LOW,EQUIVALENT,year_shift,True,True,True
ntx3-002036-0,g-002036,eng_Latn,LOW,EQUIVALENT,month_shift,True,True,True
ntx3-002036-0,g-002036,eng_Latn,LOW,EQUIVALENT,scope_broaden,True,False,True
ntx3-002036-0,g-002036,eng_Latn,LOW,EQUIVALENT,scope_broaden+vendor_shift,True,True,True
ntx3-002036-1,g-002036,hin_Latn,LOW,EQUIVALENT,clean,False,False,False
ntx3-002036-1,g-002036,hin_Latn,LOW,EQUIVALENT,vendor_shift,True,True,True
ntx3-002036-1,g-002036,hin_Latn,LOW,EQUIVALENT,year_shift,True,True,True
ntx3-002036-1,g-002036,hin_Latn,LOW,EQUIVALENT,month_shift,True,True,True
ntx3-002036-1,g-002036,hin_Latn,LOW,EQUIVALENT,scope_broaden,True,False,True
ntx3-002036-1,g-002036,hin_Latn,LOW,EQUIVALENT,scope_broaden+vendor_shift,True,True,True
ntx3-002036-2,g-002036,tel_Latn,LOW,EQUIVALENT,clean,False,False,False
ntx3-002036-2,g-002036,tel_Latn,LOW,EQUIVALENT,vendor_shift,True,True,True
ntx3-002036-2,g-002036,tel_Latn,LOW,EQUIVALENT,year_shift,True,True,True
ntx3-002036-2,g-002036,tel_Latn,LOW,EQUIVALENT,month_shift,True,True,True
ntx3-002036-2,g-002036,tel_Latn,LOW,EQUIVALENT,scope_broaden,True,False,True
ntx3-002036-2,g-002036,tel_Latn,LOW,EQUIVALENT,scope_broaden+vendor_shift,True,True,True
ntx3-002036-3,g-002036,tel_Telu,LOW,EQUIVALENT,clean,False,False,False
ntx3-002036-3,g-002036,tel_Telu,LOW,EQUIVALENT,vendor_shift,True,True,True
ntx3-002036-3,g-002036,tel_Telu,LOW,EQUIVALENT,year_shift,True,True,True
ntx3-002036-3,g-002036,tel_Telu,LOW,EQUIVALENT,month_shift,True,True,True
ntx3-002036-3,g-002036,tel_Telu,LOW,EQUIVALENT,scope_broaden,True,False,True
ntx3-002036-3,g-002036,tel_Telu,LOW,EQUIVALENT,scope_broaden+vendor_shift,True,True,True
ntx3-000561-0,g-000561,eng_Latn,HIGH,EQUIVALENT,clean,False,False,False
ntx3-000561-0,g-000561,eng_Latn,HIGH,EQUIVALENT,vendor_shift,True,True,True
ntx3-000561-0,g-000561,eng_Latn,HIGH,EQUIVALENT,year_shift,True,True,True
ntx3-000561-0,g-000561,eng_Latn,HIGH,EQUIVALENT,month_shift,True,True,True
ntx3-000561-0,g-000561,eng_Latn,HIGH,EQUIVALENT,scope_broaden,True,False,True
ntx3-000561-0,g-000561,eng_Latn,HIGH,EQUIVALENT,scope_broaden+vendor_shift,True,True,True
ntx3-000561-1,g-000561,hin_Latn,HIGH,EQUIVALENT,clean,False,False,False
ntx3-000561-1,g-000561,hin_Latn,HIGH,EQUIVALENT,vendor_shift,True,True,True
ntx3-000561-1,g-000561,hin_Latn,HIGH,EQUIVALENT,year_shift,True,True,True
ntx3-000561-1,g-000561,hin_Latn,HIGH,EQUIVALENT,month_shift,True,True,True
ntx3-000561-1,g-000561,hin_Latn,HIGH,EQUIVALENT,scope_broaden,True,False,True
ntx3-000561-1,g-000561,hin_Latn,HIGH,EQUIVALENT,scope_broaden+vendor_shift,True,True,True
ntx3-000561-2,g-000561,tel_Latn,HIGH,EQUIVALENT,clean,False,False,False
ntx3-000561-2,g-000561,tel_Latn,HIGH,EQUIVALENT,vendor_shift,True,True,True
ntx3-000561-2,g-000561,tel_Latn,HIGH,EQUIVALENT,year_shift,True,True,True
ntx3-000561-2,g-000561,tel_Latn,HIGH,EQUIVALENT,month_shift,True,True,True
ntx3-000561-2,g-000561,tel_Latn,HIGH,EQUIVALENT,scope_broaden,True,False,True
ntx3-000561-2,g-000561,tel_Latn,HIGH,EQUIVALENT,scope_broaden+vendor_shift,True,True,True
ntx3-000561-3,g-000561,tel_Telu,HIGH,EQUIVALENT,clean,False,False,False
ntx3-000561-3,g-000561,tel_Telu,HIGH,EQUIVALENT,vendor_shift,True,True,True
ntx3-000561-3,g-000561,tel_Telu,HIGH,EQUIVALENT,year_shift,True,True,True
ntx3-000561-3,g-000561,tel_Telu,HIGH,EQUIVALENT,month_shift,True,True,True
ntx3-000561-3,g-000561,tel_Telu,HIGH,EQUIVALENT,scope_broaden,True,False,True
ntx3-000561-3,g-000561,tel_Telu,HIGH,EQUIVALENT,scope_broaden+vendor_shift,True,True,True
ntx3-002386-0,g-002386,eng_Latn,HIGH,EQUIVALENT,clean,False,False,False
ntx3-002386-0,g-002386,eng_Latn,HIGH,EQUIVALENT,vendor_shift,True,True,True
ntx3-002386-0,g-002386,eng_Latn,HIGH,EQUIVALENT,year_shift,True,True,True
ntx3-002386-0,g-002386,eng_Latn,HIGH,EQUIVALENT,month_shift,True,True,True
ntx3-002386-0,g-002386,eng_Latn,HIGH,EQUIVALENT,scope_broaden,True,False,True
ntx3-002386-0,g-002386,eng_Latn,HIGH,EQUIVALENT,scope_broaden+vendor_shift,True,True,True
ntx3-002386-1,g-002386,hin_Latn,HIGH,EQUIVALENT,clean,False,False,False
ntx3-002386-1,g-002386,hin_Latn,HIGH,EQUIVALENT,vendor_shift,True,True,True
ntx3-002386-1,g-002386,hin_Latn,HIGH,EQUIVALENT,year_shift,True,True,True
ntx3-002386-1,g-002386,hin_Latn,HIGH,EQUIVALENT,month_shift,True,True,True
ntx3-002386-1,g-002386,hin_Latn,HIGH,EQUIVALENT,scope_broaden,True,False,True
ntx3-002386-1,g-002386,hin_Latn,HIGH,EQUIVALENT,scope_broaden+vendor_shift,True,True,True
ntx3-002386-2,g-002386,tel_Latn,HIGH,EQUIVALENT,clean,False,False,False
ntx3-002386-2,g-002386,tel_Latn,HIGH,EQUIVALENT,vendor_shift,True,True,True
ntx3-002386-2,g-002386,tel_Latn,HIGH,EQUIVALENT,year_shift,True,True,True
ntx3-002386-2,g-002386,tel_Latn,HIGH,EQUIVALENT,month_shift,True,True,True
ntx3-002386-2,g-002386,tel_Latn,HIGH,EQUIVALENT,scope_broaden,True,False,True
ntx3-002386-2,g-002386,tel_Latn,HIGH,EQUIVALENT,scope_broaden+vendor_shift,True,True,True
ntx3-002386-3,g-002386,tel_Telu,HIGH,EQUIVALENT,clean,False,False,False
ntx3-002386-3,g-002386,tel_Telu,HIGH,EQUIVALENT,vendor_shift,True,True,True
ntx3-002386-3,g-002386,tel_Telu,HIGH,EQUIVALENT,year_shift,True,True,True
ntx3-002386-3,g-002386,tel_Telu,HIGH,EQUIVALENT,month_shift,True,True,True
ntx3-002386-3,g-002386,tel_Telu,HIGH,EQUIVALENT,scope_broaden,True,False,True
ntx3-002386-3,g-002386,tel_Telu,HIGH,EQUIVALENT,scope_broaden+vendor_shift,True,True,True
ntx3-001091-0,g-001091,eng_Latn,HIGH,EQUIVALENT,clean,False,False,False
ntx3-001091-0,g-001091,eng_Latn,HIGH,EQUIVALENT,vendor_shift,True,True,True
ntx3-001091-0,g-001091,eng_Latn,HIGH,EQUIVALENT,year_shift,True,True,True
ntx3-001091-0,g-001091,eng_Latn,HIGH,EQUIVALENT,month_shift,True,True,True
ntx3-001091-0,g-001091,eng_Latn,HIGH,EQUIVALENT,scope_broaden,True,False,True
ntx3-001091-0,g-001091,eng_Latn,HIGH,EQUIVALENT,scope_broaden+vendor_shift,True,True,True
ntx3-001091-1,g-001091,hin_Latn,HIGH,EQUIVALENT,clean,False,False,False
ntx3-001091-1,g-001091,hin_Latn,HIGH,EQUIVALENT,vendor_shift,True,True,True
ntx3-001091-1,g-001091,hin_Latn,HIGH,EQUIVALENT,year_shift,True,True,True
ntx3-001091-1,g-001091,hin_Latn,HIGH,EQUIVALENT,month_shift,True,True,True
ntx3-001091-1,g-001091,hin_Latn,HIGH,EQUIVALENT,scope_broaden,True,False,True
ntx3-001091-1,g-001091,hin_Latn,HIGH,EQUIVALENT,scope_broaden+vendor_shift,True,True,True
ntx3-001091-2,g-001091,tel_Latn,HIGH,EQUIVALENT,clean,False,False,False
ntx3-001091-2,g-001091,tel_Latn,HIGH,EQUIVALENT,vendor_shift,True,True,True
ntx3-001091-2,g-001091,tel_Latn,HIGH,EQUIVALENT,year_shift,True,True,True
ntx3-001091-2,g-001091,tel_Latn,HIGH,EQUIVALENT,month_shift,True,True,True
ntx3-001091-2,g-001091,tel_Latn,HIGH,EQUIVALENT,scope_broaden,True,False,True
ntx3-001091-2,g-001091,tel_Latn,HIGH,EQUIVALENT,scope_broaden+vendor_shift,True,True,True
ntx3-001091-3,g-001091,tel_Telu,HIGH,EQUIVALENT,clean,False,False,False
ntx3-001091-3,g-001091,tel_Telu,HIGH,EQUIVALENT,vendor_shift,True,True,True
ntx3-001091-3,g-001091,tel_Telu,HIGH,EQUIVALENT,year_shift,True,True,True
ntx3-001091-3,g-001091,tel_Telu,HIGH,EQUIVALENT,month_shift,True,True,True
ntx3-001091-3,g-001091,tel_Telu,HIGH,EQUIVALENT,scope_broaden,True,False,True
ntx3-001091-3,g-001091,tel_Telu,HIGH,EQUIVALENT,scope_broaden+vendor_shift,True,True,True
ntx3-000379-0,g-000379,eng_Latn,MEDIUM,EQUIVALENT,clean,False,False,False
ntx3-000379-0,g-000379,eng_Latn,MEDIUM,EQUIVALENT,vendor_shift,True,True,True
ntx3-000379-0,g-000379,eng_Latn,MEDIUM,EQUIVALENT,year_shift,True,True,True
ntx3-000379-0,g-000379,eng_Latn,MEDIUM,EQUIVALENT,month_shift,True,True,True
ntx3-000379-0,g-000379,eng_Latn,MEDIUM,EQUIVALENT,scope_broaden,True,False,True
ntx3-000379-0,g-000379,eng_Latn,MEDIUM,EQUIVALENT,scope_broaden+vendor_shift,True,True,True
ntx3-000379-1,g-000379,hin_Latn,MEDIUM,EQUIVALENT,clean,False,False,False
ntx3-000379-1,g-000379,hin_Latn,MEDIUM,EQUIVALENT,vendor_shift,True,True,True
ntx3-000379-1,g-000379,hin_Latn,MEDIUM,EQUIVALENT,year_shift,True,True,True
ntx3-000379-1,g-000379,hin_Latn,MEDIUM,EQUIVALENT,month_shift,True,True,True
ntx3-000379-1,g-000379,hin_Latn,MEDIUM,EQUIVALENT,scope_broaden,True,False,True
ntx3-000379-1,g-000379,hin_Latn,MEDIUM,EQUIVALENT,scope_broaden+vendor_shift,True,True,True
ntx3-000379-2,g-000379,tel_Latn,MEDIUM,EQUIVALENT,clean,False,False,False
ntx3-000379-2,g-000379,tel_Latn,MEDIUM,EQUIVALENT,vendor_shift,True,True,True
ntx3-000379-2,g-000379,tel_Latn,MEDIUM,EQUIVALENT,year_shift,True,True,True
ntx3-000379-2,g-000379,tel_Latn,MEDIUM,EQUIVALENT,month_shift,True,True,True
ntx3-000379-2,g-000379,tel_Latn,MEDIUM,EQUIVALENT,scope_broaden,True,False,True
ntx3-000379-2,g-000379,tel_Latn,MEDIUM,EQUIVALENT,scope_broaden+vendor_shift,True,True,True
ntx3-000379-3,g-000379,tel_Telu,MEDIUM,EQUIVALENT,clean,False,False,False
ntx3-000379-3,g-000379,tel_Telu,MEDIUM,EQUIVALENT,vendor_shift,True,True,True
ntx3-000379-3,g-000379,tel_Telu,MEDIUM,EQUIVALENT,year_shift,True,True,True
ntx3-000379-3,g-000379,tel_Telu,MEDIUM,EQUIVALENT,month_shift,True,True,True
ntx3-000379-3,g-000379,tel_Telu,MEDIUM,EQUIVALENT,scope_broaden,True,False,True
ntx3-000379-3,g-000379,tel_Telu,MEDIUM,EQUIVALENT,scope_broaden+vendor_shift,True,True,True
ntx3-000457-0,g-000457,eng_Latn,MEDIUM,EQUIVALENT,clean,False,False,False
ntx3-000457-0,g-000457,eng_Latn,MEDIUM,EQUIVALENT,vendor_shift,True,True,True
ntx3-000457-0,g-000457,eng_Latn,MEDIUM,EQUIVALENT,year_shift,True,True,True
ntx3-000457-0,g-000457,eng_Latn,MEDIUM,EQUIVALENT,month_shift,True,True,True
ntx3-000457-0,g-000457,eng_Latn,MEDIUM,EQUIVALENT,scope_broaden,True,False,True
ntx3-000457-0,g-000457,eng_Latn,MEDIUM,EQUIVALENT,scope_broaden+vendor_shift,True,True,True
ntx3-000457-1,g-000457,hin_Latn,MEDIUM,EQUIVALENT,clean,False,False,False
ntx3-000457-1,g-000457,hin_Latn,MEDIUM,EQUIVALENT,vendor_shift,True,True,True
ntx3-000457-1,g-000457,hin_Latn,MEDIUM,EQUIVALENT,year_shift,True,True,True
ntx3-000457-1,g-000457,hin_Latn,MEDIUM,EQUIVALENT,month_shift,True,True,True
ntx3-000457-1,g-000457,hin_Latn,MEDIUM,EQUIVALENT,scope_broaden,True,False,True
ntx3-000457-1,g-000457,hin_Latn,MEDIUM,EQUIVALENT,scope_broaden+vendor_shift,True,True,True
ntx3-000457-2,g-000457,tel_Latn,MEDIUM,EQUIVALENT,clean,False,False,False
ntx3-000457-2,g-000457,tel_Latn,MEDIUM,EQUIVALENT,vendor_shift,True,True,True
ntx3-000457-2,g-000457,tel_Latn,MEDIUM,EQUIVALENT,year_shift,True,True,True
ntx3-000457-2,g-000457,tel_Latn,MEDIUM,EQUIVALENT,month_shift,True,True,True
ntx3-000457-2,g-000457,tel_Latn,MEDIUM,EQUIVALENT,scope_broaden,True,False,True
ntx3-000457-2,g-000457,tel_Latn,MEDIUM,EQUIVALENT,scope_broaden+vendor_shift,True,True,True
ntx3-000457-3,g-000457,tel_Telu,MEDIUM,EQUIVALENT,clean,False,False,False
ntx3-000457-3,g-000457,tel_Telu,MEDIUM,EQUIVALENT,vendor_shift,True,True,True
ntx3-000457-3,g-000457,tel_Telu,MEDIUM,EQUIVALENT,year_shift,True,True,True
ntx3-000457-3,g-000457,tel_Telu,MEDIUM,EQUIVALENT,month_shift,True,True,True
ntx3-000457-3,g-000457,tel_Telu,MEDIUM,EQUIVALENT,scope_broaden,True,False,True
ntx3-000457-3,g-000457,tel_Telu,MEDIUM,EQUIVALENT,scope_broaden+vendor_shift,True,True,True
ntx3-001751-0,g-001751,eng_Latn,LOW,EQUIVALENT,clean,False,False,False
ntx3-001751-0,g-001751,eng_Latn,LOW,EQUIVALENT,vendor_shift,True,True,True
ntx3-001751-0,g-001751,eng_Latn,LOW,EQUIVALENT,year_shift,True,True,True
ntx3-001751-0,g-001751,eng_Latn,LOW,EQUIVALENT,month_shift,True,True,True
ntx3-001751-0,g-001751,eng_Latn,LOW,EQUIVALENT,scope_broaden,True,False,True
ntx3-001751-0,g-001751,eng_Latn,LOW,EQUIVALENT,scope_broaden+vendor_shift,True,True,True
ntx3-001751-1,g-001751,hin_Latn,LOW,EQUIVALENT,clean,False,False,False
ntx3-001751-1,g-001751,hin_Latn,LOW,EQUIVALENT,vendor_shift,True,True,True
ntx3-001751-1,g-001751,hin_Latn,LOW,EQUIVALENT,year_shift,True,True,True
ntx3-001751-1,g-001751,hin_Latn,LOW,EQUIVALENT,month_shift,True,True,True
ntx3-001751-1,g-001751,hin_Latn,LOW,EQUIVALENT,scope_broaden,True,False,True
ntx3-001751-1,g-001751,hin_Latn,LOW,EQUIVALENT,scope_broaden+vendor_shift,True,True,True
ntx3-001751-2,g-001751,tel_Latn,LOW,EQUIVALENT,clean,False,False,False
ntx3-001751-2,g-001751,tel_Latn,LOW,EQUIVALENT,vendor_shift,True,True,True
ntx3-001751-2,g-001751,tel_Latn,LOW,EQUIVALENT,year_shift,True,True,True
ntx3-001751-2,g-001751,tel_Latn,LOW,EQUIVALENT,month_shift,True,True,True
ntx3-001751-2,g-001751,tel_Latn,LOW,EQUIVALENT,scope_broaden,True,False,True
ntx3-001751-2,g-001751,tel_Latn,LOW,EQUIVALENT,scope_broaden+vendor_shift,True,True,True
ntx3-001751-3,g-001751,tel_Telu,LOW,EQUIVALENT,clean,False,False,False
ntx3-001751-3,g-001751,tel_Telu,LOW,EQUIVALENT,vendor_shift,True,True,True
ntx3-001751-3,g-001751,tel_Telu,LOW,EQUIVALENT,year_shift,True,True,True
ntx3-001751-3,g-001751,tel_Telu,LOW,EQUIVALENT,month_shift,True,True,True
ntx3-001751-3,g-001751,tel_Telu,LOW,EQUIVALENT,scope_broaden,True,False,True
ntx3-001751-3,g-001751,tel_Telu,LOW,EQUIVALENT,scope_broaden+vendor_shift,True,True,True
ntx3-000645-0,g-000645,eng_Latn,HIGH,EQUIVALENT,clean,False,False,False
ntx3-000645-0,g-000645,eng_Latn,HIGH,EQUIVALENT,vendor_shift,True,True,True
ntx3-000645-0,g-000645,eng_Latn,HIGH,EQUIVALENT,year_shift,True,True,True
ntx3-000645-0,g-000645,eng_Latn,HIGH,EQUIVALENT,month_shift,True,True,True
ntx3-000645-0,g-000645,eng_Latn,HIGH,EQUIVALENT,scope_broaden,True,False,True
ntx3-000645-0,g-000645,eng_Latn,HIGH,EQUIVALENT,scope_broaden+vendor_shift,True,True,True
ntx3-000645-1,g-000645,hin_Latn,HIGH,EQUIVALENT,clean,False,False,False
ntx3-000645-1,g-000645,hin_Latn,HIGH,EQUIVALENT,vendor_shift,True,True,True
ntx3-000645-1,g-000645,hin_Latn,HIGH,EQUIVALENT,year_shift,True,True,True
ntx3-000645-1,g-000645,hin_Latn,HIGH,EQUIVALENT,month_shift,True,True,True
ntx3-000645-1,g-000645,hin_Latn,HIGH,EQUIVALENT,scope_broaden,True,False,True
ntx3-000645-1,g-000645,hin_Latn,HIGH,EQUIVALENT,scope_broaden+vendor_shift,True,True,True
ntx3-000645-2,g-000645,tel_Latn,HIGH,EQUIVALENT,clean,False,False,False
ntx3-000645-2,g-000645,tel_Latn,HIGH,EQUIVALENT,vendor_shift,True,True,True
ntx3-000645-2,g-000645,tel_Latn,HIGH,EQUIVALENT,year_shift,True,True,True
ntx3-000645-2,g-000645,tel_Latn,HIGH,EQUIVALENT,month_shift,True,True,True
ntx3-000645-2,g-000645,tel_Latn,HIGH,EQUIVALENT,scope_broaden,True,False,True
ntx3-000645-2,g-000645,tel_Latn,HIGH,EQUIVALENT,scope_broaden+vendor_shift,True,True,True
ntx3-000645-3,g-000645,tel_Telu,HIGH,EQUIVALENT,clean,False,False,False
ntx3-000645-3,g-000645,tel_Telu,HIGH,EQUIVALENT,vendor_shift,True,True,True
ntx3-000645-3,g-000645,tel_Telu,HIGH,EQUIVALENT,year_shift,True,True,True
ntx3-000645-3,g-000645,tel_Telu,HIGH,EQUIVALENT,month_shift,True,True,True
ntx3-000645-3,g-000645,tel_Telu,HIGH,EQUIVALENT,scope_broaden,True,False,True
ntx3-000645-3,g-000645,tel_Telu,HIGH,EQUIVALENT,scope_broaden+vendor_shift,True,True,True
ntx3-000164-0,g-000164,eng_Latn,CRITICAL,EQUIVALENT,clean,False,False,False
ntx3-000164-0,g-000164,eng_Latn,CRITICAL,EQUIVALENT,vendor_shift,True,True,True
ntx3-000164-0,g-000164,eng_Latn,CRITICAL,EQUIVALENT,year_shift,True,True,True
ntx3-000164-0,g-000164,eng_Latn,CRITICAL,EQUIVALENT,month_shift,True,True,True
ntx3-000164-0,g-000164,eng_Latn,CRITICAL,EQUIVALENT,scope_broaden,True,False,True
ntx3-000164-0,g-000164,eng_Latn,CRITICAL,EQUIVALENT,scope_broaden+vendor_shift,True,True,True
ntx3-000164-1,g-000164,hin_Latn,CRITICAL,EQUIVALENT,clean,False,False,False
ntx3-000164-1,g-000164,hin_Latn,CRITICAL,EQUIVALENT,vendor_shift,True,True,True
ntx3-000164-1,g-000164,hin_Latn,CRITICAL,EQUIVALENT,year_shift,True,True,True
ntx3-000164-1,g-000164,hin_Latn,CRITICAL,EQUIVALENT,month_shift,True,True,True
ntx3-000164-1,g-000164,hin_Latn,CRITICAL,EQUIVALENT,scope_broaden,True,False,True
ntx3-000164-1,g-000164,hin_Latn,CRITICAL,EQUIVALENT,scope_broaden+vendor_shift,True,True,True
ntx3-000164-2,g-000164,tel_Latn,CRITICAL,EQUIVALENT,clean,False,False,False
ntx3-000164-2,g-000164,tel_Latn,CRITICAL,EQUIVALENT,vendor_shift,True,True,True
ntx3-000164-2,g-000164,tel_Latn,CRITICAL,EQUIVALENT,year_shift,True,True,True
ntx3-000164-2,g-000164,tel_Latn,CRITICAL,EQUIVALENT,month_shift,True,True,True
ntx3-000164-2,g-000164,tel_Latn,CRITICAL,EQUIVALENT,scope_broaden,True,False,True
ntx3-000164-2,g-000164,tel_Latn,CRITICAL,EQUIVALENT,scope_broaden+vendor_shift,True,True,True
ntx3-000164-3,g-000164,tel_Telu,CRITICAL,EQUIVALENT,clean,False,False,False
ntx3-000164-3,g-000164,tel_Telu,CRITICAL,EQUIVALENT,vendor_shift,True,True,True
ntx3-000164-3,g-000164,tel_Telu,CRITICAL,EQUIVALENT,year_shift,True,True,True
ntx3-000164-3,g-000164,tel_Telu,CRITICAL,EQUIVALENT,month_shift,True,True,True
ntx3-000164-3,g-000164,tel_Telu,CRITICAL,EQUIVALENT,scope_broaden,True,False,True
ntx3-000164-3,g-000164,tel_Telu,CRITICAL,EQUIVALENT,scope_broaden+vendor_shift,True,True,True
ntx3-001695-0,g-001695,eng_Latn,CRITICAL,EQUIVALENT,clean,False,False,False
ntx3-001695-0,g-001695,eng_Latn,CRITICAL,EQUIVALENT,vendor_shift,True,True,True
ntx3-001695-0,g-001695,eng_Latn,CRITICAL,EQUIVALENT,year_shift,True,True,True
ntx3-001695-0,g-001695,eng_Latn,CRITICAL,EQUIVALENT,month_shift,True,True,True
ntx3-001695-0,g-001695,eng_Latn,CRITICAL,EQUIVALENT,scope_broaden,True,False,True
ntx3-001695-0,g-001695,eng_Latn,CRITICAL,EQUIVALENT,scope_broaden+vendor_shift,True,True,True
ntx3-001695-1,g-001695,hin_Latn,CRITICAL,EQUIVALENT,clean,False,False,False
ntx3-001695-1,g-001695,hin_Latn,CRITICAL,EQUIVALENT,vendor_shift,True,True,True
ntx3-001695-1,g-001695,hin_Latn,CRITICAL,EQUIVALENT,year_shift,True,True,True
ntx3-001695-1,g-001695,hin_Latn,CRITICAL,EQUIVALENT,month_shift,True,True,True
ntx3-001695-1,g-001695,hin_Latn,CRITICAL,EQUIVALENT,scope_broaden,True,False,True
ntx3-001695-1,g-001695,hin_Latn,CRITICAL,EQUIVALENT,scope_broaden+vendor_shift,True,True,True
ntx3-001695-2,g-001695,tel_Latn,CRITICAL,EQUIVALENT,clean,False,False,False
ntx3-001695-2,g-001695,tel_Latn,CRITICAL,EQUIVALENT,vendor_shift,True,True,True
ntx3-001695-2,g-001695,tel_Latn,CRITICAL,EQUIVALENT,year_shift,True,True,True
ntx3-001695-2,g-001695,tel_Latn,CRITICAL,EQUIVALENT,month_shift,True,True,True
ntx3-001695-2,g-001695,tel_Latn,CRITICAL,EQUIVALENT,scope_broaden,True,False,True
ntx3-001695-2,g-001695,tel_Latn,CRITICAL,EQUIVALENT,scope_broaden+vendor_shift,True,True,True
ntx3-001695-3,g-001695,tel_Telu,CRITICAL,EQUIVALENT,clean,False,False,False
ntx3-001695-3,g-001695,tel_Telu,CRITICAL,EQUIVALENT,vendor_shift,True,True,True
ntx3-001695-3,g-001695,tel_Telu,CRITICAL,EQUIVALENT,year_shift,True,True,True
ntx3-001695-3,g-001695,tel_Telu,CRITICAL,EQUIVALENT,month_shift,True,True,True
ntx3-001695-3,g-001695,tel_Telu,CRITICAL,EQUIVALENT,scope_broaden,True,False,True
ntx3-001695-3,g-001695,tel_Telu,CRITICAL,EQUIVALENT,scope_broaden+vendor_shift,True,True,True
ntx3-001957-0,g-001957,eng_Latn,HIGH,EQUIVALENT,clean,False,False,False
ntx3-001957-0,g-001957,eng_Latn,HIGH,EQUIVALENT,vendor_shift,True,True,True
ntx3-001957-0,g-001957,eng_Latn,HIGH,EQUIVALENT,year_shift,True,True,True
ntx3-001957-0,g-001957,eng_Latn,HIGH,EQUIVALENT,month_shift,True,True,True
ntx3-001957-0,g-001957,eng_Latn,HIGH,EQUIVALENT,scope_broaden,True,False,True
ntx3-001957-0,g-001957,eng_Latn,HIGH,EQUIVALENT,scope_broaden+vendor_shift,True,True,True
ntx3-001957-1,g-001957,hin_Latn,HIGH,EQUIVALENT,clean,False,False,False
ntx3-001957-1,g-001957,hin_Latn,HIGH,EQUIVALENT,vendor_shift,True,True,True
ntx3-001957-1,g-001957,hin_Latn,HIGH,EQUIVALENT,year_shift,True,True,True
ntx3-001957-1,g-001957,hin_Latn,HIGH,EQUIVALENT,month_shift,True,True,True
ntx3-001957-1,g-001957,hin_Latn,HIGH,EQUIVALENT,scope_broaden,True,False,True
ntx3-001957-1,g-001957,hin_Latn,HIGH,EQUIVALENT,scope_broaden+vendor_shift,True,True,True
ntx3-001957-2,g-001957,tel_Latn,HIGH,EQUIVALENT,clean,False,False,False
ntx3-001957-2,g-001957,tel_Latn,HIGH,EQUIVALENT,vendor_shift,True,True,True
ntx3-001957-2,g-001957,tel_Latn,HIGH,EQUIVALENT,year_shift,True,True,True
ntx3-001957-2,g-001957,tel_Latn,HIGH,EQUIVALENT,month_shift,True,True,True
ntx3-001957-2,g-001957,tel_Latn,HIGH,EQUIVALENT,scope_broaden,True,False,True
ntx3-001957-2,g-001957,tel_Latn,HIGH,EQUIVALENT,scope_broaden+vendor_shift,True,True,True
ntx3-001957-3,g-001957,tel_Telu,HIGH,EQUIVALENT,clean,False,False,False
ntx3-001957-3,g-001957,tel_Telu,HIGH,EQUIVALENT,vendor_shift,True,True,True
ntx3-001957-3,g-001957,tel_Telu,HIGH,EQUIVALENT,year_shift,True,True,True
ntx3-001957-3,g-001957,tel_Telu,HIGH,EQUIVALENT,month_shift,True,True,True
ntx3-001957-3,g-001957,tel_Telu,HIGH,EQUIVALENT,scope_broaden,True,False,True
ntx3-001957-3,g-001957,tel_Telu,HIGH,EQUIVALENT,scope_broaden+vendor_shift,True,True,True
ntx3-000449-0,g-000449,eng_Latn,CRITICAL,EQUIVALENT,clean,False,False,False
ntx3-000449-0,g-000449,eng_Latn,CRITICAL,EQUIVALENT,vendor_shift,True,True,True
ntx3-000449-0,g-000449,eng_Latn,CRITICAL,EQUIVALENT,year_shift,True,True,True
ntx3-000449-0,g-000449,eng_Latn,CRITICAL,EQUIVALENT,month_shift,True,True,True
ntx3-000449-0,g-000449,eng_Latn,CRITICAL,EQUIVALENT,scope_broaden,True,False,True
ntx3-000449-0,g-000449,eng_Latn,CRITICAL,EQUIVALENT,scope_broaden+vendor_shift,True,True,True
ntx3-000449-1,g-000449,hin_Latn,CRITICAL,EQUIVALENT,clean,False,False,False
ntx3-000449-1,g-000449,hin_Latn,CRITICAL,EQUIVALENT,vendor_shift,True,True,True
ntx3-000449-1,g-000449,hin_Latn,CRITICAL,EQUIVALENT,year_shift,True,True,True
ntx3-000449-1,g-000449,hin_Latn,CRITICAL,EQUIVALENT,month_shift,True,True,True
ntx3-000449-1,g-000449,hin_Latn,CRITICAL,EQUIVALENT,scope_broaden,True,False,True
ntx3-000449-1,g-000449,hin_Latn,CRITICAL,EQUIVALENT,scope_broaden+vendor_shift,True,True,True
ntx3-000449-2,g-000449,tel_Latn,CRITICAL,EQUIVALENT,clean,False,False,False
ntx3-000449-2,g-000449,tel_Latn,CRITICAL,EQUIVALENT,vendor_shift,True,True,True
ntx3-000449-2,g-000449,tel_Latn,CRITICAL,EQUIVALENT,year_shift,True,True,True
ntx3-000449-2,g-000449,tel_Latn,CRITICAL,EQUIVALENT,month_shift,True,True,True
ntx3-000449-2,g-000449,tel_Latn,CRITICAL,EQUIVALENT,scope_broaden,True,False,True
ntx3-000449-2,g-000449,tel_Latn,CRITICAL,EQUIVALENT,scope_broaden+vendor_shift,True,True,True
ntx3-000449-3,g-000449,tel_Telu,CRITICAL,EQUIVALENT,clean,False,False,False
ntx3-000449-3,g-000449,tel_Telu,CRITICAL,EQUIVALENT,vendor_shift,True,True,True
ntx3-000449-3,g-000449,tel_Telu,CRITICAL,EQUIVALENT,year_shift,True,True,True
ntx3-000449-3,g-000449,tel_Telu,CRITICAL,EQUIVALENT,month_shift,True,True,True
ntx3-000449-3,g-000449,tel_Telu,CRITICAL,EQUIVALENT,scope_broaden,True,False,True
ntx3-000449-3,g-000449,tel_Telu,CRITICAL,EQUIVALENT,scope_broaden+vendor_shift,True,True,True
ntx3-000496-0,g-000496,eng_Latn,MEDIUM,EQUIVALENT,clean,False,False,False
ntx3-000496-0,g-000496,eng_Latn,MEDIUM,EQUIVALENT,vendor_shift,True,True,True
ntx3-000496-0,g-000496,eng_Latn,MEDIUM,EQUIVALENT,year_shift,True,True,True
ntx3-000496-0,g-000496,eng_Latn,MEDIUM,EQUIVALENT,month_shift,True,True,True
ntx3-000496-0,g-000496,eng_Latn,MEDIUM,EQUIVALENT,scope_broaden,True,False,True
ntx3-000496-0,g-000496,eng_Latn,MEDIUM,EQUIVALENT,scope_broaden+vendor_shift,True,True,True
ntx3-000496-1,g-000496,hin_Latn,MEDIUM,EQUIVALENT,clean,False,False,False
ntx3-000496-1,g-000496,hin_Latn,MEDIUM,EQUIVALENT,vendor_shift,True,True,True
ntx3-000496-1,g-000496,hin_Latn,MEDIUM,EQUIVALENT,year_shift,True,True,True
ntx3-000496-1,g-000496,hin_Latn,MEDIUM,EQUIVALENT,month_shift,True,True,True
ntx3-000496-1,g-000496,hin_Latn,MEDIUM,EQUIVALENT,scope_broaden,True,False,True
ntx3-000496-1,g-000496,hin_Latn,MEDIUM,EQUIVALENT,scope_broaden+vendor_shift,True,True,True
ntx3-000496-2,g-000496,tel_Latn,MEDIUM,EQUIVALENT,clean,False,False,False
ntx3-000496-2,g-000496,tel_Latn,MEDIUM,EQUIVALENT,vendor_shift,True,True,True
ntx3-000496-2,g-000496,tel_Latn,MEDIUM,EQUIVALENT,year_shift,True,True,True
ntx3-000496-2,g-000496,tel_Latn,MEDIUM,EQUIVALENT,month_shift,True,True,True
ntx3-000496-2,g-000496,tel_Latn,MEDIUM,EQUIVALENT,scope_broaden,True,False,True
ntx3-000496-2,g-000496,tel_Latn,MEDIUM,EQUIVALENT,scope_broaden+vendor_shift,True,True,True
ntx3-000496-3,g-000496,tel_Telu,MEDIUM,EQUIVALENT,clean,False,False,False
ntx3-000496-3,g-000496,tel_Telu,MEDIUM,EQUIVALENT,vendor_shift,True,True,True
ntx3-000496-3,g-000496,tel_Telu,MEDIUM,EQUIVALENT,year_shift,True,True,True
ntx3-000496-3,g-000496,tel_Telu,MEDIUM,EQUIVALENT,month_shift,True,True,True
ntx3-000496-3,g-000496,tel_Telu,MEDIUM,EQUIVALENT,scope_broaden,True,False,True
ntx3-000496-3,g-000496,tel_Telu,MEDIUM,EQUIVALENT,scope_broaden+vendor_shift,True,True,True
ntx3-001519-0,g-001519,eng_Latn,HIGH,EQUIVALENT,clean,False,False,False
ntx3-001519-0,g-001519,eng_Latn,HIGH,EQUIVALENT,vendor_shift,True,True,True
ntx3-001519-0,g-001519,eng_Latn,HIGH,EQUIVALENT,year_shift,True,True,True
ntx3-001519-0,g-001519,eng_Latn,HIGH,EQUIVALENT,month_shift,True,True,True
ntx3-001519-0,g-001519,eng_Latn,HIGH,EQUIVALENT,scope_broaden,True,False,True
ntx3-001519-0,g-001519,eng_Latn,HIGH,EQUIVALENT,scope_broaden+vendor_shift,True,True,True
ntx3-001519-1,g-001519,hin_Latn,HIGH,EQUIVALENT,clean,False,False,False
ntx3-001519-1,g-001519,hin_Latn,HIGH,EQUIVALENT,vendor_shift,True,True,True
ntx3-001519-1,g-001519,hin_Latn,HIGH,EQUIVALENT,year_shift,True,True,True
ntx3-001519-1,g-001519,hin_Latn,HIGH,EQUIVALENT,month_shift,True,True,True
ntx3-001519-1,g-001519,hin_Latn,HIGH,EQUIVALENT,scope_broaden,True,False,True
ntx3-001519-1,g-001519,hin_Latn,HIGH,EQUIVALENT,scope_broaden+vendor_shift,True,True,True
ntx3-001519-2,g-001519,tel_Latn,HIGH,EQUIVALENT,clean,False,False,False
ntx3-001519-2,g-001519,tel_Latn,HIGH,EQUIVALENT,vendor_shift,True,True,True
ntx3-001519-2,g-001519,tel_Latn,HIGH,EQUIVALENT,year_shift,True,True,True
ntx3-001519-2,g-001519,tel_Latn,HIGH,EQUIVALENT,month_shift,True,True,True
ntx3-001519-2,g-001519,tel_Latn,HIGH,EQUIVALENT,scope_broaden,True,False,True
ntx3-001519-2,g-001519,tel_Latn,HIGH,EQUIVALENT,scope_broaden+vendor_shift,True,True,True
ntx3-001519-3,g-001519,tel_Telu,HIGH,EQUIVALENT,clean,False,False,False
ntx3-001519-3,g-001519,tel_Telu,HIGH,EQUIVALENT,vendor_shift,True,True,True
ntx3-001519-3,g-001519,tel_Telu,HIGH,EQUIVALENT,year_shift,True,True,True
ntx3-001519-3,g-001519,tel_Telu,HIGH,EQUIVALENT,month_shift,True,True,True
ntx3-001519-3,g-001519,tel_Telu,HIGH,EQUIVALENT,scope_broaden,True,False,True
ntx3-001519-3,g-001519,tel_Telu,HIGH,EQUIVALENT,scope_broaden+vendor_shift,True,True,True
ntx3-002337-0,g-002337,eng_Latn,HIGH,EQUIVALENT,clean,False,False,False
ntx3-002337-0,g-002337,eng_Latn,HIGH,EQUIVALENT,vendor_shift,True,True,True
ntx3-002337-0,g-002337,eng_Latn,HIGH,EQUIVALENT,year_shift,True,True,True
ntx3-002337-0,g-002337,eng_Latn,HIGH,EQUIVALENT,month_shift,True,True,True
ntx3-002337-0,g-002337,eng_Latn,HIGH,EQUIVALENT,scope_broaden,True,False,True
ntx3-002337-0,g-002337,eng_Latn,HIGH,EQUIVALENT,scope_broaden+vendor_shift,True,True,True
ntx3-002337-1,g-002337,hin_Latn,HIGH,EQUIVALENT,clean,False,False,False
ntx3-002337-1,g-002337,hin_Latn,HIGH,EQUIVALENT,vendor_shift,True,True,True
ntx3-002337-1,g-002337,hin_Latn,HIGH,EQUIVALENT,year_shift,True,True,True
ntx3-002337-1,g-002337,hin_Latn,HIGH,EQUIVALENT,month_shift,True,True,True
ntx3-002337-1,g-002337,hin_Latn,HIGH,EQUIVALENT,scope_broaden,True,False,True
ntx3-002337-1,g-002337,hin_Latn,HIGH,EQUIVALENT,scope_broaden+vendor_shift,True,True,True
ntx3-002337-2,g-002337,tel_Latn,HIGH,EQUIVALENT,clean,False,False,False
ntx3-002337-2,g-002337,tel_Latn,HIGH,EQUIVALENT,vendor_shift,True,True,True
ntx3-002337-2,g-002337,tel_Latn,HIGH,EQUIVALENT,year_shift,True,True,True
ntx3-002337-2,g-002337,tel_Latn,HIGH,EQUIVALENT,month_shift,True,True,True
ntx3-002337-2,g-002337,tel_Latn,HIGH,EQUIVALENT,scope_broaden,True,False,True
ntx3-002337-2,g-002337,tel_Latn,HIGH,EQUIVALENT,scope_broaden+vendor_shift,True,True,True
ntx3-002337-3,g-002337,tel_Telu,HIGH,EQUIVALENT,clean,False,False,False
ntx3-002337-3,g-002337,tel_Telu,HIGH,EQUIVALENT,vendor_shift,True,True,True
ntx3-002337-3,g-002337,tel_Telu,HIGH,EQUIVALENT,year_shift,True,True,True
ntx3-002337-3,g-002337,tel_Telu,HIGH,EQUIVALENT,month_shift,True,True,True
ntx3-002337-3,g-002337,tel_Telu,HIGH,EQUIVALENT,scope_broaden,True,False,True
ntx3-002337-3,g-002337,tel_Telu,HIGH,EQUIVALENT,scope_broaden+vendor_shift,True,True,True
ntx3-000940-0,g-000940,eng_Latn,HIGH,EQUIVALENT,clean,False,False,False
ntx3-000940-0,g-000940,eng_Latn,HIGH,EQUIVALENT,vendor_shift,True,True,True
ntx3-000940-0,g-000940,eng_Latn,HIGH,EQUIVALENT,year_shift,True,True,True
ntx3-000940-0,g-000940,eng_Latn,HIGH,EQUIVALENT,month_shift,True,True,True
ntx3-000940-0,g-000940,eng_Latn,HIGH,EQUIVALENT,scope_broaden,True,False,True
ntx3-000940-0,g-000940,eng_Latn,HIGH,EQUIVALENT,scope_broaden+vendor_shift,True,True,True
ntx3-000940-1,g-000940,hin_Latn,HIGH,EQUIVALENT,clean,False,False,False
ntx3-000940-1,g-000940,hin_Latn,HIGH,EQUIVALENT,vendor_shift,True,True,True
ntx3-000940-1,g-000940,hin_Latn,HIGH,EQUIVALENT,year_shift,True,True,True
ntx3-000940-1,g-000940,hin_Latn,HIGH,EQUIVALENT,month_shift,True,True,True
ntx3-000940-1,g-000940,hin_Latn,HIGH,EQUIVALENT,scope_broaden,True,False,True
ntx3-000940-1,g-000940,hin_Latn,HIGH,EQUIVALENT,scope_broaden+vendor_shift,True,True,True
ntx3-000940-2,g-000940,tel_Latn,HIGH,EQUIVALENT,clean,False,False,False
ntx3-000940-2,g-000940,tel_Latn,HIGH,EQUIVALENT,vendor_shift,True,True,True
ntx3-000940-2,g-000940,tel_Latn,HIGH,EQUIVALENT,year_shift,True,True,True
ntx3-000940-2,g-000940,tel_Latn,HIGH,EQUIVALENT,month_shift,True,True,True
ntx3-000940-2,g-000940,tel_Latn,HIGH,EQUIVALENT,scope_broaden,True,False,True
ntx3-000940-2,g-000940,tel_Latn,HIGH,EQUIVALENT,scope_broaden+vendor_shift,True,True,True
ntx3-000940-3,g-000940,tel_Telu,HIGH,EQUIVALENT,clean,False,False,False
ntx3-000940-3,g-000940,tel_Telu,HIGH,EQUIVALENT,vendor_shift,True,True,True
ntx3-000940-3,g-000940,tel_Telu,HIGH,EQUIVALENT,year_shift,True,True,True
ntx3-000940-3,g-000940,tel_Telu,HIGH,EQUIVALENT,month_shift,True,True,True
ntx3-000940-3,g-000940,tel_Telu,HIGH,EQUIVALENT,scope_broaden,True,False,True
ntx3-000940-3,g-000940,tel_Telu,HIGH,EQUIVALENT,scope_broaden+vendor_shift,True,True,True
ntx3-001324-0,g-001324,eng_Latn,MEDIUM,EQUIVALENT,clean,False,False,False
ntx3-001324-0,g-001324,eng_Latn,MEDIUM,EQUIVALENT,vendor_shift,True,True,True
ntx3-001324-0,g-001324,eng_Latn,MEDIUM,EQUIVALENT,year_shift,True,True,True
ntx3-001324-0,g-001324,eng_Latn,MEDIUM,EQUIVALENT,month_shift,True,True,True
ntx3-001324-0,g-001324,eng_Latn,MEDIUM,EQUIVALENT,scope_broaden,True,False,True
ntx3-001324-0,g-001324,eng_Latn,MEDIUM,EQUIVALENT,scope_broaden+vendor_shift,True,True,True
ntx3-001324-1,g-001324,hin_Latn,MEDIUM,EQUIVALENT,clean,False,False,False
ntx3-001324-1,g-001324,hin_Latn,MEDIUM,EQUIVALENT,vendor_shift,True,True,True
ntx3-001324-1,g-001324,hin_Latn,MEDIUM,EQUIVALENT,year_shift,True,True,True
ntx3-001324-1,g-001324,hin_Latn,MEDIUM,EQUIVALENT,month_shift,True,True,True
ntx3-001324-1,g-001324,hin_Latn,MEDIUM,EQUIVALENT,scope_broaden,True,False,True
ntx3-001324-1,g-001324,hin_Latn,MEDIUM,EQUIVALENT,scope_broaden+vendor_shift,True,True,True
ntx3-001324-2,g-001324,tel_Latn,MEDIUM,EQUIVALENT,clean,False,False,False
ntx3-001324-2,g-001324,tel_Latn,MEDIUM,EQUIVALENT,vendor_shift,True,True,True
ntx3-001324-2,g-001324,tel_Latn,MEDIUM,EQUIVALENT,year_shift,True,True,True
ntx3-001324-2,g-001324,tel_Latn,MEDIUM,EQUIVALENT,month_shift,True,True,True
ntx3-001324-2,g-001324,tel_Latn,MEDIUM,EQUIVALENT,scope_broaden,True,False,True
ntx3-001324-2,g-001324,tel_Latn,MEDIUM,EQUIVALENT,scope_broaden+vendor_shift,True,True,True
ntx3-001324-3,g-001324,tel_Telu,MEDIUM,EQUIVALENT,clean,False,False,False
ntx3-001324-3,g-001324,tel_Telu,MEDIUM,EQUIVALENT,vendor_shift,True,True,True
ntx3-001324-3,g-001324,tel_Telu,MEDIUM,EQUIVALENT,year_shift,True,True,True
ntx3-001324-3,g-001324,tel_Telu,MEDIUM,EQUIVALENT,month_shift,True,True,True
ntx3-001324-3,g-001324,tel_Telu,MEDIUM,EQUIVALENT,scope_broaden,True,False,True
ntx3-001324-3,g-001324,tel_Telu,MEDIUM,EQUIVALENT,scope_broaden+vendor_shift,True,True,True
ntx3-002308-0,g-002308,eng_Latn,CRITICAL,EQUIVALENT,clean,False,False,False
ntx3-002308-0,g-002308,eng_Latn,CRITICAL,EQUIVALENT,vendor_shift,True,True,True
ntx3-002308-0,g-002308,eng_Latn,CRITICAL,EQUIVALENT,year_shift,True,True,True
ntx3-002308-0,g-002308,eng_Latn,CRITICAL,EQUIVALENT,month_shift,True,True,True
ntx3-002308-0,g-002308,eng_Latn,CRITICAL,EQUIVALENT,scope_broaden,True,False,True
ntx3-002308-0,g-002308,eng_Latn,CRITICAL,EQUIVALENT,scope_broaden+vendor_shift,True,True,True
ntx3-002308-1,g-002308,hin_Latn,CRITICAL,EQUIVALENT,clean,False,False,False
ntx3-002308-1,g-002308,hin_Latn,CRITICAL,EQUIVALENT,vendor_shift,True,True,True
ntx3-002308-1,g-002308,hin_Latn,CRITICAL,EQUIVALENT,year_shift,True,True,True
ntx3-002308-1,g-002308,hin_Latn,CRITICAL,EQUIVALENT,month_shift,True,True,True
ntx3-002308-1,g-002308,hin_Latn,CRITICAL,EQUIVALENT,scope_broaden,True,False,True
ntx3-002308-1,g-002308,hin_Latn,CRITICAL,EQUIVALENT,scope_broaden+vendor_shift,True,True,True
ntx3-002308-2,g-002308,tel_Latn,CRITICAL,EQUIVALENT,clean,False,False,False
ntx3-002308-2,g-002308,tel_Latn,CRITICAL,EQUIVALENT,vendor_shift,True,True,True
ntx3-002308-2,g-002308,tel_Latn,CRITICAL,EQUIVALENT,year_shift,True,True,True
ntx3-002308-2,g-002308,tel_Latn,CRITICAL,EQUIVALENT,month_shift,True,True,True
ntx3-002308-2,g-002308,tel_Latn,CRITICAL,EQUIVALENT,scope_broaden,True,False,True
ntx3-002308-2,g-002308,tel_Latn,CRITICAL,EQUIVALENT,scope_broaden+vendor_shift,True,True,True
ntx3-002308-3,g-002308,tel_Telu,CRITICAL,EQUIVALENT,clean,False,False,False
ntx3-002308-3,g-002308,tel_Telu,CRITICAL,EQUIVALENT,vendor_shift,True,True,True
ntx3-002308-3,g-002308,tel_Telu,CRITICAL,EQUIVALENT,year_shift,True,True,True
ntx3-002308-3,g-002308,tel_Telu,CRITICAL,EQUIVALENT,month_shift,True,True,True
ntx3-002308-3,g-002308,tel_Telu,CRITICAL,EQUIVALENT,scope_broaden,True,False,True
ntx3-002308-3,g-002308,tel_Telu,CRITICAL,EQUIVALENT,scope_broaden+vendor_shift,True,True,True
ntx3-000898-0,g-000898,eng_Latn,MEDIUM,NARROWER,clean,False,False,False
ntx3-000898-0,g-000898,eng_Latn,MEDIUM,NARROWER,vendor_shift,True,True,True
ntx3-000898-0,g-000898,eng_Latn,MEDIUM,NARROWER,year_shift,True,True,True
ntx3-000898-0,g-000898,eng_Latn,MEDIUM,NARROWER,month_shift,True,True,True
ntx3-000898-0,g-000898,eng_Latn,MEDIUM,NARROWER,scope_broaden,True,True,True
ntx3-000898-0,g-000898,eng_Latn,MEDIUM,NARROWER,scope_broaden+vendor_shift,True,True,True
ntx3-000898-1,g-000898,hin_Latn,MEDIUM,NARROWER,clean,False,False,False
ntx3-000898-1,g-000898,hin_Latn,MEDIUM,NARROWER,vendor_shift,True,True,True
ntx3-000898-1,g-000898,hin_Latn,MEDIUM,NARROWER,year_shift,True,True,True
ntx3-000898-1,g-000898,hin_Latn,MEDIUM,NARROWER,month_shift,True,True,True
ntx3-000898-1,g-000898,hin_Latn,MEDIUM,NARROWER,scope_broaden,True,True,True
ntx3-000898-1,g-000898,hin_Latn,MEDIUM,NARROWER,scope_broaden+vendor_shift,True,True,True
ntx3-000898-2,g-000898,tel_Latn,MEDIUM,NARROWER,clean,False,False,False
ntx3-000898-2,g-000898,tel_Latn,MEDIUM,NARROWER,vendor_shift,True,True,True
ntx3-000898-2,g-000898,tel_Latn,MEDIUM,NARROWER,year_shift,True,True,True
ntx3-000898-2,g-000898,tel_Latn,MEDIUM,NARROWER,month_shift,True,True,True
ntx3-000898-2,g-000898,tel_Latn,MEDIUM,NARROWER,scope_broaden,True,True,True
ntx3-000898-2,g-000898,tel_Latn,MEDIUM,NARROWER,scope_broaden+vendor_shift,True,True,True
ntx3-000898-3,g-000898,tel_Telu,MEDIUM,NARROWER,clean,False,False,False
ntx3-000898-3,g-000898,tel_Telu,MEDIUM,NARROWER,vendor_shift,True,True,True
ntx3-000898-3,g-000898,tel_Telu,MEDIUM,NARROWER,year_shift,True,True,True
ntx3-000898-3,g-000898,tel_Telu,MEDIUM,NARROWER,month_shift,True,True,True
ntx3-000898-3,g-000898,tel_Telu,MEDIUM,NARROWER,scope_broaden,True,True,True
ntx3-000898-3,g-000898,tel_Telu,MEDIUM,NARROWER,scope_broaden+vendor_shift,True,True,True
ntx3-000375-0,g-000375,eng_Latn,MEDIUM,NARROWER,clean,False,False,False
ntx3-000375-0,g-000375,eng_Latn,MEDIUM,NARROWER,vendor_shift,True,True,True
ntx3-000375-0,g-000375,eng_Latn,MEDIUM,NARROWER,year_shift,True,True,True
ntx3-000375-0,g-000375,eng_Latn,MEDIUM,NARROWER,month_shift,True,True,True
ntx3-000375-0,g-000375,eng_Latn,MEDIUM,NARROWER,scope_broaden,True,True,True
ntx3-000375-0,g-000375,eng_Latn,MEDIUM,NARROWER,scope_broaden+vendor_shift,True,True,True
ntx3-000375-1,g-000375,hin_Latn,MEDIUM,NARROWER,clean,False,False,False
ntx3-000375-1,g-000375,hin_Latn,MEDIUM,NARROWER,vendor_shift,True,True,True
ntx3-000375-1,g-000375,hin_Latn,MEDIUM,NARROWER,year_shift,True,True,True
ntx3-000375-1,g-000375,hin_Latn,MEDIUM,NARROWER,month_shift,True,True,True
ntx3-000375-1,g-000375,hin_Latn,MEDIUM,NARROWER,scope_broaden,True,True,True
ntx3-000375-1,g-000375,hin_Latn,MEDIUM,NARROWER,scope_broaden+vendor_shift,True,True,True
ntx3-000375-2,g-000375,tel_Latn,MEDIUM,NARROWER,clean,False,False,False
ntx3-000375-2,g-000375,tel_Latn,MEDIUM,NARROWER,vendor_shift,True,True,True
ntx3-000375-2,g-000375,tel_Latn,MEDIUM,NARROWER,year_shift,True,True,True
ntx3-000375-2,g-000375,tel_Latn,MEDIUM,NARROWER,month_shift,True,True,True
ntx3-000375-2,g-000375,tel_Latn,MEDIUM,NARROWER,scope_broaden,True,True,True
ntx3-000375-2,g-000375,tel_Latn,MEDIUM,NARROWER,scope_broaden+vendor_shift,True,True,True
ntx3-000375-3,g-000375,tel_Telu,MEDIUM,NARROWER,clean,False,False,False
ntx3-000375-3,g-000375,tel_Telu,MEDIUM,NARROWER,vendor_shift,True,True,True
ntx3-000375-3,g-000375,tel_Telu,MEDIUM,NARROWER,year_shift,True,True,True
ntx3-000375-3,g-000375,tel_Telu,MEDIUM,NARROWER,month_shift,True,True,True
ntx3-000375-3,g-000375,tel_Telu,MEDIUM,NARROWER,scope_broaden,True,True,True
ntx3-000375-3,g-000375,tel_Telu,MEDIUM,NARROWER,scope_broaden+vendor_shift,True,True,True
ntx3-001366-0,g-001366,eng_Latn,HIGH,NARROWER,clean,False,False,False
ntx3-001366-0,g-001366,eng_Latn,HIGH,NARROWER,vendor_shift,True,True,True
ntx3-001366-0,g-001366,eng_Latn,HIGH,NARROWER,year_shift,True,True,True
ntx3-001366-0,g-001366,eng_Latn,HIGH,NARROWER,month_shift,True,True,True
ntx3-001366-0,g-001366,eng_Latn,HIGH,NARROWER,scope_broaden,True,True,True
ntx3-001366-0,g-001366,eng_Latn,HIGH,NARROWER,scope_broaden+vendor_shift,True,True,True
ntx3-001366-1,g-001366,hin_Latn,HIGH,NARROWER,clean,False,False,False
ntx3-001366-1,g-001366,hin_Latn,HIGH,NARROWER,vendor_shift,True,True,True
ntx3-001366-1,g-001366,hin_Latn,HIGH,NARROWER,year_shift,True,True,True
ntx3-001366-1,g-001366,hin_Latn,HIGH,NARROWER,month_shift,True,True,True
ntx3-001366-1,g-001366,hin_Latn,HIGH,NARROWER,scope_broaden,True,True,True
ntx3-001366-1,g-001366,hin_Latn,HIGH,NARROWER,scope_broaden+vendor_shift,True,True,True
ntx3-001366-2,g-001366,tel_Latn,HIGH,NARROWER,clean,False,False,False
ntx3-001366-2,g-001366,tel_Latn,HIGH,NARROWER,vendor_shift,True,True,True
ntx3-001366-2,g-001366,tel_Latn,HIGH,NARROWER,year_shift,True,True,True
ntx3-001366-2,g-001366,tel_Latn,HIGH,NARROWER,month_shift,True,True,True
ntx3-001366-2,g-001366,tel_Latn,HIGH,NARROWER,scope_broaden,True,True,True
ntx3-001366-2,g-001366,tel_Latn,HIGH,NARROWER,scope_broaden+vendor_shift,True,True,True
ntx3-001366-3,g-001366,tel_Telu,HIGH,NARROWER,clean,False,False,False
ntx3-001366-3,g-001366,tel_Telu,HIGH,NARROWER,vendor_shift,True,True,True
ntx3-001366-3,g-001366,tel_Telu,HIGH,NARROWER,year_shift,True,True,True
ntx3-001366-3,g-001366,tel_Telu,HIGH,NARROWER,month_shift,True,True,True
ntx3-001366-3,g-001366,tel_Telu,HIGH,NARROWER,scope_broaden,True,True,True
ntx3-001366-3,g-001366,tel_Telu,HIGH,NARROWER,scope_broaden+vendor_shift,True,True,True
ntx3-002181-0,g-002181,eng_Latn,MEDIUM,NARROWER,clean,False,False,False
ntx3-002181-0,g-002181,eng_Latn,MEDIUM,NARROWER,vendor_shift,True,True,True
ntx3-002181-0,g-002181,eng_Latn,MEDIUM,NARROWER,year_shift,True,True,True
ntx3-002181-0,g-002181,eng_Latn,MEDIUM,NARROWER,month_shift,True,True,True
ntx3-002181-0,g-002181,eng_Latn,MEDIUM,NARROWER,scope_broaden,True,True,True
ntx3-002181-0,g-002181,eng_Latn,MEDIUM,NARROWER,scope_broaden+vendor_shift,True,True,True
ntx3-002181-1,g-002181,hin_Latn,MEDIUM,NARROWER,clean,False,False,False
ntx3-002181-1,g-002181,hin_Latn,MEDIUM,NARROWER,vendor_shift,True,True,True
ntx3-002181-1,g-002181,hin_Latn,MEDIUM,NARROWER,year_shift,True,True,True
ntx3-002181-1,g-002181,hin_Latn,MEDIUM,NARROWER,month_shift,True,True,True
ntx3-002181-1,g-002181,hin_Latn,MEDIUM,NARROWER,scope_broaden,True,True,True
ntx3-002181-1,g-002181,hin_Latn,MEDIUM,NARROWER,scope_broaden+vendor_shift,True,True,True
ntx3-002181-2,g-002181,tel_Latn,MEDIUM,NARROWER,clean,False,False,False
ntx3-002181-2,g-002181,tel_Latn,MEDIUM,NARROWER,vendor_shift,True,True,True
ntx3-002181-2,g-002181,tel_Latn,MEDIUM,NARROWER,year_shift,True,True,True
ntx3-002181-2,g-002181,tel_Latn,MEDIUM,NARROWER,month_shift,True,True,True
ntx3-002181-2,g-002181,tel_Latn,MEDIUM,NARROWER,scope_broaden,True,True,True
ntx3-002181-2,g-002181,tel_Latn,MEDIUM,NARROWER,scope_broaden+vendor_shift,True,True,True
ntx3-002181-3,g-002181,tel_Telu,MEDIUM,NARROWER,clean,False,False,False
ntx3-002181-3,g-002181,tel_Telu,MEDIUM,NARROWER,vendor_shift,True,True,True
ntx3-002181-3,g-002181,tel_Telu,MEDIUM,NARROWER,year_shift,True,True,True
ntx3-002181-3,g-002181,tel_Telu,MEDIUM,NARROWER,month_shift,True,True,True
ntx3-002181-3,g-002181,tel_Telu,MEDIUM,NARROWER,scope_broaden,True,True,True
ntx3-002181-3,g-002181,tel_Telu,MEDIUM,NARROWER,scope_broaden+vendor_shift,True,True,True
ntx3-001816-0,g-001816,eng_Latn,CRITICAL,NARROWER,clean,False,False,False
ntx3-001816-0,g-001816,eng_Latn,CRITICAL,NARROWER,vendor_shift,True,True,True
ntx3-001816-0,g-001816,eng_Latn,CRITICAL,NARROWER,year_shift,True,True,True
ntx3-001816-0,g-001816,eng_Latn,CRITICAL,NARROWER,month_shift,True,True,True
ntx3-001816-0,g-001816,eng_Latn,CRITICAL,NARROWER,scope_broaden,True,True,True
ntx3-001816-0,g-001816,eng_Latn,CRITICAL,NARROWER,scope_broaden+vendor_shift,True,True,True
ntx3-001816-1,g-001816,hin_Latn,CRITICAL,NARROWER,clean,False,False,False
ntx3-001816-1,g-001816,hin_Latn,CRITICAL,NARROWER,vendor_shift,True,True,True
ntx3-001816-1,g-001816,hin_Latn,CRITICAL,NARROWER,year_shift,True,True,True
ntx3-001816-1,g-001816,hin_Latn,CRITICAL,NARROWER,month_shift,True,True,True
ntx3-001816-1,g-001816,hin_Latn,CRITICAL,NARROWER,scope_broaden,True,True,True
ntx3-001816-1,g-001816,hin_Latn,CRITICAL,NARROWER,scope_broaden+vendor_shift,True,True,True
ntx3-001816-2,g-001816,tel_Latn,CRITICAL,NARROWER,clean,False,False,False
ntx3-001816-2,g-001816,tel_Latn,CRITICAL,NARROWER,vendor_shift,True,True,True
ntx3-001816-2,g-001816,tel_Latn,CRITICAL,NARROWER,year_shift,True,True,True
ntx3-001816-2,g-001816,tel_Latn,CRITICAL,NARROWER,month_shift,True,True,True
ntx3-001816-2,g-001816,tel_Latn,CRITICAL,NARROWER,scope_broaden,True,True,True
ntx3-001816-2,g-001816,tel_Latn,CRITICAL,NARROWER,scope_broaden+vendor_shift,True,True,True
ntx3-001816-3,g-001816,tel_Telu,CRITICAL,NARROWER,clean,False,False,False
ntx3-001816-3,g-001816,tel_Telu,CRITICAL,NARROWER,vendor_shift,True,True,True
ntx3-001816-3,g-001816,tel_Telu,CRITICAL,NARROWER,year_shift,True,True,True
ntx3-001816-3,g-001816,tel_Telu,CRITICAL,NARROWER,month_shift,True,True,True
ntx3-001816-3,g-001816,tel_Telu,CRITICAL,NARROWER,scope_broaden,True,True,True
ntx3-001816-3,g-001816,tel_Telu,CRITICAL,NARROWER,scope_broaden+vendor_shift,True,True,True
ntx3-002436-0,g-002436,eng_Latn,MEDIUM,NARROWER,clean,False,False,False
ntx3-002436-0,g-002436,eng_Latn,MEDIUM,NARROWER,vendor_shift,True,True,True
ntx3-002436-0,g-002436,eng_Latn,MEDIUM,NARROWER,year_shift,True,True,True
ntx3-002436-0,g-002436,eng_Latn,MEDIUM,NARROWER,month_shift,True,True,True
ntx3-002436-0,g-002436,eng_Latn,MEDIUM,NARROWER,scope_broaden,True,True,True
ntx3-002436-0,g-002436,eng_Latn,MEDIUM,NARROWER,scope_broaden+vendor_shift,True,True,True
ntx3-002436-1,g-002436,hin_Latn,MEDIUM,NARROWER,clean,False,False,False
ntx3-002436-1,g-002436,hin_Latn,MEDIUM,NARROWER,vendor_shift,True,True,True
ntx3-002436-1,g-002436,hin_Latn,MEDIUM,NARROWER,year_shift,True,True,True
ntx3-002436-1,g-002436,hin_Latn,MEDIUM,NARROWER,month_shift,True,True,True
ntx3-002436-1,g-002436,hin_Latn,MEDIUM,NARROWER,scope_broaden,True,True,True
ntx3-002436-1,g-002436,hin_Latn,MEDIUM,NARROWER,scope_broaden+vendor_shift,True,True,True
ntx3-002436-2,g-002436,tel_Latn,MEDIUM,NARROWER,clean,False,False,False
ntx3-002436-2,g-002436,tel_Latn,MEDIUM,NARROWER,vendor_shift,True,True,True
ntx3-002436-2,g-002436,tel_Latn,MEDIUM,NARROWER,year_shift,True,True,True
ntx3-002436-2,g-002436,tel_Latn,MEDIUM,NARROWER,month_shift,True,True,True
ntx3-002436-2,g-002436,tel_Latn,MEDIUM,NARROWER,scope_broaden,True,True,True
ntx3-002436-2,g-002436,tel_Latn,MEDIUM,NARROWER,scope_broaden+vendor_shift,True,True,True
ntx3-002436-3,g-002436,tel_Telu,MEDIUM,NARROWER,clean,False,False,False
ntx3-002436-3,g-002436,tel_Telu,MEDIUM,NARROWER,vendor_shift,True,True,True
ntx3-002436-3,g-002436,tel_Telu,MEDIUM,NARROWER,year_shift,True,True,True
ntx3-002436-3,g-002436,tel_Telu,MEDIUM,NARROWER,month_shift,True,True,True
ntx3-002436-3,g-002436,tel_Telu,MEDIUM,NARROWER,scope_broaden,True,True,True
ntx3-002436-3,g-002436,tel_Telu,MEDIUM,NARROWER,scope_broaden+vendor_shift,True,True,True
ntx3-002412-0,g-002412,eng_Latn,LOW,NARROWER,clean,False,False,False
ntx3-002412-0,g-002412,eng_Latn,LOW,NARROWER,vendor_shift,True,True,True
ntx3-002412-0,g-002412,eng_Latn,LOW,NARROWER,year_shift,True,True,True
ntx3-002412-0,g-002412,eng_Latn,LOW,NARROWER,month_shift,True,True,True
ntx3-002412-0,g-002412,eng_Latn,LOW,NARROWER,scope_broaden,True,True,True
ntx3-002412-0,g-002412,eng_Latn,LOW,NARROWER,scope_broaden+vendor_shift,True,True,True
ntx3-002412-1,g-002412,hin_Latn,LOW,NARROWER,clean,False,False,False
ntx3-002412-1,g-002412,hin_Latn,LOW,NARROWER,vendor_shift,True,True,True
ntx3-002412-1,g-002412,hin_Latn,LOW,NARROWER,year_shift,True,True,True
ntx3-002412-1,g-002412,hin_Latn,LOW,NARROWER,month_shift,True,True,True
ntx3-002412-1,g-002412,hin_Latn,LOW,NARROWER,scope_broaden,True,True,True
ntx3-002412-1,g-002412,hin_Latn,LOW,NARROWER,scope_broaden+vendor_shift,True,True,True
ntx3-002412-2,g-002412,tel_Latn,LOW,NARROWER,clean,False,False,False
ntx3-002412-2,g-002412,tel_Latn,LOW,NARROWER,vendor_shift,True,True,True
ntx3-002412-2,g-002412,tel_Latn,LOW,NARROWER,year_shift,True,True,True
ntx3-002412-2,g-002412,tel_Latn,LOW,NARROWER,month_shift,True,True,True
ntx3-002412-2,g-002412,tel_Latn,LOW,NARROWER,scope_broaden,True,True,True
ntx3-002412-2,g-002412,tel_Latn,LOW,NARROWER,scope_broaden+vendor_shift,True,True,True
ntx3-002412-3,g-002412,tel_Telu,LOW,NARROWER,clean,False,False,False
ntx3-002412-3,g-002412,tel_Telu,LOW,NARROWER,vendor_shift,True,True,True
ntx3-002412-3,g-002412,tel_Telu,LOW,NARROWER,year_shift,True,True,True
ntx3-002412-3,g-002412,tel_Telu,LOW,NARROWER,month_shift,True,True,True
ntx3-002412-3,g-002412,tel_Telu,LOW,NARROWER,scope_broaden,True,True,True
ntx3-002412-3,g-002412,tel_Telu,LOW,NARROWER,scope_broaden+vendor_shift,True,True,True
ntx3-001757-0,g-001757,eng_Latn,LOW,NARROWER,clean,False,False,False
ntx3-001757-0,g-001757,eng_Latn,LOW,NARROWER,vendor_shift,True,True,True
ntx3-001757-0,g-001757,eng_Latn,LOW,NARROWER,year_shift,True,True,True
ntx3-001757-0,g-001757,eng_Latn,LOW,NARROWER,month_shift,True,True,True
ntx3-001757-0,g-001757,eng_Latn,LOW,NARROWER,scope_broaden,True,True,True
ntx3-001757-0,g-001757,eng_Latn,LOW,NARROWER,scope_broaden+vendor_shift,True,True,True
ntx3-001757-1,g-001757,hin_Latn,LOW,NARROWER,clean,False,False,False
ntx3-001757-1,g-001757,hin_Latn,LOW,NARROWER,vendor_shift,True,True,True
ntx3-001757-1,g-001757,hin_Latn,LOW,NARROWER,year_shift,True,True,True
ntx3-001757-1,g-001757,hin_Latn,LOW,NARROWER,month_shift,True,True,True
ntx3-001757-1,g-001757,hin_Latn,LOW,NARROWER,scope_broaden,True,True,True
ntx3-001757-1,g-001757,hin_Latn,LOW,NARROWER,scope_broaden+vendor_shift,True,True,True
ntx3-001757-2,g-001757,tel_Latn,LOW,NARROWER,clean,False,False,False
ntx3-001757-2,g-001757,tel_Latn,LOW,NARROWER,vendor_shift,True,True,True
ntx3-001757-2,g-001757,tel_Latn,LOW,NARROWER,year_shift,True,True,True
ntx3-001757-2,g-001757,tel_Latn,LOW,NARROWER,month_shift,True,True,True
ntx3-001757-2,g-001757,tel_Latn,LOW,NARROWER,scope_broaden,True,True,True
ntx3-001757-2,g-001757,tel_Latn,LOW,NARROWER,scope_broaden+vendor_shift,True,True,True
ntx3-001757-3,g-001757,tel_Telu,LOW,NARROWER,clean,False,False,False
ntx3-001757-3,g-001757,tel_Telu,LOW,NARROWER,vendor_shift,True,True,True
ntx3-001757-3,g-001757,tel_Telu,LOW,NARROWER,year_shift,True,True,True
ntx3-001757-3,g-001757,tel_Telu,LOW,NARROWER,month_shift,True,True,True
ntx3-001757-3,g-001757,tel_Telu,LOW,NARROWER,scope_broaden,True,True,True
ntx3-001757-3,g-001757,tel_Telu,LOW,NARROWER,scope_broaden+vendor_shift,True,True,True
ntx3-000272-0,g-000272,eng_Latn,LOW,NARROWER,clean,False,False,False
ntx3-000272-0,g-000272,eng_Latn,LOW,NARROWER,vendor_shift,True,True,True
ntx3-000272-0,g-000272,eng_Latn,LOW,NARROWER,year_shift,True,True,True
ntx3-000272-0,g-000272,eng_Latn,LOW,NARROWER,month_shift,True,True,True
ntx3-000272-0,g-000272,eng_Latn,LOW,NARROWER,scope_broaden,True,True,True
ntx3-000272-0,g-000272,eng_Latn,LOW,NARROWER,scope_broaden+vendor_shift,True,True,True
ntx3-000272-1,g-000272,hin_Latn,LOW,NARROWER,clean,False,False,False
ntx3-000272-1,g-000272,hin_Latn,LOW,NARROWER,vendor_shift,True,True,True
ntx3-000272-1,g-000272,hin_Latn,LOW,NARROWER,year_shift,True,True,True
ntx3-000272-1,g-000272,hin_Latn,LOW,NARROWER,month_shift,True,True,True
ntx3-000272-1,g-000272,hin_Latn,LOW,NARROWER,scope_broaden,True,True,True
ntx3-000272-1,g-000272,hin_Latn,LOW,NARROWER,scope_broaden+vendor_shift,True,True,True
ntx3-000272-2,g-000272,tel_Latn,LOW,NARROWER,clean,False,False,False
ntx3-000272-2,g-000272,tel_Latn,LOW,NARROWER,vendor_shift,True,True,True
ntx3-000272-2,g-000272,tel_Latn,LOW,NARROWER,year_shift,True,True,True
ntx3-000272-2,g-000272,tel_Latn,LOW,NARROWER,month_shift,True,True,True
ntx3-000272-2,g-000272,tel_Latn,LOW,NARROWER,scope_broaden,True,True,True
ntx3-000272-2,g-000272,tel_Latn,LOW,NARROWER,scope_broaden+vendor_shift,True,True,True
ntx3-000272-3,g-000272,tel_Telu,LOW,NARROWER,clean,False,False,False
ntx3-000272-3,g-000272,tel_Telu,LOW,NARROWER,vendor_shift,True,True,True
ntx3-000272-3,g-000272,tel_Telu,LOW,NARROWER,year_shift,True,True,True
ntx3-000272-3,g-000272,tel_Telu,LOW,NARROWER,month_shift,True,True,True
ntx3-000272-3,g-000272,tel_Telu,LOW,NARROWER,scope_broaden,True,True,True
ntx3-000272-3,g-000272,tel_Telu,LOW,NARROWER,scope_broaden+vendor_shift,True,True,True
ntx3-002215-0,g-002215,eng_Latn,CRITICAL,NARROWER,clean,False,False,False
ntx3-002215-0,g-002215,eng_Latn,CRITICAL,NARROWER,vendor_shift,True,True,True
ntx3-002215-0,g-002215,eng_Latn,CRITICAL,NARROWER,year_shift,True,True,True
ntx3-002215-0,g-002215,eng_Latn,CRITICAL,NARROWER,month_shift,True,True,True
ntx3-002215-0,g-002215,eng_Latn,CRITICAL,NARROWER,scope_broaden,True,True,True
ntx3-002215-0,g-002215,eng_Latn,CRITICAL,NARROWER,scope_broaden+vendor_shift,True,True,True
ntx3-002215-1,g-002215,hin_Latn,CRITICAL,NARROWER,clean,False,False,False
ntx3-002215-1,g-002215,hin_Latn,CRITICAL,NARROWER,vendor_shift,True,True,True
ntx3-002215-1,g-002215,hin_Latn,CRITICAL,NARROWER,year_shift,True,True,True
ntx3-002215-1,g-002215,hin_Latn,CRITICAL,NARROWER,month_shift,True,True,True
ntx3-002215-1,g-002215,hin_Latn,CRITICAL,NARROWER,scope_broaden,True,True,True
ntx3-002215-1,g-002215,hin_Latn,CRITICAL,NARROWER,scope_broaden+vendor_shift,True,True,True
ntx3-002215-2,g-002215,tel_Latn,CRITICAL,NARROWER,clean,False,False,False
ntx3-002215-2,g-002215,tel_Latn,CRITICAL,NARROWER,vendor_shift,True,True,True
ntx3-002215-2,g-002215,tel_Latn,CRITICAL,NARROWER,year_shift,True,True,True
ntx3-002215-2,g-002215,tel_Latn,CRITICAL,NARROWER,month_shift,True,True,True
ntx3-002215-2,g-002215,tel_Latn,CRITICAL,NARROWER,scope_broaden,True,True,True
ntx3-002215-2,g-002215,tel_Latn,CRITICAL,NARROWER,scope_broaden+vendor_shift,True,True,True
ntx3-002215-3,g-002215,tel_Telu,CRITICAL,NARROWER,clean,False,False,False
ntx3-002215-3,g-002215,tel_Telu,CRITICAL,NARROWER,vendor_shift,True,True,True
ntx3-002215-3,g-002215,tel_Telu,CRITICAL,NARROWER,year_shift,True,True,True
ntx3-002215-3,g-002215,tel_Telu,CRITICAL,NARROWER,month_shift,True,True,True
ntx3-002215-3,g-002215,tel_Telu,CRITICAL,NARROWER,scope_broaden,True,True,True
ntx3-002215-3,g-002215,tel_Telu,CRITICAL,NARROWER,scope_broaden+vendor_shift,True,True,True
ntx3-000628-0,g-000628,eng_Latn,HIGH,NARROWER,clean,False,False,False
ntx3-000628-0,g-000628,eng_Latn,HIGH,NARROWER,vendor_shift,True,True,True
ntx3-000628-0,g-000628,eng_Latn,HIGH,NARROWER,year_shift,True,True,True
ntx3-000628-0,g-000628,eng_Latn,HIGH,NARROWER,month_shift,True,True,True
ntx3-000628-0,g-000628,eng_Latn,HIGH,NARROWER,scope_broaden,True,True,True
ntx3-000628-0,g-000628,eng_Latn,HIGH,NARROWER,scope_broaden+vendor_shift,True,True,True
ntx3-000628-1,g-000628,hin_Latn,HIGH,NARROWER,clean,False,False,False
ntx3-000628-1,g-000628,hin_Latn,HIGH,NARROWER,vendor_shift,True,True,True
ntx3-000628-1,g-000628,hin_Latn,HIGH,NARROWER,year_shift,True,True,True
ntx3-000628-1,g-000628,hin_Latn,HIGH,NARROWER,month_shift,True,True,True
ntx3-000628-1,g-000628,hin_Latn,HIGH,NARROWER,scope_broaden,True,True,True
ntx3-000628-1,g-000628,hin_Latn,HIGH,NARROWER,scope_broaden+vendor_shift,True,True,True
ntx3-000628-2,g-000628,tel_Latn,HIGH,NARROWER,clean,False,False,False
ntx3-000628-2,g-000628,tel_Latn,HIGH,NARROWER,vendor_shift,True,True,True
ntx3-000628-2,g-000628,tel_Latn,HIGH,NARROWER,year_shift,True,True,True
ntx3-000628-2,g-000628,tel_Latn,HIGH,NARROWER,month_shift,True,True,True
ntx3-000628-2,g-000628,tel_Latn,HIGH,NARROWER,scope_broaden,True,True,True
ntx3-000628-2,g-000628,tel_Latn,HIGH,NARROWER,scope_broaden+vendor_shift,True,True,True
ntx3-000628-3,g-000628,tel_Telu,HIGH,NARROWER,clean,False,False,False
ntx3-000628-3,g-000628,tel_Telu,HIGH,NARROWER,vendor_shift,True,True,True
ntx3-000628-3,g-000628,tel_Telu,HIGH,NARROWER,year_shift,True,True,True
ntx3-000628-3,g-000628,tel_Telu,HIGH,NARROWER,month_shift,True,True,True
ntx3-000628-3,g-000628,tel_Telu,HIGH,NARROWER,scope_broaden,True,True,True
ntx3-000628-3,g-000628,tel_Telu,HIGH,NARROWER,scope_broaden+vendor_shift,True,True,True
ntx3-002212-0,g-002212,eng_Latn,HIGH,NARROWER,clean,False,False,False
ntx3-002212-0,g-002212,eng_Latn,HIGH,NARROWER,vendor_shift,True,True,True
ntx3-002212-0,g-002212,eng_Latn,HIGH,NARROWER,year_shift,True,True,True
ntx3-002212-0,g-002212,eng_Latn,HIGH,NARROWER,month_shift,True,True,True
ntx3-002212-0,g-002212,eng_Latn,HIGH,NARROWER,scope_broaden,True,True,True
ntx3-002212-0,g-002212,eng_Latn,HIGH,NARROWER,scope_broaden+vendor_shift,True,True,True
ntx3-002212-1,g-002212,hin_Latn,HIGH,NARROWER,clean,False,False,False
ntx3-002212-1,g-002212,hin_Latn,HIGH,NARROWER,vendor_shift,True,True,True
ntx3-002212-1,g-002212,hin_Latn,HIGH,NARROWER,year_shift,True,True,True
ntx3-002212-1,g-002212,hin_Latn,HIGH,NARROWER,month_shift,True,True,True
ntx3-002212-1,g-002212,hin_Latn,HIGH,NARROWER,scope_broaden,True,True,True
ntx3-002212-1,g-002212,hin_Latn,HIGH,NARROWER,scope_broaden+vendor_shift,True,True,True
ntx3-002212-2,g-002212,tel_Latn,HIGH,NARROWER,clean,False,False,False
ntx3-002212-2,g-002212,tel_Latn,HIGH,NARROWER,vendor_shift,True,True,True
ntx3-002212-2,g-002212,tel_Latn,HIGH,NARROWER,year_shift,True,True,True
ntx3-002212-2,g-002212,tel_Latn,HIGH,NARROWER,month_shift,True,True,True
ntx3-002212-2,g-002212,tel_Latn,HIGH,NARROWER,scope_broaden,True,True,True
ntx3-002212-2,g-002212,tel_Latn,HIGH,NARROWER,scope_broaden+vendor_shift,True,True,True
ntx3-002212-3,g-002212,tel_Telu,HIGH,NARROWER,clean,False,False,False
ntx3-002212-3,g-002212,tel_Telu,HIGH,NARROWER,vendor_shift,True,True,True
ntx3-002212-3,g-002212,tel_Telu,HIGH,NARROWER,year_shift,True,True,True
ntx3-002212-3,g-002212,tel_Telu,HIGH,NARROWER,month_shift,True,True,True
ntx3-002212-3,g-002212,tel_Telu,HIGH,NARROWER,scope_broaden,True,True,True
ntx3-002212-3,g-002212,tel_Telu,HIGH,NARROWER,scope_broaden+vendor_shift,True,True,True
ntx3-000445-0,g-000445,eng_Latn,CRITICAL,NARROWER,clean,False,False,False
ntx3-000445-0,g-000445,eng_Latn,CRITICAL,NARROWER,vendor_shift,True,True,True
ntx3-000445-0,g-000445,eng_Latn,CRITICAL,NARROWER,year_shift,True,True,True
ntx3-000445-0,g-000445,eng_Latn,CRITICAL,NARROWER,month_shift,True,True,True
ntx3-000445-0,g-000445,eng_Latn,CRITICAL,NARROWER,scope_broaden,True,True,True
ntx3-000445-0,g-000445,eng_Latn,CRITICAL,NARROWER,scope_broaden+vendor_shift,True,True,True
ntx3-000445-1,g-000445,hin_Latn,CRITICAL,NARROWER,clean,False,False,False
ntx3-000445-1,g-000445,hin_Latn,CRITICAL,NARROWER,vendor_shift,True,True,True
ntx3-000445-1,g-000445,hin_Latn,CRITICAL,NARROWER,year_shift,True,True,True
ntx3-000445-1,g-000445,hin_Latn,CRITICAL,NARROWER,month_shift,True,True,True
ntx3-000445-1,g-000445,hin_Latn,CRITICAL,NARROWER,scope_broaden,True,True,True
ntx3-000445-1,g-000445,hin_Latn,CRITICAL,NARROWER,scope_broaden+vendor_shift,True,True,True
ntx3-000445-2,g-000445,tel_Latn,CRITICAL,NARROWER,clean,False,False,False
ntx3-000445-2,g-000445,tel_Latn,CRITICAL,NARROWER,vendor_shift,True,True,True
ntx3-000445-2,g-000445,tel_Latn,CRITICAL,NARROWER,year_shift,True,True,True
ntx3-000445-2,g-000445,tel_Latn,CRITICAL,NARROWER,month_shift,True,True,True
ntx3-000445-2,g-000445,tel_Latn,CRITICAL,NARROWER,scope_broaden,True,True,True
ntx3-000445-2,g-000445,tel_Latn,CRITICAL,NARROWER,scope_broaden+vendor_shift,True,True,True
ntx3-000445-3,g-000445,tel_Telu,CRITICAL,NARROWER,clean,False,False,False
ntx3-000445-3,g-000445,tel_Telu,CRITICAL,NARROWER,vendor_shift,True,True,True
ntx3-000445-3,g-000445,tel_Telu,CRITICAL,NARROWER,year_shift,True,True,True
ntx3-000445-3,g-000445,tel_Telu,CRITICAL,NARROWER,month_shift,True,True,True
ntx3-000445-3,g-000445,tel_Telu,CRITICAL,NARROWER,scope_broaden,True,True,True
ntx3-000445-3,g-000445,tel_Telu,CRITICAL,NARROWER,scope_broaden+vendor_shift,True,True,True
ntx3-001478-0,g-001478,eng_Latn,HIGH,NARROWER,clean,False,False,False
ntx3-001478-0,g-001478,eng_Latn,HIGH,NARROWER,vendor_shift,True,True,True
ntx3-001478-0,g-001478,eng_Latn,HIGH,NARROWER,year_shift,True,True,True
ntx3-001478-0,g-001478,eng_Latn,HIGH,NARROWER,month_shift,True,True,True
ntx3-001478-0,g-001478,eng_Latn,HIGH,NARROWER,scope_broaden,True,True,True
ntx3-001478-0,g-001478,eng_Latn,HIGH,NARROWER,scope_broaden+vendor_shift,True,True,True
ntx3-001478-1,g-001478,hin_Latn,HIGH,NARROWER,clean,False,False,False
ntx3-001478-1,g-001478,hin_Latn,HIGH,NARROWER,vendor_shift,True,True,True
ntx3-001478-1,g-001478,hin_Latn,HIGH,NARROWER,year_shift,True,True,True
ntx3-001478-1,g-001478,hin_Latn,HIGH,NARROWER,month_shift,True,True,True
ntx3-001478-1,g-001478,hin_Latn,HIGH,NARROWER,scope_broaden,True,True,True
ntx3-001478-1,g-001478,hin_Latn,HIGH,NARROWER,scope_broaden+vendor_shift,True,True,True
ntx3-001478-2,g-001478,tel_Latn,HIGH,NARROWER,clean,False,False,False
ntx3-001478-2,g-001478,tel_Latn,HIGH,NARROWER,vendor_shift,True,True,True
ntx3-001478-2,g-001478,tel_Latn,HIGH,NARROWER,year_shift,True,True,True
ntx3-001478-2,g-001478,tel_Latn,HIGH,NARROWER,month_shift,True,True,True
ntx3-001478-2,g-001478,tel_Latn,HIGH,NARROWER,scope_broaden,True,True,True
ntx3-001478-2,g-001478,tel_Latn,HIGH,NARROWER,scope_broaden+vendor_shift,True,True,True
ntx3-001478-3,g-001478,tel_Telu,HIGH,NARROWER,clean,False,False,False
ntx3-001478-3,g-001478,tel_Telu,HIGH,NARROWER,vendor_shift,True,True,True
ntx3-001478-3,g-001478,tel_Telu,HIGH,NARROWER,year_shift,True,True,True
ntx3-001478-3,g-001478,tel_Telu,HIGH,NARROWER,month_shift,True,True,True
ntx3-001478-3,g-001478,tel_Telu,HIGH,NARROWER,scope_broaden,True,True,True
ntx3-001478-3,g-001478,tel_Telu,HIGH,NARROWER,scope_broaden+vendor_shift,True,True,True
ntx3-001477-0,g-001477,eng_Latn,HIGH,NARROWER,clean,False,False,False
ntx3-001477-0,g-001477,eng_Latn,HIGH,NARROWER,vendor_shift,True,True,True
ntx3-001477-0,g-001477,eng_Latn,HIGH,NARROWER,year_shift,True,True,True
ntx3-001477-0,g-001477,eng_Latn,HIGH,NARROWER,month_shift,True,True,True
ntx3-001477-0,g-001477,eng_Latn,HIGH,NARROWER,scope_broaden,True,True,True
ntx3-001477-0,g-001477,eng_Latn,HIGH,NARROWER,scope_broaden+vendor_shift,True,True,True
ntx3-001477-1,g-001477,hin_Latn,HIGH,NARROWER,clean,False,False,False
ntx3-001477-1,g-001477,hin_Latn,HIGH,NARROWER,vendor_shift,True,True,True
ntx3-001477-1,g-001477,hin_Latn,HIGH,NARROWER,year_shift,True,True,True
ntx3-001477-1,g-001477,hin_Latn,HIGH,NARROWER,month_shift,True,True,True
ntx3-001477-1,g-001477,hin_Latn,HIGH,NARROWER,scope_broaden,True,True,True
ntx3-001477-1,g-001477,hin_Latn,HIGH,NARROWER,scope_broaden+vendor_shift,True,True,True
ntx3-001477-2,g-001477,tel_Latn,HIGH,NARROWER,clean,False,False,False
ntx3-001477-2,g-001477,tel_Latn,HIGH,NARROWER,vendor_shift,True,True,True
ntx3-001477-2,g-001477,tel_Latn,HIGH,NARROWER,year_shift,True,True,True
ntx3-001477-2,g-001477,tel_Latn,HIGH,NARROWER,month_shift,True,True,True
ntx3-001477-2,g-001477,tel_Latn,HIGH,NARROWER,scope_broaden,True,True,True
ntx3-001477-2,g-001477,tel_Latn,HIGH,NARROWER,scope_broaden+vendor_shift,True,True,True
ntx3-001477-3,g-001477,tel_Telu,HIGH,NARROWER,clean,False,False,False
ntx3-001477-3,g-001477,tel_Telu,HIGH,NARROWER,vendor_shift,True,True,True
ntx3-001477-3,g-001477,tel_Telu,HIGH,NARROWER,year_shift,True,True,True
ntx3-001477-3,g-001477,tel_Telu,HIGH,NARROWER,month_shift,True,True,True
ntx3-001477-3,g-001477,tel_Telu,HIGH,NARROWER,scope_broaden,True,True,True
ntx3-001477-3,g-001477,tel_Telu,HIGH,NARROWER,scope_broaden+vendor_shift,True,True,True
ntx3-001514-0,g-001514,eng_Latn,MEDIUM,NARROWER,clean,False,False,False
ntx3-001514-0,g-001514,eng_Latn,MEDIUM,NARROWER,vendor_shift,True,True,True
ntx3-001514-0,g-001514,eng_Latn,MEDIUM,NARROWER,year_shift,True,True,True
ntx3-001514-0,g-001514,eng_Latn,MEDIUM,NARROWER,month_shift,True,True,True
ntx3-001514-0,g-001514,eng_Latn,MEDIUM,NARROWER,scope_broaden,True,True,True
ntx3-001514-0,g-001514,eng_Latn,MEDIUM,NARROWER,scope_broaden+vendor_shift,True,True,True
ntx3-001514-1,g-001514,hin_Latn,MEDIUM,NARROWER,clean,False,False,False
ntx3-001514-1,g-001514,hin_Latn,MEDIUM,NARROWER,vendor_shift,True,True,True
ntx3-001514-1,g-001514,hin_Latn,MEDIUM,NARROWER,year_shift,True,True,True
ntx3-001514-1,g-001514,hin_Latn,MEDIUM,NARROWER,month_shift,True,True,True
ntx3-001514-1,g-001514,hin_Latn,MEDIUM,NARROWER,scope_broaden,True,True,True
ntx3-001514-1,g-001514,hin_Latn,MEDIUM,NARROWER,scope_broaden+vendor_shift,True,True,True
ntx3-001514-2,g-001514,tel_Latn,MEDIUM,NARROWER,clean,False,False,False
ntx3-001514-2,g-001514,tel_Latn,MEDIUM,NARROWER,vendor_shift,True,True,True
ntx3-001514-2,g-001514,tel_Latn,MEDIUM,NARROWER,year_shift,True,True,True
ntx3-001514-2,g-001514,tel_Latn,MEDIUM,NARROWER,month_shift,True,True,True
ntx3-001514-2,g-001514,tel_Latn,MEDIUM,NARROWER,scope_broaden,True,True,True
ntx3-001514-2,g-001514,tel_Latn,MEDIUM,NARROWER,scope_broaden+vendor_shift,True,True,True
ntx3-001514-3,g-001514,tel_Telu,MEDIUM,NARROWER,clean,False,False,False
ntx3-001514-3,g-001514,tel_Telu,MEDIUM,NARROWER,vendor_shift,True,True,True
ntx3-001514-3,g-001514,tel_Telu,MEDIUM,NARROWER,year_shift,True,True,True
ntx3-001514-3,g-001514,tel_Telu,MEDIUM,NARROWER,month_shift,True,True,True
ntx3-001514-3,g-001514,tel_Telu,MEDIUM,NARROWER,scope_broaden,True,True,True
ntx3-001514-3,g-001514,tel_Telu,MEDIUM,NARROWER,scope_broaden+vendor_shift,True,True,True
ntx3-000800-0,g-000800,eng_Latn,MEDIUM,NARROWER,clean,False,False,False
ntx3-000800-0,g-000800,eng_Latn,MEDIUM,NARROWER,vendor_shift,True,True,True
ntx3-000800-0,g-000800,eng_Latn,MEDIUM,NARROWER,year_shift,True,True,True
ntx3-000800-0,g-000800,eng_Latn,MEDIUM,NARROWER,month_shift,True,True,True
ntx3-000800-0,g-000800,eng_Latn,MEDIUM,NARROWER,scope_broaden,True,True,True
ntx3-000800-0,g-000800,eng_Latn,MEDIUM,NARROWER,scope_broaden+vendor_shift,True,True,True
ntx3-000800-1,g-000800,hin_Latn,MEDIUM,NARROWER,clean,False,False,False
ntx3-000800-1,g-000800,hin_Latn,MEDIUM,NARROWER,vendor_shift,True,True,True
ntx3-000800-1,g-000800,hin_Latn,MEDIUM,NARROWER,year_shift,True,True,True
ntx3-000800-1,g-000800,hin_Latn,MEDIUM,NARROWER,month_shift,True,True,True
ntx3-000800-1,g-000800,hin_Latn,MEDIUM,NARROWER,scope_broaden,True,True,True
ntx3-000800-1,g-000800,hin_Latn,MEDIUM,NARROWER,scope_broaden+vendor_shift,True,True,True
ntx3-000800-2,g-000800,tel_Latn,MEDIUM,NARROWER,clean,False,False,False
ntx3-000800-2,g-000800,tel_Latn,MEDIUM,NARROWER,vendor_shift,True,True,True
ntx3-000800-2,g-000800,tel_Latn,MEDIUM,NARROWER,year_shift,True,True,True
ntx3-000800-2,g-000800,tel_Latn,MEDIUM,NARROWER,month_shift,True,True,True
ntx3-000800-2,g-000800,tel_Latn,MEDIUM,NARROWER,scope_broaden,True,True,True
ntx3-000800-2,g-000800,tel_Latn,MEDIUM,NARROWER,scope_broaden+vendor_shift,True,True,True
ntx3-000800-3,g-000800,tel_Telu,MEDIUM,NARROWER,clean,False,False,False
ntx3-000800-3,g-000800,tel_Telu,MEDIUM,NARROWER,vendor_shift,True,True,True
ntx3-000800-3,g-000800,tel_Telu,MEDIUM,NARROWER,year_shift,True,True,True
ntx3-000800-3,g-000800,tel_Telu,MEDIUM,NARROWER,month_shift,True,True,True
ntx3-000800-3,g-000800,tel_Telu,MEDIUM,NARROWER,scope_broaden,True,True,True
ntx3-000800-3,g-000800,tel_Telu,MEDIUM,NARROWER,scope_broaden+vendor_shift,True,True,True
ntx3-001857-0,g-001857,eng_Latn,MEDIUM,NARROWER,clean,False,False,False
ntx3-001857-0,g-001857,eng_Latn,MEDIUM,NARROWER,vendor_shift,True,True,True
ntx3-001857-0,g-001857,eng_Latn,MEDIUM,NARROWER,year_shift,True,True,True
ntx3-001857-0,g-001857,eng_Latn,MEDIUM,NARROWER,month_shift,True,True,True
ntx3-001857-0,g-001857,eng_Latn,MEDIUM,NARROWER,scope_broaden,True,True,True
ntx3-001857-0,g-001857,eng_Latn,MEDIUM,NARROWER,scope_broaden+vendor_shift,True,True,True
ntx3-001857-1,g-001857,hin_Latn,MEDIUM,NARROWER,clean,False,False,False
ntx3-001857-1,g-001857,hin_Latn,MEDIUM,NARROWER,vendor_shift,True,True,True
ntx3-001857-1,g-001857,hin_Latn,MEDIUM,NARROWER,year_shift,True,True,True
ntx3-001857-1,g-001857,hin_Latn,MEDIUM,NARROWER,month_shift,True,True,True
ntx3-001857-1,g-001857,hin_Latn,MEDIUM,NARROWER,scope_broaden,True,True,True
ntx3-001857-1,g-001857,hin_Latn,MEDIUM,NARROWER,scope_broaden+vendor_shift,True,True,True
ntx3-001857-2,g-001857,tel_Latn,MEDIUM,NARROWER,clean,False,False,False
ntx3-001857-2,g-001857,tel_Latn,MEDIUM,NARROWER,vendor_shift,True,True,True
ntx3-001857-2,g-001857,tel_Latn,MEDIUM,NARROWER,year_shift,True,True,True
ntx3-001857-2,g-001857,tel_Latn,MEDIUM,NARROWER,month_shift,True,True,True
ntx3-001857-2,g-001857,tel_Latn,MEDIUM,NARROWER,scope_broaden,True,True,True
ntx3-001857-2,g-001857,tel_Latn,MEDIUM,NARROWER,scope_broaden+vendor_shift,True,True,True
ntx3-001857-3,g-001857,tel_Telu,MEDIUM,NARROWER,clean,False,False,False
ntx3-001857-3,g-001857,tel_Telu,MEDIUM,NARROWER,vendor_shift,True,True,True
ntx3-001857-3,g-001857,tel_Telu,MEDIUM,NARROWER,year_shift,True,True,True
ntx3-001857-3,g-001857,tel_Telu,MEDIUM,NARROWER,month_shift,True,True,True
ntx3-001857-3,g-001857,tel_Telu,MEDIUM,NARROWER,scope_broaden,True,True,True
ntx3-001857-3,g-001857,tel_Telu,MEDIUM,NARROWER,scope_broaden+vendor_shift,True,True,True
ntx3-002428-0,g-002428,eng_Latn,HIGH,NARROWER,clean,False,False,False
ntx3-002428-0,g-002428,eng_Latn,HIGH,NARROWER,vendor_shift,True,True,True
ntx3-002428-0,g-002428,eng_Latn,HIGH,NARROWER,year_shift,True,True,True
ntx3-002428-0,g-002428,eng_Latn,HIGH,NARROWER,month_shift,True,True,True
ntx3-002428-0,g-002428,eng_Latn,HIGH,NARROWER,scope_broaden,True,True,True
ntx3-002428-0,g-002428,eng_Latn,HIGH,NARROWER,scope_broaden+vendor_shift,True,True,True
ntx3-002428-1,g-002428,hin_Latn,HIGH,NARROWER,clean,False,False,False
ntx3-002428-1,g-002428,hin_Latn,HIGH,NARROWER,vendor_shift,True,True,True
ntx3-002428-1,g-002428,hin_Latn,HIGH,NARROWER,year_shift,True,True,True
ntx3-002428-1,g-002428,hin_Latn,HIGH,NARROWER,month_shift,True,True,True
ntx3-002428-1,g-002428,hin_Latn,HIGH,NARROWER,scope_broaden,True,True,True
ntx3-002428-1,g-002428,hin_Latn,HIGH,NARROWER,scope_broaden+vendor_shift,True,True,True
ntx3-002428-2,g-002428,tel_Latn,HIGH,NARROWER,clean,False,False,False
ntx3-002428-2,g-002428,tel_Latn,HIGH,NARROWER,vendor_shift,True,True,True
ntx3-002428-2,g-002428,tel_Latn,HIGH,NARROWER,year_shift,True,True,True
ntx3-002428-2,g-002428,tel_Latn,HIGH,NARROWER,month_shift,True,True,True
ntx3-002428-2,g-002428,tel_Latn,HIGH,NARROWER,scope_broaden,True,True,True
ntx3-002428-2,g-002428,tel_Latn,HIGH,NARROWER,scope_broaden+vendor_shift,True,True,True
ntx3-002428-3,g-002428,tel_Telu,HIGH,NARROWER,clean,False,False,False
ntx3-002428-3,g-002428,tel_Telu,HIGH,NARROWER,vendor_shift,True,True,True
ntx3-002428-3,g-002428,tel_Telu,HIGH,NARROWER,year_shift,True,True,True
ntx3-002428-3,g-002428,tel_Telu,HIGH,NARROWER,month_shift,True,True,True
ntx3-002428-3,g-002428,tel_Telu,HIGH,NARROWER,scope_broaden,True,True,True
ntx3-002428-3,g-002428,tel_Telu,HIGH,NARROWER,scope_broaden+vendor_shift,True,True,True
ntx3-001506-0,g-001506,eng_Latn,LOW,NARROWER,clean,False,False,False
ntx3-001506-0,g-001506,eng_Latn,LOW,NARROWER,vendor_shift,True,True,True
ntx3-001506-0,g-001506,eng_Latn,LOW,NARROWER,year_shift,True,True,True
ntx3-001506-0,g-001506,eng_Latn,LOW,NARROWER,month_shift,True,True,True
ntx3-001506-0,g-001506,eng_Latn,LOW,NARROWER,scope_broaden,True,True,True
ntx3-001506-0,g-001506,eng_Latn,LOW,NARROWER,scope_broaden+vendor_shift,True,True,True
ntx3-001506-1,g-001506,hin_Latn,LOW,NARROWER,clean,False,False,False
ntx3-001506-1,g-001506,hin_Latn,LOW,NARROWER,vendor_shift,True,True,True
ntx3-001506-1,g-001506,hin_Latn,LOW,NARROWER,year_shift,True,True,True
ntx3-001506-1,g-001506,hin_Latn,LOW,NARROWER,month_shift,True,True,True
ntx3-001506-1,g-001506,hin_Latn,LOW,NARROWER,scope_broaden,True,True,True
ntx3-001506-1,g-001506,hin_Latn,LOW,NARROWER,scope_broaden+vendor_shift,True,True,True
ntx3-001506-2,g-001506,tel_Latn,LOW,NARROWER,clean,False,False,False
ntx3-001506-2,g-001506,tel_Latn,LOW,NARROWER,vendor_shift,True,True,True
ntx3-001506-2,g-001506,tel_Latn,LOW,NARROWER,year_shift,True,True,True
ntx3-001506-2,g-001506,tel_Latn,LOW,NARROWER,month_shift,True,True,True
ntx3-001506-2,g-001506,tel_Latn,LOW,NARROWER,scope_broaden,True,True,True
ntx3-001506-2,g-001506,tel_Latn,LOW,NARROWER,scope_broaden+vendor_shift,True,True,True
ntx3-001506-3,g-001506,tel_Telu,LOW,NARROWER,clean,False,False,False
ntx3-001506-3,g-001506,tel_Telu,LOW,NARROWER,vendor_shift,True,True,True
ntx3-001506-3,g-001506,tel_Telu,LOW,NARROWER,year_shift,True,True,True
ntx3-001506-3,g-001506,tel_Telu,LOW,NARROWER,month_shift,True,True,True
ntx3-001506-3,g-001506,tel_Telu,LOW,NARROWER,scope_broaden,True,True,True
ntx3-001506-3,g-001506,tel_Telu,LOW,NARROWER,scope_broaden+vendor_shift,True,True,True
ntx3-000504-0,g-000504,eng_Latn,MEDIUM,NARROWER,clean,False,False,False
ntx3-000504-0,g-000504,eng_Latn,MEDIUM,NARROWER,vendor_shift,True,True,True
ntx3-000504-0,g-000504,eng_Latn,MEDIUM,NARROWER,year_shift,True,True,True
ntx3-000504-0,g-000504,eng_Latn,MEDIUM,NARROWER,month_shift,True,True,True
ntx3-000504-0,g-000504,eng_Latn,MEDIUM,NARROWER,scope_broaden,True,True,True
ntx3-000504-0,g-000504,eng_Latn,MEDIUM,NARROWER,scope_broaden+vendor_shift,True,True,True
ntx3-000504-1,g-000504,hin_Latn,MEDIUM,NARROWER,clean,False,False,False
ntx3-000504-1,g-000504,hin_Latn,MEDIUM,NARROWER,vendor_shift,True,True,True
ntx3-000504-1,g-000504,hin_Latn,MEDIUM,NARROWER,year_shift,True,True,True
ntx3-000504-1,g-000504,hin_Latn,MEDIUM,NARROWER,month_shift,True,True,True
ntx3-000504-1,g-000504,hin_Latn,MEDIUM,NARROWER,scope_broaden,True,True,True
ntx3-000504-1,g-000504,hin_Latn,MEDIUM,NARROWER,scope_broaden+vendor_shift,True,True,True
ntx3-000504-2,g-000504,tel_Latn,MEDIUM,NARROWER,clean,False,False,False
ntx3-000504-2,g-000504,tel_Latn,MEDIUM,NARROWER,vendor_shift,True,True,True
ntx3-000504-2,g-000504,tel_Latn,MEDIUM,NARROWER,year_shift,True,True,True
ntx3-000504-2,g-000504,tel_Latn,MEDIUM,NARROWER,month_shift,True,True,True
ntx3-000504-2,g-000504,tel_Latn,MEDIUM,NARROWER,scope_broaden,True,True,True
ntx3-000504-2,g-000504,tel_Latn,MEDIUM,NARROWER,scope_broaden+vendor_shift,True,True,True
ntx3-000504-3,g-000504,tel_Telu,MEDIUM,NARROWER,clean,False,False,False
ntx3-000504-3,g-000504,tel_Telu,MEDIUM,NARROWER,vendor_shift,True,True,True
ntx3-000504-3,g-000504,tel_Telu,MEDIUM,NARROWER,year_shift,True,True,True
ntx3-000504-3,g-000504,tel_Telu,MEDIUM,NARROWER,month_shift,True,True,True
ntx3-000504-3,g-000504,tel_Telu,MEDIUM,NARROWER,scope_broaden,True,True,True
ntx3-000504-3,g-000504,tel_Telu,MEDIUM,NARROWER,scope_broaden+vendor_shift,True,True,True
ntx3-001147-0,g-001147,eng_Latn,CRITICAL,NARROWER,clean,False,False,False
ntx3-001147-0,g-001147,eng_Latn,CRITICAL,NARROWER,vendor_shift,True,True,True
ntx3-001147-0,g-001147,eng_Latn,CRITICAL,NARROWER,year_shift,True,True,True
ntx3-001147-0,g-001147,eng_Latn,CRITICAL,NARROWER,month_shift,True,True,True
ntx3-001147-0,g-001147,eng_Latn,CRITICAL,NARROWER,scope_broaden,True,True,True
ntx3-001147-0,g-001147,eng_Latn,CRITICAL,NARROWER,scope_broaden+vendor_shift,True,True,True
ntx3-001147-1,g-001147,hin_Latn,CRITICAL,NARROWER,clean,False,False,False
ntx3-001147-1,g-001147,hin_Latn,CRITICAL,NARROWER,vendor_shift,True,True,True
ntx3-001147-1,g-001147,hin_Latn,CRITICAL,NARROWER,year_shift,True,True,True
ntx3-001147-1,g-001147,hin_Latn,CRITICAL,NARROWER,month_shift,True,True,True
ntx3-001147-1,g-001147,hin_Latn,CRITICAL,NARROWER,scope_broaden,True,True,True
ntx3-001147-1,g-001147,hin_Latn,CRITICAL,NARROWER,scope_broaden+vendor_shift,True,True,True
ntx3-001147-2,g-001147,tel_Latn,CRITICAL,NARROWER,clean,False,False,False
ntx3-001147-2,g-001147,tel_Latn,CRITICAL,NARROWER,vendor_shift,True,True,True
ntx3-001147-2,g-001147,tel_Latn,CRITICAL,NARROWER,year_shift,True,True,True
ntx3-001147-2,g-001147,tel_Latn,CRITICAL,NARROWER,month_shift,True,True,True
ntx3-001147-2,g-001147,tel_Latn,CRITICAL,NARROWER,scope_broaden,True,True,True
ntx3-001147-2,g-001147,tel_Latn,CRITICAL,NARROWER,scope_broaden+vendor_shift,True,True,True
ntx3-001147-3,g-001147,tel_Telu,CRITICAL,NARROWER,clean,False,False,False
ntx3-001147-3,g-001147,tel_Telu,CRITICAL,NARROWER,vendor_shift,True,True,True
ntx3-001147-3,g-001147,tel_Telu,CRITICAL,NARROWER,year_shift,True,True,True
ntx3-001147-3,g-001147,tel_Telu,CRITICAL,NARROWER,month_shift,True,True,True
ntx3-001147-3,g-001147,tel_Telu,CRITICAL,NARROWER,scope_broaden,True,True,True
ntx3-001147-3,g-001147,tel_Telu,CRITICAL,NARROWER,scope_broaden+vendor_shift,True,True,True
ntx3-000395-0,g-000395,eng_Latn,HIGH,NARROWER,clean,False,False,False
ntx3-000395-0,g-000395,eng_Latn,HIGH,NARROWER,vendor_shift,True,True,True
ntx3-000395-0,g-000395,eng_Latn,HIGH,NARROWER,year_shift,True,True,True
ntx3-000395-0,g-000395,eng_Latn,HIGH,NARROWER,month_shift,True,True,True
ntx3-000395-0,g-000395,eng_Latn,HIGH,NARROWER,scope_broaden,True,True,True
ntx3-000395-0,g-000395,eng_Latn,HIGH,NARROWER,scope_broaden+vendor_shift,True,True,True
ntx3-000395-1,g-000395,hin_Latn,HIGH,NARROWER,clean,False,False,False
ntx3-000395-1,g-000395,hin_Latn,HIGH,NARROWER,vendor_shift,True,True,True
ntx3-000395-1,g-000395,hin_Latn,HIGH,NARROWER,year_shift,True,True,True
ntx3-000395-1,g-000395,hin_Latn,HIGH,NARROWER,month_shift,True,True,True
ntx3-000395-1,g-000395,hin_Latn,HIGH,NARROWER,scope_broaden,True,True,True
ntx3-000395-1,g-000395,hin_Latn,HIGH,NARROWER,scope_broaden+vendor_shift,True,True,True
ntx3-000395-2,g-000395,tel_Latn,HIGH,NARROWER,clean,False,False,False
ntx3-000395-2,g-000395,tel_Latn,HIGH,NARROWER,vendor_shift,True,True,True
ntx3-000395-2,g-000395,tel_Latn,HIGH,NARROWER,year_shift,True,True,True
ntx3-000395-2,g-000395,tel_Latn,HIGH,NARROWER,month_shift,True,True,True
ntx3-000395-2,g-000395,tel_Latn,HIGH,NARROWER,scope_broaden,True,True,True
ntx3-000395-2,g-000395,tel_Latn,HIGH,NARROWER,scope_broaden+vendor_shift,True,True,True
ntx3-000395-3,g-000395,tel_Telu,HIGH,NARROWER,clean,False,False,False
ntx3-000395-3,g-000395,tel_Telu,HIGH,NARROWER,vendor_shift,True,True,True
ntx3-000395-3,g-000395,tel_Telu,HIGH,NARROWER,year_shift,True,True,True
ntx3-000395-3,g-000395,tel_Telu,HIGH,NARROWER,month_shift,True,True,True
ntx3-000395-3,g-000395,tel_Telu,HIGH,NARROWER,scope_broaden,True,True,True
ntx3-000395-3,g-000395,tel_Telu,HIGH,NARROWER,scope_broaden+vendor_shift,True,True,True
ntx3-000815-0,g-000815,eng_Latn,MEDIUM,NARROWER,clean,False,False,False
ntx3-000815-0,g-000815,eng_Latn,MEDIUM,NARROWER,vendor_shift,True,True,True
ntx3-000815-0,g-000815,eng_Latn,MEDIUM,NARROWER,year_shift,True,True,True
ntx3-000815-0,g-000815,eng_Latn,MEDIUM,NARROWER,month_shift,True,True,True
ntx3-000815-0,g-000815,eng_Latn,MEDIUM,NARROWER,scope_broaden,True,True,True
ntx3-000815-0,g-000815,eng_Latn,MEDIUM,NARROWER,scope_broaden+vendor_shift,True,True,True
ntx3-000815-1,g-000815,hin_Latn,MEDIUM,NARROWER,clean,False,False,False
ntx3-000815-1,g-000815,hin_Latn,MEDIUM,NARROWER,vendor_shift,True,True,True
ntx3-000815-1,g-000815,hin_Latn,MEDIUM,NARROWER,year_shift,True,True,True
ntx3-000815-1,g-000815,hin_Latn,MEDIUM,NARROWER,month_shift,True,True,True
ntx3-000815-1,g-000815,hin_Latn,MEDIUM,NARROWER,scope_broaden,True,True,True
ntx3-000815-1,g-000815,hin_Latn,MEDIUM,NARROWER,scope_broaden+vendor_shift,True,True,True
ntx3-000815-2,g-000815,tel_Latn,MEDIUM,NARROWER,clean,False,False,False
ntx3-000815-2,g-000815,tel_Latn,MEDIUM,NARROWER,vendor_shift,True,True,True
ntx3-000815-2,g-000815,tel_Latn,MEDIUM,NARROWER,year_shift,True,True,True
ntx3-000815-2,g-000815,tel_Latn,MEDIUM,NARROWER,month_shift,True,True,True
ntx3-000815-2,g-000815,tel_Latn,MEDIUM,NARROWER,scope_broaden,True,True,True
ntx3-000815-2,g-000815,tel_Latn,MEDIUM,NARROWER,scope_broaden+vendor_shift,True,True,True
ntx3-000815-3,g-000815,tel_Telu,MEDIUM,NARROWER,clean,False,False,False
ntx3-000815-3,g-000815,tel_Telu,MEDIUM,NARROWER,vendor_shift,True,True,True
ntx3-000815-3,g-000815,tel_Telu,MEDIUM,NARROWER,year_shift,True,True,True
ntx3-000815-3,g-000815,tel_Telu,MEDIUM,NARROWER,month_shift,True,True,True
ntx3-000815-3,g-000815,tel_Telu,MEDIUM,NARROWER,scope_broaden,True,True,True
ntx3-000815-3,g-000815,tel_Telu,MEDIUM,NARROWER,scope_broaden+vendor_shift,True,True,True
ntx3-001154-0,g-001154,eng_Latn,CRITICAL,NARROWER,clean,False,False,False
ntx3-001154-0,g-001154,eng_Latn,CRITICAL,NARROWER,vendor_shift,True,True,True
ntx3-001154-0,g-001154,eng_Latn,CRITICAL,NARROWER,year_shift,True,True,True
ntx3-001154-0,g-001154,eng_Latn,CRITICAL,NARROWER,month_shift,True,True,True
ntx3-001154-0,g-001154,eng_Latn,CRITICAL,NARROWER,scope_broaden,True,True,True
ntx3-001154-0,g-001154,eng_Latn,CRITICAL,NARROWER,scope_broaden+vendor_shift,True,True,True
ntx3-001154-1,g-001154,hin_Latn,CRITICAL,NARROWER,clean,False,False,False
ntx3-001154-1,g-001154,hin_Latn,CRITICAL,NARROWER,vendor_shift,True,True,True
ntx3-001154-1,g-001154,hin_Latn,CRITICAL,NARROWER,year_shift,True,True,True
ntx3-001154-1,g-001154,hin_Latn,CRITICAL,NARROWER,month_shift,True,True,True
ntx3-001154-1,g-001154,hin_Latn,CRITICAL,NARROWER,scope_broaden,True,True,True
ntx3-001154-1,g-001154,hin_Latn,CRITICAL,NARROWER,scope_broaden+vendor_shift,True,True,True
ntx3-001154-2,g-001154,tel_Latn,CRITICAL,NARROWER,clean,False,False,False
ntx3-001154-2,g-001154,tel_Latn,CRITICAL,NARROWER,vendor_shift,True,True,True
ntx3-001154-2,g-001154,tel_Latn,CRITICAL,NARROWER,year_shift,True,True,True
ntx3-001154-2,g-001154,tel_Latn,CRITICAL,NARROWER,month_shift,True,True,True
ntx3-001154-2,g-001154,tel_Latn,CRITICAL,NARROWER,scope_broaden,True,True,True
ntx3-001154-2,g-001154,tel_Latn,CRITICAL,NARROWER,scope_broaden+vendor_shift,True,True,True
ntx3-001154-3,g-001154,tel_Telu,CRITICAL,NARROWER,clean,False,False,False
ntx3-001154-3,g-001154,tel_Telu,CRITICAL,NARROWER,vendor_shift,True,True,True
ntx3-001154-3,g-001154,tel_Telu,CRITICAL,NARROWER,year_shift,True,True,True
ntx3-001154-3,g-001154,tel_Telu,CRITICAL,NARROWER,month_shift,True,True,True
ntx3-001154-3,g-001154,tel_Telu,CRITICAL,NARROWER,scope_broaden,True,True,True
ntx3-001154-3,g-001154,tel_Telu,CRITICAL,NARROWER,scope_broaden+vendor_shift,True,True,True
ntx3-000261-0,g-000261,eng_Latn,MEDIUM,NARROWER,clean,False,False,False
ntx3-000261-0,g-000261,eng_Latn,MEDIUM,NARROWER,vendor_shift,True,True,True
ntx3-000261-0,g-000261,eng_Latn,MEDIUM,NARROWER,year_shift,True,True,True
ntx3-000261-0,g-000261,eng_Latn,MEDIUM,NARROWER,month_shift,True,True,True
ntx3-000261-0,g-000261,eng_Latn,MEDIUM,NARROWER,scope_broaden,True,True,True
ntx3-000261-0,g-000261,eng_Latn,MEDIUM,NARROWER,scope_broaden+vendor_shift,True,True,True
ntx3-000261-1,g-000261,hin_Latn,MEDIUM,NARROWER,clean,False,False,False
ntx3-000261-1,g-000261,hin_Latn,MEDIUM,NARROWER,vendor_shift,True,True,True
ntx3-000261-1,g-000261,hin_Latn,MEDIUM,NARROWER,year_shift,True,True,True
ntx3-000261-1,g-000261,hin_Latn,MEDIUM,NARROWER,month_shift,True,True,True
ntx3-000261-1,g-000261,hin_Latn,MEDIUM,NARROWER,scope_broaden,True,True,True
ntx3-000261-1,g-000261,hin_Latn,MEDIUM,NARROWER,scope_broaden+vendor_shift,True,True,True
ntx3-000261-2,g-000261,tel_Latn,MEDIUM,NARROWER,clean,False,False,False
ntx3-000261-2,g-000261,tel_Latn,MEDIUM,NARROWER,vendor_shift,True,True,True
ntx3-000261-2,g-000261,tel_Latn,MEDIUM,NARROWER,year_shift,True,True,True
ntx3-000261-2,g-000261,tel_Latn,MEDIUM,NARROWER,month_shift,True,True,True
ntx3-000261-2,g-000261,tel_Latn,MEDIUM,NARROWER,scope_broaden,True,True,True
ntx3-000261-2,g-000261,tel_Latn,MEDIUM,NARROWER,scope_broaden+vendor_shift,True,True,True
ntx3-000261-3,g-000261,tel_Telu,MEDIUM,NARROWER,clean,False,False,False
ntx3-000261-3,g-000261,tel_Telu,MEDIUM,NARROWER,vendor_shift,True,True,True
ntx3-000261-3,g-000261,tel_Telu,MEDIUM,NARROWER,year_shift,True,True,True
ntx3-000261-3,g-000261,tel_Telu,MEDIUM,NARROWER,month_shift,True,True,True
ntx3-000261-3,g-000261,tel_Telu,MEDIUM,NARROWER,scope_broaden,True,True,True
ntx3-000261-3,g-000261,tel_Telu,MEDIUM,NARROWER,scope_broaden+vendor_shift,True,True,True
ntx3-000709-0,g-000709,eng_Latn,MEDIUM,NARROWER,clean,False,False,False
ntx3-000709-0,g-000709,eng_Latn,MEDIUM,NARROWER,vendor_shift,True,True,True
ntx3-000709-0,g-000709,eng_Latn,MEDIUM,NARROWER,year_shift,True,True,True
ntx3-000709-0,g-000709,eng_Latn,MEDIUM,NARROWER,month_shift,True,True,True
ntx3-000709-0,g-000709,eng_Latn,MEDIUM,NARROWER,scope_broaden,True,True,True
ntx3-000709-0,g-000709,eng_Latn,MEDIUM,NARROWER,scope_broaden+vendor_shift,True,True,True
ntx3-000709-1,g-000709,hin_Latn,MEDIUM,NARROWER,clean,False,False,False
ntx3-000709-1,g-000709,hin_Latn,MEDIUM,NARROWER,vendor_shift,True,True,True
ntx3-000709-1,g-000709,hin_Latn,MEDIUM,NARROWER,year_shift,True,True,True
ntx3-000709-1,g-000709,hin_Latn,MEDIUM,NARROWER,month_shift,True,True,True
ntx3-000709-1,g-000709,hin_Latn,MEDIUM,NARROWER,scope_broaden,True,True,True
ntx3-000709-1,g-000709,hin_Latn,MEDIUM,NARROWER,scope_broaden+vendor_shift,True,True,True
ntx3-000709-2,g-000709,tel_Latn,MEDIUM,NARROWER,clean,False,False,False
ntx3-000709-2,g-000709,tel_Latn,MEDIUM,NARROWER,vendor_shift,True,True,True
ntx3-000709-2,g-000709,tel_Latn,MEDIUM,NARROWER,year_shift,True,True,True
ntx3-000709-2,g-000709,tel_Latn,MEDIUM,NARROWER,month_shift,True,True,True
ntx3-000709-2,g-000709,tel_Latn,MEDIUM,NARROWER,scope_broaden,True,True,True
ntx3-000709-2,g-000709,tel_Latn,MEDIUM,NARROWER,scope_broaden+vendor_shift,True,True,True
ntx3-000709-3,g-000709,tel_Telu,MEDIUM,NARROWER,clean,False,False,False
ntx3-000709-3,g-000709,tel_Telu,MEDIUM,NARROWER,vendor_shift,True,True,True
ntx3-000709-3,g-000709,tel_Telu,MEDIUM,NARROWER,year_shift,True,True,True
ntx3-000709-3,g-000709,tel_Telu,MEDIUM,NARROWER,month_shift,True,True,True
ntx3-000709-3,g-000709,tel_Telu,MEDIUM,NARROWER,scope_broaden,True,True,True
ntx3-000709-3,g-000709,tel_Telu,MEDIUM,NARROWER,scope_broaden+vendor_shift,True,True,True
ntx3-000530-0,g-000530,eng_Latn,HIGH,NARROWER,clean,False,False,False
ntx3-000530-0,g-000530,eng_Latn,HIGH,NARROWER,vendor_shift,True,True,True
ntx3-000530-0,g-000530,eng_Latn,HIGH,NARROWER,year_shift,True,True,True
ntx3-000530-0,g-000530,eng_Latn,HIGH,NARROWER,month_shift,True,True,True
ntx3-000530-0,g-000530,eng_Latn,HIGH,NARROWER,scope_broaden,True,True,True
ntx3-000530-0,g-000530,eng_Latn,HIGH,NARROWER,scope_broaden+vendor_shift,True,True,True
ntx3-000530-1,g-000530,hin_Latn,HIGH,NARROWER,clean,False,False,False
ntx3-000530-1,g-000530,hin_Latn,HIGH,NARROWER,vendor_shift,True,True,True
ntx3-000530-1,g-000530,hin_Latn,HIGH,NARROWER,year_shift,True,True,True
ntx3-000530-1,g-000530,hin_Latn,HIGH,NARROWER,month_shift,True,True,True
ntx3-000530-1,g-000530,hin_Latn,HIGH,NARROWER,scope_broaden,True,True,True
ntx3-000530-1,g-000530,hin_Latn,HIGH,NARROWER,scope_broaden+vendor_shift,True,True,True
ntx3-000530-2,g-000530,tel_Latn,HIGH,NARROWER,clean,False,False,False
ntx3-000530-2,g-000530,tel_Latn,HIGH,NARROWER,vendor_shift,True,True,True
ntx3-000530-2,g-000530,tel_Latn,HIGH,NARROWER,year_shift,True,True,True
ntx3-000530-2,g-000530,tel_Latn,HIGH,NARROWER,month_shift,True,True,True
ntx3-000530-2,g-000530,tel_Latn,HIGH,NARROWER,scope_broaden,True,True,True
ntx3-000530-2,g-000530,tel_Latn,HIGH,NARROWER,scope_broaden+vendor_shift,True,True,True
ntx3-000530-3,g-000530,tel_Telu,HIGH,NARROWER,clean,False,False,False
ntx3-000530-3,g-000530,tel_Telu,HIGH,NARROWER,vendor_shift,True,True,True
ntx3-000530-3,g-000530,tel_Telu,HIGH,NARROWER,year_shift,True,True,True
ntx3-000530-3,g-000530,tel_Telu,HIGH,NARROWER,month_shift,True,True,True
ntx3-000530-3,g-000530,tel_Telu,HIGH,NARROWER,scope_broaden,True,True,True
ntx3-000530-3,g-000530,tel_Telu,HIGH,NARROWER,scope_broaden+vendor_shift,True,True,True
ntx3-001390-0,g-001390,eng_Latn,LOW,NARROWER,clean,False,False,False
ntx3-001390-0,g-001390,eng_Latn,LOW,NARROWER,vendor_shift,True,True,True
ntx3-001390-0,g-001390,eng_Latn,LOW,NARROWER,year_shift,True,True,True
ntx3-001390-0,g-001390,eng_Latn,LOW,NARROWER,month_shift,True,True,True
ntx3-001390-0,g-001390,eng_Latn,LOW,NARROWER,scope_broaden,True,True,True
ntx3-001390-0,g-001390,eng_Latn,LOW,NARROWER,scope_broaden+vendor_shift,True,True,True
ntx3-001390-1,g-001390,hin_Latn,LOW,NARROWER,clean,False,False,False
ntx3-001390-1,g-001390,hin_Latn,LOW,NARROWER,vendor_shift,True,True,True
ntx3-001390-1,g-001390,hin_Latn,LOW,NARROWER,year_shift,True,True,True
ntx3-001390-1,g-001390,hin_Latn,LOW,NARROWER,month_shift,True,True,True
ntx3-001390-1,g-001390,hin_Latn,LOW,NARROWER,scope_broaden,True,True,True
ntx3-001390-1,g-001390,hin_Latn,LOW,NARROWER,scope_broaden+vendor_shift,True,True,True
ntx3-001390-2,g-001390,tel_Latn,LOW,NARROWER,clean,False,False,False
ntx3-001390-2,g-001390,tel_Latn,LOW,NARROWER,vendor_shift,True,True,True
ntx3-001390-2,g-001390,tel_Latn,LOW,NARROWER,year_shift,True,True,True
ntx3-001390-2,g-001390,tel_Latn,LOW,NARROWER,month_shift,True,True,True
ntx3-001390-2,g-001390,tel_Latn,LOW,NARROWER,scope_broaden,True,True,True
ntx3-001390-2,g-001390,tel_Latn,LOW,NARROWER,scope_broaden+vendor_shift,True,True,True
ntx3-001390-3,g-001390,tel_Telu,LOW,NARROWER,clean,False,False,False
ntx3-001390-3,g-001390,tel_Telu,LOW,NARROWER,vendor_shift,True,True,True
ntx3-001390-3,g-001390,tel_Telu,LOW,NARROWER,year_shift,True,True,True
ntx3-001390-3,g-001390,tel_Telu,LOW,NARROWER,month_shift,True,True,True
ntx3-001390-3,g-001390,tel_Telu,LOW,NARROWER,scope_broaden,True,True,True
ntx3-001390-3,g-001390,tel_Telu,LOW,NARROWER,scope_broaden+vendor_shift,True,True,True
ntx3-001985-0,g-001985,eng_Latn,MEDIUM,NARROWER,clean,False,False,False
ntx3-001985-0,g-001985,eng_Latn,MEDIUM,NARROWER,vendor_shift,True,True,True
ntx3-001985-0,g-001985,eng_Latn,MEDIUM,NARROWER,year_shift,True,True,True
ntx3-001985-0,g-001985,eng_Latn,MEDIUM,NARROWER,month_shift,True,True,True
ntx3-001985-0,g-001985,eng_Latn,MEDIUM,NARROWER,scope_broaden,True,True,True
ntx3-001985-0,g-001985,eng_Latn,MEDIUM,NARROWER,scope_broaden+vendor_shift,True,True,True
ntx3-001985-1,g-001985,hin_Latn,MEDIUM,NARROWER,clean,False,False,False
ntx3-001985-1,g-001985,hin_Latn,MEDIUM,NARROWER,vendor_shift,True,True,True
ntx3-001985-1,g-001985,hin_Latn,MEDIUM,NARROWER,year_shift,True,True,True
ntx3-001985-1,g-001985,hin_Latn,MEDIUM,NARROWER,month_shift,True,True,True
ntx3-001985-1,g-001985,hin_Latn,MEDIUM,NARROWER,scope_broaden,True,True,True
ntx3-001985-1,g-001985,hin_Latn,MEDIUM,NARROWER,scope_broaden+vendor_shift,True,True,True
ntx3-001985-2,g-001985,tel_Latn,MEDIUM,NARROWER,clean,False,False,False
ntx3-001985-2,g-001985,tel_Latn,MEDIUM,NARROWER,vendor_shift,True,True,True
ntx3-001985-2,g-001985,tel_Latn,MEDIUM,NARROWER,year_shift,True,True,True
ntx3-001985-2,g-001985,tel_Latn,MEDIUM,NARROWER,month_shift,True,True,True
ntx3-001985-2,g-001985,tel_Latn,MEDIUM,NARROWER,scope_broaden,True,True,True
ntx3-001985-2,g-001985,tel_Latn,MEDIUM,NARROWER,scope_broaden+vendor_shift,True,True,True
ntx3-001985-3,g-001985,tel_Telu,MEDIUM,NARROWER,clean,False,False,False
ntx3-001985-3,g-001985,tel_Telu,MEDIUM,NARROWER,vendor_shift,True,True,True
ntx3-001985-3,g-001985,tel_Telu,MEDIUM,NARROWER,year_shift,True,True,True
ntx3-001985-3,g-001985,tel_Telu,MEDIUM,NARROWER,month_shift,True,True,True
ntx3-001985-3,g-001985,tel_Telu,MEDIUM,NARROWER,scope_broaden,True,True,True
ntx3-001985-3,g-001985,tel_Telu,MEDIUM,NARROWER,scope_broaden+vendor_shift,True,True,True
ntx3-001233-0,g-001233,eng_Latn,MEDIUM,NARROWER,clean,False,False,False
ntx3-001233-0,g-001233,eng_Latn,MEDIUM,NARROWER,vendor_shift,True,True,True
ntx3-001233-0,g-001233,eng_Latn,MEDIUM,NARROWER,year_shift,True,True,True
ntx3-001233-0,g-001233,eng_Latn,MEDIUM,NARROWER,month_shift,True,True,True
ntx3-001233-0,g-001233,eng_Latn,MEDIUM,NARROWER,scope_broaden,True,True,True
ntx3-001233-0,g-001233,eng_Latn,MEDIUM,NARROWER,scope_broaden+vendor_shift,True,True,True
ntx3-001233-1,g-001233,hin_Latn,MEDIUM,NARROWER,clean,False,False,False
ntx3-001233-1,g-001233,hin_Latn,MEDIUM,NARROWER,vendor_shift,True,True,True
ntx3-001233-1,g-001233,hin_Latn,MEDIUM,NARROWER,year_shift,True,True,True
ntx3-001233-1,g-001233,hin_Latn,MEDIUM,NARROWER,month_shift,True,True,True
ntx3-001233-1,g-001233,hin_Latn,MEDIUM,NARROWER,scope_broaden,True,True,True
ntx3-001233-1,g-001233,hin_Latn,MEDIUM,NARROWER,scope_broaden+vendor_shift,True,True,True
ntx3-001233-2,g-001233,tel_Latn,MEDIUM,NARROWER,clean,False,False,False
ntx3-001233-2,g-001233,tel_Latn,MEDIUM,NARROWER,vendor_shift,True,True,True
ntx3-001233-2,g-001233,tel_Latn,MEDIUM,NARROWER,year_shift,True,True,True
ntx3-001233-2,g-001233,tel_Latn,MEDIUM,NARROWER,month_shift,True,True,True
ntx3-001233-2,g-001233,tel_Latn,MEDIUM,NARROWER,scope_broaden,True,True,True
ntx3-001233-2,g-001233,tel_Latn,MEDIUM,NARROWER,scope_broaden+vendor_shift,True,True,True
ntx3-001233-3,g-001233,tel_Telu,MEDIUM,NARROWER,clean,False,False,False
ntx3-001233-3,g-001233,tel_Telu,MEDIUM,NARROWER,vendor_shift,True,True,True
ntx3-001233-3,g-001233,tel_Telu,MEDIUM,NARROWER,year_shift,True,True,True
ntx3-001233-3,g-001233,tel_Telu,MEDIUM,NARROWER,month_shift,True,True,True
ntx3-001233-3,g-001233,tel_Telu,MEDIUM,NARROWER,scope_broaden,True,True,True
ntx3-001233-3,g-001233,tel_Telu,MEDIUM,NARROWER,scope_broaden+vendor_shift,True,True,True
ntx3-002434-0,g-002434,eng_Latn,MEDIUM,NARROWER,clean,False,False,False
ntx3-002434-0,g-002434,eng_Latn,MEDIUM,NARROWER,vendor_shift,True,True,True
ntx3-002434-0,g-002434,eng_Latn,MEDIUM,NARROWER,year_shift,True,True,True
ntx3-002434-0,g-002434,eng_Latn,MEDIUM,NARROWER,month_shift,True,True,True
ntx3-002434-0,g-002434,eng_Latn,MEDIUM,NARROWER,scope_broaden,True,True,True
ntx3-002434-0,g-002434,eng_Latn,MEDIUM,NARROWER,scope_broaden+vendor_shift,True,True,True
ntx3-002434-1,g-002434,hin_Latn,MEDIUM,NARROWER,clean,False,False,False
ntx3-002434-1,g-002434,hin_Latn,MEDIUM,NARROWER,vendor_shift,True,True,True
ntx3-002434-1,g-002434,hin_Latn,MEDIUM,NARROWER,year_shift,True,True,True
ntx3-002434-1,g-002434,hin_Latn,MEDIUM,NARROWER,month_shift,True,True,True
ntx3-002434-1,g-002434,hin_Latn,MEDIUM,NARROWER,scope_broaden,True,True,True
ntx3-002434-1,g-002434,hin_Latn,MEDIUM,NARROWER,scope_broaden+vendor_shift,True,True,True
ntx3-002434-2,g-002434,tel_Latn,MEDIUM,NARROWER,clean,False,False,False
ntx3-002434-2,g-002434,tel_Latn,MEDIUM,NARROWER,vendor_shift,True,True,True
ntx3-002434-2,g-002434,tel_Latn,MEDIUM,NARROWER,year_shift,True,True,True
ntx3-002434-2,g-002434,tel_Latn,MEDIUM,NARROWER,month_shift,True,True,True
ntx3-002434-2,g-002434,tel_Latn,MEDIUM,NARROWER,scope_broaden,True,True,True
ntx3-002434-2,g-002434,tel_Latn,MEDIUM,NARROWER,scope_broaden+vendor_shift,True,True,True
ntx3-002434-3,g-002434,tel_Telu,MEDIUM,NARROWER,clean,False,False,False
ntx3-002434-3,g-002434,tel_Telu,MEDIUM,NARROWER,vendor_shift,True,True,True
ntx3-002434-3,g-002434,tel_Telu,MEDIUM,NARROWER,year_shift,True,True,True
ntx3-002434-3,g-002434,tel_Telu,MEDIUM,NARROWER,month_shift,True,True,True
ntx3-002434-3,g-002434,tel_Telu,MEDIUM,NARROWER,scope_broaden,True,True,True
ntx3-002434-3,g-002434,tel_Telu,MEDIUM,NARROWER,scope_broaden+vendor_shift,True,True,True
ntx3-001213-0,g-001213,eng_Latn,HIGH,NARROWER,clean,False,False,False
ntx3-001213-0,g-001213,eng_Latn,HIGH,NARROWER,vendor_shift,True,True,True
ntx3-001213-0,g-001213,eng_Latn,HIGH,NARROWER,year_shift,True,True,True
ntx3-001213-0,g-001213,eng_Latn,HIGH,NARROWER,month_shift,True,True,True
ntx3-001213-0,g-001213,eng_Latn,HIGH,NARROWER,scope_broaden,True,True,True
ntx3-001213-0,g-001213,eng_Latn,HIGH,NARROWER,scope_broaden+vendor_shift,True,True,True
ntx3-001213-1,g-001213,hin_Latn,HIGH,NARROWER,clean,False,False,False
ntx3-001213-1,g-001213,hin_Latn,HIGH,NARROWER,vendor_shift,True,True,True
ntx3-001213-1,g-001213,hin_Latn,HIGH,NARROWER,year_shift,True,True,True
ntx3-001213-1,g-001213,hin_Latn,HIGH,NARROWER,month_shift,True,True,True
ntx3-001213-1,g-001213,hin_Latn,HIGH,NARROWER,scope_broaden,True,True,True
ntx3-001213-1,g-001213,hin_Latn,HIGH,NARROWER,scope_broaden+vendor_shift,True,True,True
ntx3-001213-2,g-001213,tel_Latn,HIGH,NARROWER,clean,False,False,False
ntx3-001213-2,g-001213,tel_Latn,HIGH,NARROWER,vendor_shift,True,True,True
ntx3-001213-2,g-001213,tel_Latn,HIGH,NARROWER,year_shift,True,True,True
ntx3-001213-2,g-001213,tel_Latn,HIGH,NARROWER,month_shift,True,True,True
ntx3-001213-2,g-001213,tel_Latn,HIGH,NARROWER,scope_broaden,True,True,True
ntx3-001213-2,g-001213,tel_Latn,HIGH,NARROWER,scope_broaden+vendor_shift,True,True,True
ntx3-001213-3,g-001213,tel_Telu,HIGH,NARROWER,clean,False,False,False
ntx3-001213-3,g-001213,tel_Telu,HIGH,NARROWER,vendor_shift,True,True,True
ntx3-001213-3,g-001213,tel_Telu,HIGH,NARROWER,year_shift,True,True,True
ntx3-001213-3,g-001213,tel_Telu,HIGH,NARROWER,month_shift,True,True,True
ntx3-001213-3,g-001213,tel_Telu,HIGH,NARROWER,scope_broaden,True,True,True
ntx3-001213-3,g-001213,tel_Telu,HIGH,NARROWER,scope_broaden+vendor_shift,True,True,True
ntx3-001584-0,g-001584,eng_Latn,HIGH,NARROWER,clean,False,False,False
ntx3-001584-0,g-001584,eng_Latn,HIGH,NARROWER,vendor_shift,True,True,True
ntx3-001584-0,g-001584,eng_Latn,HIGH,NARROWER,year_shift,True,True,True
ntx3-001584-0,g-001584,eng_Latn,HIGH,NARROWER,month_shift,True,True,True
ntx3-001584-0,g-001584,eng_Latn,HIGH,NARROWER,scope_broaden,True,True,True
ntx3-001584-0,g-001584,eng_Latn,HIGH,NARROWER,scope_broaden+vendor_shift,True,True,True
ntx3-001584-1,g-001584,hin_Latn,HIGH,NARROWER,clean,False,False,False
ntx3-001584-1,g-001584,hin_Latn,HIGH,NARROWER,vendor_shift,True,True,True
ntx3-001584-1,g-001584,hin_Latn,HIGH,NARROWER,year_shift,True,True,True
ntx3-001584-1,g-001584,hin_Latn,HIGH,NARROWER,month_shift,True,True,True
ntx3-001584-1,g-001584,hin_Latn,HIGH,NARROWER,scope_broaden,True,True,True
ntx3-001584-1,g-001584,hin_Latn,HIGH,NARROWER,scope_broaden+vendor_shift,True,True,True
ntx3-001584-2,g-001584,tel_Latn,HIGH,NARROWER,clean,False,False,False
ntx3-001584-2,g-001584,tel_Latn,HIGH,NARROWER,vendor_shift,True,True,True
ntx3-001584-2,g-001584,tel_Latn,HIGH,NARROWER,year_shift,True,True,True
ntx3-001584-2,g-001584,tel_Latn,HIGH,NARROWER,month_shift,True,True,True
ntx3-001584-2,g-001584,tel_Latn,HIGH,NARROWER,scope_broaden,True,True,True
ntx3-001584-2,g-001584,tel_Latn,HIGH,NARROWER,scope_broaden+vendor_shift,True,True,True
ntx3-001584-3,g-001584,tel_Telu,HIGH,NARROWER,clean,False,False,False
ntx3-001584-3,g-001584,tel_Telu,HIGH,NARROWER,vendor_shift,True,True,True
ntx3-001584-3,g-001584,tel_Telu,HIGH,NARROWER,year_shift,True,True,True
ntx3-001584-3,g-001584,tel_Telu,HIGH,NARROWER,month_shift,True,True,True
ntx3-001584-3,g-001584,tel_Telu,HIGH,NARROWER,scope_broaden,True,True,True
ntx3-001584-3,g-001584,tel_Telu,HIGH,NARROWER,scope_broaden+vendor_shift,True,True,True
ntx3-002065-0,g-002065,eng_Latn,LOW,NARROWER,clean,False,False,False
ntx3-002065-0,g-002065,eng_Latn,LOW,NARROWER,vendor_shift,True,True,True
ntx3-002065-0,g-002065,eng_Latn,LOW,NARROWER,year_shift,True,True,True
ntx3-002065-0,g-002065,eng_Latn,LOW,NARROWER,month_shift,True,True,True
ntx3-002065-0,g-002065,eng_Latn,LOW,NARROWER,scope_broaden,True,True,True
ntx3-002065-0,g-002065,eng_Latn,LOW,NARROWER,scope_broaden+vendor_shift,True,True,True
ntx3-002065-1,g-002065,hin_Latn,LOW,NARROWER,clean,False,False,False
ntx3-002065-1,g-002065,hin_Latn,LOW,NARROWER,vendor_shift,True,True,True
ntx3-002065-1,g-002065,hin_Latn,LOW,NARROWER,year_shift,True,True,True
ntx3-002065-1,g-002065,hin_Latn,LOW,NARROWER,month_shift,True,True,True
ntx3-002065-1,g-002065,hin_Latn,LOW,NARROWER,scope_broaden,True,True,True
ntx3-002065-1,g-002065,hin_Latn,LOW,NARROWER,scope_broaden+vendor_shift,True,True,True
ntx3-002065-2,g-002065,tel_Latn,LOW,NARROWER,clean,False,False,False
ntx3-002065-2,g-002065,tel_Latn,LOW,NARROWER,vendor_shift,True,True,True
ntx3-002065-2,g-002065,tel_Latn,LOW,NARROWER,year_shift,True,True,True
ntx3-002065-2,g-002065,tel_Latn,LOW,NARROWER,month_shift,True,True,True
ntx3-002065-2,g-002065,tel_Latn,LOW,NARROWER,scope_broaden,True,True,True
ntx3-002065-2,g-002065,tel_Latn,LOW,NARROWER,scope_broaden+vendor_shift,True,True,True
ntx3-002065-3,g-002065,tel_Telu,LOW,NARROWER,clean,False,False,False
ntx3-002065-3,g-002065,tel_Telu,LOW,NARROWER,vendor_shift,True,True,True
ntx3-002065-3,g-002065,tel_Telu,LOW,NARROWER,year_shift,True,True,True
ntx3-002065-3,g-002065,tel_Telu,LOW,NARROWER,month_shift,True,True,True
ntx3-002065-3,g-002065,tel_Telu,LOW,NARROWER,scope_broaden,True,True,True
ntx3-002065-3,g-002065,tel_Telu,LOW,NARROWER,scope_broaden+vendor_shift,True,True,True
ntx3-001967-0,g-001967,eng_Latn,MEDIUM,NARROWER,clean,False,False,False
ntx3-001967-0,g-001967,eng_Latn,MEDIUM,NARROWER,vendor_shift,True,True,True
ntx3-001967-0,g-001967,eng_Latn,MEDIUM,NARROWER,year_shift,True,True,True
ntx3-001967-0,g-001967,eng_Latn,MEDIUM,NARROWER,month_shift,True,True,True
ntx3-001967-0,g-001967,eng_Latn,MEDIUM,NARROWER,scope_broaden,True,True,True
ntx3-001967-0,g-001967,eng_Latn,MEDIUM,NARROWER,scope_broaden+vendor_shift,True,True,True
ntx3-001967-1,g-001967,hin_Latn,MEDIUM,NARROWER,clean,False,False,False
ntx3-001967-1,g-001967,hin_Latn,MEDIUM,NARROWER,vendor_shift,True,True,True
ntx3-001967-1,g-001967,hin_Latn,MEDIUM,NARROWER,year_shift,True,True,True
ntx3-001967-1,g-001967,hin_Latn,MEDIUM,NARROWER,month_shift,True,True,True
ntx3-001967-1,g-001967,hin_Latn,MEDIUM,NARROWER,scope_broaden,True,True,True
ntx3-001967-1,g-001967,hin_Latn,MEDIUM,NARROWER,scope_broaden+vendor_shift,True,True,True
ntx3-001967-2,g-001967,tel_Latn,MEDIUM,NARROWER,clean,False,False,False
ntx3-001967-2,g-001967,tel_Latn,MEDIUM,NARROWER,vendor_shift,True,True,True
ntx3-001967-2,g-001967,tel_Latn,MEDIUM,NARROWER,year_shift,True,True,True
ntx3-001967-2,g-001967,tel_Latn,MEDIUM,NARROWER,month_shift,True,True,True
ntx3-001967-2,g-001967,tel_Latn,MEDIUM,NARROWER,scope_broaden,True,True,True
ntx3-001967-2,g-001967,tel_Latn,MEDIUM,NARROWER,scope_broaden+vendor_shift,True,True,True
ntx3-001967-3,g-001967,tel_Telu,MEDIUM,NARROWER,clean,False,False,False
ntx3-001967-3,g-001967,tel_Telu,MEDIUM,NARROWER,vendor_shift,True,True,True
ntx3-001967-3,g-001967,tel_Telu,MEDIUM,NARROWER,year_shift,True,True,True
ntx3-001967-3,g-001967,tel_Telu,MEDIUM,NARROWER,month_shift,True,True,True
ntx3-001967-3,g-001967,tel_Telu,MEDIUM,NARROWER,scope_broaden,True,True,True
ntx3-001967-3,g-001967,tel_Telu,MEDIUM,NARROWER,scope_broaden+vendor_shift,True,True,True
ntx3-001486-0,g-001486,eng_Latn,MEDIUM,NARROWER,clean,False,False,False
ntx3-001486-0,g-001486,eng_Latn,MEDIUM,NARROWER,vendor_shift,True,True,True
ntx3-001486-0,g-001486,eng_Latn,MEDIUM,NARROWER,year_shift,True,True,True
ntx3-001486-0,g-001486,eng_Latn,MEDIUM,NARROWER,month_shift,True,True,True
ntx3-001486-0,g-001486,eng_Latn,MEDIUM,NARROWER,scope_broaden,True,True,True
ntx3-001486-0,g-001486,eng_Latn,MEDIUM,NARROWER,scope_broaden+vendor_shift,True,True,True
ntx3-001486-1,g-001486,hin_Latn,MEDIUM,NARROWER,clean,False,False,False
ntx3-001486-1,g-001486,hin_Latn,MEDIUM,NARROWER,vendor_shift,True,True,True
ntx3-001486-1,g-001486,hin_Latn,MEDIUM,NARROWER,year_shift,True,True,True
ntx3-001486-1,g-001486,hin_Latn,MEDIUM,NARROWER,month_shift,True,True,True
ntx3-001486-1,g-001486,hin_Latn,MEDIUM,NARROWER,scope_broaden,True,True,True
ntx3-001486-1,g-001486,hin_Latn,MEDIUM,NARROWER,scope_broaden+vendor_shift,True,True,True
ntx3-001486-2,g-001486,tel_Latn,MEDIUM,NARROWER,clean,False,False,False
ntx3-001486-2,g-001486,tel_Latn,MEDIUM,NARROWER,vendor_shift,True,True,True
ntx3-001486-2,g-001486,tel_Latn,MEDIUM,NARROWER,year_shift,True,True,True
ntx3-001486-2,g-001486,tel_Latn,MEDIUM,NARROWER,month_shift,True,True,True
ntx3-001486-2,g-001486,tel_Latn,MEDIUM,NARROWER,scope_broaden,True,True,True
ntx3-001486-2,g-001486,tel_Latn,MEDIUM,NARROWER,scope_broaden+vendor_shift,True,True,True
ntx3-001486-3,g-001486,tel_Telu,MEDIUM,NARROWER,clean,False,False,False
ntx3-001486-3,g-001486,tel_Telu,MEDIUM,NARROWER,vendor_shift,True,True,True
ntx3-001486-3,g-001486,tel_Telu,MEDIUM,NARROWER,year_shift,True,True,True
ntx3-001486-3,g-001486,tel_Telu,MEDIUM,NARROWER,month_shift,True,True,True
ntx3-001486-3,g-001486,tel_Telu,MEDIUM,NARROWER,scope_broaden,True,True,True
ntx3-001486-3,g-001486,tel_Telu,MEDIUM,NARROWER,scope_broaden+vendor_shift,True,True,True
ntx3-000232-0,g-000232,eng_Latn,MEDIUM,NARROWER,clean,False,False,False
ntx3-000232-0,g-000232,eng_Latn,MEDIUM,NARROWER,vendor_shift,True,True,True
ntx3-000232-0,g-000232,eng_Latn,MEDIUM,NARROWER,year_shift,True,True,True
ntx3-000232-0,g-000232,eng_Latn,MEDIUM,NARROWER,month_shift,True,True,True
ntx3-000232-0,g-000232,eng_Latn,MEDIUM,NARROWER,scope_broaden,True,True,True
ntx3-000232-0,g-000232,eng_Latn,MEDIUM,NARROWER,scope_broaden+vendor_shift,True,True,True
ntx3-000232-1,g-000232,hin_Latn,MEDIUM,NARROWER,clean,False,False,False
ntx3-000232-1,g-000232,hin_Latn,MEDIUM,NARROWER,vendor_shift,True,True,True
ntx3-000232-1,g-000232,hin_Latn,MEDIUM,NARROWER,year_shift,True,True,True
ntx3-000232-1,g-000232,hin_Latn,MEDIUM,NARROWER,month_shift,True,True,True
ntx3-000232-1,g-000232,hin_Latn,MEDIUM,NARROWER,scope_broaden,True,True,True
ntx3-000232-1,g-000232,hin_Latn,MEDIUM,NARROWER,scope_broaden+vendor_shift,True,True,True
ntx3-000232-2,g-000232,tel_Latn,MEDIUM,NARROWER,clean,False,False,False
ntx3-000232-2,g-000232,tel_Latn,MEDIUM,NARROWER,vendor_shift,True,True,True
ntx3-000232-2,g-000232,tel_Latn,MEDIUM,NARROWER,year_shift,True,True,True
ntx3-000232-2,g-000232,tel_Latn,MEDIUM,NARROWER,month_shift,True,True,True
ntx3-000232-2,g-000232,tel_Latn,MEDIUM,NARROWER,scope_broaden,True,True,True
ntx3-000232-2,g-000232,tel_Latn,MEDIUM,NARROWER,scope_broaden+vendor_shift,True,True,True
ntx3-000232-3,g-000232,tel_Telu,MEDIUM,NARROWER,clean,False,False,False
ntx3-000232-3,g-000232,tel_Telu,MEDIUM,NARROWER,vendor_shift,True,True,True
ntx3-000232-3,g-000232,tel_Telu,MEDIUM,NARROWER,year_shift,True,True,True
ntx3-000232-3,g-000232,tel_Telu,MEDIUM,NARROWER,month_shift,True,True,True
ntx3-000232-3,g-000232,tel_Telu,MEDIUM,NARROWER,scope_broaden,True,True,True
ntx3-000232-3,g-000232,tel_Telu,MEDIUM,NARROWER,scope_broaden+vendor_shift,True,True,True
ntx3-001670-0,g-001670,eng_Latn,HIGH,NARROWER,clean,False,False,False
ntx3-001670-0,g-001670,eng_Latn,HIGH,NARROWER,vendor_shift,True,True,True
ntx3-001670-0,g-001670,eng_Latn,HIGH,NARROWER,year_shift,True,True,True
ntx3-001670-0,g-001670,eng_Latn,HIGH,NARROWER,month_shift,True,True,True
ntx3-001670-0,g-001670,eng_Latn,HIGH,NARROWER,scope_broaden,True,True,True
ntx3-001670-0,g-001670,eng_Latn,HIGH,NARROWER,scope_broaden+vendor_shift,True,True,True
ntx3-001670-1,g-001670,hin_Latn,HIGH,NARROWER,clean,False,False,False
ntx3-001670-1,g-001670,hin_Latn,HIGH,NARROWER,vendor_shift,True,True,True
ntx3-001670-1,g-001670,hin_Latn,HIGH,NARROWER,year_shift,True,True,True
ntx3-001670-1,g-001670,hin_Latn,HIGH,NARROWER,month_shift,True,True,True
ntx3-001670-1,g-001670,hin_Latn,HIGH,NARROWER,scope_broaden,True,True,True
ntx3-001670-1,g-001670,hin_Latn,HIGH,NARROWER,scope_broaden+vendor_shift,True,True,True
ntx3-001670-2,g-001670,tel_Latn,HIGH,NARROWER,clean,False,False,False
ntx3-001670-2,g-001670,tel_Latn,HIGH,NARROWER,vendor_shift,True,True,True
ntx3-001670-2,g-001670,tel_Latn,HIGH,NARROWER,year_shift,True,True,True
ntx3-001670-2,g-001670,tel_Latn,HIGH,NARROWER,month_shift,True,True,True
ntx3-001670-2,g-001670,tel_Latn,HIGH,NARROWER,scope_broaden,True,True,True
ntx3-001670-2,g-001670,tel_Latn,HIGH,NARROWER,scope_broaden+vendor_shift,True,True,True
ntx3-001670-3,g-001670,tel_Telu,HIGH,NARROWER,clean,False,False,False
ntx3-001670-3,g-001670,tel_Telu,HIGH,NARROWER,vendor_shift,True,True,True
ntx3-001670-3,g-001670,tel_Telu,HIGH,NARROWER,year_shift,True,True,True
ntx3-001670-3,g-001670,tel_Telu,HIGH,NARROWER,month_shift,True,True,True
ntx3-001670-3,g-001670,tel_Telu,HIGH,NARROWER,scope_broaden,True,True,True
ntx3-001670-3,g-001670,tel_Telu,HIGH,NARROWER,scope_broaden+vendor_shift,True,True,True
ntx3-000600-0,g-000600,eng_Latn,MEDIUM,NARROWER,clean,False,False,False
ntx3-000600-0,g-000600,eng_Latn,MEDIUM,NARROWER,vendor_shift,True,True,True
ntx3-000600-0,g-000600,eng_Latn,MEDIUM,NARROWER,year_shift,True,True,True
ntx3-000600-0,g-000600,eng_Latn,MEDIUM,NARROWER,month_shift,True,True,True
ntx3-000600-0,g-000600,eng_Latn,MEDIUM,NARROWER,scope_broaden,True,True,True
ntx3-000600-0,g-000600,eng_Latn,MEDIUM,NARROWER,scope_broaden+vendor_shift,True,True,True
ntx3-000600-1,g-000600,hin_Latn,MEDIUM,NARROWER,clean,False,False,False
ntx3-000600-1,g-000600,hin_Latn,MEDIUM,NARROWER,vendor_shift,True,True,True
ntx3-000600-1,g-000600,hin_Latn,MEDIUM,NARROWER,year_shift,True,True,True
ntx3-000600-1,g-000600,hin_Latn,MEDIUM,NARROWER,month_shift,True,True,True
ntx3-000600-1,g-000600,hin_Latn,MEDIUM,NARROWER,scope_broaden,True,True,True
ntx3-000600-1,g-000600,hin_Latn,MEDIUM,NARROWER,scope_broaden+vendor_shift,True,True,True
ntx3-000600-2,g-000600,tel_Latn,MEDIUM,NARROWER,clean,False,False,False
ntx3-000600-2,g-000600,tel_Latn,MEDIUM,NARROWER,vendor_shift,True,True,True
ntx3-000600-2,g-000600,tel_Latn,MEDIUM,NARROWER,year_shift,True,True,True
ntx3-000600-2,g-000600,tel_Latn,MEDIUM,NARROWER,month_shift,True,True,True
ntx3-000600-2,g-000600,tel_Latn,MEDIUM,NARROWER,scope_broaden,True,True,True
ntx3-000600-2,g-000600,tel_Latn,MEDIUM,NARROWER,scope_broaden+vendor_shift,True,True,True
ntx3-000600-3,g-000600,tel_Telu,MEDIUM,NARROWER,clean,False,False,False
ntx3-000600-3,g-000600,tel_Telu,MEDIUM,NARROWER,vendor_shift,True,True,True
ntx3-000600-3,g-000600,tel_Telu,MEDIUM,NARROWER,year_shift,True,True,True
ntx3-000600-3,g-000600,tel_Telu,MEDIUM,NARROWER,month_shift,True,True,True
ntx3-000600-3,g-000600,tel_Telu,MEDIUM,NARROWER,scope_broaden,True,True,True
ntx3-000600-3,g-000600,tel_Telu,MEDIUM,NARROWER,scope_broaden+vendor_shift,True,True,True
ntx3-000464-0,g-000464,eng_Latn,LOW,NARROWER,clean,False,False,False
ntx3-000464-0,g-000464,eng_Latn,LOW,NARROWER,vendor_shift,True,True,True
ntx3-000464-0,g-000464,eng_Latn,LOW,NARROWER,year_shift,True,True,True
ntx3-000464-0,g-000464,eng_Latn,LOW,NARROWER,month_shift,True,True,True
ntx3-000464-0,g-000464,eng_Latn,LOW,NARROWER,scope_broaden,True,True,True
ntx3-000464-0,g-000464,eng_Latn,LOW,NARROWER,scope_broaden+vendor_shift,True,True,True
ntx3-000464-1,g-000464,hin_Latn,LOW,NARROWER,clean,False,False,False
ntx3-000464-1,g-000464,hin_Latn,LOW,NARROWER,vendor_shift,True,True,True
ntx3-000464-1,g-000464,hin_Latn,LOW,NARROWER,year_shift,True,True,True
ntx3-000464-1,g-000464,hin_Latn,LOW,NARROWER,month_shift,True,True,True
ntx3-000464-1,g-000464,hin_Latn,LOW,NARROWER,scope_broaden,True,True,True
ntx3-000464-1,g-000464,hin_Latn,LOW,NARROWER,scope_broaden+vendor_shift,True,True,True
ntx3-000464-2,g-000464,tel_Latn,LOW,NARROWER,clean,False,False,False
ntx3-000464-2,g-000464,tel_Latn,LOW,NARROWER,vendor_shift,True,True,True
ntx3-000464-2,g-000464,tel_Latn,LOW,NARROWER,year_shift,True,True,True
ntx3-000464-2,g-000464,tel_Latn,LOW,NARROWER,month_shift,True,True,True
ntx3-000464-2,g-000464,tel_Latn,LOW,NARROWER,scope_broaden,True,True,True
ntx3-000464-2,g-000464,tel_Latn,LOW,NARROWER,scope_broaden+vendor_shift,True,True,True
ntx3-000464-3,g-000464,tel_Telu,LOW,NARROWER,clean,False,False,False
ntx3-000464-3,g-000464,tel_Telu,LOW,NARROWER,vendor_shift,True,True,True
ntx3-000464-3,g-000464,tel_Telu,LOW,NARROWER,year_shift,True,True,True
ntx3-000464-3,g-000464,tel_Telu,LOW,NARROWER,month_shift,True,True,True
ntx3-000464-3,g-000464,tel_Telu,LOW,NARROWER,scope_broaden,True,True,True
ntx3-000464-3,g-000464,tel_Telu,LOW,NARROWER,scope_broaden+vendor_shift,True,True,True
ntx3-002211-0,g-002211,eng_Latn,LOW,NARROWER,clean,False,False,False
ntx3-002211-0,g-002211,eng_Latn,LOW,NARROWER,vendor_shift,True,True,True
ntx3-002211-0,g-002211,eng_Latn,LOW,NARROWER,year_shift,True,True,True
ntx3-002211-0,g-002211,eng_Latn,LOW,NARROWER,month_shift,True,True,True
ntx3-002211-0,g-002211,eng_Latn,LOW,NARROWER,scope_broaden,True,True,True
ntx3-002211-0,g-002211,eng_Latn,LOW,NARROWER,scope_broaden+vendor_shift,True,True,True
ntx3-002211-1,g-002211,hin_Latn,LOW,NARROWER,clean,False,False,False
ntx3-002211-1,g-002211,hin_Latn,LOW,NARROWER,vendor_shift,True,True,True
ntx3-002211-1,g-002211,hin_Latn,LOW,NARROWER,year_shift,True,True,True
ntx3-002211-1,g-002211,hin_Latn,LOW,NARROWER,month_shift,True,True,True
ntx3-002211-1,g-002211,hin_Latn,LOW,NARROWER,scope_broaden,True,True,True
ntx3-002211-1,g-002211,hin_Latn,LOW,NARROWER,scope_broaden+vendor_shift,True,True,True
ntx3-002211-2,g-002211,tel_Latn,LOW,NARROWER,clean,False,False,False
ntx3-002211-2,g-002211,tel_Latn,LOW,NARROWER,vendor_shift,True,True,True
ntx3-002211-2,g-002211,tel_Latn,LOW,NARROWER,year_shift,True,True,True
ntx3-002211-2,g-002211,tel_Latn,LOW,NARROWER,month_shift,True,True,True
ntx3-002211-2,g-002211,tel_Latn,LOW,NARROWER,scope_broaden,True,True,True
ntx3-002211-2,g-002211,tel_Latn,LOW,NARROWER,scope_broaden+vendor_shift,True,True,True
ntx3-002211-3,g-002211,tel_Telu,LOW,NARROWER,clean,False,False,False
ntx3-002211-3,g-002211,tel_Telu,LOW,NARROWER,vendor_shift,True,True,True
ntx3-002211-3,g-002211,tel_Telu,LOW,NARROWER,year_shift,True,True,True
ntx3-002211-3,g-002211,tel_Telu,LOW,NARROWER,month_shift,True,True,True
ntx3-002211-3,g-002211,tel_Telu,LOW,NARROWER,scope_broaden,True,True,True
ntx3-002211-3,g-002211,tel_Telu,LOW,NARROWER,scope_broaden+vendor_shift,True,True,True
ntx3-001936-0,g-001936,eng_Latn,MEDIUM,NARROWER,clean,False,False,False
ntx3-001936-0,g-001936,eng_Latn,MEDIUM,NARROWER,vendor_shift,True,True,True
ntx3-001936-0,g-001936,eng_Latn,MEDIUM,NARROWER,year_shift,True,True,True
ntx3-001936-0,g-001936,eng_Latn,MEDIUM,NARROWER,month_shift,True,True,True
ntx3-001936-0,g-001936,eng_Latn,MEDIUM,NARROWER,scope_broaden,True,True,True
ntx3-001936-0,g-001936,eng_Latn,MEDIUM,NARROWER,scope_broaden+vendor_shift,True,True,True
ntx3-001936-1,g-001936,hin_Latn,MEDIUM,NARROWER,clean,False,False,False
ntx3-001936-1,g-001936,hin_Latn,MEDIUM,NARROWER,vendor_shift,True,True,True
ntx3-001936-1,g-001936,hin_Latn,MEDIUM,NARROWER,year_shift,True,True,True
ntx3-001936-1,g-001936,hin_Latn,MEDIUM,NARROWER,month_shift,True,True,True
ntx3-001936-1,g-001936,hin_Latn,MEDIUM,NARROWER,scope_broaden,True,True,True
ntx3-001936-1,g-001936,hin_Latn,MEDIUM,NARROWER,scope_broaden+vendor_shift,True,True,True
ntx3-001936-2,g-001936,tel_Latn,MEDIUM,NARROWER,clean,False,False,False
ntx3-001936-2,g-001936,tel_Latn,MEDIUM,NARROWER,vendor_shift,True,True,True
ntx3-001936-2,g-001936,tel_Latn,MEDIUM,NARROWER,year_shift,True,True,True
ntx3-001936-2,g-001936,tel_Latn,MEDIUM,NARROWER,month_shift,True,True,True
ntx3-001936-2,g-001936,tel_Latn,MEDIUM,NARROWER,scope_broaden,True,True,True
ntx3-001936-2,g-001936,tel_Latn,MEDIUM,NARROWER,scope_broaden+vendor_shift,True,True,True
ntx3-001936-3,g-001936,tel_Telu,MEDIUM,NARROWER,clean,False,False,False
ntx3-001936-3,g-001936,tel_Telu,MEDIUM,NARROWER,vendor_shift,True,True,True
ntx3-001936-3,g-001936,tel_Telu,MEDIUM,NARROWER,year_shift,True,True,True
ntx3-001936-3,g-001936,tel_Telu,MEDIUM,NARROWER,month_shift,True,True,True
ntx3-001936-3,g-001936,tel_Telu,MEDIUM,NARROWER,scope_broaden,True,True,True
ntx3-001936-3,g-001936,tel_Telu,MEDIUM,NARROWER,scope_broaden+vendor_shift,True,True,True
ntx3-002037-0,g-002037,eng_Latn,HIGH,NARROWER,clean,False,False,False
ntx3-002037-0,g-002037,eng_Latn,HIGH,NARROWER,vendor_shift,True,True,True
ntx3-002037-0,g-002037,eng_Latn,HIGH,NARROWER,year_shift,True,True,True
ntx3-002037-0,g-002037,eng_Latn,HIGH,NARROWER,month_shift,True,True,True
ntx3-002037-0,g-002037,eng_Latn,HIGH,NARROWER,scope_broaden,True,True,True
ntx3-002037-0,g-002037,eng_Latn,HIGH,NARROWER,scope_broaden+vendor_shift,True,True,True
ntx3-002037-1,g-002037,hin_Latn,HIGH,NARROWER,clean,False,False,False
ntx3-002037-1,g-002037,hin_Latn,HIGH,NARROWER,vendor_shift,True,True,True
ntx3-002037-1,g-002037,hin_Latn,HIGH,NARROWER,year_shift,True,True,True
ntx3-002037-1,g-002037,hin_Latn,HIGH,NARROWER,month_shift,True,True,True
ntx3-002037-1,g-002037,hin_Latn,HIGH,NARROWER,scope_broaden,True,True,True
ntx3-002037-1,g-002037,hin_Latn,HIGH,NARROWER,scope_broaden+vendor_shift,True,True,True
ntx3-002037-2,g-002037,tel_Latn,HIGH,NARROWER,clean,False,False,False
ntx3-002037-2,g-002037,tel_Latn,HIGH,NARROWER,vendor_shift,True,True,True
ntx3-002037-2,g-002037,tel_Latn,HIGH,NARROWER,year_shift,True,True,True
ntx3-002037-2,g-002037,tel_Latn,HIGH,NARROWER,month_shift,True,True,True
ntx3-002037-2,g-002037,tel_Latn,HIGH,NARROWER,scope_broaden,True,True,True
ntx3-002037-2,g-002037,tel_Latn,HIGH,NARROWER,scope_broaden+vendor_shift,True,True,True
ntx3-002037-3,g-002037,tel_Telu,HIGH,NARROWER,clean,False,False,False
ntx3-002037-3,g-002037,tel_Telu,HIGH,NARROWER,vendor_shift,True,True,True
ntx3-002037-3,g-002037,tel_Telu,HIGH,NARROWER,year_shift,True,True,True
ntx3-002037-3,g-002037,tel_Telu,HIGH,NARROWER,month_shift,True,True,True
ntx3-002037-3,g-002037,tel_Telu,HIGH,NARROWER,scope_broaden,True,True,True
ntx3-002037-3,g-002037,tel_Telu,HIGH,NARROWER,scope_broaden+vendor_shift,True,True,True
ntx3-000410-0,g-000410,eng_Latn,HIGH,NARROWER,clean,False,False,False
ntx3-000410-0,g-000410,eng_Latn,HIGH,NARROWER,vendor_shift,True,True,True
ntx3-000410-0,g-000410,eng_Latn,HIGH,NARROWER,year_shift,True,True,True
ntx3-000410-0,g-000410,eng_Latn,HIGH,NARROWER,month_shift,True,True,True
ntx3-000410-0,g-000410,eng_Latn,HIGH,NARROWER,scope_broaden,True,True,True
ntx3-000410-0,g-000410,eng_Latn,HIGH,NARROWER,scope_broaden+vendor_shift,True,True,True
ntx3-000410-1,g-000410,hin_Latn,HIGH,NARROWER,clean,False,False,False
ntx3-000410-1,g-000410,hin_Latn,HIGH,NARROWER,vendor_shift,True,True,True
ntx3-000410-1,g-000410,hin_Latn,HIGH,NARROWER,year_shift,True,True,True
ntx3-000410-1,g-000410,hin_Latn,HIGH,NARROWER,month_shift,True,True,True
ntx3-000410-1,g-000410,hin_Latn,HIGH,NARROWER,scope_broaden,True,True,True
ntx3-000410-1,g-000410,hin_Latn,HIGH,NARROWER,scope_broaden+vendor_shift,True,True,True
ntx3-000410-2,g-000410,tel_Latn,HIGH,NARROWER,clean,False,False,False
ntx3-000410-2,g-000410,tel_Latn,HIGH,NARROWER,vendor_shift,True,True,True
ntx3-000410-2,g-000410,tel_Latn,HIGH,NARROWER,year_shift,True,True,True
ntx3-000410-2,g-000410,tel_Latn,HIGH,NARROWER,month_shift,True,True,True
ntx3-000410-2,g-000410,tel_Latn,HIGH,NARROWER,scope_broaden,True,True,True
ntx3-000410-2,g-000410,tel_Latn,HIGH,NARROWER,scope_broaden+vendor_shift,True,True,True
ntx3-000410-3,g-000410,tel_Telu,HIGH,NARROWER,clean,False,False,False
ntx3-000410-3,g-000410,tel_Telu,HIGH,NARROWER,vendor_shift,True,True,True
ntx3-000410-3,g-000410,tel_Telu,HIGH,NARROWER,year_shift,True,True,True
ntx3-000410-3,g-000410,tel_Telu,HIGH,NARROWER,month_shift,True,True,True
ntx3-000410-3,g-000410,tel_Telu,HIGH,NARROWER,scope_broaden,True,True,True
ntx3-000410-3,g-000410,tel_Telu,HIGH,NARROWER,scope_broaden+vendor_shift,True,True,True
ntx3-001652-0,g-001652,eng_Latn,HIGH,NARROWER,clean,False,False,False
ntx3-001652-0,g-001652,eng_Latn,HIGH,NARROWER,vendor_shift,True,True,True
ntx3-001652-0,g-001652,eng_Latn,HIGH,NARROWER,year_shift,True,True,True
ntx3-001652-0,g-001652,eng_Latn,HIGH,NARROWER,month_shift,True,True,True
ntx3-001652-0,g-001652,eng_Latn,HIGH,NARROWER,scope_broaden,True,True,True
ntx3-001652-0,g-001652,eng_Latn,HIGH,NARROWER,scope_broaden+vendor_shift,True,True,True
ntx3-001652-1,g-001652,hin_Latn,HIGH,NARROWER,clean,False,False,False
ntx3-001652-1,g-001652,hin_Latn,HIGH,NARROWER,vendor_shift,True,True,True
ntx3-001652-1,g-001652,hin_Latn,HIGH,NARROWER,year_shift,True,True,True
ntx3-001652-1,g-001652,hin_Latn,HIGH,NARROWER,month_shift,True,True,True
ntx3-001652-1,g-001652,hin_Latn,HIGH,NARROWER,scope_broaden,True,True,True
ntx3-001652-1,g-001652,hin_Latn,HIGH,NARROWER,scope_broaden+vendor_shift,True,True,True
ntx3-001652-2,g-001652,tel_Latn,HIGH,NARROWER,clean,False,False,False
ntx3-001652-2,g-001652,tel_Latn,HIGH,NARROWER,vendor_shift,True,True,True
ntx3-001652-2,g-001652,tel_Latn,HIGH,NARROWER,year_shift,True,True,True
ntx3-001652-2,g-001652,tel_Latn,HIGH,NARROWER,month_shift,True,True,True
ntx3-001652-2,g-001652,tel_Latn,HIGH,NARROWER,scope_broaden,True,True,True
ntx3-001652-2,g-001652,tel_Latn,HIGH,NARROWER,scope_broaden+vendor_shift,True,True,True
ntx3-001652-3,g-001652,tel_Telu,HIGH,NARROWER,clean,False,False,False
ntx3-001652-3,g-001652,tel_Telu,HIGH,NARROWER,vendor_shift,True,True,True
ntx3-001652-3,g-001652,tel_Telu,HIGH,NARROWER,year_shift,True,True,True
ntx3-001652-3,g-001652,tel_Telu,HIGH,NARROWER,month_shift,True,True,True
ntx3-001652-3,g-001652,tel_Telu,HIGH,NARROWER,scope_broaden,True,True,True
ntx3-001652-3,g-001652,tel_Telu,HIGH,NARROWER,scope_broaden+vendor_shift,True,True,True
ntx3-000721-0,g-000721,eng_Latn,CRITICAL,NARROWER,clean,False,False,False
ntx3-000721-0,g-000721,eng_Latn,CRITICAL,NARROWER,vendor_shift,True,True,True
ntx3-000721-0,g-000721,eng_Latn,CRITICAL,NARROWER,year_shift,True,True,True
ntx3-000721-0,g-000721,eng_Latn,CRITICAL,NARROWER,month_shift,True,True,True
ntx3-000721-0,g-000721,eng_Latn,CRITICAL,NARROWER,scope_broaden,True,True,True
ntx3-000721-0,g-000721,eng_Latn,CRITICAL,NARROWER,scope_broaden+vendor_shift,True,True,True
ntx3-000721-1,g-000721,hin_Latn,CRITICAL,NARROWER,clean,False,False,False
ntx3-000721-1,g-000721,hin_Latn,CRITICAL,NARROWER,vendor_shift,True,True,True
ntx3-000721-1,g-000721,hin_Latn,CRITICAL,NARROWER,year_shift,True,True,True
ntx3-000721-1,g-000721,hin_Latn,CRITICAL,NARROWER,month_shift,True,True,True
ntx3-000721-1,g-000721,hin_Latn,CRITICAL,NARROWER,scope_broaden,True,True,True
ntx3-000721-1,g-000721,hin_Latn,CRITICAL,NARROWER,scope_broaden+vendor_shift,True,True,True
ntx3-000721-2,g-000721,tel_Latn,CRITICAL,NARROWER,clean,False,False,False
ntx3-000721-2,g-000721,tel_Latn,CRITICAL,NARROWER,vendor_shift,True,True,True
ntx3-000721-2,g-000721,tel_Latn,CRITICAL,NARROWER,year_shift,True,True,True
ntx3-000721-2,g-000721,tel_Latn,CRITICAL,NARROWER,month_shift,True,True,True
ntx3-000721-2,g-000721,tel_Latn,CRITICAL,NARROWER,scope_broaden,True,True,True
ntx3-000721-2,g-000721,tel_Latn,CRITICAL,NARROWER,scope_broaden+vendor_shift,True,True,True
ntx3-000721-3,g-000721,tel_Telu,CRITICAL,NARROWER,clean,False,False,False
ntx3-000721-3,g-000721,tel_Telu,CRITICAL,NARROWER,vendor_shift,True,True,True
ntx3-000721-3,g-000721,tel_Telu,CRITICAL,NARROWER,year_shift,True,True,True
ntx3-000721-3,g-000721,tel_Telu,CRITICAL,NARROWER,month_shift,True,True,True
ntx3-000721-3,g-000721,tel_Telu,CRITICAL,NARROWER,scope_broaden,True,True,True
ntx3-000721-3,g-000721,tel_Telu,CRITICAL,NARROWER,scope_broaden+vendor_shift,True,True,True
ntx3-002206-0,g-002206,eng_Latn,CRITICAL,NARROWER,clean,False,False,False
ntx3-002206-0,g-002206,eng_Latn,CRITICAL,NARROWER,vendor_shift,True,True,True
ntx3-002206-0,g-002206,eng_Latn,CRITICAL,NARROWER,year_shift,True,True,True
ntx3-002206-0,g-002206,eng_Latn,CRITICAL,NARROWER,month_shift,True,True,True
ntx3-002206-0,g-002206,eng_Latn,CRITICAL,NARROWER,scope_broaden,True,True,True
ntx3-002206-0,g-002206,eng_Latn,CRITICAL,NARROWER,scope_broaden+vendor_shift,True,True,True
ntx3-002206-1,g-002206,hin_Latn,CRITICAL,NARROWER,clean,False,False,False
ntx3-002206-1,g-002206,hin_Latn,CRITICAL,NARROWER,vendor_shift,True,True,True
ntx3-002206-1,g-002206,hin_Latn,CRITICAL,NARROWER,year_shift,True,True,True
ntx3-002206-1,g-002206,hin_Latn,CRITICAL,NARROWER,month_shift,True,True,True
ntx3-002206-1,g-002206,hin_Latn,CRITICAL,NARROWER,scope_broaden,True,True,True
ntx3-002206-1,g-002206,hin_Latn,CRITICAL,NARROWER,scope_broaden+vendor_shift,True,True,True
ntx3-002206-2,g-002206,tel_Latn,CRITICAL,NARROWER,clean,False,False,False
ntx3-002206-2,g-002206,tel_Latn,CRITICAL,NARROWER,vendor_shift,True,True,True
ntx3-002206-2,g-002206,tel_Latn,CRITICAL,NARROWER,year_shift,True,True,True
ntx3-002206-2,g-002206,tel_Latn,CRITICAL,NARROWER,month_shift,True,True,True
ntx3-002206-2,g-002206,tel_Latn,CRITICAL,NARROWER,scope_broaden,True,True,True
ntx3-002206-2,g-002206,tel_Latn,CRITICAL,NARROWER,scope_broaden+vendor_shift,True,True,True
ntx3-002206-3,g-002206,tel_Telu,CRITICAL,NARROWER,clean,False,False,False
ntx3-002206-3,g-002206,tel_Telu,CRITICAL,NARROWER,vendor_shift,True,True,True
ntx3-002206-3,g-002206,tel_Telu,CRITICAL,NARROWER,year_shift,True,True,True
ntx3-002206-3,g-002206,tel_Telu,CRITICAL,NARROWER,month_shift,True,True,True
ntx3-002206-3,g-002206,tel_Telu,CRITICAL,NARROWER,scope_broaden,True,True,True
ntx3-002206-3,g-002206,tel_Telu,CRITICAL,NARROWER,scope_broaden+vendor_shift,True,True,True
ntx3-002224-0,g-002224,eng_Latn,HIGH,NARROWER,clean,False,False,False
ntx3-002224-0,g-002224,eng_Latn,HIGH,NARROWER,vendor_shift,True,True,True
ntx3-002224-0,g-002224,eng_Latn,HIGH,NARROWER,year_shift,True,True,True
ntx3-002224-0,g-002224,eng_Latn,HIGH,NARROWER,month_shift,True,True,True
ntx3-002224-0,g-002224,eng_Latn,HIGH,NARROWER,scope_broaden,True,True,True
ntx3-002224-0,g-002224,eng_Latn,HIGH,NARROWER,scope_broaden+vendor_shift,True,True,True
ntx3-002224-1,g-002224,hin_Latn,HIGH,NARROWER,clean,False,False,False
ntx3-002224-1,g-002224,hin_Latn,HIGH,NARROWER,vendor_shift,True,True,True
ntx3-002224-1,g-002224,hin_Latn,HIGH,NARROWER,year_shift,True,True,True
ntx3-002224-1,g-002224,hin_Latn,HIGH,NARROWER,month_shift,True,True,True
ntx3-002224-1,g-002224,hin_Latn,HIGH,NARROWER,scope_broaden,True,True,True
ntx3-002224-1,g-002224,hin_Latn,HIGH,NARROWER,scope_broaden+vendor_shift,True,True,True
ntx3-002224-2,g-002224,tel_Latn,HIGH,NARROWER,clean,False,False,False
ntx3-002224-2,g-002224,tel_Latn,HIGH,NARROWER,vendor_shift,True,True,True
ntx3-002224-2,g-002224,tel_Latn,HIGH,NARROWER,year_shift,True,True,True
ntx3-002224-2,g-002224,tel_Latn,HIGH,NARROWER,month_shift,True,True,True
ntx3-002224-2,g-002224,tel_Latn,HIGH,NARROWER,scope_broaden,True,True,True
ntx3-002224-2,g-002224,tel_Latn,HIGH,NARROWER,scope_broaden+vendor_shift,True,True,True
ntx3-002224-3,g-002224,tel_Telu,HIGH,NARROWER,clean,False,False,False
ntx3-002224-3,g-002224,tel_Telu,HIGH,NARROWER,vendor_shift,True,True,True
ntx3-002224-3,g-002224,tel_Telu,HIGH,NARROWER,year_shift,True,True,True
ntx3-002224-3,g-002224,tel_Telu,HIGH,NARROWER,month_shift,True,True,True
ntx3-002224-3,g-002224,tel_Telu,HIGH,NARROWER,scope_broaden,True,True,True
ntx3-002224-3,g-002224,tel_Telu,HIGH,NARROWER,scope_broaden+vendor_shift,True,True,True
ntx3-000349-0,g-000349,eng_Latn,MEDIUM,NARROWER,clean,False,False,False
ntx3-000349-0,g-000349,eng_Latn,MEDIUM,NARROWER,vendor_shift,True,True,True
ntx3-000349-0,g-000349,eng_Latn,MEDIUM,NARROWER,year_shift,True,True,True
ntx3-000349-0,g-000349,eng_Latn,MEDIUM,NARROWER,month_shift,True,True,True
ntx3-000349-0,g-000349,eng_Latn,MEDIUM,NARROWER,scope_broaden,True,True,True
ntx3-000349-0,g-000349,eng_Latn,MEDIUM,NARROWER,scope_broaden+vendor_shift,True,True,True
ntx3-000349-1,g-000349,hin_Latn,MEDIUM,NARROWER,clean,False,False,False
ntx3-000349-1,g-000349,hin_Latn,MEDIUM,NARROWER,vendor_shift,True,True,True
ntx3-000349-1,g-000349,hin_Latn,MEDIUM,NARROWER,year_shift,True,True,True
ntx3-000349-1,g-000349,hin_Latn,MEDIUM,NARROWER,month_shift,True,True,True
ntx3-000349-1,g-000349,hin_Latn,MEDIUM,NARROWER,scope_broaden,True,True,True
ntx3-000349-1,g-000349,hin_Latn,MEDIUM,NARROWER,scope_broaden+vendor_shift,True,True,True
ntx3-000349-2,g-000349,tel_Latn,MEDIUM,NARROWER,clean,False,False,False
ntx3-000349-2,g-000349,tel_Latn,MEDIUM,NARROWER,vendor_shift,True,True,True
ntx3-000349-2,g-000349,tel_Latn,MEDIUM,NARROWER,year_shift,True,True,True
ntx3-000349-2,g-000349,tel_Latn,MEDIUM,NARROWER,month_shift,True,True,True
ntx3-000349-2,g-000349,tel_Latn,MEDIUM,NARROWER,scope_broaden,True,True,True
ntx3-000349-2,g-000349,tel_Latn,MEDIUM,NARROWER,scope_broaden+vendor_shift,True,True,True
ntx3-000349-3,g-000349,tel_Telu,MEDIUM,NARROWER,clean,False,False,False
ntx3-000349-3,g-000349,tel_Telu,MEDIUM,NARROWER,vendor_shift,True,True,True
ntx3-000349-3,g-000349,tel_Telu,MEDIUM,NARROWER,year_shift,True,True,True
ntx3-000349-3,g-000349,tel_Telu,MEDIUM,NARROWER,month_shift,True,True,True
ntx3-000349-3,g-000349,tel_Telu,MEDIUM,NARROWER,scope_broaden,True,True,True
ntx3-000349-3,g-000349,tel_Telu,MEDIUM,NARROWER,scope_broaden+vendor_shift,True,True,True
ntx3-000539-0,g-000539,eng_Latn,MEDIUM,NARROWER,clean,False,False,False
ntx3-000539-0,g-000539,eng_Latn,MEDIUM,NARROWER,vendor_shift,True,True,True
ntx3-000539-0,g-000539,eng_Latn,MEDIUM,NARROWER,year_shift,True,True,True
ntx3-000539-0,g-000539,eng_Latn,MEDIUM,NARROWER,month_shift,True,True,True
ntx3-000539-0,g-000539,eng_Latn,MEDIUM,NARROWER,scope_broaden,True,True,True
ntx3-000539-0,g-000539,eng_Latn,MEDIUM,NARROWER,scope_broaden+vendor_shift,True,True,True
ntx3-000539-1,g-000539,hin_Latn,MEDIUM,NARROWER,clean,False,False,False
ntx3-000539-1,g-000539,hin_Latn,MEDIUM,NARROWER,vendor_shift,True,True,True
ntx3-000539-1,g-000539,hin_Latn,MEDIUM,NARROWER,year_shift,True,True,True
ntx3-000539-1,g-000539,hin_Latn,MEDIUM,NARROWER,month_shift,True,True,True
ntx3-000539-1,g-000539,hin_Latn,MEDIUM,NARROWER,scope_broaden,True,True,True
ntx3-000539-1,g-000539,hin_Latn,MEDIUM,NARROWER,scope_broaden+vendor_shift,True,True,True
ntx3-000539-2,g-000539,tel_Latn,MEDIUM,NARROWER,clean,False,False,False
ntx3-000539-2,g-000539,tel_Latn,MEDIUM,NARROWER,vendor_shift,True,True,True
ntx3-000539-2,g-000539,tel_Latn,MEDIUM,NARROWER,year_shift,True,True,True
ntx3-000539-2,g-000539,tel_Latn,MEDIUM,NARROWER,month_shift,True,True,True
ntx3-000539-2,g-000539,tel_Latn,MEDIUM,NARROWER,scope_broaden,True,True,True
ntx3-000539-2,g-000539,tel_Latn,MEDIUM,NARROWER,scope_broaden+vendor_shift,True,True,True
ntx3-000539-3,g-000539,tel_Telu,MEDIUM,NARROWER,clean,False,False,False
ntx3-000539-3,g-000539,tel_Telu,MEDIUM,NARROWER,vendor_shift,True,True,True
ntx3-000539-3,g-000539,tel_Telu,MEDIUM,NARROWER,year_shift,True,True,True
ntx3-000539-3,g-000539,tel_Telu,MEDIUM,NARROWER,month_shift,True,True,True
ntx3-000539-3,g-000539,tel_Telu,MEDIUM,NARROWER,scope_broaden,True,True,True
ntx3-000539-3,g-000539,tel_Telu,MEDIUM,NARROWER,scope_broaden+vendor_shift,True,True,True
ntx3-001968-0,g-001968,eng_Latn,HIGH,NARROWER,clean,False,False,False
ntx3-001968-0,g-001968,eng_Latn,HIGH,NARROWER,vendor_shift,True,True,True
ntx3-001968-0,g-001968,eng_Latn,HIGH,NARROWER,year_shift,True,True,True
ntx3-001968-0,g-001968,eng_Latn,HIGH,NARROWER,month_shift,True,True,True
ntx3-001968-0,g-001968,eng_Latn,HIGH,NARROWER,scope_broaden,True,True,True
ntx3-001968-0,g-001968,eng_Latn,HIGH,NARROWER,scope_broaden+vendor_shift,True,True,True
ntx3-001968-1,g-001968,hin_Latn,HIGH,NARROWER,clean,False,False,False
ntx3-001968-1,g-001968,hin_Latn,HIGH,NARROWER,vendor_shift,True,True,True
ntx3-001968-1,g-001968,hin_Latn,HIGH,NARROWER,year_shift,True,True,True
ntx3-001968-1,g-001968,hin_Latn,HIGH,NARROWER,month_shift,True,True,True
ntx3-001968-1,g-001968,hin_Latn,HIGH,NARROWER,scope_broaden,True,True,True
ntx3-001968-1,g-001968,hin_Latn,HIGH,NARROWER,scope_broaden+vendor_shift,True,True,True
ntx3-001968-2,g-001968,tel_Latn,HIGH,NARROWER,clean,False,False,False
ntx3-001968-2,g-001968,tel_Latn,HIGH,NARROWER,vendor_shift,True,True,True
ntx3-001968-2,g-001968,tel_Latn,HIGH,NARROWER,year_shift,True,True,True
ntx3-001968-2,g-001968,tel_Latn,HIGH,NARROWER,month_shift,True,True,True
ntx3-001968-2,g-001968,tel_Latn,HIGH,NARROWER,scope_broaden,True,True,True
ntx3-001968-2,g-001968,tel_Latn,HIGH,NARROWER,scope_broaden+vendor_shift,True,True,True
ntx3-001968-3,g-001968,tel_Telu,HIGH,NARROWER,clean,False,False,False
ntx3-001968-3,g-001968,tel_Telu,HIGH,NARROWER,vendor_shift,True,True,True
ntx3-001968-3,g-001968,tel_Telu,HIGH,NARROWER,year_shift,True,True,True
ntx3-001968-3,g-001968,tel_Telu,HIGH,NARROWER,month_shift,True,True,True
ntx3-001968-3,g-001968,tel_Telu,HIGH,NARROWER,scope_broaden,True,True,True
ntx3-001968-3,g-001968,tel_Telu,HIGH,NARROWER,scope_broaden+vendor_shift,True,True,True
ntx3-001889-0,g-001889,eng_Latn,MEDIUM,NARROWER,clean,False,False,False
ntx3-001889-0,g-001889,eng_Latn,MEDIUM,NARROWER,vendor_shift,True,True,True
ntx3-001889-0,g-001889,eng_Latn,MEDIUM,NARROWER,year_shift,True,True,True
ntx3-001889-0,g-001889,eng_Latn,MEDIUM,NARROWER,month_shift,True,True,True
ntx3-001889-0,g-001889,eng_Latn,MEDIUM,NARROWER,scope_broaden,True,True,True
ntx3-001889-0,g-001889,eng_Latn,MEDIUM,NARROWER,scope_broaden+vendor_shift,True,True,True
ntx3-001889-1,g-001889,hin_Latn,MEDIUM,NARROWER,clean,False,False,False
ntx3-001889-1,g-001889,hin_Latn,MEDIUM,NARROWER,vendor_shift,True,True,True
ntx3-001889-1,g-001889,hin_Latn,MEDIUM,NARROWER,year_shift,True,True,True
ntx3-001889-1,g-001889,hin_Latn,MEDIUM,NARROWER,month_shift,True,True,True
ntx3-001889-1,g-001889,hin_Latn,MEDIUM,NARROWER,scope_broaden,True,True,True
ntx3-001889-1,g-001889,hin_Latn,MEDIUM,NARROWER,scope_broaden+vendor_shift,True,True,True
ntx3-001889-2,g-001889,tel_Latn,MEDIUM,NARROWER,clean,False,False,False
ntx3-001889-2,g-001889,tel_Latn,MEDIUM,NARROWER,vendor_shift,True,True,True
ntx3-001889-2,g-001889,tel_Latn,MEDIUM,NARROWER,year_shift,True,True,True
ntx3-001889-2,g-001889,tel_Latn,MEDIUM,NARROWER,month_shift,True,True,True
ntx3-001889-2,g-001889,tel_Latn,MEDIUM,NARROWER,scope_broaden,True,True,True
ntx3-001889-2,g-001889,tel_Latn,MEDIUM,NARROWER,scope_broaden+vendor_shift,True,True,True
ntx3-001889-3,g-001889,tel_Telu,MEDIUM,NARROWER,clean,False,False,False
ntx3-001889-3,g-001889,tel_Telu,MEDIUM,NARROWER,vendor_shift,True,True,True
ntx3-001889-3,g-001889,tel_Telu,MEDIUM,NARROWER,year_shift,True,True,True
ntx3-001889-3,g-001889,tel_Telu,MEDIUM,NARROWER,month_shift,True,True,True
ntx3-001889-3,g-001889,tel_Telu,MEDIUM,NARROWER,scope_broaden,True,True,True
ntx3-001889-3,g-001889,tel_Telu,MEDIUM,NARROWER,scope_broaden+vendor_shift,True,True,True
ntx3-001838-0,g-001838,eng_Latn,CRITICAL,NARROWER,clean,False,False,False
ntx3-001838-0,g-001838,eng_Latn,CRITICAL,NARROWER,vendor_shift,True,True,True
ntx3-001838-0,g-001838,eng_Latn,CRITICAL,NARROWER,year_shift,True,True,True
ntx3-001838-0,g-001838,eng_Latn,CRITICAL,NARROWER,month_shift,True,True,True
ntx3-001838-0,g-001838,eng_Latn,CRITICAL,NARROWER,scope_broaden,True,True,True
ntx3-001838-0,g-001838,eng_Latn,CRITICAL,NARROWER,scope_broaden+vendor_shift,True,True,True
ntx3-001838-1,g-001838,hin_Latn,CRITICAL,NARROWER,clean,False,False,False
ntx3-001838-1,g-001838,hin_Latn,CRITICAL,NARROWER,vendor_shift,True,True,True
ntx3-001838-1,g-001838,hin_Latn,CRITICAL,NARROWER,year_shift,True,True,True
ntx3-001838-1,g-001838,hin_Latn,CRITICAL,NARROWER,month_shift,True,True,True
ntx3-001838-1,g-001838,hin_Latn,CRITICAL,NARROWER,scope_broaden,True,True,True
ntx3-001838-1,g-001838,hin_Latn,CRITICAL,NARROWER,scope_broaden+vendor_shift,True,True,True
ntx3-001838-2,g-001838,tel_Latn,CRITICAL,NARROWER,clean,False,False,False
ntx3-001838-2,g-001838,tel_Latn,CRITICAL,NARROWER,vendor_shift,True,True,True
ntx3-001838-2,g-001838,tel_Latn,CRITICAL,NARROWER,year_shift,True,True,True
ntx3-001838-2,g-001838,tel_Latn,CRITICAL,NARROWER,month_shift,True,True,True
ntx3-001838-2,g-001838,tel_Latn,CRITICAL,NARROWER,scope_broaden,True,True,True
ntx3-001838-2,g-001838,tel_Latn,CRITICAL,NARROWER,scope_broaden+vendor_shift,True,True,True
ntx3-001838-3,g-001838,tel_Telu,CRITICAL,NARROWER,clean,False,False,False
ntx3-001838-3,g-001838,tel_Telu,CRITICAL,NARROWER,vendor_shift,True,True,True
ntx3-001838-3,g-001838,tel_Telu,CRITICAL,NARROWER,year_shift,True,True,True
ntx3-001838-3,g-001838,tel_Telu,CRITICAL,NARROWER,month_shift,True,True,True
ntx3-001838-3,g-001838,tel_Telu,CRITICAL,NARROWER,scope_broaden,True,True,True
ntx3-001838-3,g-001838,tel_Telu,CRITICAL,NARROWER,scope_broaden+vendor_shift,True,True,True
ntx3-001904-0,g-001904,eng_Latn,HIGH,NARROWER,clean,False,False,False
ntx3-001904-0,g-001904,eng_Latn,HIGH,NARROWER,vendor_shift,True,True,True
ntx3-001904-0,g-001904,eng_Latn,HIGH,NARROWER,year_shift,True,True,True
ntx3-001904-0,g-001904,eng_Latn,HIGH,NARROWER,month_shift,True,True,True
ntx3-001904-0,g-001904,eng_Latn,HIGH,NARROWER,scope_broaden,True,True,True
ntx3-001904-0,g-001904,eng_Latn,HIGH,NARROWER,scope_broaden+vendor_shift,True,True,True
ntx3-001904-1,g-001904,hin_Latn,HIGH,NARROWER,clean,False,False,False
ntx3-001904-1,g-001904,hin_Latn,HIGH,NARROWER,vendor_shift,True,True,True
ntx3-001904-1,g-001904,hin_Latn,HIGH,NARROWER,year_shift,True,True,True
ntx3-001904-1,g-001904,hin_Latn,HIGH,NARROWER,month_shift,True,True,True
ntx3-001904-1,g-001904,hin_Latn,HIGH,NARROWER,scope_broaden,True,True,True
ntx3-001904-1,g-001904,hin_Latn,HIGH,NARROWER,scope_broaden+vendor_shift,True,True,True
ntx3-001904-2,g-001904,tel_Latn,HIGH,NARROWER,clean,False,False,False
ntx3-001904-2,g-001904,tel_Latn,HIGH,NARROWER,vendor_shift,True,True,True
ntx3-001904-2,g-001904,tel_Latn,HIGH,NARROWER,year_shift,True,True,True
ntx3-001904-2,g-001904,tel_Latn,HIGH,NARROWER,month_shift,True,True,True
ntx3-001904-2,g-001904,tel_Latn,HIGH,NARROWER,scope_broaden,True,True,True
ntx3-001904-2,g-001904,tel_Latn,HIGH,NARROWER,scope_broaden+vendor_shift,True,True,True
ntx3-001904-3,g-001904,tel_Telu,HIGH,NARROWER,clean,False,False,False
ntx3-001904-3,g-001904,tel_Telu,HIGH,NARROWER,vendor_shift,True,True,True
ntx3-001904-3,g-001904,tel_Telu,HIGH,NARROWER,year_shift,True,True,True
ntx3-001904-3,g-001904,tel_Telu,HIGH,NARROWER,month_shift,True,True,True
ntx3-001904-3,g-001904,tel_Telu,HIGH,NARROWER,scope_broaden,True,True,True
ntx3-001904-3,g-001904,tel_Telu,HIGH,NARROWER,scope_broaden+vendor_shift,True,True,True
ntx3-000315-0,g-000315,eng_Latn,MEDIUM,NARROWER,clean,False,False,False
ntx3-000315-0,g-000315,eng_Latn,MEDIUM,NARROWER,vendor_shift,True,True,True
ntx3-000315-0,g-000315,eng_Latn,MEDIUM,NARROWER,year_shift,True,True,True
ntx3-000315-0,g-000315,eng_Latn,MEDIUM,NARROWER,month_shift,True,True,True
ntx3-000315-0,g-000315,eng_Latn,MEDIUM,NARROWER,scope_broaden,True,True,True
ntx3-000315-0,g-000315,eng_Latn,MEDIUM,NARROWER,scope_broaden+vendor_shift,True,True,True
ntx3-000315-1,g-000315,hin_Latn,MEDIUM,NARROWER,clean,False,False,False
ntx3-000315-1,g-000315,hin_Latn,MEDIUM,NARROWER,vendor_shift,True,True,True
ntx3-000315-1,g-000315,hin_Latn,MEDIUM,NARROWER,year_shift,True,True,True
ntx3-000315-1,g-000315,hin_Latn,MEDIUM,NARROWER,month_shift,True,True,True
ntx3-000315-1,g-000315,hin_Latn,MEDIUM,NARROWER,scope_broaden,True,True,True
ntx3-000315-1,g-000315,hin_Latn,MEDIUM,NARROWER,scope_broaden+vendor_shift,True,True,True
ntx3-000315-2,g-000315,tel_Latn,MEDIUM,NARROWER,clean,False,False,False
ntx3-000315-2,g-000315,tel_Latn,MEDIUM,NARROWER,vendor_shift,True,True,True
ntx3-000315-2,g-000315,tel_Latn,MEDIUM,NARROWER,year_shift,True,True,True
ntx3-000315-2,g-000315,tel_Latn,MEDIUM,NARROWER,month_shift,True,True,True
ntx3-000315-2,g-000315,tel_Latn,MEDIUM,NARROWER,scope_broaden,True,True,True
ntx3-000315-2,g-000315,tel_Latn,MEDIUM,NARROWER,scope_broaden+vendor_shift,True,True,True
ntx3-000315-3,g-000315,tel_Telu,MEDIUM,NARROWER,clean,False,False,False
ntx3-000315-3,g-000315,tel_Telu,MEDIUM,NARROWER,vendor_shift,True,True,True
ntx3-000315-3,g-000315,tel_Telu,MEDIUM,NARROWER,year_shift,True,True,True
ntx3-000315-3,g-000315,tel_Telu,MEDIUM,NARROWER,month_shift,True,True,True
ntx3-000315-3,g-000315,tel_Telu,MEDIUM,NARROWER,scope_broaden,True,True,True
ntx3-000315-3,g-000315,tel_Telu,MEDIUM,NARROWER,scope_broaden+vendor_shift,True,True,True
ntx3-002270-0,g-002270,eng_Latn,LOW,NARROWER,clean,False,False,False
ntx3-002270-0,g-002270,eng_Latn,LOW,NARROWER,vendor_shift,True,True,True
ntx3-002270-0,g-002270,eng_Latn,LOW,NARROWER,year_shift,True,True,True
ntx3-002270-0,g-002270,eng_Latn,LOW,NARROWER,month_shift,True,True,True
ntx3-002270-0,g-002270,eng_Latn,LOW,NARROWER,scope_broaden,True,True,True
ntx3-002270-0,g-002270,eng_Latn,LOW,NARROWER,scope_broaden+vendor_shift,True,True,True
ntx3-002270-1,g-002270,hin_Latn,LOW,NARROWER,clean,False,False,False
ntx3-002270-1,g-002270,hin_Latn,LOW,NARROWER,vendor_shift,True,True,True
ntx3-002270-1,g-002270,hin_Latn,LOW,NARROWER,year_shift,True,True,True
ntx3-002270-1,g-002270,hin_Latn,LOW,NARROWER,month_shift,True,True,True
ntx3-002270-1,g-002270,hin_Latn,LOW,NARROWER,scope_broaden,True,True,True
ntx3-002270-1,g-002270,hin_Latn,LOW,NARROWER,scope_broaden+vendor_shift,True,True,True
ntx3-002270-2,g-002270,tel_Latn,LOW,NARROWER,clean,False,False,False
ntx3-002270-2,g-002270,tel_Latn,LOW,NARROWER,vendor_shift,True,True,True
ntx3-002270-2,g-002270,tel_Latn,LOW,NARROWER,year_shift,True,True,True
ntx3-002270-2,g-002270,tel_Latn,LOW,NARROWER,month_shift,True,True,True
ntx3-002270-2,g-002270,tel_Latn,LOW,NARROWER,scope_broaden,True,True,True
ntx3-002270-2,g-002270,tel_Latn,LOW,NARROWER,scope_broaden+vendor_shift,True,True,True
ntx3-002270-3,g-002270,tel_Telu,LOW,NARROWER,clean,False,False,False
ntx3-002270-3,g-002270,tel_Telu,LOW,NARROWER,vendor_shift,True,True,True
ntx3-002270-3,g-002270,tel_Telu,LOW,NARROWER,year_shift,True,True,True
ntx3-002270-3,g-002270,tel_Telu,LOW,NARROWER,month_shift,True,True,True
ntx3-002270-3,g-002270,tel_Telu,LOW,NARROWER,scope_broaden,True,True,True
ntx3-002270-3,g-002270,tel_Telu,LOW,NARROWER,scope_broaden+vendor_shift,True,True,True
ntx3-002439-0,g-002439,eng_Latn,HIGH,NARROWER,clean,False,False,False
ntx3-002439-0,g-002439,eng_Latn,HIGH,NARROWER,vendor_shift,True,True,True
ntx3-002439-0,g-002439,eng_Latn,HIGH,NARROWER,year_shift,True,True,True
ntx3-002439-0,g-002439,eng_Latn,HIGH,NARROWER,month_shift,True,True,True
ntx3-002439-0,g-002439,eng_Latn,HIGH,NARROWER,scope_broaden,True,True,True
ntx3-002439-0,g-002439,eng_Latn,HIGH,NARROWER,scope_broaden+vendor_shift,True,True,True
ntx3-002439-1,g-002439,hin_Latn,HIGH,NARROWER,clean,False,False,False
ntx3-002439-1,g-002439,hin_Latn,HIGH,NARROWER,vendor_shift,True,True,True
ntx3-002439-1,g-002439,hin_Latn,HIGH,NARROWER,year_shift,True,True,True
ntx3-002439-1,g-002439,hin_Latn,HIGH,NARROWER,month_shift,True,True,True
ntx3-002439-1,g-002439,hin_Latn,HIGH,NARROWER,scope_broaden,True,True,True
ntx3-002439-1,g-002439,hin_Latn,HIGH,NARROWER,scope_broaden+vendor_shift,True,True,True
ntx3-002439-2,g-002439,tel_Latn,HIGH,NARROWER,clean,False,False,False
ntx3-002439-2,g-002439,tel_Latn,HIGH,NARROWER,vendor_shift,True,True,True
ntx3-002439-2,g-002439,tel_Latn,HIGH,NARROWER,year_shift,True,True,True
ntx3-002439-2,g-002439,tel_Latn,HIGH,NARROWER,month_shift,True,True,True
ntx3-002439-2,g-002439,tel_Latn,HIGH,NARROWER,scope_broaden,True,True,True
ntx3-002439-2,g-002439,tel_Latn,HIGH,NARROWER,scope_broaden+vendor_shift,True,True,True
ntx3-002439-3,g-002439,tel_Telu,HIGH,NARROWER,clean,False,False,False
ntx3-002439-3,g-002439,tel_Telu,HIGH,NARROWER,vendor_shift,True,True,True
ntx3-002439-3,g-002439,tel_Telu,HIGH,NARROWER,year_shift,True,True,True
ntx3-002439-3,g-002439,tel_Telu,HIGH,NARROWER,month_shift,True,True,True
ntx3-002439-3,g-002439,tel_Telu,HIGH,NARROWER,scope_broaden,True,True,True
ntx3-002439-3,g-002439,tel_Telu,HIGH,NARROWER,scope_broaden+vendor_shift,True,True,True
ntx3-001645-0,g-001645,eng_Latn,LOW,NARROWER,clean,False,False,False
ntx3-001645-0,g-001645,eng_Latn,LOW,NARROWER,vendor_shift,True,True,True
ntx3-001645-0,g-001645,eng_Latn,LOW,NARROWER,year_shift,True,True,True
ntx3-001645-0,g-001645,eng_Latn,LOW,NARROWER,month_shift,True,True,True
ntx3-001645-0,g-001645,eng_Latn,LOW,NARROWER,scope_broaden,True,True,True
ntx3-001645-0,g-001645,eng_Latn,LOW,NARROWER,scope_broaden+vendor_shift,True,True,True
ntx3-001645-1,g-001645,hin_Latn,LOW,NARROWER,clean,False,False,False
ntx3-001645-1,g-001645,hin_Latn,LOW,NARROWER,vendor_shift,True,True,True
ntx3-001645-1,g-001645,hin_Latn,LOW,NARROWER,year_shift,True,True,True
ntx3-001645-1,g-001645,hin_Latn,LOW,NARROWER,month_shift,True,True,True
ntx3-001645-1,g-001645,hin_Latn,LOW,NARROWER,scope_broaden,True,True,True
ntx3-001645-1,g-001645,hin_Latn,LOW,NARROWER,scope_broaden+vendor_shift,True,True,True
ntx3-001645-2,g-001645,tel_Latn,LOW,NARROWER,clean,False,False,False
ntx3-001645-2,g-001645,tel_Latn,LOW,NARROWER,vendor_shift,True,True,True
ntx3-001645-2,g-001645,tel_Latn,LOW,NARROWER,year_shift,True,True,True
ntx3-001645-2,g-001645,tel_Latn,LOW,NARROWER,month_shift,True,True,True
ntx3-001645-2,g-001645,tel_Latn,LOW,NARROWER,scope_broaden,True,True,True
ntx3-001645-2,g-001645,tel_Latn,LOW,NARROWER,scope_broaden+vendor_shift,True,True,True
ntx3-001645-3,g-001645,tel_Telu,LOW,NARROWER,clean,False,False,False
ntx3-001645-3,g-001645,tel_Telu,LOW,NARROWER,vendor_shift,True,True,True
ntx3-001645-3,g-001645,tel_Telu,LOW,NARROWER,year_shift,True,True,True
ntx3-001645-3,g-001645,tel_Telu,LOW,NARROWER,month_shift,True,True,True
ntx3-001645-3,g-001645,tel_Telu,LOW,NARROWER,scope_broaden,True,True,True
ntx3-001645-3,g-001645,tel_Telu,LOW,NARROWER,scope_broaden+vendor_shift,True,True,True
ntx3-001221-0,g-001221,eng_Latn,HIGH,NARROWER,clean,False,False,False
ntx3-001221-0,g-001221,eng_Latn,HIGH,NARROWER,vendor_shift,True,True,True
ntx3-001221-0,g-001221,eng_Latn,HIGH,NARROWER,year_shift,True,True,True
ntx3-001221-0,g-001221,eng_Latn,HIGH,NARROWER,month_shift,True,True,True
ntx3-001221-0,g-001221,eng_Latn,HIGH,NARROWER,scope_broaden,True,True,True
ntx3-001221-0,g-001221,eng_Latn,HIGH,NARROWER,scope_broaden+vendor_shift,True,True,True
ntx3-001221-1,g-001221,hin_Latn,HIGH,NARROWER,clean,False,False,False
ntx3-001221-1,g-001221,hin_Latn,HIGH,NARROWER,vendor_shift,True,True,True
ntx3-001221-1,g-001221,hin_Latn,HIGH,NARROWER,year_shift,True,True,True
ntx3-001221-1,g-001221,hin_Latn,HIGH,NARROWER,month_shift,True,True,True
ntx3-001221-1,g-001221,hin_Latn,HIGH,NARROWER,scope_broaden,True,True,True
ntx3-001221-1,g-001221,hin_Latn,HIGH,NARROWER,scope_broaden+vendor_shift,True,True,True
ntx3-001221-2,g-001221,tel_Latn,HIGH,NARROWER,clean,False,False,False
ntx3-001221-2,g-001221,tel_Latn,HIGH,NARROWER,vendor_shift,True,True,True
ntx3-001221-2,g-001221,tel_Latn,HIGH,NARROWER,year_shift,True,True,True
ntx3-001221-2,g-001221,tel_Latn,HIGH,NARROWER,month_shift,True,True,True
ntx3-001221-2,g-001221,tel_Latn,HIGH,NARROWER,scope_broaden,True,True,True
ntx3-001221-2,g-001221,tel_Latn,HIGH,NARROWER,scope_broaden+vendor_shift,True,True,True
ntx3-001221-3,g-001221,tel_Telu,HIGH,NARROWER,clean,False,False,False
ntx3-001221-3,g-001221,tel_Telu,HIGH,NARROWER,vendor_shift,True,True,True
ntx3-001221-3,g-001221,tel_Telu,HIGH,NARROWER,year_shift,True,True,True
ntx3-001221-3,g-001221,tel_Telu,HIGH,NARROWER,month_shift,True,True,True
ntx3-001221-3,g-001221,tel_Telu,HIGH,NARROWER,scope_broaden,True,True,True
ntx3-001221-3,g-001221,tel_Telu,HIGH,NARROWER,scope_broaden+vendor_shift,True,True,True
ntx3-000337-0,g-000337,eng_Latn,HIGH,NARROWER,clean,False,False,False
ntx3-000337-0,g-000337,eng_Latn,HIGH,NARROWER,vendor_shift,True,True,True
ntx3-000337-0,g-000337,eng_Latn,HIGH,NARROWER,year_shift,True,True,True
ntx3-000337-0,g-000337,eng_Latn,HIGH,NARROWER,month_shift,True,True,True
ntx3-000337-0,g-000337,eng_Latn,HIGH,NARROWER,scope_broaden,True,True,True
ntx3-000337-0,g-000337,eng_Latn,HIGH,NARROWER,scope_broaden+vendor_shift,True,True,True
ntx3-000337-1,g-000337,hin_Latn,HIGH,NARROWER,clean,False,False,False
ntx3-000337-1,g-000337,hin_Latn,HIGH,NARROWER,vendor_shift,True,True,True
ntx3-000337-1,g-000337,hin_Latn,HIGH,NARROWER,year_shift,True,True,True
ntx3-000337-1,g-000337,hin_Latn,HIGH,NARROWER,month_shift,True,True,True
ntx3-000337-1,g-000337,hin_Latn,HIGH,NARROWER,scope_broaden,True,True,True
ntx3-000337-1,g-000337,hin_Latn,HIGH,NARROWER,scope_broaden+vendor_shift,True,True,True
ntx3-000337-2,g-000337,tel_Latn,HIGH,NARROWER,clean,False,False,False
ntx3-000337-2,g-000337,tel_Latn,HIGH,NARROWER,vendor_shift,True,True,True
ntx3-000337-2,g-000337,tel_Latn,HIGH,NARROWER,year_shift,True,True,True
ntx3-000337-2,g-000337,tel_Latn,HIGH,NARROWER,month_shift,True,True,True
ntx3-000337-2,g-000337,tel_Latn,HIGH,NARROWER,scope_broaden,True,True,True
ntx3-000337-2,g-000337,tel_Latn,HIGH,NARROWER,scope_broaden+vendor_shift,True,True,True
ntx3-000337-3,g-000337,tel_Telu,HIGH,NARROWER,clean,False,False,False
ntx3-000337-3,g-000337,tel_Telu,HIGH,NARROWER,vendor_shift,True,True,True
ntx3-000337-3,g-000337,tel_Telu,HIGH,NARROWER,year_shift,True,True,True
ntx3-000337-3,g-000337,tel_Telu,HIGH,NARROWER,month_shift,True,True,True
ntx3-000337-3,g-000337,tel_Telu,HIGH,NARROWER,scope_broaden,True,True,True
ntx3-000337-3,g-000337,tel_Telu,HIGH,NARROWER,scope_broaden+vendor_shift,True,True,True
ntx3-002402-0,g-002402,eng_Latn,LOW,NARROWER,clean,False,False,False
ntx3-002402-0,g-002402,eng_Latn,LOW,NARROWER,vendor_shift,True,True,True
ntx3-002402-0,g-002402,eng_Latn,LOW,NARROWER,year_shift,True,True,True
ntx3-002402-0,g-002402,eng_Latn,LOW,NARROWER,month_shift,True,True,True
ntx3-002402-0,g-002402,eng_Latn,LOW,NARROWER,scope_broaden,True,True,True
ntx3-002402-0,g-002402,eng_Latn,LOW,NARROWER,scope_broaden+vendor_shift,True,True,True
ntx3-002402-1,g-002402,hin_Latn,LOW,NARROWER,clean,False,False,False
ntx3-002402-1,g-002402,hin_Latn,LOW,NARROWER,vendor_shift,True,True,True
ntx3-002402-1,g-002402,hin_Latn,LOW,NARROWER,year_shift,True,True,True
ntx3-002402-1,g-002402,hin_Latn,LOW,NARROWER,month_shift,True,True,True
ntx3-002402-1,g-002402,hin_Latn,LOW,NARROWER,scope_broaden,True,True,True
ntx3-002402-1,g-002402,hin_Latn,LOW,NARROWER,scope_broaden+vendor_shift,True,True,True
ntx3-002402-2,g-002402,tel_Latn,LOW,NARROWER,clean,False,False,False
ntx3-002402-2,g-002402,tel_Latn,LOW,NARROWER,vendor_shift,True,True,True
ntx3-002402-2,g-002402,tel_Latn,LOW,NARROWER,year_shift,True,True,True
ntx3-002402-2,g-002402,tel_Latn,LOW,NARROWER,month_shift,True,True,True
ntx3-002402-2,g-002402,tel_Latn,LOW,NARROWER,scope_broaden,True,True,True
ntx3-002402-2,g-002402,tel_Latn,LOW,NARROWER,scope_broaden+vendor_shift,True,True,True
ntx3-002402-3,g-002402,tel_Telu,LOW,NARROWER,clean,False,False,False
ntx3-002402-3,g-002402,tel_Telu,LOW,NARROWER,vendor_shift,True,True,True
ntx3-002402-3,g-002402,tel_Telu,LOW,NARROWER,year_shift,True,True,True
ntx3-002402-3,g-002402,tel_Telu,LOW,NARROWER,month_shift,True,True,True
ntx3-002402-3,g-002402,tel_Telu,LOW,NARROWER,scope_broaden,True,True,True
ntx3-002402-3,g-002402,tel_Telu,LOW,NARROWER,scope_broaden+vendor_shift,True,True,True
ntx3-000901-0,g-000901,eng_Latn,MEDIUM,NARROWER,clean,False,False,False
ntx3-000901-0,g-000901,eng_Latn,MEDIUM,NARROWER,vendor_shift,True,True,True
ntx3-000901-0,g-000901,eng_Latn,MEDIUM,NARROWER,year_shift,True,True,True
ntx3-000901-0,g-000901,eng_Latn,MEDIUM,NARROWER,month_shift,True,True,True
ntx3-000901-0,g-000901,eng_Latn,MEDIUM,NARROWER,scope_broaden,True,True,True
ntx3-000901-0,g-000901,eng_Latn,MEDIUM,NARROWER,scope_broaden+vendor_shift,True,True,True
ntx3-000901-1,g-000901,hin_Latn,MEDIUM,NARROWER,clean,False,False,False
ntx3-000901-1,g-000901,hin_Latn,MEDIUM,NARROWER,vendor_shift,True,True,True
ntx3-000901-1,g-000901,hin_Latn,MEDIUM,NARROWER,year_shift,True,True,True
ntx3-000901-1,g-000901,hin_Latn,MEDIUM,NARROWER,month_shift,True,True,True
ntx3-000901-1,g-000901,hin_Latn,MEDIUM,NARROWER,scope_broaden,True,True,True
ntx3-000901-1,g-000901,hin_Latn,MEDIUM,NARROWER,scope_broaden+vendor_shift,True,True,True
ntx3-000901-2,g-000901,tel_Latn,MEDIUM,NARROWER,clean,False,False,False
ntx3-000901-2,g-000901,tel_Latn,MEDIUM,NARROWER,vendor_shift,True,True,True
ntx3-000901-2,g-000901,tel_Latn,MEDIUM,NARROWER,year_shift,True,True,True
ntx3-000901-2,g-000901,tel_Latn,MEDIUM,NARROWER,month_shift,True,True,True
ntx3-000901-2,g-000901,tel_Latn,MEDIUM,NARROWER,scope_broaden,True,True,True
ntx3-000901-2,g-000901,tel_Latn,MEDIUM,NARROWER,scope_broaden+vendor_shift,True,True,True
ntx3-000901-3,g-000901,tel_Telu,MEDIUM,NARROWER,clean,False,False,False
ntx3-000901-3,g-000901,tel_Telu,MEDIUM,NARROWER,vendor_shift,True,True,True
ntx3-000901-3,g-000901,tel_Telu,MEDIUM,NARROWER,year_shift,True,True,True
ntx3-000901-3,g-000901,tel_Telu,MEDIUM,NARROWER,month_shift,True,True,True
ntx3-000901-3,g-000901,tel_Telu,MEDIUM,NARROWER,scope_broaden,True,True,True
ntx3-000901-3,g-000901,tel_Telu,MEDIUM,NARROWER,scope_broaden+vendor_shift,True,True,True
ntx3-000230-0,g-000230,eng_Latn,CRITICAL,BROADER,clean,False,False,False
ntx3-000230-0,g-000230,eng_Latn,CRITICAL,BROADER,vendor_shift,True,True,True
ntx3-000230-0,g-000230,eng_Latn,CRITICAL,BROADER,year_shift,True,True,True
ntx3-000230-0,g-000230,eng_Latn,CRITICAL,BROADER,month_shift,True,True,True
ntx3-000230-0,g-000230,eng_Latn,CRITICAL,BROADER,scope_narrow,True,True,True
ntx3-000230-1,g-000230,hin_Latn,CRITICAL,BROADER,clean,False,False,False
ntx3-000230-1,g-000230,hin_Latn,CRITICAL,BROADER,vendor_shift,True,True,True
ntx3-000230-1,g-000230,hin_Latn,CRITICAL,BROADER,year_shift,True,True,True
ntx3-000230-1,g-000230,hin_Latn,CRITICAL,BROADER,month_shift,True,True,True
ntx3-000230-1,g-000230,hin_Latn,CRITICAL,BROADER,scope_narrow,True,True,True
ntx3-000230-2,g-000230,tel_Latn,CRITICAL,BROADER,clean,False,False,False
ntx3-000230-2,g-000230,tel_Latn,CRITICAL,BROADER,vendor_shift,True,True,True
ntx3-000230-2,g-000230,tel_Latn,CRITICAL,BROADER,year_shift,True,True,True
ntx3-000230-2,g-000230,tel_Latn,CRITICAL,BROADER,month_shift,True,True,True
ntx3-000230-2,g-000230,tel_Latn,CRITICAL,BROADER,scope_narrow,True,True,True
ntx3-000230-3,g-000230,tel_Telu,CRITICAL,BROADER,clean,False,False,False
ntx3-000230-3,g-000230,tel_Telu,CRITICAL,BROADER,vendor_shift,True,True,True
ntx3-000230-3,g-000230,tel_Telu,CRITICAL,BROADER,year_shift,True,True,True
ntx3-000230-3,g-000230,tel_Telu,CRITICAL,BROADER,month_shift,True,True,True
ntx3-000230-3,g-000230,tel_Telu,CRITICAL,BROADER,scope_narrow,True,True,True
ntx3-001188-0,g-001188,eng_Latn,HIGH,BROADER,clean,False,False,False
ntx3-001188-0,g-001188,eng_Latn,HIGH,BROADER,vendor_shift,True,True,True
ntx3-001188-0,g-001188,eng_Latn,HIGH,BROADER,year_shift,True,True,True
ntx3-001188-0,g-001188,eng_Latn,HIGH,BROADER,month_shift,True,True,True
ntx3-001188-0,g-001188,eng_Latn,HIGH,BROADER,scope_narrow,True,True,True
ntx3-001188-1,g-001188,hin_Latn,HIGH,BROADER,clean,False,False,False
ntx3-001188-1,g-001188,hin_Latn,HIGH,BROADER,vendor_shift,True,True,True
ntx3-001188-1,g-001188,hin_Latn,HIGH,BROADER,year_shift,True,True,True
ntx3-001188-1,g-001188,hin_Latn,HIGH,BROADER,month_shift,True,True,True
ntx3-001188-1,g-001188,hin_Latn,HIGH,BROADER,scope_narrow,True,True,True
ntx3-001188-2,g-001188,tel_Latn,HIGH,BROADER,clean,False,False,False
ntx3-001188-2,g-001188,tel_Latn,HIGH,BROADER,vendor_shift,True,True,True
ntx3-001188-2,g-001188,tel_Latn,HIGH,BROADER,year_shift,True,True,True
ntx3-001188-2,g-001188,tel_Latn,HIGH,BROADER,month_shift,True,True,True
ntx3-001188-2,g-001188,tel_Latn,HIGH,BROADER,scope_narrow,True,True,True
ntx3-001188-3,g-001188,tel_Telu,HIGH,BROADER,clean,False,False,False
ntx3-001188-3,g-001188,tel_Telu,HIGH,BROADER,vendor_shift,True,True,True
ntx3-001188-3,g-001188,tel_Telu,HIGH,BROADER,year_shift,True,True,True
ntx3-001188-3,g-001188,tel_Telu,HIGH,BROADER,month_shift,True,True,True
ntx3-001188-3,g-001188,tel_Telu,HIGH,BROADER,scope_narrow,True,True,True
ntx3-000954-0,g-000954,eng_Latn,HIGH,BROADER,clean,False,False,False
ntx3-000954-0,g-000954,eng_Latn,HIGH,BROADER,vendor_shift,True,True,True
ntx3-000954-0,g-000954,eng_Latn,HIGH,BROADER,year_shift,True,True,True
ntx3-000954-0,g-000954,eng_Latn,HIGH,BROADER,month_shift,True,True,True
ntx3-000954-0,g-000954,eng_Latn,HIGH,BROADER,scope_narrow,True,True,True
ntx3-000954-1,g-000954,hin_Latn,HIGH,BROADER,clean,False,False,False
ntx3-000954-1,g-000954,hin_Latn,HIGH,BROADER,vendor_shift,True,True,True
ntx3-000954-1,g-000954,hin_Latn,HIGH,BROADER,year_shift,True,True,True
ntx3-000954-1,g-000954,hin_Latn,HIGH,BROADER,month_shift,True,True,True
ntx3-000954-1,g-000954,hin_Latn,HIGH,BROADER,scope_narrow,True,True,True
ntx3-000954-2,g-000954,tel_Latn,HIGH,BROADER,clean,False,False,False
ntx3-000954-2,g-000954,tel_Latn,HIGH,BROADER,vendor_shift,True,True,True
ntx3-000954-2,g-000954,tel_Latn,HIGH,BROADER,year_shift,True,True,True
ntx3-000954-2,g-000954,tel_Latn,HIGH,BROADER,month_shift,True,True,True
ntx3-000954-2,g-000954,tel_Latn,HIGH,BROADER,scope_narrow,True,True,True
ntx3-000954-3,g-000954,tel_Telu,HIGH,BROADER,clean,False,False,False
ntx3-000954-3,g-000954,tel_Telu,HIGH,BROADER,vendor_shift,True,True,True
ntx3-000954-3,g-000954,tel_Telu,HIGH,BROADER,year_shift,True,True,True
ntx3-000954-3,g-000954,tel_Telu,HIGH,BROADER,month_shift,True,True,True
ntx3-000954-3,g-000954,tel_Telu,HIGH,BROADER,scope_narrow,True,True,True
ntx3-000304-0,g-000304,eng_Latn,MEDIUM,BROADER,clean,False,False,False
ntx3-000304-0,g-000304,eng_Latn,MEDIUM,BROADER,vendor_shift,True,True,True
ntx3-000304-0,g-000304,eng_Latn,MEDIUM,BROADER,year_shift,True,True,True
ntx3-000304-0,g-000304,eng_Latn,MEDIUM,BROADER,month_shift,True,True,True
ntx3-000304-0,g-000304,eng_Latn,MEDIUM,BROADER,scope_narrow,True,True,True
ntx3-000304-1,g-000304,hin_Latn,MEDIUM,BROADER,clean,False,False,False
ntx3-000304-1,g-000304,hin_Latn,MEDIUM,BROADER,vendor_shift,True,True,True
ntx3-000304-1,g-000304,hin_Latn,MEDIUM,BROADER,year_shift,True,True,True
ntx3-000304-1,g-000304,hin_Latn,MEDIUM,BROADER,month_shift,True,True,True
ntx3-000304-1,g-000304,hin_Latn,MEDIUM,BROADER,scope_narrow,True,True,True
ntx3-000304-2,g-000304,tel_Latn,MEDIUM,BROADER,clean,False,False,False
ntx3-000304-2,g-000304,tel_Latn,MEDIUM,BROADER,vendor_shift,True,True,True
ntx3-000304-2,g-000304,tel_Latn,MEDIUM,BROADER,year_shift,True,True,True
ntx3-000304-2,g-000304,tel_Latn,MEDIUM,BROADER,month_shift,True,True,True
ntx3-000304-2,g-000304,tel_Latn,MEDIUM,BROADER,scope_narrow,True,True,True
ntx3-000304-3,g-000304,tel_Telu,MEDIUM,BROADER,clean,False,False,False
ntx3-000304-3,g-000304,tel_Telu,MEDIUM,BROADER,vendor_shift,True,True,True
ntx3-000304-3,g-000304,tel_Telu,MEDIUM,BROADER,year_shift,True,True,True
ntx3-000304-3,g-000304,tel_Telu,MEDIUM,BROADER,month_shift,True,True,True
ntx3-000304-3,g-000304,tel_Telu,MEDIUM,BROADER,scope_narrow,True,True,True
ntx3-001732-0,g-001732,eng_Latn,MEDIUM,BROADER,clean,False,False,False
ntx3-001732-0,g-001732,eng_Latn,MEDIUM,BROADER,vendor_shift,True,True,True
ntx3-001732-0,g-001732,eng_Latn,MEDIUM,BROADER,year_shift,True,True,True
ntx3-001732-0,g-001732,eng_Latn,MEDIUM,BROADER,month_shift,True,True,True
ntx3-001732-0,g-001732,eng_Latn,MEDIUM,BROADER,scope_narrow,True,True,True
ntx3-001732-1,g-001732,hin_Latn,MEDIUM,BROADER,clean,False,False,False
ntx3-001732-1,g-001732,hin_Latn,MEDIUM,BROADER,vendor_shift,True,True,True
ntx3-001732-1,g-001732,hin_Latn,MEDIUM,BROADER,year_shift,True,True,True
ntx3-001732-1,g-001732,hin_Latn,MEDIUM,BROADER,month_shift,True,True,True
ntx3-001732-1,g-001732,hin_Latn,MEDIUM,BROADER,scope_narrow,True,True,True
ntx3-001732-2,g-001732,tel_Latn,MEDIUM,BROADER,clean,False,False,False
ntx3-001732-2,g-001732,tel_Latn,MEDIUM,BROADER,vendor_shift,True,True,True
ntx3-001732-2,g-001732,tel_Latn,MEDIUM,BROADER,year_shift,True,True,True
ntx3-001732-2,g-001732,tel_Latn,MEDIUM,BROADER,month_shift,True,True,True
ntx3-001732-2,g-001732,tel_Latn,MEDIUM,BROADER,scope_narrow,True,True,True
ntx3-001732-3,g-001732,tel_Telu,MEDIUM,BROADER,clean,False,False,False
ntx3-001732-3,g-001732,tel_Telu,MEDIUM,BROADER,vendor_shift,True,True,True
ntx3-001732-3,g-001732,tel_Telu,MEDIUM,BROADER,year_shift,True,True,True
ntx3-001732-3,g-001732,tel_Telu,MEDIUM,BROADER,month_shift,True,True,True
ntx3-001732-3,g-001732,tel_Telu,MEDIUM,BROADER,scope_narrow,True,True,True
ntx3-001125-0,g-001125,eng_Latn,HIGH,BROADER,clean,False,False,False
ntx3-001125-0,g-001125,eng_Latn,HIGH,BROADER,vendor_shift,True,True,True
ntx3-001125-0,g-001125,eng_Latn,HIGH,BROADER,year_shift,True,True,True
ntx3-001125-0,g-001125,eng_Latn,HIGH,BROADER,month_shift,True,True,True
ntx3-001125-0,g-001125,eng_Latn,HIGH,BROADER,scope_narrow,True,True,True
ntx3-001125-1,g-001125,hin_Latn,HIGH,BROADER,clean,False,False,False
ntx3-001125-1,g-001125,hin_Latn,HIGH,BROADER,vendor_shift,True,True,True
ntx3-001125-1,g-001125,hin_Latn,HIGH,BROADER,year_shift,True,True,True
ntx3-001125-1,g-001125,hin_Latn,HIGH,BROADER,month_shift,True,True,True
ntx3-001125-1,g-001125,hin_Latn,HIGH,BROADER,scope_narrow,True,True,True
ntx3-001125-2,g-001125,tel_Latn,HIGH,BROADER,clean,False,False,False
ntx3-001125-2,g-001125,tel_Latn,HIGH,BROADER,vendor_shift,True,True,True
ntx3-001125-2,g-001125,tel_Latn,HIGH,BROADER,year_shift,True,True,True
ntx3-001125-2,g-001125,tel_Latn,HIGH,BROADER,month_shift,True,True,True
ntx3-001125-2,g-001125,tel_Latn,HIGH,BROADER,scope_narrow,True,True,True
ntx3-001125-3,g-001125,tel_Telu,HIGH,BROADER,clean,False,False,False
ntx3-001125-3,g-001125,tel_Telu,HIGH,BROADER,vendor_shift,True,True,True
ntx3-001125-3,g-001125,tel_Telu,HIGH,BROADER,year_shift,True,True,True
ntx3-001125-3,g-001125,tel_Telu,HIGH,BROADER,month_shift,True,True,True
ntx3-001125-3,g-001125,tel_Telu,HIGH,BROADER,scope_narrow,True,True,True
ntx3-002081-0,g-002081,eng_Latn,MEDIUM,BROADER,clean,False,False,False
ntx3-002081-0,g-002081,eng_Latn,MEDIUM,BROADER,vendor_shift,True,True,True
ntx3-002081-0,g-002081,eng_Latn,MEDIUM,BROADER,year_shift,True,True,True
ntx3-002081-0,g-002081,eng_Latn,MEDIUM,BROADER,month_shift,True,True,True
ntx3-002081-0,g-002081,eng_Latn,MEDIUM,BROADER,scope_narrow,True,True,True
ntx3-002081-1,g-002081,hin_Latn,MEDIUM,BROADER,clean,False,False,False
ntx3-002081-1,g-002081,hin_Latn,MEDIUM,BROADER,vendor_shift,True,True,True
ntx3-002081-1,g-002081,hin_Latn,MEDIUM,BROADER,year_shift,True,True,True
ntx3-002081-1,g-002081,hin_Latn,MEDIUM,BROADER,month_shift,True,True,True
ntx3-002081-1,g-002081,hin_Latn,MEDIUM,BROADER,scope_narrow,True,True,True
ntx3-002081-2,g-002081,tel_Latn,MEDIUM,BROADER,clean,False,False,False
ntx3-002081-2,g-002081,tel_Latn,MEDIUM,BROADER,vendor_shift,True,True,True
ntx3-002081-2,g-002081,tel_Latn,MEDIUM,BROADER,year_shift,True,True,True
ntx3-002081-2,g-002081,tel_Latn,MEDIUM,BROADER,month_shift,True,True,True
ntx3-002081-2,g-002081,tel_Latn,MEDIUM,BROADER,scope_narrow,True,True,True
ntx3-002081-3,g-002081,tel_Telu,MEDIUM,BROADER,clean,False,False,False
ntx3-002081-3,g-002081,tel_Telu,MEDIUM,BROADER,vendor_shift,True,True,True
ntx3-002081-3,g-002081,tel_Telu,MEDIUM,BROADER,year_shift,True,True,True
ntx3-002081-3,g-002081,tel_Telu,MEDIUM,BROADER,month_shift,True,True,True
ntx3-002081-3,g-002081,tel_Telu,MEDIUM,BROADER,scope_narrow,True,True,True
ntx3-001787-0,g-001787,eng_Latn,HIGH,BROADER,clean,False,False,False
ntx3-001787-0,g-001787,eng_Latn,HIGH,BROADER,vendor_shift,True,True,True
ntx3-001787-0,g-001787,eng_Latn,HIGH,BROADER,year_shift,True,True,True
ntx3-001787-0,g-001787,eng_Latn,HIGH,BROADER,month_shift,True,True,True
ntx3-001787-0,g-001787,eng_Latn,HIGH,BROADER,scope_narrow,True,True,True
ntx3-001787-1,g-001787,hin_Latn,HIGH,BROADER,clean,False,False,False
ntx3-001787-1,g-001787,hin_Latn,HIGH,BROADER,vendor_shift,True,True,True
ntx3-001787-1,g-001787,hin_Latn,HIGH,BROADER,year_shift,True,True,True
ntx3-001787-1,g-001787,hin_Latn,HIGH,BROADER,month_shift,True,True,True
ntx3-001787-1,g-001787,hin_Latn,HIGH,BROADER,scope_narrow,True,True,True
ntx3-001787-2,g-001787,tel_Latn,HIGH,BROADER,clean,False,False,False
ntx3-001787-2,g-001787,tel_Latn,HIGH,BROADER,vendor_shift,True,True,True
ntx3-001787-2,g-001787,tel_Latn,HIGH,BROADER,year_shift,True,True,True
ntx3-001787-2,g-001787,tel_Latn,HIGH,BROADER,month_shift,True,True,True
ntx3-001787-2,g-001787,tel_Latn,HIGH,BROADER,scope_narrow,True,True,True
ntx3-001787-3,g-001787,tel_Telu,HIGH,BROADER,clean,False,False,False
ntx3-001787-3,g-001787,tel_Telu,HIGH,BROADER,vendor_shift,True,True,True
ntx3-001787-3,g-001787,tel_Telu,HIGH,BROADER,year_shift,True,True,True
ntx3-001787-3,g-001787,tel_Telu,HIGH,BROADER,month_shift,True,True,True
ntx3-001787-3,g-001787,tel_Telu,HIGH,BROADER,scope_narrow,True,True,True
ntx3-000602-0,g-000602,eng_Latn,MEDIUM,BROADER,clean,False,False,False
ntx3-000602-0,g-000602,eng_Latn,MEDIUM,BROADER,vendor_shift,True,True,True
ntx3-000602-0,g-000602,eng_Latn,MEDIUM,BROADER,year_shift,True,True,True
ntx3-000602-0,g-000602,eng_Latn,MEDIUM,BROADER,month_shift,True,True,True
ntx3-000602-0,g-000602,eng_Latn,MEDIUM,BROADER,scope_narrow,True,True,True
ntx3-000602-1,g-000602,hin_Latn,MEDIUM,BROADER,clean,False,False,False
ntx3-000602-1,g-000602,hin_Latn,MEDIUM,BROADER,vendor_shift,True,True,True
ntx3-000602-1,g-000602,hin_Latn,MEDIUM,BROADER,year_shift,True,True,True
ntx3-000602-1,g-000602,hin_Latn,MEDIUM,BROADER,month_shift,True,True,True
ntx3-000602-1,g-000602,hin_Latn,MEDIUM,BROADER,scope_narrow,True,True,True
ntx3-000602-2,g-000602,tel_Latn,MEDIUM,BROADER,clean,False,False,False
ntx3-000602-2,g-000602,tel_Latn,MEDIUM,BROADER,vendor_shift,True,True,True
ntx3-000602-2,g-000602,tel_Latn,MEDIUM,BROADER,year_shift,True,True,True
ntx3-000602-2,g-000602,tel_Latn,MEDIUM,BROADER,month_shift,True,True,True
ntx3-000602-2,g-000602,tel_Latn,MEDIUM,BROADER,scope_narrow,True,True,True
ntx3-000602-3,g-000602,tel_Telu,MEDIUM,BROADER,clean,False,False,False
ntx3-000602-3,g-000602,tel_Telu,MEDIUM,BROADER,vendor_shift,True,True,True
ntx3-000602-3,g-000602,tel_Telu,MEDIUM,BROADER,year_shift,True,True,True
ntx3-000602-3,g-000602,tel_Telu,MEDIUM,BROADER,month_shift,True,True,True
ntx3-000602-3,g-000602,tel_Telu,MEDIUM,BROADER,scope_narrow,True,True,True
ntx3-001685-0,g-001685,eng_Latn,HIGH,BROADER,clean,False,False,False
ntx3-001685-0,g-001685,eng_Latn,HIGH,BROADER,vendor_shift,True,True,True
ntx3-001685-0,g-001685,eng_Latn,HIGH,BROADER,year_shift,True,True,True
ntx3-001685-0,g-001685,eng_Latn,HIGH,BROADER,month_shift,True,True,True
ntx3-001685-0,g-001685,eng_Latn,HIGH,BROADER,scope_narrow,True,True,True
ntx3-001685-1,g-001685,hin_Latn,HIGH,BROADER,clean,False,False,False
ntx3-001685-1,g-001685,hin_Latn,HIGH,BROADER,vendor_shift,True,True,True
ntx3-001685-1,g-001685,hin_Latn,HIGH,BROADER,year_shift,True,True,True
ntx3-001685-1,g-001685,hin_Latn,HIGH,BROADER,month_shift,True,True,True
ntx3-001685-1,g-001685,hin_Latn,HIGH,BROADER,scope_narrow,True,True,True
ntx3-001685-2,g-001685,tel_Latn,HIGH,BROADER,clean,False,False,False
ntx3-001685-2,g-001685,tel_Latn,HIGH,BROADER,vendor_shift,True,True,True
ntx3-001685-2,g-001685,tel_Latn,HIGH,BROADER,year_shift,True,True,True
ntx3-001685-2,g-001685,tel_Latn,HIGH,BROADER,month_shift,True,True,True
ntx3-001685-2,g-001685,tel_Latn,HIGH,BROADER,scope_narrow,True,True,True
ntx3-001685-3,g-001685,tel_Telu,HIGH,BROADER,clean,False,False,False
ntx3-001685-3,g-001685,tel_Telu,HIGH,BROADER,vendor_shift,True,True,True
ntx3-001685-3,g-001685,tel_Telu,HIGH,BROADER,year_shift,True,True,True
ntx3-001685-3,g-001685,tel_Telu,HIGH,BROADER,month_shift,True,True,True
ntx3-001685-3,g-001685,tel_Telu,HIGH,BROADER,scope_narrow,True,True,True
ntx3-002223-0,g-002223,eng_Latn,MEDIUM,BROADER,clean,False,False,False
ntx3-002223-0,g-002223,eng_Latn,MEDIUM,BROADER,vendor_shift,True,True,True
ntx3-002223-0,g-002223,eng_Latn,MEDIUM,BROADER,year_shift,True,True,True
ntx3-002223-0,g-002223,eng_Latn,MEDIUM,BROADER,month_shift,True,True,True
ntx3-002223-0,g-002223,eng_Latn,MEDIUM,BROADER,scope_narrow,True,True,True
ntx3-002223-1,g-002223,hin_Latn,MEDIUM,BROADER,clean,False,False,False
ntx3-002223-1,g-002223,hin_Latn,MEDIUM,BROADER,vendor_shift,True,True,True
ntx3-002223-1,g-002223,hin_Latn,MEDIUM,BROADER,year_shift,True,True,True
ntx3-002223-1,g-002223,hin_Latn,MEDIUM,BROADER,month_shift,True,True,True
ntx3-002223-1,g-002223,hin_Latn,MEDIUM,BROADER,scope_narrow,True,True,True
ntx3-002223-2,g-002223,tel_Latn,MEDIUM,BROADER,clean,False,False,False
ntx3-002223-2,g-002223,tel_Latn,MEDIUM,BROADER,vendor_shift,True,True,True
ntx3-002223-2,g-002223,tel_Latn,MEDIUM,BROADER,year_shift,True,True,True
ntx3-002223-2,g-002223,tel_Latn,MEDIUM,BROADER,month_shift,True,True,True
ntx3-002223-2,g-002223,tel_Latn,MEDIUM,BROADER,scope_narrow,True,True,True
ntx3-002223-3,g-002223,tel_Telu,MEDIUM,BROADER,clean,False,False,False
ntx3-002223-3,g-002223,tel_Telu,MEDIUM,BROADER,vendor_shift,True,True,True
ntx3-002223-3,g-002223,tel_Telu,MEDIUM,BROADER,year_shift,True,True,True
ntx3-002223-3,g-002223,tel_Telu,MEDIUM,BROADER,month_shift,True,True,True
ntx3-002223-3,g-002223,tel_Telu,MEDIUM,BROADER,scope_narrow,True,True,True
ntx3-002021-0,g-002021,eng_Latn,CRITICAL,BROADER,clean,False,False,False
ntx3-002021-0,g-002021,eng_Latn,CRITICAL,BROADER,vendor_shift,True,True,True
ntx3-002021-0,g-002021,eng_Latn,CRITICAL,BROADER,year_shift,True,True,True
ntx3-002021-0,g-002021,eng_Latn,CRITICAL,BROADER,month_shift,True,True,True
ntx3-002021-0,g-002021,eng_Latn,CRITICAL,BROADER,scope_narrow,True,True,True
ntx3-002021-1,g-002021,hin_Latn,CRITICAL,BROADER,clean,False,False,False
ntx3-002021-1,g-002021,hin_Latn,CRITICAL,BROADER,vendor_shift,True,True,True
ntx3-002021-1,g-002021,hin_Latn,CRITICAL,BROADER,year_shift,True,True,True
ntx3-002021-1,g-002021,hin_Latn,CRITICAL,BROADER,month_shift,True,True,True
ntx3-002021-1,g-002021,hin_Latn,CRITICAL,BROADER,scope_narrow,True,True,True
ntx3-002021-2,g-002021,tel_Latn,CRITICAL,BROADER,clean,False,False,False
ntx3-002021-2,g-002021,tel_Latn,CRITICAL,BROADER,vendor_shift,True,True,True
ntx3-002021-2,g-002021,tel_Latn,CRITICAL,BROADER,year_shift,True,True,True
ntx3-002021-2,g-002021,tel_Latn,CRITICAL,BROADER,month_shift,True,True,True
ntx3-002021-2,g-002021,tel_Latn,CRITICAL,BROADER,scope_narrow,True,True,True
ntx3-002021-3,g-002021,tel_Telu,CRITICAL,BROADER,clean,False,False,False
ntx3-002021-3,g-002021,tel_Telu,CRITICAL,BROADER,vendor_shift,True,True,True
ntx3-002021-3,g-002021,tel_Telu,CRITICAL,BROADER,year_shift,True,True,True
ntx3-002021-3,g-002021,tel_Telu,CRITICAL,BROADER,month_shift,True,True,True
ntx3-002021-3,g-002021,tel_Telu,CRITICAL,BROADER,scope_narrow,True,True,True
ntx3-001729-0,g-001729,eng_Latn,MEDIUM,BROADER,clean,False,False,False
ntx3-001729-0,g-001729,eng_Latn,MEDIUM,BROADER,vendor_shift,True,True,True
ntx3-001729-0,g-001729,eng_Latn,MEDIUM,BROADER,year_shift,True,True,True
ntx3-001729-0,g-001729,eng_Latn,MEDIUM,BROADER,month_shift,True,True,True
ntx3-001729-0,g-001729,eng_Latn,MEDIUM,BROADER,scope_narrow,True,True,True
ntx3-001729-1,g-001729,hin_Latn,MEDIUM,BROADER,clean,False,False,False
ntx3-001729-1,g-001729,hin_Latn,MEDIUM,BROADER,vendor_shift,True,True,True
ntx3-001729-1,g-001729,hin_Latn,MEDIUM,BROADER,year_shift,True,True,True
ntx3-001729-1,g-001729,hin_Latn,MEDIUM,BROADER,month_shift,True,True,True
ntx3-001729-1,g-001729,hin_Latn,MEDIUM,BROADER,scope_narrow,True,True,True
ntx3-001729-2,g-001729,tel_Latn,MEDIUM,BROADER,clean,False,False,False
ntx3-001729-2,g-001729,tel_Latn,MEDIUM,BROADER,vendor_shift,True,True,True
ntx3-001729-2,g-001729,tel_Latn,MEDIUM,BROADER,year_shift,True,True,True
ntx3-001729-2,g-001729,tel_Latn,MEDIUM,BROADER,month_shift,True,True,True
ntx3-001729-2,g-001729,tel_Latn,MEDIUM,BROADER,scope_narrow,True,True,True
ntx3-001729-3,g-001729,tel_Telu,MEDIUM,BROADER,clean,False,False,False
ntx3-001729-3,g-001729,tel_Telu,MEDIUM,BROADER,vendor_shift,True,True,True
ntx3-001729-3,g-001729,tel_Telu,MEDIUM,BROADER,year_shift,True,True,True
ntx3-001729-3,g-001729,tel_Telu,MEDIUM,BROADER,month_shift,True,True,True
ntx3-001729-3,g-001729,tel_Telu,MEDIUM,BROADER,scope_narrow,True,True,True
ntx3-002498-0,g-002498,eng_Latn,LOW,BROADER,clean,False,False,False
ntx3-002498-0,g-002498,eng_Latn,LOW,BROADER,vendor_shift,True,True,True
ntx3-002498-0,g-002498,eng_Latn,LOW,BROADER,year_shift,True,True,True
ntx3-002498-0,g-002498,eng_Latn,LOW,BROADER,month_shift,True,True,True
ntx3-002498-0,g-002498,eng_Latn,LOW,BROADER,scope_narrow,True,True,True
ntx3-002498-1,g-002498,hin_Latn,LOW,BROADER,clean,False,False,False
ntx3-002498-1,g-002498,hin_Latn,LOW,BROADER,vendor_shift,True,True,True
ntx3-002498-1,g-002498,hin_Latn,LOW,BROADER,year_shift,True,True,True
ntx3-002498-1,g-002498,hin_Latn,LOW,BROADER,month_shift,True,True,True
ntx3-002498-1,g-002498,hin_Latn,LOW,BROADER,scope_narrow,True,True,True
ntx3-002498-2,g-002498,tel_Latn,LOW,BROADER,clean,False,False,False
ntx3-002498-2,g-002498,tel_Latn,LOW,BROADER,vendor_shift,True,True,True
ntx3-002498-2,g-002498,tel_Latn,LOW,BROADER,year_shift,True,True,True
ntx3-002498-2,g-002498,tel_Latn,LOW,BROADER,month_shift,True,True,True
ntx3-002498-2,g-002498,tel_Latn,LOW,BROADER,scope_narrow,True,True,True
ntx3-002498-3,g-002498,tel_Telu,LOW,BROADER,clean,False,False,False
ntx3-002498-3,g-002498,tel_Telu,LOW,BROADER,vendor_shift,True,True,True
ntx3-002498-3,g-002498,tel_Telu,LOW,BROADER,year_shift,True,True,True
ntx3-002498-3,g-002498,tel_Telu,LOW,BROADER,month_shift,True,True,True
ntx3-002498-3,g-002498,tel_Telu,LOW,BROADER,scope_narrow,True,True,True
ntx3-000665-0,g-000665,eng_Latn,MEDIUM,BROADER,clean,False,False,False
ntx3-000665-0,g-000665,eng_Latn,MEDIUM,BROADER,vendor_shift,True,True,True
ntx3-000665-0,g-000665,eng_Latn,MEDIUM,BROADER,year_shift,True,True,True
ntx3-000665-0,g-000665,eng_Latn,MEDIUM,BROADER,month_shift,True,True,True
ntx3-000665-0,g-000665,eng_Latn,MEDIUM,BROADER,scope_narrow,True,True,True
ntx3-000665-1,g-000665,hin_Latn,MEDIUM,BROADER,clean,False,False,False
ntx3-000665-1,g-000665,hin_Latn,MEDIUM,BROADER,vendor_shift,True,True,True
ntx3-000665-1,g-000665,hin_Latn,MEDIUM,BROADER,year_shift,True,True,True
ntx3-000665-1,g-000665,hin_Latn,MEDIUM,BROADER,month_shift,True,True,True
ntx3-000665-1,g-000665,hin_Latn,MEDIUM,BROADER,scope_narrow,True,True,True
ntx3-000665-2,g-000665,tel_Latn,MEDIUM,BROADER,clean,False,False,False
ntx3-000665-2,g-000665,tel_Latn,MEDIUM,BROADER,vendor_shift,True,True,True
ntx3-000665-2,g-000665,tel_Latn,MEDIUM,BROADER,year_shift,True,True,True
ntx3-000665-2,g-000665,tel_Latn,MEDIUM,BROADER,month_shift,True,True,True
ntx3-000665-2,g-000665,tel_Latn,MEDIUM,BROADER,scope_narrow,True,True,True
ntx3-000665-3,g-000665,tel_Telu,MEDIUM,BROADER,clean,False,False,False
ntx3-000665-3,g-000665,tel_Telu,MEDIUM,BROADER,vendor_shift,True,True,True
ntx3-000665-3,g-000665,tel_Telu,MEDIUM,BROADER,year_shift,True,True,True
ntx3-000665-3,g-000665,tel_Telu,MEDIUM,BROADER,month_shift,True,True,True
ntx3-000665-3,g-000665,tel_Telu,MEDIUM,BROADER,scope_narrow,True,True,True
ntx3-000495-0,g-000495,eng_Latn,MEDIUM,BROADER,clean,False,False,False
ntx3-000495-0,g-000495,eng_Latn,MEDIUM,BROADER,vendor_shift,True,True,True
ntx3-000495-0,g-000495,eng_Latn,MEDIUM,BROADER,year_shift,True,True,True
ntx3-000495-0,g-000495,eng_Latn,MEDIUM,BROADER,month_shift,True,True,True
ntx3-000495-0,g-000495,eng_Latn,MEDIUM,BROADER,scope_narrow,True,True,True
ntx3-000495-1,g-000495,hin_Latn,MEDIUM,BROADER,clean,False,False,False
ntx3-000495-1,g-000495,hin_Latn,MEDIUM,BROADER,vendor_shift,True,True,True
ntx3-000495-1,g-000495,hin_Latn,MEDIUM,BROADER,year_shift,True,True,True
ntx3-000495-1,g-000495,hin_Latn,MEDIUM,BROADER,month_shift,True,True,True
ntx3-000495-1,g-000495,hin_Latn,MEDIUM,BROADER,scope_narrow,True,True,True
ntx3-000495-2,g-000495,tel_Latn,MEDIUM,BROADER,clean,False,False,False
ntx3-000495-2,g-000495,tel_Latn,MEDIUM,BROADER,vendor_shift,True,True,True
ntx3-000495-2,g-000495,tel_Latn,MEDIUM,BROADER,year_shift,True,True,True
ntx3-000495-2,g-000495,tel_Latn,MEDIUM,BROADER,month_shift,True,True,True
ntx3-000495-2,g-000495,tel_Latn,MEDIUM,BROADER,scope_narrow,True,True,True
ntx3-000495-3,g-000495,tel_Telu,MEDIUM,BROADER,clean,False,False,False
ntx3-000495-3,g-000495,tel_Telu,MEDIUM,BROADER,vendor_shift,True,True,True
ntx3-000495-3,g-000495,tel_Telu,MEDIUM,BROADER,year_shift,True,True,True
ntx3-000495-3,g-000495,tel_Telu,MEDIUM,BROADER,month_shift,True,True,True
ntx3-000495-3,g-000495,tel_Telu,MEDIUM,BROADER,scope_narrow,True,True,True
ntx3-001019-0,g-001019,eng_Latn,MEDIUM,BROADER,clean,False,False,False
ntx3-001019-0,g-001019,eng_Latn,MEDIUM,BROADER,vendor_shift,True,True,True
ntx3-001019-0,g-001019,eng_Latn,MEDIUM,BROADER,year_shift,True,True,True
ntx3-001019-0,g-001019,eng_Latn,MEDIUM,BROADER,month_shift,True,True,True
ntx3-001019-0,g-001019,eng_Latn,MEDIUM,BROADER,scope_narrow,True,True,True
ntx3-001019-1,g-001019,hin_Latn,MEDIUM,BROADER,clean,False,False,False
ntx3-001019-1,g-001019,hin_Latn,MEDIUM,BROADER,vendor_shift,True,True,True
ntx3-001019-1,g-001019,hin_Latn,MEDIUM,BROADER,year_shift,True,True,True
ntx3-001019-1,g-001019,hin_Latn,MEDIUM,BROADER,month_shift,True,True,True
ntx3-001019-1,g-001019,hin_Latn,MEDIUM,BROADER,scope_narrow,True,True,True
ntx3-001019-2,g-001019,tel_Latn,MEDIUM,BROADER,clean,False,False,False
ntx3-001019-2,g-001019,tel_Latn,MEDIUM,BROADER,vendor_shift,True,True,True
ntx3-001019-2,g-001019,tel_Latn,MEDIUM,BROADER,year_shift,True,True,True
ntx3-001019-2,g-001019,tel_Latn,MEDIUM,BROADER,month_shift,True,True,True
ntx3-001019-2,g-001019,tel_Latn,MEDIUM,BROADER,scope_narrow,True,True,True
ntx3-001019-3,g-001019,tel_Telu,MEDIUM,BROADER,clean,False,False,False
ntx3-001019-3,g-001019,tel_Telu,MEDIUM,BROADER,vendor_shift,True,True,True
ntx3-001019-3,g-001019,tel_Telu,MEDIUM,BROADER,year_shift,True,True,True
ntx3-001019-3,g-001019,tel_Telu,MEDIUM,BROADER,month_shift,True,True,True
ntx3-001019-3,g-001019,tel_Telu,MEDIUM,BROADER,scope_narrow,True,True,True
ntx3-001868-0,g-001868,eng_Latn,HIGH,BROADER,clean,False,False,False
ntx3-001868-0,g-001868,eng_Latn,HIGH,BROADER,vendor_shift,True,True,True
ntx3-001868-0,g-001868,eng_Latn,HIGH,BROADER,year_shift,True,True,True
ntx3-001868-0,g-001868,eng_Latn,HIGH,BROADER,month_shift,True,True,True
ntx3-001868-0,g-001868,eng_Latn,HIGH,BROADER,scope_narrow,True,True,True
ntx3-001868-1,g-001868,hin_Latn,HIGH,BROADER,clean,False,False,False
ntx3-001868-1,g-001868,hin_Latn,HIGH,BROADER,vendor_shift,True,True,True
ntx3-001868-1,g-001868,hin_Latn,HIGH,BROADER,year_shift,True,True,True
ntx3-001868-1,g-001868,hin_Latn,HIGH,BROADER,month_shift,True,True,True
ntx3-001868-1,g-001868,hin_Latn,HIGH,BROADER,scope_narrow,True,True,True
ntx3-001868-2,g-001868,tel_Latn,HIGH,BROADER,clean,False,False,False
ntx3-001868-2,g-001868,tel_Latn,HIGH,BROADER,vendor_shift,True,True,True
ntx3-001868-2,g-001868,tel_Latn,HIGH,BROADER,year_shift,True,True,True
ntx3-001868-2,g-001868,tel_Latn,HIGH,BROADER,month_shift,True,True,True
ntx3-001868-2,g-001868,tel_Latn,HIGH,BROADER,scope_narrow,True,True,True
ntx3-001868-3,g-001868,tel_Telu,HIGH,BROADER,clean,False,False,False
ntx3-001868-3,g-001868,tel_Telu,HIGH,BROADER,vendor_shift,True,True,True
ntx3-001868-3,g-001868,tel_Telu,HIGH,BROADER,year_shift,True,True,True
ntx3-001868-3,g-001868,tel_Telu,HIGH,BROADER,month_shift,True,True,True
ntx3-001868-3,g-001868,tel_Telu,HIGH,BROADER,scope_narrow,True,True,True
ntx3-002322-0,g-002322,eng_Latn,MEDIUM,BROADER,clean,False,False,False
ntx3-002322-0,g-002322,eng_Latn,MEDIUM,BROADER,vendor_shift,True,True,True
ntx3-002322-0,g-002322,eng_Latn,MEDIUM,BROADER,year_shift,True,True,True
ntx3-002322-0,g-002322,eng_Latn,MEDIUM,BROADER,month_shift,True,True,True
ntx3-002322-0,g-002322,eng_Latn,MEDIUM,BROADER,scope_narrow,True,True,True
ntx3-002322-1,g-002322,hin_Latn,MEDIUM,BROADER,clean,False,False,False
ntx3-002322-1,g-002322,hin_Latn,MEDIUM,BROADER,vendor_shift,True,True,True
ntx3-002322-1,g-002322,hin_Latn,MEDIUM,BROADER,year_shift,True,True,True
ntx3-002322-1,g-002322,hin_Latn,MEDIUM,BROADER,month_shift,True,True,True
ntx3-002322-1,g-002322,hin_Latn,MEDIUM,BROADER,scope_narrow,True,True,True
ntx3-002322-2,g-002322,tel_Latn,MEDIUM,BROADER,clean,False,False,False
ntx3-002322-2,g-002322,tel_Latn,MEDIUM,BROADER,vendor_shift,True,True,True
ntx3-002322-2,g-002322,tel_Latn,MEDIUM,BROADER,year_shift,True,True,True
ntx3-002322-2,g-002322,tel_Latn,MEDIUM,BROADER,month_shift,True,True,True
ntx3-002322-2,g-002322,tel_Latn,MEDIUM,BROADER,scope_narrow,True,True,True
ntx3-002322-3,g-002322,tel_Telu,MEDIUM,BROADER,clean,False,False,False
ntx3-002322-3,g-002322,tel_Telu,MEDIUM,BROADER,vendor_shift,True,True,True
ntx3-002322-3,g-002322,tel_Telu,MEDIUM,BROADER,year_shift,True,True,True
ntx3-002322-3,g-002322,tel_Telu,MEDIUM,BROADER,month_shift,True,True,True
ntx3-002322-3,g-002322,tel_Telu,MEDIUM,BROADER,scope_narrow,True,True,True
ntx3-001860-0,g-001860,eng_Latn,MEDIUM,BROADER,clean,False,False,False
ntx3-001860-0,g-001860,eng_Latn,MEDIUM,BROADER,vendor_shift,True,True,True
ntx3-001860-0,g-001860,eng_Latn,MEDIUM,BROADER,year_shift,True,True,True
ntx3-001860-0,g-001860,eng_Latn,MEDIUM,BROADER,month_shift,True,True,True
ntx3-001860-0,g-001860,eng_Latn,MEDIUM,BROADER,scope_narrow,True,True,True
ntx3-001860-1,g-001860,hin_Latn,MEDIUM,BROADER,clean,False,False,False
ntx3-001860-1,g-001860,hin_Latn,MEDIUM,BROADER,vendor_shift,True,True,True
ntx3-001860-1,g-001860,hin_Latn,MEDIUM,BROADER,year_shift,True,True,True
ntx3-001860-1,g-001860,hin_Latn,MEDIUM,BROADER,month_shift,True,True,True
ntx3-001860-1,g-001860,hin_Latn,MEDIUM,BROADER,scope_narrow,True,True,True
ntx3-001860-2,g-001860,tel_Latn,MEDIUM,BROADER,clean,False,False,False
ntx3-001860-2,g-001860,tel_Latn,MEDIUM,BROADER,vendor_shift,True,True,True
ntx3-001860-2,g-001860,tel_Latn,MEDIUM,BROADER,year_shift,True,True,True
ntx3-001860-2,g-001860,tel_Latn,MEDIUM,BROADER,month_shift,True,True,True
ntx3-001860-2,g-001860,tel_Latn,MEDIUM,BROADER,scope_narrow,True,True,True
ntx3-001860-3,g-001860,tel_Telu,MEDIUM,BROADER,clean,False,False,False
ntx3-001860-3,g-001860,tel_Telu,MEDIUM,BROADER,vendor_shift,True,True,True
ntx3-001860-3,g-001860,tel_Telu,MEDIUM,BROADER,year_shift,True,True,True
ntx3-001860-3,g-001860,tel_Telu,MEDIUM,BROADER,month_shift,True,True,True
ntx3-001860-3,g-001860,tel_Telu,MEDIUM,BROADER,scope_narrow,True,True,True
ntx3-001918-0,g-001918,eng_Latn,LOW,BROADER,clean,False,False,False
ntx3-001918-0,g-001918,eng_Latn,LOW,BROADER,vendor_shift,True,True,True
ntx3-001918-0,g-001918,eng_Latn,LOW,BROADER,year_shift,True,True,True
ntx3-001918-0,g-001918,eng_Latn,LOW,BROADER,month_shift,True,True,True
ntx3-001918-0,g-001918,eng_Latn,LOW,BROADER,scope_narrow,True,True,True
ntx3-001918-1,g-001918,hin_Latn,LOW,BROADER,clean,False,False,False
ntx3-001918-1,g-001918,hin_Latn,LOW,BROADER,vendor_shift,True,True,True
ntx3-001918-1,g-001918,hin_Latn,LOW,BROADER,year_shift,True,True,True
ntx3-001918-1,g-001918,hin_Latn,LOW,BROADER,month_shift,True,True,True
ntx3-001918-1,g-001918,hin_Latn,LOW,BROADER,scope_narrow,True,True,True
ntx3-001918-2,g-001918,tel_Latn,LOW,BROADER,clean,False,False,False
ntx3-001918-2,g-001918,tel_Latn,LOW,BROADER,vendor_shift,True,True,True
ntx3-001918-2,g-001918,tel_Latn,LOW,BROADER,year_shift,True,True,True
ntx3-001918-2,g-001918,tel_Latn,LOW,BROADER,month_shift,True,True,True
ntx3-001918-2,g-001918,tel_Latn,LOW,BROADER,scope_narrow,True,True,True
ntx3-001918-3,g-001918,tel_Telu,LOW,BROADER,clean,False,False,False
ntx3-001918-3,g-001918,tel_Telu,LOW,BROADER,vendor_shift,True,True,True
ntx3-001918-3,g-001918,tel_Telu,LOW,BROADER,year_shift,True,True,True
ntx3-001918-3,g-001918,tel_Telu,LOW,BROADER,month_shift,True,True,True
ntx3-001918-3,g-001918,tel_Telu,LOW,BROADER,scope_narrow,True,True,True
ntx3-001301-0,g-001301,eng_Latn,HIGH,BROADER,clean,False,False,False
ntx3-001301-0,g-001301,eng_Latn,HIGH,BROADER,vendor_shift,True,True,True
ntx3-001301-0,g-001301,eng_Latn,HIGH,BROADER,year_shift,True,True,True
ntx3-001301-0,g-001301,eng_Latn,HIGH,BROADER,month_shift,True,True,True
ntx3-001301-0,g-001301,eng_Latn,HIGH,BROADER,scope_narrow,True,True,True
ntx3-001301-1,g-001301,hin_Latn,HIGH,BROADER,clean,False,False,False
ntx3-001301-1,g-001301,hin_Latn,HIGH,BROADER,vendor_shift,True,True,True
ntx3-001301-1,g-001301,hin_Latn,HIGH,BROADER,year_shift,True,True,True
ntx3-001301-1,g-001301,hin_Latn,HIGH,BROADER,month_shift,True,True,True
ntx3-001301-1,g-001301,hin_Latn,HIGH,BROADER,scope_narrow,True,True,True
ntx3-001301-2,g-001301,tel_Latn,HIGH,BROADER,clean,False,False,False
ntx3-001301-2,g-001301,tel_Latn,HIGH,BROADER,vendor_shift,True,True,True
ntx3-001301-2,g-001301,tel_Latn,HIGH,BROADER,year_shift,True,True,True
ntx3-001301-2,g-001301,tel_Latn,HIGH,BROADER,month_shift,True,True,True
ntx3-001301-2,g-001301,tel_Latn,HIGH,BROADER,scope_narrow,True,True,True
ntx3-001301-3,g-001301,tel_Telu,HIGH,BROADER,clean,False,False,False
ntx3-001301-3,g-001301,tel_Telu,HIGH,BROADER,vendor_shift,True,True,True
ntx3-001301-3,g-001301,tel_Telu,HIGH,BROADER,year_shift,True,True,True
ntx3-001301-3,g-001301,tel_Telu,HIGH,BROADER,month_shift,True,True,True
ntx3-001301-3,g-001301,tel_Telu,HIGH,BROADER,scope_narrow,True,True,True
ntx3-001361-0,g-001361,eng_Latn,MEDIUM,BROADER,clean,False,False,False
ntx3-001361-0,g-001361,eng_Latn,MEDIUM,BROADER,vendor_shift,True,True,True
ntx3-001361-0,g-001361,eng_Latn,MEDIUM,BROADER,year_shift,True,True,True
ntx3-001361-0,g-001361,eng_Latn,MEDIUM,BROADER,month_shift,True,True,True
ntx3-001361-0,g-001361,eng_Latn,MEDIUM,BROADER,scope_narrow,True,True,True
ntx3-001361-1,g-001361,hin_Latn,MEDIUM,BROADER,clean,False,False,False
ntx3-001361-1,g-001361,hin_Latn,MEDIUM,BROADER,vendor_shift,True,True,True
ntx3-001361-1,g-001361,hin_Latn,MEDIUM,BROADER,year_shift,True,True,True
ntx3-001361-1,g-001361,hin_Latn,MEDIUM,BROADER,month_shift,True,True,True
ntx3-001361-1,g-001361,hin_Latn,MEDIUM,BROADER,scope_narrow,True,True,True
ntx3-001361-2,g-001361,tel_Latn,MEDIUM,BROADER,clean,False,False,False
ntx3-001361-2,g-001361,tel_Latn,MEDIUM,BROADER,vendor_shift,True,True,True
ntx3-001361-2,g-001361,tel_Latn,MEDIUM,BROADER,year_shift,True,True,True
ntx3-001361-2,g-001361,tel_Latn,MEDIUM,BROADER,month_shift,True,True,True
ntx3-001361-2,g-001361,tel_Latn,MEDIUM,BROADER,scope_narrow,True,True,True
ntx3-001361-3,g-001361,tel_Telu,MEDIUM,BROADER,clean,False,False,False
ntx3-001361-3,g-001361,tel_Telu,MEDIUM,BROADER,vendor_shift,True,True,True
ntx3-001361-3,g-001361,tel_Telu,MEDIUM,BROADER,year_shift,True,True,True
ntx3-001361-3,g-001361,tel_Telu,MEDIUM,BROADER,month_shift,True,True,True
ntx3-001361-3,g-001361,tel_Telu,MEDIUM,BROADER,scope_narrow,True,True,True
ntx3-001756-0,g-001756,eng_Latn,LOW,BROADER,clean,False,False,False
ntx3-001756-0,g-001756,eng_Latn,LOW,BROADER,vendor_shift,True,True,True
ntx3-001756-0,g-001756,eng_Latn,LOW,BROADER,year_shift,True,True,True
ntx3-001756-0,g-001756,eng_Latn,LOW,BROADER,month_shift,True,True,True
ntx3-001756-0,g-001756,eng_Latn,LOW,BROADER,scope_narrow,True,True,True
ntx3-001756-1,g-001756,hin_Latn,LOW,BROADER,clean,False,False,False
ntx3-001756-1,g-001756,hin_Latn,LOW,BROADER,vendor_shift,True,True,True
ntx3-001756-1,g-001756,hin_Latn,LOW,BROADER,year_shift,True,True,True
ntx3-001756-1,g-001756,hin_Latn,LOW,BROADER,month_shift,True,True,True
ntx3-001756-1,g-001756,hin_Latn,LOW,BROADER,scope_narrow,True,True,True
ntx3-001756-2,g-001756,tel_Latn,LOW,BROADER,clean,False,False,False
ntx3-001756-2,g-001756,tel_Latn,LOW,BROADER,vendor_shift,True,True,True
ntx3-001756-2,g-001756,tel_Latn,LOW,BROADER,year_shift,True,True,True
ntx3-001756-2,g-001756,tel_Latn,LOW,BROADER,month_shift,True,True,True
ntx3-001756-2,g-001756,tel_Latn,LOW,BROADER,scope_narrow,True,True,True
ntx3-001756-3,g-001756,tel_Telu,LOW,BROADER,clean,False,False,False
ntx3-001756-3,g-001756,tel_Telu,LOW,BROADER,vendor_shift,True,True,True
ntx3-001756-3,g-001756,tel_Telu,LOW,BROADER,year_shift,True,True,True
ntx3-001756-3,g-001756,tel_Telu,LOW,BROADER,month_shift,True,True,True
ntx3-001756-3,g-001756,tel_Telu,LOW,BROADER,scope_narrow,True,True,True
ntx3-002111-0,g-002111,eng_Latn,MEDIUM,BROADER,clean,False,False,False
ntx3-002111-0,g-002111,eng_Latn,MEDIUM,BROADER,vendor_shift,True,True,True
ntx3-002111-0,g-002111,eng_Latn,MEDIUM,BROADER,year_shift,True,True,True
ntx3-002111-0,g-002111,eng_Latn,MEDIUM,BROADER,month_shift,True,True,True
ntx3-002111-0,g-002111,eng_Latn,MEDIUM,BROADER,scope_narrow,True,True,True
ntx3-002111-1,g-002111,hin_Latn,MEDIUM,BROADER,clean,False,False,False
ntx3-002111-1,g-002111,hin_Latn,MEDIUM,BROADER,vendor_shift,True,True,True
ntx3-002111-1,g-002111,hin_Latn,MEDIUM,BROADER,year_shift,True,True,True
ntx3-002111-1,g-002111,hin_Latn,MEDIUM,BROADER,month_shift,True,True,True
ntx3-002111-1,g-002111,hin_Latn,MEDIUM,BROADER,scope_narrow,True,True,True
ntx3-002111-2,g-002111,tel_Latn,MEDIUM,BROADER,clean,False,False,False
ntx3-002111-2,g-002111,tel_Latn,MEDIUM,BROADER,vendor_shift,True,True,True
ntx3-002111-2,g-002111,tel_Latn,MEDIUM,BROADER,year_shift,True,True,True
ntx3-002111-2,g-002111,tel_Latn,MEDIUM,BROADER,month_shift,True,True,True
ntx3-002111-2,g-002111,tel_Latn,MEDIUM,BROADER,scope_narrow,True,True,True
ntx3-002111-3,g-002111,tel_Telu,MEDIUM,BROADER,clean,False,False,False
ntx3-002111-3,g-002111,tel_Telu,MEDIUM,BROADER,vendor_shift,True,True,True
ntx3-002111-3,g-002111,tel_Telu,MEDIUM,BROADER,year_shift,True,True,True
ntx3-002111-3,g-002111,tel_Telu,MEDIUM,BROADER,month_shift,True,True,True
ntx3-002111-3,g-002111,tel_Telu,MEDIUM,BROADER,scope_narrow,True,True,True
ntx3-001171-0,g-001171,eng_Latn,HIGH,BROADER,clean,False,False,False
ntx3-001171-0,g-001171,eng_Latn,HIGH,BROADER,vendor_shift,True,True,True
ntx3-001171-0,g-001171,eng_Latn,HIGH,BROADER,year_shift,True,True,True
ntx3-001171-0,g-001171,eng_Latn,HIGH,BROADER,month_shift,True,True,True
ntx3-001171-0,g-001171,eng_Latn,HIGH,BROADER,scope_narrow,True,True,True
ntx3-001171-1,g-001171,hin_Latn,HIGH,BROADER,clean,False,False,False
ntx3-001171-1,g-001171,hin_Latn,HIGH,BROADER,vendor_shift,True,True,True
ntx3-001171-1,g-001171,hin_Latn,HIGH,BROADER,year_shift,True,True,True
ntx3-001171-1,g-001171,hin_Latn,HIGH,BROADER,month_shift,True,True,True
ntx3-001171-1,g-001171,hin_Latn,HIGH,BROADER,scope_narrow,True,True,True
ntx3-001171-2,g-001171,tel_Latn,HIGH,BROADER,clean,False,False,False
ntx3-001171-2,g-001171,tel_Latn,HIGH,BROADER,vendor_shift,True,True,True
ntx3-001171-2,g-001171,tel_Latn,HIGH,BROADER,year_shift,True,True,True
ntx3-001171-2,g-001171,tel_Latn,HIGH,BROADER,month_shift,True,True,True
ntx3-001171-2,g-001171,tel_Latn,HIGH,BROADER,scope_narrow,True,True,True
ntx3-001171-3,g-001171,tel_Telu,HIGH,BROADER,clean,False,False,False
ntx3-001171-3,g-001171,tel_Telu,HIGH,BROADER,vendor_shift,True,True,True
ntx3-001171-3,g-001171,tel_Telu,HIGH,BROADER,year_shift,True,True,True
ntx3-001171-3,g-001171,tel_Telu,HIGH,BROADER,month_shift,True,True,True
ntx3-001171-3,g-001171,tel_Telu,HIGH,BROADER,scope_narrow,True,True,True
ntx3-000616-0,g-000616,eng_Latn,CRITICAL,BROADER,clean,False,False,False
ntx3-000616-0,g-000616,eng_Latn,CRITICAL,BROADER,vendor_shift,True,True,True
ntx3-000616-0,g-000616,eng_Latn,CRITICAL,BROADER,year_shift,True,True,True
ntx3-000616-0,g-000616,eng_Latn,CRITICAL,BROADER,month_shift,True,True,True
ntx3-000616-0,g-000616,eng_Latn,CRITICAL,BROADER,scope_narrow,True,True,True
ntx3-000616-1,g-000616,hin_Latn,CRITICAL,BROADER,clean,False,False,False
ntx3-000616-1,g-000616,hin_Latn,CRITICAL,BROADER,vendor_shift,True,True,True
ntx3-000616-1,g-000616,hin_Latn,CRITICAL,BROADER,year_shift,True,True,True
ntx3-000616-1,g-000616,hin_Latn,CRITICAL,BROADER,month_shift,True,True,True
ntx3-000616-1,g-000616,hin_Latn,CRITICAL,BROADER,scope_narrow,True,True,True
ntx3-000616-2,g-000616,tel_Latn,CRITICAL,BROADER,clean,False,False,False
ntx3-000616-2,g-000616,tel_Latn,CRITICAL,BROADER,vendor_shift,True,True,True
ntx3-000616-2,g-000616,tel_Latn,CRITICAL,BROADER,year_shift,True,True,True
ntx3-000616-2,g-000616,tel_Latn,CRITICAL,BROADER,month_shift,True,True,True
ntx3-000616-2,g-000616,tel_Latn,CRITICAL,BROADER,scope_narrow,True,True,True
ntx3-000616-3,g-000616,tel_Telu,CRITICAL,BROADER,clean,False,False,False
ntx3-000616-3,g-000616,tel_Telu,CRITICAL,BROADER,vendor_shift,True,True,True
ntx3-000616-3,g-000616,tel_Telu,CRITICAL,BROADER,year_shift,True,True,True
ntx3-000616-3,g-000616,tel_Telu,CRITICAL,BROADER,month_shift,True,True,True
ntx3-000616-3,g-000616,tel_Telu,CRITICAL,BROADER,scope_narrow,True,True,True
ntx3-001628-0,g-001628,eng_Latn,HIGH,BROADER,clean,False,False,False
ntx3-001628-0,g-001628,eng_Latn,HIGH,BROADER,vendor_shift,True,True,True
ntx3-001628-0,g-001628,eng_Latn,HIGH,BROADER,year_shift,True,True,True
ntx3-001628-0,g-001628,eng_Latn,HIGH,BROADER,month_shift,True,True,True
ntx3-001628-0,g-001628,eng_Latn,HIGH,BROADER,scope_narrow,True,True,True
ntx3-001628-1,g-001628,hin_Latn,HIGH,BROADER,clean,False,False,False
ntx3-001628-1,g-001628,hin_Latn,HIGH,BROADER,vendor_shift,True,True,True
ntx3-001628-1,g-001628,hin_Latn,HIGH,BROADER,year_shift,True,True,True
ntx3-001628-1,g-001628,hin_Latn,HIGH,BROADER,month_shift,True,True,True
ntx3-001628-1,g-001628,hin_Latn,HIGH,BROADER,scope_narrow,True,True,True
ntx3-001628-2,g-001628,tel_Latn,HIGH,BROADER,clean,False,False,False
ntx3-001628-2,g-001628,tel_Latn,HIGH,BROADER,vendor_shift,True,True,True
ntx3-001628-2,g-001628,tel_Latn,HIGH,BROADER,year_shift,True,True,True
ntx3-001628-2,g-001628,tel_Latn,HIGH,BROADER,month_shift,True,True,True
ntx3-001628-2,g-001628,tel_Latn,HIGH,BROADER,scope_narrow,True,True,True
ntx3-001628-3,g-001628,tel_Telu,HIGH,BROADER,clean,False,False,False
ntx3-001628-3,g-001628,tel_Telu,HIGH,BROADER,vendor_shift,True,True,True
ntx3-001628-3,g-001628,tel_Telu,HIGH,BROADER,year_shift,True,True,True
ntx3-001628-3,g-001628,tel_Telu,HIGH,BROADER,month_shift,True,True,True
ntx3-001628-3,g-001628,tel_Telu,HIGH,BROADER,scope_narrow,True,True,True
ntx3-000809-0,g-000809,eng_Latn,HIGH,BROADER,clean,False,False,False
ntx3-000809-0,g-000809,eng_Latn,HIGH,BROADER,vendor_shift,True,True,True
ntx3-000809-0,g-000809,eng_Latn,HIGH,BROADER,year_shift,True,True,True
ntx3-000809-0,g-000809,eng_Latn,HIGH,BROADER,month_shift,True,True,True
ntx3-000809-0,g-000809,eng_Latn,HIGH,BROADER,scope_narrow,True,True,True
ntx3-000809-1,g-000809,hin_Latn,HIGH,BROADER,clean,False,False,False
ntx3-000809-1,g-000809,hin_Latn,HIGH,BROADER,vendor_shift,True,True,True
ntx3-000809-1,g-000809,hin_Latn,HIGH,BROADER,year_shift,True,True,True
ntx3-000809-1,g-000809,hin_Latn,HIGH,BROADER,month_shift,True,True,True
ntx3-000809-1,g-000809,hin_Latn,HIGH,BROADER,scope_narrow,True,True,True
ntx3-000809-2,g-000809,tel_Latn,HIGH,BROADER,clean,False,False,False
ntx3-000809-2,g-000809,tel_Latn,HIGH,BROADER,vendor_shift,True,True,True
ntx3-000809-2,g-000809,tel_Latn,HIGH,BROADER,year_shift,True,True,True
ntx3-000809-2,g-000809,tel_Latn,HIGH,BROADER,month_shift,True,True,True
ntx3-000809-2,g-000809,tel_Latn,HIGH,BROADER,scope_narrow,True,True,True
ntx3-000809-3,g-000809,tel_Telu,HIGH,BROADER,clean,False,False,False
ntx3-000809-3,g-000809,tel_Telu,HIGH,BROADER,vendor_shift,True,True,True
ntx3-000809-3,g-000809,tel_Telu,HIGH,BROADER,year_shift,True,True,True
ntx3-000809-3,g-000809,tel_Telu,HIGH,BROADER,month_shift,True,True,True
ntx3-000809-3,g-000809,tel_Telu,HIGH,BROADER,scope_narrow,True,True,True
ntx3-002359-0,g-002359,eng_Latn,MEDIUM,BROADER,clean,False,False,False
ntx3-002359-0,g-002359,eng_Latn,MEDIUM,BROADER,vendor_shift,True,True,True
ntx3-002359-0,g-002359,eng_Latn,MEDIUM,BROADER,year_shift,True,True,True
ntx3-002359-0,g-002359,eng_Latn,MEDIUM,BROADER,month_shift,True,True,True
ntx3-002359-0,g-002359,eng_Latn,MEDIUM,BROADER,scope_narrow,True,True,True
ntx3-002359-1,g-002359,hin_Latn,MEDIUM,BROADER,clean,False,False,False
ntx3-002359-1,g-002359,hin_Latn,MEDIUM,BROADER,vendor_shift,True,True,True
ntx3-002359-1,g-002359,hin_Latn,MEDIUM,BROADER,year_shift,True,True,True
ntx3-002359-1,g-002359,hin_Latn,MEDIUM,BROADER,month_shift,True,True,True
ntx3-002359-1,g-002359,hin_Latn,MEDIUM,BROADER,scope_narrow,True,True,True
ntx3-002359-2,g-002359,tel_Latn,MEDIUM,BROADER,clean,False,False,False
ntx3-002359-2,g-002359,tel_Latn,MEDIUM,BROADER,vendor_shift,True,True,True
ntx3-002359-2,g-002359,tel_Latn,MEDIUM,BROADER,year_shift,True,True,True
ntx3-002359-2,g-002359,tel_Latn,MEDIUM,BROADER,month_shift,True,True,True
ntx3-002359-2,g-002359,tel_Latn,MEDIUM,BROADER,scope_narrow,True,True,True
ntx3-002359-3,g-002359,tel_Telu,MEDIUM,BROADER,clean,False,False,False
ntx3-002359-3,g-002359,tel_Telu,MEDIUM,BROADER,vendor_shift,True,True,True
ntx3-002359-3,g-002359,tel_Telu,MEDIUM,BROADER,year_shift,True,True,True
ntx3-002359-3,g-002359,tel_Telu,MEDIUM,BROADER,month_shift,True,True,True
ntx3-002359-3,g-002359,tel_Telu,MEDIUM,BROADER,scope_narrow,True,True,True
ntx3-000381-0,g-000381,eng_Latn,LOW,BROADER,clean,False,False,False
ntx3-000381-0,g-000381,eng_Latn,LOW,BROADER,vendor_shift,True,True,True
ntx3-000381-0,g-000381,eng_Latn,LOW,BROADER,year_shift,True,True,True
ntx3-000381-0,g-000381,eng_Latn,LOW,BROADER,month_shift,True,True,True
ntx3-000381-0,g-000381,eng_Latn,LOW,BROADER,scope_narrow,True,True,True
ntx3-000381-1,g-000381,hin_Latn,LOW,BROADER,clean,False,False,False
ntx3-000381-1,g-000381,hin_Latn,LOW,BROADER,vendor_shift,True,True,True
ntx3-000381-1,g-000381,hin_Latn,LOW,BROADER,year_shift,True,True,True
ntx3-000381-1,g-000381,hin_Latn,LOW,BROADER,month_shift,True,True,True
ntx3-000381-1,g-000381,hin_Latn,LOW,BROADER,scope_narrow,True,True,True
ntx3-000381-2,g-000381,tel_Latn,LOW,BROADER,clean,False,False,False
ntx3-000381-2,g-000381,tel_Latn,LOW,BROADER,vendor_shift,True,True,True
ntx3-000381-2,g-000381,tel_Latn,LOW,BROADER,year_shift,True,True,True
ntx3-000381-2,g-000381,tel_Latn,LOW,BROADER,month_shift,True,True,True
ntx3-000381-2,g-000381,tel_Latn,LOW,BROADER,scope_narrow,True,True,True
ntx3-000381-3,g-000381,tel_Telu,LOW,BROADER,clean,False,False,False
ntx3-000381-3,g-000381,tel_Telu,LOW,BROADER,vendor_shift,True,True,True
ntx3-000381-3,g-000381,tel_Telu,LOW,BROADER,year_shift,True,True,True
ntx3-000381-3,g-000381,tel_Telu,LOW,BROADER,month_shift,True,True,True
ntx3-000381-3,g-000381,tel_Telu,LOW,BROADER,scope_narrow,True,True,True
ntx3-000913-0,g-000913,eng_Latn,MEDIUM,BROADER,clean,False,False,False
ntx3-000913-0,g-000913,eng_Latn,MEDIUM,BROADER,vendor_shift,True,True,True
ntx3-000913-0,g-000913,eng_Latn,MEDIUM,BROADER,year_shift,True,True,True
ntx3-000913-0,g-000913,eng_Latn,MEDIUM,BROADER,month_shift,True,True,True
ntx3-000913-0,g-000913,eng_Latn,MEDIUM,BROADER,scope_narrow,True,True,True
ntx3-000913-1,g-000913,hin_Latn,MEDIUM,BROADER,clean,False,False,False
ntx3-000913-1,g-000913,hin_Latn,MEDIUM,BROADER,vendor_shift,True,True,True
ntx3-000913-1,g-000913,hin_Latn,MEDIUM,BROADER,year_shift,True,True,True
ntx3-000913-1,g-000913,hin_Latn,MEDIUM,BROADER,month_shift,True,True,True
ntx3-000913-1,g-000913,hin_Latn,MEDIUM,BROADER,scope_narrow,True,True,True
ntx3-000913-2,g-000913,tel_Latn,MEDIUM,BROADER,clean,False,False,False
ntx3-000913-2,g-000913,tel_Latn,MEDIUM,BROADER,vendor_shift,True,True,True
ntx3-000913-2,g-000913,tel_Latn,MEDIUM,BROADER,year_shift,True,True,True
ntx3-000913-2,g-000913,tel_Latn,MEDIUM,BROADER,month_shift,True,True,True
ntx3-000913-2,g-000913,tel_Latn,MEDIUM,BROADER,scope_narrow,True,True,True
ntx3-000913-3,g-000913,tel_Telu,MEDIUM,BROADER,clean,False,False,False
ntx3-000913-3,g-000913,tel_Telu,MEDIUM,BROADER,vendor_shift,True,True,True
ntx3-000913-3,g-000913,tel_Telu,MEDIUM,BROADER,year_shift,True,True,True
ntx3-000913-3,g-000913,tel_Telu,MEDIUM,BROADER,month_shift,True,True,True
ntx3-000913-3,g-000913,tel_Telu,MEDIUM,BROADER,scope_narrow,True,True,True
ntx3-001280-0,g-001280,eng_Latn,HIGH,BROADER,clean,False,False,False
ntx3-001280-0,g-001280,eng_Latn,HIGH,BROADER,vendor_shift,True,True,True
ntx3-001280-0,g-001280,eng_Latn,HIGH,BROADER,year_shift,True,True,True
ntx3-001280-0,g-001280,eng_Latn,HIGH,BROADER,month_shift,True,True,True
ntx3-001280-0,g-001280,eng_Latn,HIGH,BROADER,scope_narrow,True,True,True
ntx3-001280-1,g-001280,hin_Latn,HIGH,BROADER,clean,False,False,False
ntx3-001280-1,g-001280,hin_Latn,HIGH,BROADER,vendor_shift,True,True,True
ntx3-001280-1,g-001280,hin_Latn,HIGH,BROADER,year_shift,True,True,True
ntx3-001280-1,g-001280,hin_Latn,HIGH,BROADER,month_shift,True,True,True
ntx3-001280-1,g-001280,hin_Latn,HIGH,BROADER,scope_narrow,True,True,True
ntx3-001280-2,g-001280,tel_Latn,HIGH,BROADER,clean,False,False,False
ntx3-001280-2,g-001280,tel_Latn,HIGH,BROADER,vendor_shift,True,True,True
ntx3-001280-2,g-001280,tel_Latn,HIGH,BROADER,year_shift,True,True,True
ntx3-001280-2,g-001280,tel_Latn,HIGH,BROADER,month_shift,True,True,True
ntx3-001280-2,g-001280,tel_Latn,HIGH,BROADER,scope_narrow,True,True,True
ntx3-001280-3,g-001280,tel_Telu,HIGH,BROADER,clean,False,False,False
ntx3-001280-3,g-001280,tel_Telu,HIGH,BROADER,vendor_shift,True,True,True
ntx3-001280-3,g-001280,tel_Telu,HIGH,BROADER,year_shift,True,True,True
ntx3-001280-3,g-001280,tel_Telu,HIGH,BROADER,month_shift,True,True,True
ntx3-001280-3,g-001280,tel_Telu,HIGH,BROADER,scope_narrow,True,True,True
ntx3-001795-0,g-001795,eng_Latn,MEDIUM,BROADER,clean,False,False,False
ntx3-001795-0,g-001795,eng_Latn,MEDIUM,BROADER,vendor_shift,True,True,True
ntx3-001795-0,g-001795,eng_Latn,MEDIUM,BROADER,year_shift,True,True,True
ntx3-001795-0,g-001795,eng_Latn,MEDIUM,BROADER,month_shift,True,True,True
ntx3-001795-0,g-001795,eng_Latn,MEDIUM,BROADER,scope_narrow,True,True,True
ntx3-001795-1,g-001795,hin_Latn,MEDIUM,BROADER,clean,False,False,False
ntx3-001795-1,g-001795,hin_Latn,MEDIUM,BROADER,vendor_shift,True,True,True
ntx3-001795-1,g-001795,hin_Latn,MEDIUM,BROADER,year_shift,True,True,True
ntx3-001795-1,g-001795,hin_Latn,MEDIUM,BROADER,month_shift,True,True,True
ntx3-001795-1,g-001795,hin_Latn,MEDIUM,BROADER,scope_narrow,True,True,True
ntx3-001795-2,g-001795,tel_Latn,MEDIUM,BROADER,clean,False,False,False
ntx3-001795-2,g-001795,tel_Latn,MEDIUM,BROADER,vendor_shift,True,True,True
ntx3-001795-2,g-001795,tel_Latn,MEDIUM,BROADER,year_shift,True,True,True
ntx3-001795-2,g-001795,tel_Latn,MEDIUM,BROADER,month_shift,True,True,True
ntx3-001795-2,g-001795,tel_Latn,MEDIUM,BROADER,scope_narrow,True,True,True
ntx3-001795-3,g-001795,tel_Telu,MEDIUM,BROADER,clean,False,False,False
ntx3-001795-3,g-001795,tel_Telu,MEDIUM,BROADER,vendor_shift,True,True,True
ntx3-001795-3,g-001795,tel_Telu,MEDIUM,BROADER,year_shift,True,True,True
ntx3-001795-3,g-001795,tel_Telu,MEDIUM,BROADER,month_shift,True,True,True
ntx3-001795-3,g-001795,tel_Telu,MEDIUM,BROADER,scope_narrow,True,True,True
ntx3-000797-0,g-000797,eng_Latn,CRITICAL,BROADER,clean,False,False,False
ntx3-000797-0,g-000797,eng_Latn,CRITICAL,BROADER,vendor_shift,True,True,True
ntx3-000797-0,g-000797,eng_Latn,CRITICAL,BROADER,year_shift,True,True,True
ntx3-000797-0,g-000797,eng_Latn,CRITICAL,BROADER,month_shift,True,True,True
ntx3-000797-0,g-000797,eng_Latn,CRITICAL,BROADER,scope_narrow,True,True,True
ntx3-000797-1,g-000797,hin_Latn,CRITICAL,BROADER,clean,False,False,False
ntx3-000797-1,g-000797,hin_Latn,CRITICAL,BROADER,vendor_shift,True,True,True
ntx3-000797-1,g-000797,hin_Latn,CRITICAL,BROADER,year_shift,True,True,True
ntx3-000797-1,g-000797,hin_Latn,CRITICAL,BROADER,month_shift,True,True,True
ntx3-000797-1,g-000797,hin_Latn,CRITICAL,BROADER,scope_narrow,True,True,True
ntx3-000797-2,g-000797,tel_Latn,CRITICAL,BROADER,clean,False,False,False
ntx3-000797-2,g-000797,tel_Latn,CRITICAL,BROADER,vendor_shift,True,True,True
ntx3-000797-2,g-000797,tel_Latn,CRITICAL,BROADER,year_shift,True,True,True
ntx3-000797-2,g-000797,tel_Latn,CRITICAL,BROADER,month_shift,True,True,True
ntx3-000797-2,g-000797,tel_Latn,CRITICAL,BROADER,scope_narrow,True,True,True
ntx3-000797-3,g-000797,tel_Telu,CRITICAL,BROADER,clean,False,False,False
ntx3-000797-3,g-000797,tel_Telu,CRITICAL,BROADER,vendor_shift,True,True,True
ntx3-000797-3,g-000797,tel_Telu,CRITICAL,BROADER,year_shift,True,True,True
ntx3-000797-3,g-000797,tel_Telu,CRITICAL,BROADER,month_shift,True,True,True
ntx3-000797-3,g-000797,tel_Telu,CRITICAL,BROADER,scope_narrow,True,True,True
ntx3-000458-0,g-000458,eng_Latn,MEDIUM,BROADER,clean,False,False,False
ntx3-000458-0,g-000458,eng_Latn,MEDIUM,BROADER,vendor_shift,True,True,True
ntx3-000458-0,g-000458,eng_Latn,MEDIUM,BROADER,year_shift,True,True,True
ntx3-000458-0,g-000458,eng_Latn,MEDIUM,BROADER,month_shift,True,True,True
ntx3-000458-0,g-000458,eng_Latn,MEDIUM,BROADER,scope_narrow,True,True,True
ntx3-000458-1,g-000458,hin_Latn,MEDIUM,BROADER,clean,False,False,False
ntx3-000458-1,g-000458,hin_Latn,MEDIUM,BROADER,vendor_shift,True,True,True
ntx3-000458-1,g-000458,hin_Latn,MEDIUM,BROADER,year_shift,True,True,True
ntx3-000458-1,g-000458,hin_Latn,MEDIUM,BROADER,month_shift,True,True,True
ntx3-000458-1,g-000458,hin_Latn,MEDIUM,BROADER,scope_narrow,True,True,True
ntx3-000458-2,g-000458,tel_Latn,MEDIUM,BROADER,clean,False,False,False
ntx3-000458-2,g-000458,tel_Latn,MEDIUM,BROADER,vendor_shift,True,True,True
ntx3-000458-2,g-000458,tel_Latn,MEDIUM,BROADER,year_shift,True,True,True
ntx3-000458-2,g-000458,tel_Latn,MEDIUM,BROADER,month_shift,True,True,True
ntx3-000458-2,g-000458,tel_Latn,MEDIUM,BROADER,scope_narrow,True,True,True
ntx3-000458-3,g-000458,tel_Telu,MEDIUM,BROADER,clean,False,False,False
ntx3-000458-3,g-000458,tel_Telu,MEDIUM,BROADER,vendor_shift,True,True,True
ntx3-000458-3,g-000458,tel_Telu,MEDIUM,BROADER,year_shift,True,True,True
ntx3-000458-3,g-000458,tel_Telu,MEDIUM,BROADER,month_shift,True,True,True
ntx3-000458-3,g-000458,tel_Telu,MEDIUM,BROADER,scope_narrow,True,True,True
ntx3-000267-0,g-000267,eng_Latn,MEDIUM,BROADER,clean,False,False,False
ntx3-000267-0,g-000267,eng_Latn,MEDIUM,BROADER,vendor_shift,True,True,True
ntx3-000267-0,g-000267,eng_Latn,MEDIUM,BROADER,year_shift,True,True,True
ntx3-000267-0,g-000267,eng_Latn,MEDIUM,BROADER,month_shift,True,True,True
ntx3-000267-0,g-000267,eng_Latn,MEDIUM,BROADER,scope_narrow,True,True,True
ntx3-000267-1,g-000267,hin_Latn,MEDIUM,BROADER,clean,False,False,False
ntx3-000267-1,g-000267,hin_Latn,MEDIUM,BROADER,vendor_shift,True,True,True
ntx3-000267-1,g-000267,hin_Latn,MEDIUM,BROADER,year_shift,True,True,True
ntx3-000267-1,g-000267,hin_Latn,MEDIUM,BROADER,month_shift,True,True,True
ntx3-000267-1,g-000267,hin_Latn,MEDIUM,BROADER,scope_narrow,True,True,True
ntx3-000267-2,g-000267,tel_Latn,MEDIUM,BROADER,clean,False,False,False
ntx3-000267-2,g-000267,tel_Latn,MEDIUM,BROADER,vendor_shift,True,True,True
ntx3-000267-2,g-000267,tel_Latn,MEDIUM,BROADER,year_shift,True,True,True
ntx3-000267-2,g-000267,tel_Latn,MEDIUM,BROADER,month_shift,True,True,True
ntx3-000267-2,g-000267,tel_Latn,MEDIUM,BROADER,scope_narrow,True,True,True
ntx3-000267-3,g-000267,tel_Telu,MEDIUM,BROADER,clean,False,False,False
ntx3-000267-3,g-000267,tel_Telu,MEDIUM,BROADER,vendor_shift,True,True,True
ntx3-000267-3,g-000267,tel_Telu,MEDIUM,BROADER,year_shift,True,True,True
ntx3-000267-3,g-000267,tel_Telu,MEDIUM,BROADER,month_shift,True,True,True
ntx3-000267-3,g-000267,tel_Telu,MEDIUM,BROADER,scope_narrow,True,True,True
ntx3-002291-0,g-002291,eng_Latn,MEDIUM,BROADER,clean,False,False,False
ntx3-002291-0,g-002291,eng_Latn,MEDIUM,BROADER,vendor_shift,True,True,True
ntx3-002291-0,g-002291,eng_Latn,MEDIUM,BROADER,year_shift,True,True,True
ntx3-002291-0,g-002291,eng_Latn,MEDIUM,BROADER,month_shift,True,True,True
ntx3-002291-0,g-002291,eng_Latn,MEDIUM,BROADER,scope_narrow,True,True,True
ntx3-002291-1,g-002291,hin_Latn,MEDIUM,BROADER,clean,False,False,False
ntx3-002291-1,g-002291,hin_Latn,MEDIUM,BROADER,vendor_shift,True,True,True
ntx3-002291-1,g-002291,hin_Latn,MEDIUM,BROADER,year_shift,True,True,True
ntx3-002291-1,g-002291,hin_Latn,MEDIUM,BROADER,month_shift,True,True,True
ntx3-002291-1,g-002291,hin_Latn,MEDIUM,BROADER,scope_narrow,True,True,True
ntx3-002291-2,g-002291,tel_Latn,MEDIUM,BROADER,clean,False,False,False
ntx3-002291-2,g-002291,tel_Latn,MEDIUM,BROADER,vendor_shift,True,True,True
ntx3-002291-2,g-002291,tel_Latn,MEDIUM,BROADER,year_shift,True,True,True
ntx3-002291-2,g-002291,tel_Latn,MEDIUM,BROADER,month_shift,True,True,True
ntx3-002291-2,g-002291,tel_Latn,MEDIUM,BROADER,scope_narrow,True,True,True
ntx3-002291-3,g-002291,tel_Telu,MEDIUM,BROADER,clean,False,False,False
ntx3-002291-3,g-002291,tel_Telu,MEDIUM,BROADER,vendor_shift,True,True,True
ntx3-002291-3,g-002291,tel_Telu,MEDIUM,BROADER,year_shift,True,True,True
ntx3-002291-3,g-002291,tel_Telu,MEDIUM,BROADER,month_shift,True,True,True
ntx3-002291-3,g-002291,tel_Telu,MEDIUM,BROADER,scope_narrow,True,True,True
ntx3-001450-0,g-001450,eng_Latn,HIGH,BROADER,clean,False,False,False
ntx3-001450-0,g-001450,eng_Latn,HIGH,BROADER,vendor_shift,True,True,True
ntx3-001450-0,g-001450,eng_Latn,HIGH,BROADER,year_shift,True,True,True
ntx3-001450-0,g-001450,eng_Latn,HIGH,BROADER,month_shift,True,True,True
ntx3-001450-0,g-001450,eng_Latn,HIGH,BROADER,scope_narrow,True,True,True
ntx3-001450-1,g-001450,hin_Latn,HIGH,BROADER,clean,False,False,False
ntx3-001450-1,g-001450,hin_Latn,HIGH,BROADER,vendor_shift,True,True,True
ntx3-001450-1,g-001450,hin_Latn,HIGH,BROADER,year_shift,True,True,True
ntx3-001450-1,g-001450,hin_Latn,HIGH,BROADER,month_shift,True,True,True
ntx3-001450-1,g-001450,hin_Latn,HIGH,BROADER,scope_narrow,True,True,True
ntx3-001450-2,g-001450,tel_Latn,HIGH,BROADER,clean,False,False,False
ntx3-001450-2,g-001450,tel_Latn,HIGH,BROADER,vendor_shift,True,True,True
ntx3-001450-2,g-001450,tel_Latn,HIGH,BROADER,year_shift,True,True,True
ntx3-001450-2,g-001450,tel_Latn,HIGH,BROADER,month_shift,True,True,True
ntx3-001450-2,g-001450,tel_Latn,HIGH,BROADER,scope_narrow,True,True,True
ntx3-001450-3,g-001450,tel_Telu,HIGH,BROADER,clean,False,False,False
ntx3-001450-3,g-001450,tel_Telu,HIGH,BROADER,vendor_shift,True,True,True
ntx3-001450-3,g-001450,tel_Telu,HIGH,BROADER,year_shift,True,True,True
ntx3-001450-3,g-001450,tel_Telu,HIGH,BROADER,month_shift,True,True,True
ntx3-001450-3,g-001450,tel_Telu,HIGH,BROADER,scope_narrow,True,True,True
ntx3-000238-0,g-000238,eng_Latn,LOW,BROADER,clean,False,False,False
ntx3-000238-0,g-000238,eng_Latn,LOW,BROADER,vendor_shift,True,True,True
ntx3-000238-0,g-000238,eng_Latn,LOW,BROADER,year_shift,True,True,True
ntx3-000238-0,g-000238,eng_Latn,LOW,BROADER,month_shift,True,True,True
ntx3-000238-0,g-000238,eng_Latn,LOW,BROADER,scope_narrow,True,True,True
ntx3-000238-1,g-000238,hin_Latn,LOW,BROADER,clean,False,False,False
ntx3-000238-1,g-000238,hin_Latn,LOW,BROADER,vendor_shift,True,True,True
ntx3-000238-1,g-000238,hin_Latn,LOW,BROADER,year_shift,True,True,True
ntx3-000238-1,g-000238,hin_Latn,LOW,BROADER,month_shift,True,True,True
ntx3-000238-1,g-000238,hin_Latn,LOW,BROADER,scope_narrow,True,True,True
ntx3-000238-2,g-000238,tel_Latn,LOW,BROADER,clean,False,False,False
ntx3-000238-2,g-000238,tel_Latn,LOW,BROADER,vendor_shift,True,True,True
ntx3-000238-2,g-000238,tel_Latn,LOW,BROADER,year_shift,True,True,True
ntx3-000238-2,g-000238,tel_Latn,LOW,BROADER,month_shift,True,True,True
ntx3-000238-2,g-000238,tel_Latn,LOW,BROADER,scope_narrow,True,True,True
ntx3-000238-3,g-000238,tel_Telu,LOW,BROADER,clean,False,False,False
ntx3-000238-3,g-000238,tel_Telu,LOW,BROADER,vendor_shift,True,True,True
ntx3-000238-3,g-000238,tel_Telu,LOW,BROADER,year_shift,True,True,True
ntx3-000238-3,g-000238,tel_Telu,LOW,BROADER,month_shift,True,True,True
ntx3-000238-3,g-000238,tel_Telu,LOW,BROADER,scope_narrow,True,True,True
ntx3-001020-0,g-001020,eng_Latn,CRITICAL,BROADER,clean,False,False,False
ntx3-001020-0,g-001020,eng_Latn,CRITICAL,BROADER,vendor_shift,True,True,True
ntx3-001020-0,g-001020,eng_Latn,CRITICAL,BROADER,year_shift,True,True,True
ntx3-001020-0,g-001020,eng_Latn,CRITICAL,BROADER,month_shift,True,True,True
ntx3-001020-0,g-001020,eng_Latn,CRITICAL,BROADER,scope_narrow,True,True,True
ntx3-001020-1,g-001020,hin_Latn,CRITICAL,BROADER,clean,False,False,False
ntx3-001020-1,g-001020,hin_Latn,CRITICAL,BROADER,vendor_shift,True,True,True
ntx3-001020-1,g-001020,hin_Latn,CRITICAL,BROADER,year_shift,True,True,True
ntx3-001020-1,g-001020,hin_Latn,CRITICAL,BROADER,month_shift,True,True,True
ntx3-001020-1,g-001020,hin_Latn,CRITICAL,BROADER,scope_narrow,True,True,True
ntx3-001020-2,g-001020,tel_Latn,CRITICAL,BROADER,clean,False,False,False
ntx3-001020-2,g-001020,tel_Latn,CRITICAL,BROADER,vendor_shift,True,True,True
ntx3-001020-2,g-001020,tel_Latn,CRITICAL,BROADER,year_shift,True,True,True
ntx3-001020-2,g-001020,tel_Latn,CRITICAL,BROADER,month_shift,True,True,True
ntx3-001020-2,g-001020,tel_Latn,CRITICAL,BROADER,scope_narrow,True,True,True
ntx3-001020-3,g-001020,tel_Telu,CRITICAL,BROADER,clean,False,False,False
ntx3-001020-3,g-001020,tel_Telu,CRITICAL,BROADER,vendor_shift,True,True,True
ntx3-001020-3,g-001020,tel_Telu,CRITICAL,BROADER,year_shift,True,True,True
ntx3-001020-3,g-001020,tel_Telu,CRITICAL,BROADER,month_shift,True,True,True
ntx3-001020-3,g-001020,tel_Telu,CRITICAL,BROADER,scope_narrow,True,True,True
ntx3-001742-0,g-001742,eng_Latn,LOW,BROADER,clean,False,False,False
ntx3-001742-0,g-001742,eng_Latn,LOW,BROADER,vendor_shift,True,True,True
ntx3-001742-0,g-001742,eng_Latn,LOW,BROADER,year_shift,True,True,True
ntx3-001742-0,g-001742,eng_Latn,LOW,BROADER,month_shift,True,True,True
ntx3-001742-0,g-001742,eng_Latn,LOW,BROADER,scope_narrow,True,True,True
ntx3-001742-1,g-001742,hin_Latn,LOW,BROADER,clean,False,False,False
ntx3-001742-1,g-001742,hin_Latn,LOW,BROADER,vendor_shift,True,True,True
ntx3-001742-1,g-001742,hin_Latn,LOW,BROADER,year_shift,True,True,True
ntx3-001742-1,g-001742,hin_Latn,LOW,BROADER,month_shift,True,True,True
ntx3-001742-1,g-001742,hin_Latn,LOW,BROADER,scope_narrow,True,True,True
ntx3-001742-2,g-001742,tel_Latn,LOW,BROADER,clean,False,False,False
ntx3-001742-2,g-001742,tel_Latn,LOW,BROADER,vendor_shift,True,True,True
ntx3-001742-2,g-001742,tel_Latn,LOW,BROADER,year_shift,True,True,True
ntx3-001742-2,g-001742,tel_Latn,LOW,BROADER,month_shift,True,True,True
ntx3-001742-2,g-001742,tel_Latn,LOW,BROADER,scope_narrow,True,True,True
ntx3-001742-3,g-001742,tel_Telu,LOW,BROADER,clean,False,False,False
ntx3-001742-3,g-001742,tel_Telu,LOW,BROADER,vendor_shift,True,True,True
ntx3-001742-3,g-001742,tel_Telu,LOW,BROADER,year_shift,True,True,True
ntx3-001742-3,g-001742,tel_Telu,LOW,BROADER,month_shift,True,True,True
ntx3-001742-3,g-001742,tel_Telu,LOW,BROADER,scope_narrow,True,True,True
ntx3-000364-0,g-000364,eng_Latn,MEDIUM,BROADER,clean,False,False,False
ntx3-000364-0,g-000364,eng_Latn,MEDIUM,BROADER,vendor_shift,True,True,True
ntx3-000364-0,g-000364,eng_Latn,MEDIUM,BROADER,year_shift,True,True,True
ntx3-000364-0,g-000364,eng_Latn,MEDIUM,BROADER,month_shift,True,True,True
ntx3-000364-0,g-000364,eng_Latn,MEDIUM,BROADER,scope_narrow,True,True,True
ntx3-000364-1,g-000364,hin_Latn,MEDIUM,BROADER,clean,False,False,False
ntx3-000364-1,g-000364,hin_Latn,MEDIUM,BROADER,vendor_shift,True,True,True
ntx3-000364-1,g-000364,hin_Latn,MEDIUM,BROADER,year_shift,True,True,True
ntx3-000364-1,g-000364,hin_Latn,MEDIUM,BROADER,month_shift,True,True,True
ntx3-000364-1,g-000364,hin_Latn,MEDIUM,BROADER,scope_narrow,True,True,True
ntx3-000364-2,g-000364,tel_Latn,MEDIUM,BROADER,clean,False,False,False
ntx3-000364-2,g-000364,tel_Latn,MEDIUM,BROADER,vendor_shift,True,True,True
ntx3-000364-2,g-000364,tel_Latn,MEDIUM,BROADER,year_shift,True,True,True
ntx3-000364-2,g-000364,tel_Latn,MEDIUM,BROADER,month_shift,True,True,True
ntx3-000364-2,g-000364,tel_Latn,MEDIUM,BROADER,scope_narrow,True,True,True
ntx3-000364-3,g-000364,tel_Telu,MEDIUM,BROADER,clean,False,False,False
ntx3-000364-3,g-000364,tel_Telu,MEDIUM,BROADER,vendor_shift,True,True,True
ntx3-000364-3,g-000364,tel_Telu,MEDIUM,BROADER,year_shift,True,True,True
ntx3-000364-3,g-000364,tel_Telu,MEDIUM,BROADER,month_shift,True,True,True
ntx3-000364-3,g-000364,tel_Telu,MEDIUM,BROADER,scope_narrow,True,True,True
ntx3-002327-0,g-002327,eng_Latn,HIGH,BROADER,clean,False,False,False
ntx3-002327-0,g-002327,eng_Latn,HIGH,BROADER,vendor_shift,True,True,True
ntx3-002327-0,g-002327,eng_Latn,HIGH,BROADER,year_shift,True,True,True
ntx3-002327-0,g-002327,eng_Latn,HIGH,BROADER,month_shift,True,True,True
ntx3-002327-0,g-002327,eng_Latn,HIGH,BROADER,scope_narrow,True,True,True
ntx3-002327-1,g-002327,hin_Latn,HIGH,BROADER,clean,False,False,False
ntx3-002327-1,g-002327,hin_Latn,HIGH,BROADER,vendor_shift,True,True,True
ntx3-002327-1,g-002327,hin_Latn,HIGH,BROADER,year_shift,True,True,True
ntx3-002327-1,g-002327,hin_Latn,HIGH,BROADER,month_shift,True,True,True
ntx3-002327-1,g-002327,hin_Latn,HIGH,BROADER,scope_narrow,True,True,True
ntx3-002327-2,g-002327,tel_Latn,HIGH,BROADER,clean,False,False,False
ntx3-002327-2,g-002327,tel_Latn,HIGH,BROADER,vendor_shift,True,True,True
ntx3-002327-2,g-002327,tel_Latn,HIGH,BROADER,year_shift,True,True,True
ntx3-002327-2,g-002327,tel_Latn,HIGH,BROADER,month_shift,True,True,True
ntx3-002327-2,g-002327,tel_Latn,HIGH,BROADER,scope_narrow,True,True,True
ntx3-002327-3,g-002327,tel_Telu,HIGH,BROADER,clean,False,False,False
ntx3-002327-3,g-002327,tel_Telu,HIGH,BROADER,vendor_shift,True,True,True
ntx3-002327-3,g-002327,tel_Telu,HIGH,BROADER,year_shift,True,True,True
ntx3-002327-3,g-002327,tel_Telu,HIGH,BROADER,month_shift,True,True,True
ntx3-002327-3,g-002327,tel_Telu,HIGH,BROADER,scope_narrow,True,True,True
ntx3-001424-0,g-001424,eng_Latn,MEDIUM,BROADER,clean,False,False,False
ntx3-001424-0,g-001424,eng_Latn,MEDIUM,BROADER,vendor_shift,True,True,True
ntx3-001424-0,g-001424,eng_Latn,MEDIUM,BROADER,year_shift,True,True,True
ntx3-001424-0,g-001424,eng_Latn,MEDIUM,BROADER,month_shift,True,True,True
ntx3-001424-0,g-001424,eng_Latn,MEDIUM,BROADER,scope_narrow,True,True,True
ntx3-001424-1,g-001424,hin_Latn,MEDIUM,BROADER,clean,False,False,False
ntx3-001424-1,g-001424,hin_Latn,MEDIUM,BROADER,vendor_shift,True,True,True
ntx3-001424-1,g-001424,hin_Latn,MEDIUM,BROADER,year_shift,True,True,True
ntx3-001424-1,g-001424,hin_Latn,MEDIUM,BROADER,month_shift,True,True,True
ntx3-001424-1,g-001424,hin_Latn,MEDIUM,BROADER,scope_narrow,True,True,True
ntx3-001424-2,g-001424,tel_Latn,MEDIUM,BROADER,clean,False,False,False
ntx3-001424-2,g-001424,tel_Latn,MEDIUM,BROADER,vendor_shift,True,True,True
ntx3-001424-2,g-001424,tel_Latn,MEDIUM,BROADER,year_shift,True,True,True
ntx3-001424-2,g-001424,tel_Latn,MEDIUM,BROADER,month_shift,True,True,True
ntx3-001424-2,g-001424,tel_Latn,MEDIUM,BROADER,scope_narrow,True,True,True
ntx3-001424-3,g-001424,tel_Telu,MEDIUM,BROADER,clean,False,False,False
ntx3-001424-3,g-001424,tel_Telu,MEDIUM,BROADER,vendor_shift,True,True,True
ntx3-001424-3,g-001424,tel_Telu,MEDIUM,BROADER,year_shift,True,True,True
ntx3-001424-3,g-001424,tel_Telu,MEDIUM,BROADER,month_shift,True,True,True
ntx3-001424-3,g-001424,tel_Telu,MEDIUM,BROADER,scope_narrow,True,True,True
ntx3-000726-0,g-000726,eng_Latn,HIGH,BROADER,clean,False,False,False
ntx3-000726-0,g-000726,eng_Latn,HIGH,BROADER,vendor_shift,True,True,True
ntx3-000726-0,g-000726,eng_Latn,HIGH,BROADER,year_shift,True,True,True
ntx3-000726-0,g-000726,eng_Latn,HIGH,BROADER,month_shift,True,True,True
ntx3-000726-0,g-000726,eng_Latn,HIGH,BROADER,scope_narrow,True,True,True
ntx3-000726-1,g-000726,hin_Latn,HIGH,BROADER,clean,False,False,False
ntx3-000726-1,g-000726,hin_Latn,HIGH,BROADER,vendor_shift,True,True,True
ntx3-000726-1,g-000726,hin_Latn,HIGH,BROADER,year_shift,True,True,True
ntx3-000726-1,g-000726,hin_Latn,HIGH,BROADER,month_shift,True,True,True
ntx3-000726-1,g-000726,hin_Latn,HIGH,BROADER,scope_narrow,True,True,True
ntx3-000726-2,g-000726,tel_Latn,HIGH,BROADER,clean,False,False,False
ntx3-000726-2,g-000726,tel_Latn,HIGH,BROADER,vendor_shift,True,True,True
ntx3-000726-2,g-000726,tel_Latn,HIGH,BROADER,year_shift,True,True,True
ntx3-000726-2,g-000726,tel_Latn,HIGH,BROADER,month_shift,True,True,True
ntx3-000726-2,g-000726,tel_Latn,HIGH,BROADER,scope_narrow,True,True,True
ntx3-000726-3,g-000726,tel_Telu,HIGH,BROADER,clean,False,False,False
ntx3-000726-3,g-000726,tel_Telu,HIGH,BROADER,vendor_shift,True,True,True
ntx3-000726-3,g-000726,tel_Telu,HIGH,BROADER,year_shift,True,True,True
ntx3-000726-3,g-000726,tel_Telu,HIGH,BROADER,month_shift,True,True,True
ntx3-000726-3,g-000726,tel_Telu,HIGH,BROADER,scope_narrow,True,True,True
ntx3-000837-0,g-000837,eng_Latn,HIGH,BROADER,clean,False,False,False
ntx3-000837-0,g-000837,eng_Latn,HIGH,BROADER,vendor_shift,True,True,True
ntx3-000837-0,g-000837,eng_Latn,HIGH,BROADER,year_shift,True,True,True
ntx3-000837-0,g-000837,eng_Latn,HIGH,BROADER,month_shift,True,True,True
ntx3-000837-0,g-000837,eng_Latn,HIGH,BROADER,scope_narrow,True,True,True
ntx3-000837-1,g-000837,hin_Latn,HIGH,BROADER,clean,False,False,False
ntx3-000837-1,g-000837,hin_Latn,HIGH,BROADER,vendor_shift,True,True,True
ntx3-000837-1,g-000837,hin_Latn,HIGH,BROADER,year_shift,True,True,True
ntx3-000837-1,g-000837,hin_Latn,HIGH,BROADER,month_shift,True,True,True
ntx3-000837-1,g-000837,hin_Latn,HIGH,BROADER,scope_narrow,True,True,True
ntx3-000837-2,g-000837,tel_Latn,HIGH,BROADER,clean,False,False,False
ntx3-000837-2,g-000837,tel_Latn,HIGH,BROADER,vendor_shift,True,True,True
ntx3-000837-2,g-000837,tel_Latn,HIGH,BROADER,year_shift,True,True,True
ntx3-000837-2,g-000837,tel_Latn,HIGH,BROADER,month_shift,True,True,True
ntx3-000837-2,g-000837,tel_Latn,HIGH,BROADER,scope_narrow,True,True,True
ntx3-000837-3,g-000837,tel_Telu,HIGH,BROADER,clean,False,False,False
ntx3-000837-3,g-000837,tel_Telu,HIGH,BROADER,vendor_shift,True,True,True
ntx3-000837-3,g-000837,tel_Telu,HIGH,BROADER,year_shift,True,True,True
ntx3-000837-3,g-000837,tel_Telu,HIGH,BROADER,month_shift,True,True,True
ntx3-000837-3,g-000837,tel_Telu,HIGH,BROADER,scope_narrow,True,True,True
ntx3-002182-0,g-002182,eng_Latn,MEDIUM,BROADER,clean,False,False,False
ntx3-002182-0,g-002182,eng_Latn,MEDIUM,BROADER,vendor_shift,True,True,True
ntx3-002182-0,g-002182,eng_Latn,MEDIUM,BROADER,year_shift,True,True,True
ntx3-002182-0,g-002182,eng_Latn,MEDIUM,BROADER,month_shift,True,True,True
ntx3-002182-0,g-002182,eng_Latn,MEDIUM,BROADER,scope_narrow,True,True,True
ntx3-002182-1,g-002182,hin_Latn,MEDIUM,BROADER,clean,False,False,False
ntx3-002182-1,g-002182,hin_Latn,MEDIUM,BROADER,vendor_shift,True,True,True
ntx3-002182-1,g-002182,hin_Latn,MEDIUM,BROADER,year_shift,True,True,True
ntx3-002182-1,g-002182,hin_Latn,MEDIUM,BROADER,month_shift,True,True,True
ntx3-002182-1,g-002182,hin_Latn,MEDIUM,BROADER,scope_narrow,True,True,True
ntx3-002182-2,g-002182,tel_Latn,MEDIUM,BROADER,clean,False,False,False
ntx3-002182-2,g-002182,tel_Latn,MEDIUM,BROADER,vendor_shift,True,True,True
ntx3-002182-2,g-002182,tel_Latn,MEDIUM,BROADER,year_shift,True,True,True
ntx3-002182-2,g-002182,tel_Latn,MEDIUM,BROADER,month_shift,True,True,True
ntx3-002182-2,g-002182,tel_Latn,MEDIUM,BROADER,scope_narrow,True,True,True
ntx3-002182-3,g-002182,tel_Telu,MEDIUM,BROADER,clean,False,False,False
ntx3-002182-3,g-002182,tel_Telu,MEDIUM,BROADER,vendor_shift,True,True,True
ntx3-002182-3,g-002182,tel_Telu,MEDIUM,BROADER,year_shift,True,True,True
ntx3-002182-3,g-002182,tel_Telu,MEDIUM,BROADER,month_shift,True,True,True
ntx3-002182-3,g-002182,tel_Telu,MEDIUM,BROADER,scope_narrow,True,True,True
ntx3-000555-0,g-000555,eng_Latn,MEDIUM,BROADER,clean,False,False,False
ntx3-000555-0,g-000555,eng_Latn,MEDIUM,BROADER,vendor_shift,True,True,True
ntx3-000555-0,g-000555,eng_Latn,MEDIUM,BROADER,year_shift,True,True,True
ntx3-000555-0,g-000555,eng_Latn,MEDIUM,BROADER,month_shift,True,True,True
ntx3-000555-0,g-000555,eng_Latn,MEDIUM,BROADER,scope_narrow,True,True,True
ntx3-000555-1,g-000555,hin_Latn,MEDIUM,BROADER,clean,False,False,False
ntx3-000555-1,g-000555,hin_Latn,MEDIUM,BROADER,vendor_shift,True,True,True
ntx3-000555-1,g-000555,hin_Latn,MEDIUM,BROADER,year_shift,True,True,True
ntx3-000555-1,g-000555,hin_Latn,MEDIUM,BROADER,month_shift,True,True,True
ntx3-000555-1,g-000555,hin_Latn,MEDIUM,BROADER,scope_narrow,True,True,True
ntx3-000555-2,g-000555,tel_Latn,MEDIUM,BROADER,clean,False,False,False
ntx3-000555-2,g-000555,tel_Latn,MEDIUM,BROADER,vendor_shift,True,True,True
ntx3-000555-2,g-000555,tel_Latn,MEDIUM,BROADER,year_shift,True,True,True
ntx3-000555-2,g-000555,tel_Latn,MEDIUM,BROADER,month_shift,True,True,True
ntx3-000555-2,g-000555,tel_Latn,MEDIUM,BROADER,scope_narrow,True,True,True
ntx3-000555-3,g-000555,tel_Telu,MEDIUM,BROADER,clean,False,False,False
ntx3-000555-3,g-000555,tel_Telu,MEDIUM,BROADER,vendor_shift,True,True,True
ntx3-000555-3,g-000555,tel_Telu,MEDIUM,BROADER,year_shift,True,True,True
ntx3-000555-3,g-000555,tel_Telu,MEDIUM,BROADER,month_shift,True,True,True
ntx3-000555-3,g-000555,tel_Telu,MEDIUM,BROADER,scope_narrow,True,True,True
ntx3-002089-0,g-002089,eng_Latn,MEDIUM,BROADER,clean,False,False,False
ntx3-002089-0,g-002089,eng_Latn,MEDIUM,BROADER,vendor_shift,True,True,True
ntx3-002089-0,g-002089,eng_Latn,MEDIUM,BROADER,year_shift,True,True,True
ntx3-002089-0,g-002089,eng_Latn,MEDIUM,BROADER,month_shift,True,True,True
ntx3-002089-0,g-002089,eng_Latn,MEDIUM,BROADER,scope_narrow,True,True,True
ntx3-002089-1,g-002089,hin_Latn,MEDIUM,BROADER,clean,False,False,False
ntx3-002089-1,g-002089,hin_Latn,MEDIUM,BROADER,vendor_shift,True,True,True
ntx3-002089-1,g-002089,hin_Latn,MEDIUM,BROADER,year_shift,True,True,True
ntx3-002089-1,g-002089,hin_Latn,MEDIUM,BROADER,month_shift,True,True,True
ntx3-002089-1,g-002089,hin_Latn,MEDIUM,BROADER,scope_narrow,True,True,True
ntx3-002089-2,g-002089,tel_Latn,MEDIUM,BROADER,clean,False,False,False
ntx3-002089-2,g-002089,tel_Latn,MEDIUM,BROADER,vendor_shift,True,True,True
ntx3-002089-2,g-002089,tel_Latn,MEDIUM,BROADER,year_shift,True,True,True
ntx3-002089-2,g-002089,tel_Latn,MEDIUM,BROADER,month_shift,True,True,True
ntx3-002089-2,g-002089,tel_Latn,MEDIUM,BROADER,scope_narrow,True,True,True
ntx3-002089-3,g-002089,tel_Telu,MEDIUM,BROADER,clean,False,False,False
ntx3-002089-3,g-002089,tel_Telu,MEDIUM,BROADER,vendor_shift,True,True,True
ntx3-002089-3,g-002089,tel_Telu,MEDIUM,BROADER,year_shift,True,True,True
ntx3-002089-3,g-002089,tel_Telu,MEDIUM,BROADER,month_shift,True,True,True
ntx3-002089-3,g-002089,tel_Telu,MEDIUM,BROADER,scope_narrow,True,True,True
ntx3-001153-0,g-001153,eng_Latn,MEDIUM,BROADER,clean,False,False,False
ntx3-001153-0,g-001153,eng_Latn,MEDIUM,BROADER,vendor_shift,True,True,True
ntx3-001153-0,g-001153,eng_Latn,MEDIUM,BROADER,year_shift,True,True,True
ntx3-001153-0,g-001153,eng_Latn,MEDIUM,BROADER,month_shift,True,True,True
ntx3-001153-0,g-001153,eng_Latn,MEDIUM,BROADER,scope_narrow,True,True,True
ntx3-001153-1,g-001153,hin_Latn,MEDIUM,BROADER,clean,False,False,False
ntx3-001153-1,g-001153,hin_Latn,MEDIUM,BROADER,vendor_shift,True,True,True
ntx3-001153-1,g-001153,hin_Latn,MEDIUM,BROADER,year_shift,True,True,True
ntx3-001153-1,g-001153,hin_Latn,MEDIUM,BROADER,month_shift,True,True,True
ntx3-001153-1,g-001153,hin_Latn,MEDIUM,BROADER,scope_narrow,True,True,True
ntx3-001153-2,g-001153,tel_Latn,MEDIUM,BROADER,clean,False,False,False
ntx3-001153-2,g-001153,tel_Latn,MEDIUM,BROADER,vendor_shift,True,True,True
ntx3-001153-2,g-001153,tel_Latn,MEDIUM,BROADER,year_shift,True,True,True
ntx3-001153-2,g-001153,tel_Latn,MEDIUM,BROADER,month_shift,True,True,True
ntx3-001153-2,g-001153,tel_Latn,MEDIUM,BROADER,scope_narrow,True,True,True
ntx3-001153-3,g-001153,tel_Telu,MEDIUM,BROADER,clean,False,False,False
ntx3-001153-3,g-001153,tel_Telu,MEDIUM,BROADER,vendor_shift,True,True,True
ntx3-001153-3,g-001153,tel_Telu,MEDIUM,BROADER,year_shift,True,True,True
ntx3-001153-3,g-001153,tel_Telu,MEDIUM,BROADER,month_shift,True,True,True
ntx3-001153-3,g-001153,tel_Telu,MEDIUM,BROADER,scope_narrow,True,True,True
ntx3-001048-0,g-001048,eng_Latn,MEDIUM,BROADER,clean,False,False,False
ntx3-001048-0,g-001048,eng_Latn,MEDIUM,BROADER,vendor_shift,True,True,True
ntx3-001048-0,g-001048,eng_Latn,MEDIUM,BROADER,year_shift,True,True,True
ntx3-001048-0,g-001048,eng_Latn,MEDIUM,BROADER,month_shift,True,True,True
ntx3-001048-0,g-001048,eng_Latn,MEDIUM,BROADER,scope_narrow,True,True,True
ntx3-001048-1,g-001048,hin_Latn,MEDIUM,BROADER,clean,False,False,False
ntx3-001048-1,g-001048,hin_Latn,MEDIUM,BROADER,vendor_shift,True,True,True
ntx3-001048-1,g-001048,hin_Latn,MEDIUM,BROADER,year_shift,True,True,True
ntx3-001048-1,g-001048,hin_Latn,MEDIUM,BROADER,month_shift,True,True,True
ntx3-001048-1,g-001048,hin_Latn,MEDIUM,BROADER,scope_narrow,True,True,True
ntx3-001048-2,g-001048,tel_Latn,MEDIUM,BROADER,clean,False,False,False
ntx3-001048-2,g-001048,tel_Latn,MEDIUM,BROADER,vendor_shift,True,True,True
ntx3-001048-2,g-001048,tel_Latn,MEDIUM,BROADER,year_shift,True,True,True
ntx3-001048-2,g-001048,tel_Latn,MEDIUM,BROADER,month_shift,True,True,True
ntx3-001048-2,g-001048,tel_Latn,MEDIUM,BROADER,scope_narrow,True,True,True
ntx3-001048-3,g-001048,tel_Telu,MEDIUM,BROADER,clean,False,False,False
ntx3-001048-3,g-001048,tel_Telu,MEDIUM,BROADER,vendor_shift,True,True,True
ntx3-001048-3,g-001048,tel_Telu,MEDIUM,BROADER,year_shift,True,True,True
ntx3-001048-3,g-001048,tel_Telu,MEDIUM,BROADER,month_shift,True,True,True
ntx3-001048-3,g-001048,tel_Telu,MEDIUM,BROADER,scope_narrow,True,True,True
ntx3-001612-0,g-001612,eng_Latn,LOW,BROADER,clean,False,False,False
ntx3-001612-0,g-001612,eng_Latn,LOW,BROADER,vendor_shift,True,True,True
ntx3-001612-0,g-001612,eng_Latn,LOW,BROADER,year_shift,True,True,True
ntx3-001612-0,g-001612,eng_Latn,LOW,BROADER,month_shift,True,True,True
ntx3-001612-0,g-001612,eng_Latn,LOW,BROADER,scope_narrow,True,True,True
ntx3-001612-1,g-001612,hin_Latn,LOW,BROADER,clean,False,False,False
ntx3-001612-1,g-001612,hin_Latn,LOW,BROADER,vendor_shift,True,True,True
ntx3-001612-1,g-001612,hin_Latn,LOW,BROADER,year_shift,True,True,True
ntx3-001612-1,g-001612,hin_Latn,LOW,BROADER,month_shift,True,True,True
ntx3-001612-1,g-001612,hin_Latn,LOW,BROADER,scope_narrow,True,True,True
ntx3-001612-2,g-001612,tel_Latn,LOW,BROADER,clean,False,False,False
ntx3-001612-2,g-001612,tel_Latn,LOW,BROADER,vendor_shift,True,True,True
ntx3-001612-2,g-001612,tel_Latn,LOW,BROADER,year_shift,True,True,True
ntx3-001612-2,g-001612,tel_Latn,LOW,BROADER,month_shift,True,True,True
ntx3-001612-2,g-001612,tel_Latn,LOW,BROADER,scope_narrow,True,True,True
ntx3-001612-3,g-001612,tel_Telu,LOW,BROADER,clean,False,False,False
ntx3-001612-3,g-001612,tel_Telu,LOW,BROADER,vendor_shift,True,True,True
ntx3-001612-3,g-001612,tel_Telu,LOW,BROADER,year_shift,True,True,True
ntx3-001612-3,g-001612,tel_Telu,LOW,BROADER,month_shift,True,True,True
ntx3-001612-3,g-001612,tel_Telu,LOW,BROADER,scope_narrow,True,True,True
ntx3-000259-0,g-000259,eng_Latn,HIGH,BROADER,clean,False,False,False
ntx3-000259-0,g-000259,eng_Latn,HIGH,BROADER,vendor_shift,True,True,True
ntx3-000259-0,g-000259,eng_Latn,HIGH,BROADER,year_shift,True,True,True
ntx3-000259-0,g-000259,eng_Latn,HIGH,BROADER,month_shift,True,True,True
ntx3-000259-0,g-000259,eng_Latn,HIGH,BROADER,scope_narrow,True,True,True
ntx3-000259-1,g-000259,hin_Latn,HIGH,BROADER,clean,False,False,False
ntx3-000259-1,g-000259,hin_Latn,HIGH,BROADER,vendor_shift,True,True,True
ntx3-000259-1,g-000259,hin_Latn,HIGH,BROADER,year_shift,True,True,True
ntx3-000259-1,g-000259,hin_Latn,HIGH,BROADER,month_shift,True,True,True
ntx3-000259-1,g-000259,hin_Latn,HIGH,BROADER,scope_narrow,True,True,True
ntx3-000259-2,g-000259,tel_Latn,HIGH,BROADER,clean,False,False,False
ntx3-000259-2,g-000259,tel_Latn,HIGH,BROADER,vendor_shift,True,True,True
ntx3-000259-2,g-000259,tel_Latn,HIGH,BROADER,year_shift,True,True,True
ntx3-000259-2,g-000259,tel_Latn,HIGH,BROADER,month_shift,True,True,True
ntx3-000259-2,g-000259,tel_Latn,HIGH,BROADER,scope_narrow,True,True,True
ntx3-000259-3,g-000259,tel_Telu,HIGH,BROADER,clean,False,False,False
ntx3-000259-3,g-000259,tel_Telu,HIGH,BROADER,vendor_shift,True,True,True
ntx3-000259-3,g-000259,tel_Telu,HIGH,BROADER,year_shift,True,True,True
ntx3-000259-3,g-000259,tel_Telu,HIGH,BROADER,month_shift,True,True,True
ntx3-000259-3,g-000259,tel_Telu,HIGH,BROADER,scope_narrow,True,True,True
ntx3-000893-0,g-000893,eng_Latn,MEDIUM,BROADER,clean,False,False,False
ntx3-000893-0,g-000893,eng_Latn,MEDIUM,BROADER,vendor_shift,True,True,True
ntx3-000893-0,g-000893,eng_Latn,MEDIUM,BROADER,year_shift,True,True,True
ntx3-000893-0,g-000893,eng_Latn,MEDIUM,BROADER,month_shift,True,True,True
ntx3-000893-0,g-000893,eng_Latn,MEDIUM,BROADER,scope_narrow,True,True,True
ntx3-000893-1,g-000893,hin_Latn,MEDIUM,BROADER,clean,False,False,False
ntx3-000893-1,g-000893,hin_Latn,MEDIUM,BROADER,vendor_shift,True,True,True
ntx3-000893-1,g-000893,hin_Latn,MEDIUM,BROADER,year_shift,True,True,True
ntx3-000893-1,g-000893,hin_Latn,MEDIUM,BROADER,month_shift,True,True,True
ntx3-000893-1,g-000893,hin_Latn,MEDIUM,BROADER,scope_narrow,True,True,True
ntx3-000893-2,g-000893,tel_Latn,MEDIUM,BROADER,clean,False,False,False
ntx3-000893-2,g-000893,tel_Latn,MEDIUM,BROADER,vendor_shift,True,True,True
ntx3-000893-2,g-000893,tel_Latn,MEDIUM,BROADER,year_shift,True,True,True
ntx3-000893-2,g-000893,tel_Latn,MEDIUM,BROADER,month_shift,True,True,True
ntx3-000893-2,g-000893,tel_Latn,MEDIUM,BROADER,scope_narrow,True,True,True
ntx3-000893-3,g-000893,tel_Telu,MEDIUM,BROADER,clean,False,False,False
ntx3-000893-3,g-000893,tel_Telu,MEDIUM,BROADER,vendor_shift,True,True,True
ntx3-000893-3,g-000893,tel_Telu,MEDIUM,BROADER,year_shift,True,True,True
ntx3-000893-3,g-000893,tel_Telu,MEDIUM,BROADER,month_shift,True,True,True
ntx3-000893-3,g-000893,tel_Telu,MEDIUM,BROADER,scope_narrow,True,True,True
ntx3-001179-0,g-001179,eng_Latn,HIGH,BROADER,clean,False,False,False
ntx3-001179-0,g-001179,eng_Latn,HIGH,BROADER,vendor_shift,True,True,True
ntx3-001179-0,g-001179,eng_Latn,HIGH,BROADER,year_shift,True,True,True
ntx3-001179-0,g-001179,eng_Latn,HIGH,BROADER,month_shift,True,True,True
ntx3-001179-0,g-001179,eng_Latn,HIGH,BROADER,scope_narrow,True,True,True
ntx3-001179-1,g-001179,hin_Latn,HIGH,BROADER,clean,False,False,False
ntx3-001179-1,g-001179,hin_Latn,HIGH,BROADER,vendor_shift,True,True,True
ntx3-001179-1,g-001179,hin_Latn,HIGH,BROADER,year_shift,True,True,True
ntx3-001179-1,g-001179,hin_Latn,HIGH,BROADER,month_shift,True,True,True
ntx3-001179-1,g-001179,hin_Latn,HIGH,BROADER,scope_narrow,True,True,True
ntx3-001179-2,g-001179,tel_Latn,HIGH,BROADER,clean,False,False,False
ntx3-001179-2,g-001179,tel_Latn,HIGH,BROADER,vendor_shift,True,True,True
ntx3-001179-2,g-001179,tel_Latn,HIGH,BROADER,year_shift,True,True,True
ntx3-001179-2,g-001179,tel_Latn,HIGH,BROADER,month_shift,True,True,True
ntx3-001179-2,g-001179,tel_Latn,HIGH,BROADER,scope_narrow,True,True,True
ntx3-001179-3,g-001179,tel_Telu,HIGH,BROADER,clean,False,False,False
ntx3-001179-3,g-001179,tel_Telu,HIGH,BROADER,vendor_shift,True,True,True
ntx3-001179-3,g-001179,tel_Telu,HIGH,BROADER,year_shift,True,True,True
ntx3-001179-3,g-001179,tel_Telu,HIGH,BROADER,month_shift,True,True,True
ntx3-001179-3,g-001179,tel_Telu,HIGH,BROADER,scope_narrow,True,True,True
ntx3-001131-0,g-001131,eng_Latn,CRITICAL,BROADER,clean,False,False,False
ntx3-001131-0,g-001131,eng_Latn,CRITICAL,BROADER,vendor_shift,True,True,True
ntx3-001131-0,g-001131,eng_Latn,CRITICAL,BROADER,year_shift,True,True,True
ntx3-001131-0,g-001131,eng_Latn,CRITICAL,BROADER,month_shift,True,True,True
ntx3-001131-0,g-001131,eng_Latn,CRITICAL,BROADER,scope_narrow,True,True,True
ntx3-001131-1,g-001131,hin_Latn,CRITICAL,BROADER,clean,False,False,False
ntx3-001131-1,g-001131,hin_Latn,CRITICAL,BROADER,vendor_shift,True,True,True
ntx3-001131-1,g-001131,hin_Latn,CRITICAL,BROADER,year_shift,True,True,True
ntx3-001131-1,g-001131,hin_Latn,CRITICAL,BROADER,month_shift,True,True,True
ntx3-001131-1,g-001131,hin_Latn,CRITICAL,BROADER,scope_narrow,True,True,True
ntx3-001131-2,g-001131,tel_Latn,CRITICAL,BROADER,clean,False,False,False
ntx3-001131-2,g-001131,tel_Latn,CRITICAL,BROADER,vendor_shift,True,True,True
ntx3-001131-2,g-001131,tel_Latn,CRITICAL,BROADER,year_shift,True,True,True
ntx3-001131-2,g-001131,tel_Latn,CRITICAL,BROADER,month_shift,True,True,True
ntx3-001131-2,g-001131,tel_Latn,CRITICAL,BROADER,scope_narrow,True,True,True
ntx3-001131-3,g-001131,tel_Telu,CRITICAL,BROADER,clean,False,False,False
ntx3-001131-3,g-001131,tel_Telu,CRITICAL,BROADER,vendor_shift,True,True,True
ntx3-001131-3,g-001131,tel_Telu,CRITICAL,BROADER,year_shift,True,True,True
ntx3-001131-3,g-001131,tel_Telu,CRITICAL,BROADER,month_shift,True,True,True
ntx3-001131-3,g-001131,tel_Telu,CRITICAL,BROADER,scope_narrow,True,True,True
ntx3-001629-0,g-001629,eng_Latn,CRITICAL,BROADER,clean,False,False,False
ntx3-001629-0,g-001629,eng_Latn,CRITICAL,BROADER,vendor_shift,True,True,True
ntx3-001629-0,g-001629,eng_Latn,CRITICAL,BROADER,year_shift,True,True,True
ntx3-001629-0,g-001629,eng_Latn,CRITICAL,BROADER,month_shift,True,True,True
ntx3-001629-0,g-001629,eng_Latn,CRITICAL,BROADER,scope_narrow,True,True,True
ntx3-001629-1,g-001629,hin_Latn,CRITICAL,BROADER,clean,False,False,False
ntx3-001629-1,g-001629,hin_Latn,CRITICAL,BROADER,vendor_shift,True,True,True
ntx3-001629-1,g-001629,hin_Latn,CRITICAL,BROADER,year_shift,True,True,True
ntx3-001629-1,g-001629,hin_Latn,CRITICAL,BROADER,month_shift,True,True,True
ntx3-001629-1,g-001629,hin_Latn,CRITICAL,BROADER,scope_narrow,True,True,True
ntx3-001629-2,g-001629,tel_Latn,CRITICAL,BROADER,clean,False,False,False
ntx3-001629-2,g-001629,tel_Latn,CRITICAL,BROADER,vendor_shift,True,True,True
ntx3-001629-2,g-001629,tel_Latn,CRITICAL,BROADER,year_shift,True,True,True
ntx3-001629-2,g-001629,tel_Latn,CRITICAL,BROADER,month_shift,True,True,True
ntx3-001629-2,g-001629,tel_Latn,CRITICAL,BROADER,scope_narrow,True,True,True
ntx3-001629-3,g-001629,tel_Telu,CRITICAL,BROADER,clean,False,False,False
ntx3-001629-3,g-001629,tel_Telu,CRITICAL,BROADER,vendor_shift,True,True,True
ntx3-001629-3,g-001629,tel_Telu,CRITICAL,BROADER,year_shift,True,True,True
ntx3-001629-3,g-001629,tel_Telu,CRITICAL,BROADER,month_shift,True,True,True
ntx3-001629-3,g-001629,tel_Telu,CRITICAL,BROADER,scope_narrow,True,True,True
ntx3-002303-0,g-002303,eng_Latn,CRITICAL,BROADER,clean,False,False,False
ntx3-002303-0,g-002303,eng_Latn,CRITICAL,BROADER,vendor_shift,True,True,True
ntx3-002303-0,g-002303,eng_Latn,CRITICAL,BROADER,year_shift,True,True,True
ntx3-002303-0,g-002303,eng_Latn,CRITICAL,BROADER,month_shift,True,True,True
ntx3-002303-0,g-002303,eng_Latn,CRITICAL,BROADER,scope_narrow,True,True,True
ntx3-002303-1,g-002303,hin_Latn,CRITICAL,BROADER,clean,False,False,False
ntx3-002303-1,g-002303,hin_Latn,CRITICAL,BROADER,vendor_shift,True,True,True
ntx3-002303-1,g-002303,hin_Latn,CRITICAL,BROADER,year_shift,True,True,True
ntx3-002303-1,g-002303,hin_Latn,CRITICAL,BROADER,month_shift,True,True,True
ntx3-002303-1,g-002303,hin_Latn,CRITICAL,BROADER,scope_narrow,True,True,True
ntx3-002303-2,g-002303,tel_Latn,CRITICAL,BROADER,clean,False,False,False
ntx3-002303-2,g-002303,tel_Latn,CRITICAL,BROADER,vendor_shift,True,True,True
ntx3-002303-2,g-002303,tel_Latn,CRITICAL,BROADER,year_shift,True,True,True
ntx3-002303-2,g-002303,tel_Latn,CRITICAL,BROADER,month_shift,True,True,True
ntx3-002303-2,g-002303,tel_Latn,CRITICAL,BROADER,scope_narrow,True,True,True
ntx3-002303-3,g-002303,tel_Telu,CRITICAL,BROADER,clean,False,False,False
ntx3-002303-3,g-002303,tel_Telu,CRITICAL,BROADER,vendor_shift,True,True,True
ntx3-002303-3,g-002303,tel_Telu,CRITICAL,BROADER,year_shift,True,True,True
ntx3-002303-3,g-002303,tel_Telu,CRITICAL,BROADER,month_shift,True,True,True
ntx3-002303-3,g-002303,tel_Telu,CRITICAL,BROADER,scope_narrow,True,True,True
ntx3-001975-0,g-001975,eng_Latn,LOW,BROADER,clean,False,False,False
ntx3-001975-0,g-001975,eng_Latn,LOW,BROADER,vendor_shift,True,True,True
ntx3-001975-0,g-001975,eng_Latn,LOW,BROADER,year_shift,True,True,True
ntx3-001975-0,g-001975,eng_Latn,LOW,BROADER,month_shift,True,True,True
ntx3-001975-0,g-001975,eng_Latn,LOW,BROADER,scope_narrow,True,True,True
ntx3-001975-1,g-001975,hin_Latn,LOW,BROADER,clean,False,False,False
ntx3-001975-1,g-001975,hin_Latn,LOW,BROADER,vendor_shift,True,True,True
ntx3-001975-1,g-001975,hin_Latn,LOW,BROADER,year_shift,True,True,True
ntx3-001975-1,g-001975,hin_Latn,LOW,BROADER,month_shift,True,True,True
ntx3-001975-1,g-001975,hin_Latn,LOW,BROADER,scope_narrow,True,True,True
ntx3-001975-2,g-001975,tel_Latn,LOW,BROADER,clean,False,False,False
ntx3-001975-2,g-001975,tel_Latn,LOW,BROADER,vendor_shift,True,True,True
ntx3-001975-2,g-001975,tel_Latn,LOW,BROADER,year_shift,True,True,True
ntx3-001975-2,g-001975,tel_Latn,LOW,BROADER,month_shift,True,True,True
ntx3-001975-2,g-001975,tel_Latn,LOW,BROADER,scope_narrow,True,True,True
ntx3-001975-3,g-001975,tel_Telu,LOW,BROADER,clean,False,False,False
ntx3-001975-3,g-001975,tel_Telu,LOW,BROADER,vendor_shift,True,True,True
ntx3-001975-3,g-001975,tel_Telu,LOW,BROADER,year_shift,True,True,True
ntx3-001975-3,g-001975,tel_Telu,LOW,BROADER,month_shift,True,True,True
ntx3-001975-3,g-001975,tel_Telu,LOW,BROADER,scope_narrow,True,True,True
ntx3-002138-0,g-002138,eng_Latn,MEDIUM,BROADER,clean,False,False,False
ntx3-002138-0,g-002138,eng_Latn,MEDIUM,BROADER,vendor_shift,True,True,True
ntx3-002138-0,g-002138,eng_Latn,MEDIUM,BROADER,year_shift,True,True,True
ntx3-002138-0,g-002138,eng_Latn,MEDIUM,BROADER,month_shift,True,True,True
ntx3-002138-0,g-002138,eng_Latn,MEDIUM,BROADER,scope_narrow,True,True,True
ntx3-002138-1,g-002138,hin_Latn,MEDIUM,BROADER,clean,False,False,False
ntx3-002138-1,g-002138,hin_Latn,MEDIUM,BROADER,vendor_shift,True,True,True
ntx3-002138-1,g-002138,hin_Latn,MEDIUM,BROADER,year_shift,True,True,True
ntx3-002138-1,g-002138,hin_Latn,MEDIUM,BROADER,month_shift,True,True,True
ntx3-002138-1,g-002138,hin_Latn,MEDIUM,BROADER,scope_narrow,True,True,True
ntx3-002138-2,g-002138,tel_Latn,MEDIUM,BROADER,clean,False,False,False
ntx3-002138-2,g-002138,tel_Latn,MEDIUM,BROADER,vendor_shift,True,True,True
ntx3-002138-2,g-002138,tel_Latn,MEDIUM,BROADER,year_shift,True,True,True
ntx3-002138-2,g-002138,tel_Latn,MEDIUM,BROADER,month_shift,True,True,True
ntx3-002138-2,g-002138,tel_Latn,MEDIUM,BROADER,scope_narrow,True,True,True
ntx3-002138-3,g-002138,tel_Telu,MEDIUM,BROADER,clean,False,False,False
ntx3-002138-3,g-002138,tel_Telu,MEDIUM,BROADER,vendor_shift,True,True,True
ntx3-002138-3,g-002138,tel_Telu,MEDIUM,BROADER,year_shift,True,True,True
ntx3-002138-3,g-002138,tel_Telu,MEDIUM,BROADER,month_shift,True,True,True
ntx3-002138-3,g-002138,tel_Telu,MEDIUM,BROADER,scope_narrow,True,True,True
ntx3-000218-0,g-000218,eng_Latn,MEDIUM,BROADER,clean,False,False,False
ntx3-000218-0,g-000218,eng_Latn,MEDIUM,BROADER,vendor_shift,True,True,True
ntx3-000218-0,g-000218,eng_Latn,MEDIUM,BROADER,year_shift,True,True,True
ntx3-000218-0,g-000218,eng_Latn,MEDIUM,BROADER,month_shift,True,True,True
ntx3-000218-0,g-000218,eng_Latn,MEDIUM,BROADER,scope_narrow,True,True,True
ntx3-000218-1,g-000218,hin_Latn,MEDIUM,BROADER,clean,False,False,False
ntx3-000218-1,g-000218,hin_Latn,MEDIUM,BROADER,vendor_shift,True,True,True
ntx3-000218-1,g-000218,hin_Latn,MEDIUM,BROADER,year_shift,True,True,True
ntx3-000218-1,g-000218,hin_Latn,MEDIUM,BROADER,month_shift,True,True,True
ntx3-000218-1,g-000218,hin_Latn,MEDIUM,BROADER,scope_narrow,True,True,True
ntx3-000218-2,g-000218,tel_Latn,MEDIUM,BROADER,clean,False,False,False
ntx3-000218-2,g-000218,tel_Latn,MEDIUM,BROADER,vendor_shift,True,True,True
ntx3-000218-2,g-000218,tel_Latn,MEDIUM,BROADER,year_shift,True,True,True
ntx3-000218-2,g-000218,tel_Latn,MEDIUM,BROADER,month_shift,True,True,True
ntx3-000218-2,g-000218,tel_Latn,MEDIUM,BROADER,scope_narrow,True,True,True
ntx3-000218-3,g-000218,tel_Telu,MEDIUM,BROADER,clean,False,False,False
ntx3-000218-3,g-000218,tel_Telu,MEDIUM,BROADER,vendor_shift,True,True,True
ntx3-000218-3,g-000218,tel_Telu,MEDIUM,BROADER,year_shift,True,True,True
ntx3-000218-3,g-000218,tel_Telu,MEDIUM,BROADER,month_shift,True,True,True
ntx3-000218-3,g-000218,tel_Telu,MEDIUM,BROADER,scope_narrow,True,True,True
ntx3-001844-0,g-001844,eng_Latn,LOW,BROADER,clean,False,False,False
ntx3-001844-0,g-001844,eng_Latn,LOW,BROADER,vendor_shift,True,True,True
ntx3-001844-0,g-001844,eng_Latn,LOW,BROADER,year_shift,True,True,True
ntx3-001844-0,g-001844,eng_Latn,LOW,BROADER,month_shift,True,True,True
ntx3-001844-0,g-001844,eng_Latn,LOW,BROADER,scope_narrow,True,True,True
ntx3-001844-1,g-001844,hin_Latn,LOW,BROADER,clean,False,False,False
ntx3-001844-1,g-001844,hin_Latn,LOW,BROADER,vendor_shift,True,True,True
ntx3-001844-1,g-001844,hin_Latn,LOW,BROADER,year_shift,True,True,True
ntx3-001844-1,g-001844,hin_Latn,LOW,BROADER,month_shift,True,True,True
ntx3-001844-1,g-001844,hin_Latn,LOW,BROADER,scope_narrow,True,True,True
ntx3-001844-2,g-001844,tel_Latn,LOW,BROADER,clean,False,False,False
ntx3-001844-2,g-001844,tel_Latn,LOW,BROADER,vendor_shift,True,True,True
ntx3-001844-2,g-001844,tel_Latn,LOW,BROADER,year_shift,True,True,True
ntx3-001844-2,g-001844,tel_Latn,LOW,BROADER,month_shift,True,True,True
ntx3-001844-2,g-001844,tel_Latn,LOW,BROADER,scope_narrow,True,True,True
ntx3-001844-3,g-001844,tel_Telu,LOW,BROADER,clean,False,False,False
ntx3-001844-3,g-001844,tel_Telu,LOW,BROADER,vendor_shift,True,True,True
ntx3-001844-3,g-001844,tel_Telu,LOW,BROADER,year_shift,True,True,True
ntx3-001844-3,g-001844,tel_Telu,LOW,BROADER,month_shift,True,True,True
ntx3-001844-3,g-001844,tel_Telu,LOW,BROADER,scope_narrow,True,True,True
ntx3-000675-0,g-000675,eng_Latn,MEDIUM,NEGATED,clean,False,False,False
ntx3-000675-0,g-000675,eng_Latn,MEDIUM,NEGATED,vendor_shift,True,True,True
ntx3-000675-0,g-000675,eng_Latn,MEDIUM,NEGATED,year_shift,True,True,True
ntx3-000675-0,g-000675,eng_Latn,MEDIUM,NEGATED,month_shift,True,True,True
ntx3-000675-0,g-000675,eng_Latn,MEDIUM,NEGATED,negation_drop,True,True,True
ntx3-000675-0,g-000675,eng_Latn,MEDIUM,NEGATED,scope_broaden,True,False,True
ntx3-000675-0,g-000675,eng_Latn,MEDIUM,NEGATED,scope_broaden+vendor_shift,True,True,True
ntx3-000675-1,g-000675,hin_Latn,MEDIUM,NEGATED,clean,False,False,False
ntx3-000675-1,g-000675,hin_Latn,MEDIUM,NEGATED,vendor_shift,True,True,True
ntx3-000675-1,g-000675,hin_Latn,MEDIUM,NEGATED,year_shift,True,True,True
ntx3-000675-1,g-000675,hin_Latn,MEDIUM,NEGATED,month_shift,True,True,True
ntx3-000675-1,g-000675,hin_Latn,MEDIUM,NEGATED,negation_drop,True,True,True
ntx3-000675-1,g-000675,hin_Latn,MEDIUM,NEGATED,scope_broaden,True,False,True
ntx3-000675-1,g-000675,hin_Latn,MEDIUM,NEGATED,scope_broaden+vendor_shift,True,True,True
ntx3-000675-2,g-000675,tel_Latn,MEDIUM,NEGATED,clean,False,False,False
ntx3-000675-2,g-000675,tel_Latn,MEDIUM,NEGATED,vendor_shift,True,True,True
ntx3-000675-2,g-000675,tel_Latn,MEDIUM,NEGATED,year_shift,True,True,True
ntx3-000675-2,g-000675,tel_Latn,MEDIUM,NEGATED,month_shift,True,True,True
ntx3-000675-2,g-000675,tel_Latn,MEDIUM,NEGATED,negation_drop,True,True,True
ntx3-000675-2,g-000675,tel_Latn,MEDIUM,NEGATED,scope_broaden,True,False,True
ntx3-000675-2,g-000675,tel_Latn,MEDIUM,NEGATED,scope_broaden+vendor_shift,True,True,True
ntx3-000675-3,g-000675,tel_Telu,MEDIUM,NEGATED,clean,False,False,False
ntx3-000675-3,g-000675,tel_Telu,MEDIUM,NEGATED,vendor_shift,True,True,True
ntx3-000675-3,g-000675,tel_Telu,MEDIUM,NEGATED,year_shift,True,True,True
ntx3-000675-3,g-000675,tel_Telu,MEDIUM,NEGATED,month_shift,True,True,True
ntx3-000675-3,g-000675,tel_Telu,MEDIUM,NEGATED,negation_drop,True,True,True
ntx3-000675-3,g-000675,tel_Telu,MEDIUM,NEGATED,scope_broaden,True,False,True
ntx3-000675-3,g-000675,tel_Telu,MEDIUM,NEGATED,scope_broaden+vendor_shift,True,True,True
ntx3-000869-0,g-000869,eng_Latn,HIGH,NEGATED,clean,False,False,False
ntx3-000869-0,g-000869,eng_Latn,HIGH,NEGATED,vendor_shift,True,True,True
ntx3-000869-0,g-000869,eng_Latn,HIGH,NEGATED,year_shift,True,True,True
ntx3-000869-0,g-000869,eng_Latn,HIGH,NEGATED,month_shift,True,True,True
ntx3-000869-0,g-000869,eng_Latn,HIGH,NEGATED,negation_drop,True,True,True
ntx3-000869-0,g-000869,eng_Latn,HIGH,NEGATED,scope_broaden,True,False,True
ntx3-000869-0,g-000869,eng_Latn,HIGH,NEGATED,scope_broaden+vendor_shift,True,True,True
ntx3-000869-1,g-000869,hin_Latn,HIGH,NEGATED,clean,False,False,False
ntx3-000869-1,g-000869,hin_Latn,HIGH,NEGATED,vendor_shift,True,True,True
ntx3-000869-1,g-000869,hin_Latn,HIGH,NEGATED,year_shift,True,True,True
ntx3-000869-1,g-000869,hin_Latn,HIGH,NEGATED,month_shift,True,True,True
ntx3-000869-1,g-000869,hin_Latn,HIGH,NEGATED,negation_drop,True,True,True
ntx3-000869-1,g-000869,hin_Latn,HIGH,NEGATED,scope_broaden,True,False,True
ntx3-000869-1,g-000869,hin_Latn,HIGH,NEGATED,scope_broaden+vendor_shift,True,True,True
ntx3-000869-2,g-000869,tel_Latn,HIGH,NEGATED,clean,False,False,False
ntx3-000869-2,g-000869,tel_Latn,HIGH,NEGATED,vendor_shift,True,True,True
ntx3-000869-2,g-000869,tel_Latn,HIGH,NEGATED,year_shift,True,True,True
ntx3-000869-2,g-000869,tel_Latn,HIGH,NEGATED,month_shift,True,True,True
ntx3-000869-2,g-000869,tel_Latn,HIGH,NEGATED,negation_drop,True,True,True
ntx3-000869-2,g-000869,tel_Latn,HIGH,NEGATED,scope_broaden,True,False,True
ntx3-000869-2,g-000869,tel_Latn,HIGH,NEGATED,scope_broaden+vendor_shift,True,True,True
ntx3-000869-3,g-000869,tel_Telu,HIGH,NEGATED,clean,False,False,False
ntx3-000869-3,g-000869,tel_Telu,HIGH,NEGATED,vendor_shift,True,True,True
ntx3-000869-3,g-000869,tel_Telu,HIGH,NEGATED,year_shift,True,True,True
ntx3-000869-3,g-000869,tel_Telu,HIGH,NEGATED,month_shift,True,True,True
ntx3-000869-3,g-000869,tel_Telu,HIGH,NEGATED,negation_drop,True,True,True
ntx3-000869-3,g-000869,tel_Telu,HIGH,NEGATED,scope_broaden,True,False,True
ntx3-000869-3,g-000869,tel_Telu,HIGH,NEGATED,scope_broaden+vendor_shift,True,True,True
ntx3-000538-0,g-000538,eng_Latn,LOW,NEGATED,clean,False,False,False
ntx3-000538-0,g-000538,eng_Latn,LOW,NEGATED,vendor_shift,True,True,True
ntx3-000538-0,g-000538,eng_Latn,LOW,NEGATED,year_shift,True,True,True
ntx3-000538-0,g-000538,eng_Latn,LOW,NEGATED,month_shift,True,True,True
ntx3-000538-0,g-000538,eng_Latn,LOW,NEGATED,negation_drop,True,True,True
ntx3-000538-0,g-000538,eng_Latn,LOW,NEGATED,scope_broaden,True,False,True
ntx3-000538-0,g-000538,eng_Latn,LOW,NEGATED,scope_broaden+vendor_shift,True,True,True
ntx3-000538-1,g-000538,hin_Latn,LOW,NEGATED,clean,False,False,False
ntx3-000538-1,g-000538,hin_Latn,LOW,NEGATED,vendor_shift,True,True,True
ntx3-000538-1,g-000538,hin_Latn,LOW,NEGATED,year_shift,True,True,True
ntx3-000538-1,g-000538,hin_Latn,LOW,NEGATED,month_shift,True,True,True
ntx3-000538-1,g-000538,hin_Latn,LOW,NEGATED,negation_drop,True,True,True
ntx3-000538-1,g-000538,hin_Latn,LOW,NEGATED,scope_broaden,True,False,True
ntx3-000538-1,g-000538,hin_Latn,LOW,NEGATED,scope_broaden+vendor_shift,True,True,True
ntx3-000538-2,g-000538,tel_Latn,LOW,NEGATED,clean,False,False,False
ntx3-000538-2,g-000538,tel_Latn,LOW,NEGATED,vendor_shift,True,True,True
ntx3-000538-2,g-000538,tel_Latn,LOW,NEGATED,year_shift,True,True,True
ntx3-000538-2,g-000538,tel_Latn,LOW,NEGATED,month_shift,True,True,True
ntx3-000538-2,g-000538,tel_Latn,LOW,NEGATED,negation_drop,True,True,True
ntx3-000538-2,g-000538,tel_Latn,LOW,NEGATED,scope_broaden,True,False,True
ntx3-000538-2,g-000538,tel_Latn,LOW,NEGATED,scope_broaden+vendor_shift,True,True,True
ntx3-000538-3,g-000538,tel_Telu,LOW,NEGATED,clean,False,False,False
ntx3-000538-3,g-000538,tel_Telu,LOW,NEGATED,vendor_shift,True,True,True
ntx3-000538-3,g-000538,tel_Telu,LOW,NEGATED,year_shift,True,True,True
ntx3-000538-3,g-000538,tel_Telu,LOW,NEGATED,month_shift,True,True,True
ntx3-000538-3,g-000538,tel_Telu,LOW,NEGATED,negation_drop,True,True,True
ntx3-000538-3,g-000538,tel_Telu,LOW,NEGATED,scope_broaden,True,False,True
ntx3-000538-3,g-000538,tel_Telu,LOW,NEGATED,scope_broaden+vendor_shift,True,True,True
ntx3-002356-0,g-002356,eng_Latn,MEDIUM,NEGATED,clean,False,False,False
ntx3-002356-0,g-002356,eng_Latn,MEDIUM,NEGATED,vendor_shift,True,True,True
ntx3-002356-0,g-002356,eng_Latn,MEDIUM,NEGATED,year_shift,True,True,True
ntx3-002356-0,g-002356,eng_Latn,MEDIUM,NEGATED,month_shift,True,True,True
ntx3-002356-0,g-002356,eng_Latn,MEDIUM,NEGATED,negation_drop,True,True,True
ntx3-002356-0,g-002356,eng_Latn,MEDIUM,NEGATED,scope_broaden,True,False,True
ntx3-002356-0,g-002356,eng_Latn,MEDIUM,NEGATED,scope_broaden+vendor_shift,True,True,True
ntx3-002356-1,g-002356,hin_Latn,MEDIUM,NEGATED,clean,False,False,False
ntx3-002356-1,g-002356,hin_Latn,MEDIUM,NEGATED,vendor_shift,True,True,True
ntx3-002356-1,g-002356,hin_Latn,MEDIUM,NEGATED,year_shift,True,True,True
ntx3-002356-1,g-002356,hin_Latn,MEDIUM,NEGATED,month_shift,True,True,True
ntx3-002356-1,g-002356,hin_Latn,MEDIUM,NEGATED,negation_drop,True,True,True
ntx3-002356-1,g-002356,hin_Latn,MEDIUM,NEGATED,scope_broaden,True,False,True
ntx3-002356-1,g-002356,hin_Latn,MEDIUM,NEGATED,scope_broaden+vendor_shift,True,True,True
ntx3-002356-2,g-002356,tel_Latn,MEDIUM,NEGATED,clean,False,False,False
ntx3-002356-2,g-002356,tel_Latn,MEDIUM,NEGATED,vendor_shift,True,True,True
ntx3-002356-2,g-002356,tel_Latn,MEDIUM,NEGATED,year_shift,True,True,True
ntx3-002356-2,g-002356,tel_Latn,MEDIUM,NEGATED,month_shift,True,True,True
ntx3-002356-2,g-002356,tel_Latn,MEDIUM,NEGATED,negation_drop,True,True,True
ntx3-002356-2,g-002356,tel_Latn,MEDIUM,NEGATED,scope_broaden,True,False,True
ntx3-002356-2,g-002356,tel_Latn,MEDIUM,NEGATED,scope_broaden+vendor_shift,True,True,True
ntx3-002356-3,g-002356,tel_Telu,MEDIUM,NEGATED,clean,False,False,False
ntx3-002356-3,g-002356,tel_Telu,MEDIUM,NEGATED,vendor_shift,True,True,True
ntx3-002356-3,g-002356,tel_Telu,MEDIUM,NEGATED,year_shift,True,True,True
ntx3-002356-3,g-002356,tel_Telu,MEDIUM,NEGATED,month_shift,True,True,True
ntx3-002356-3,g-002356,tel_Telu,MEDIUM,NEGATED,negation_drop,True,True,True
ntx3-002356-3,g-002356,tel_Telu,MEDIUM,NEGATED,scope_broaden,True,False,True
ntx3-002356-3,g-002356,tel_Telu,MEDIUM,NEGATED,scope_broaden+vendor_shift,True,True,True
ntx3-001208-0,g-001208,eng_Latn,LOW,NEGATED,clean,False,False,False
ntx3-001208-0,g-001208,eng_Latn,LOW,NEGATED,vendor_shift,True,True,True
ntx3-001208-0,g-001208,eng_Latn,LOW,NEGATED,year_shift,True,True,True
ntx3-001208-0,g-001208,eng_Latn,LOW,NEGATED,month_shift,True,True,True
ntx3-001208-0,g-001208,eng_Latn,LOW,NEGATED,negation_drop,True,True,True
ntx3-001208-0,g-001208,eng_Latn,LOW,NEGATED,scope_broaden,True,False,True
ntx3-001208-0,g-001208,eng_Latn,LOW,NEGATED,scope_broaden+vendor_shift,True,True,True
ntx3-001208-1,g-001208,hin_Latn,LOW,NEGATED,clean,False,False,False
ntx3-001208-1,g-001208,hin_Latn,LOW,NEGATED,vendor_shift,True,True,True
ntx3-001208-1,g-001208,hin_Latn,LOW,NEGATED,year_shift,True,True,True
ntx3-001208-1,g-001208,hin_Latn,LOW,NEGATED,month_shift,True,True,True
ntx3-001208-1,g-001208,hin_Latn,LOW,NEGATED,negation_drop,True,True,True
ntx3-001208-1,g-001208,hin_Latn,LOW,NEGATED,scope_broaden,True,False,True
ntx3-001208-1,g-001208,hin_Latn,LOW,NEGATED,scope_broaden+vendor_shift,True,True,True
ntx3-001208-2,g-001208,tel_Latn,LOW,NEGATED,clean,False,False,False
ntx3-001208-2,g-001208,tel_Latn,LOW,NEGATED,vendor_shift,True,True,True
ntx3-001208-2,g-001208,tel_Latn,LOW,NEGATED,year_shift,True,True,True
ntx3-001208-2,g-001208,tel_Latn,LOW,NEGATED,month_shift,True,True,True
ntx3-001208-2,g-001208,tel_Latn,LOW,NEGATED,negation_drop,True,True,True
ntx3-001208-2,g-001208,tel_Latn,LOW,NEGATED,scope_broaden,True,False,True
ntx3-001208-2,g-001208,tel_Latn,LOW,NEGATED,scope_broaden+vendor_shift,True,True,True
ntx3-001208-3,g-001208,tel_Telu,LOW,NEGATED,clean,False,False,False
ntx3-001208-3,g-001208,tel_Telu,LOW,NEGATED,vendor_shift,True,True,True
ntx3-001208-3,g-001208,tel_Telu,LOW,NEGATED,year_shift,True,True,True
ntx3-001208-3,g-001208,tel_Telu,LOW,NEGATED,month_shift,True,True,True
ntx3-001208-3,g-001208,tel_Telu,LOW,NEGATED,negation_drop,True,True,True
ntx3-001208-3,g-001208,tel_Telu,LOW,NEGATED,scope_broaden,True,False,True
ntx3-001208-3,g-001208,tel_Telu,LOW,NEGATED,scope_broaden+vendor_shift,True,True,True
ntx3-002253-0,g-002253,eng_Latn,MEDIUM,NEGATED,clean,False,False,False
ntx3-002253-0,g-002253,eng_Latn,MEDIUM,NEGATED,vendor_shift,True,True,True
ntx3-002253-0,g-002253,eng_Latn,MEDIUM,NEGATED,year_shift,True,True,True
ntx3-002253-0,g-002253,eng_Latn,MEDIUM,NEGATED,month_shift,True,True,True
ntx3-002253-0,g-002253,eng_Latn,MEDIUM,NEGATED,negation_drop,True,True,True
ntx3-002253-0,g-002253,eng_Latn,MEDIUM,NEGATED,scope_broaden,True,False,True
ntx3-002253-0,g-002253,eng_Latn,MEDIUM,NEGATED,scope_broaden+vendor_shift,True,True,True
ntx3-002253-1,g-002253,hin_Latn,MEDIUM,NEGATED,clean,False,False,False
ntx3-002253-1,g-002253,hin_Latn,MEDIUM,NEGATED,vendor_shift,True,True,True
ntx3-002253-1,g-002253,hin_Latn,MEDIUM,NEGATED,year_shift,True,True,True
ntx3-002253-1,g-002253,hin_Latn,MEDIUM,NEGATED,month_shift,True,True,True
ntx3-002253-1,g-002253,hin_Latn,MEDIUM,NEGATED,negation_drop,True,True,True
ntx3-002253-1,g-002253,hin_Latn,MEDIUM,NEGATED,scope_broaden,True,False,True
ntx3-002253-1,g-002253,hin_Latn,MEDIUM,NEGATED,scope_broaden+vendor_shift,True,True,True
ntx3-002253-2,g-002253,tel_Latn,MEDIUM,NEGATED,clean,False,False,False
ntx3-002253-2,g-002253,tel_Latn,MEDIUM,NEGATED,vendor_shift,True,True,True
ntx3-002253-2,g-002253,tel_Latn,MEDIUM,NEGATED,year_shift,True,True,True
ntx3-002253-2,g-002253,tel_Latn,MEDIUM,NEGATED,month_shift,True,True,True
ntx3-002253-2,g-002253,tel_Latn,MEDIUM,NEGATED,negation_drop,True,True,True
ntx3-002253-2,g-002253,tel_Latn,MEDIUM,NEGATED,scope_broaden,True,False,True
ntx3-002253-2,g-002253,tel_Latn,MEDIUM,NEGATED,scope_broaden+vendor_shift,True,True,True
ntx3-002253-3,g-002253,tel_Telu,MEDIUM,NEGATED,clean,False,False,False
ntx3-002253-3,g-002253,tel_Telu,MEDIUM,NEGATED,vendor_shift,True,True,True
ntx3-002253-3,g-002253,tel_Telu,MEDIUM,NEGATED,year_shift,True,True,True
ntx3-002253-3,g-002253,tel_Telu,MEDIUM,NEGATED,month_shift,True,True,True
ntx3-002253-3,g-002253,tel_Telu,MEDIUM,NEGATED,negation_drop,True,True,True
ntx3-002253-3,g-002253,tel_Telu,MEDIUM,NEGATED,scope_broaden,True,False,True
ntx3-002253-3,g-002253,tel_Telu,MEDIUM,NEGATED,scope_broaden+vendor_shift,True,True,True
ntx3-002315-0,g-002315,eng_Latn,HIGH,NEGATED,clean,False,False,False
ntx3-002315-0,g-002315,eng_Latn,HIGH,NEGATED,vendor_shift,True,True,True
ntx3-002315-0,g-002315,eng_Latn,HIGH,NEGATED,year_shift,True,True,True
ntx3-002315-0,g-002315,eng_Latn,HIGH,NEGATED,month_shift,True,True,True
ntx3-002315-0,g-002315,eng_Latn,HIGH,NEGATED,negation_drop,True,True,True
ntx3-002315-0,g-002315,eng_Latn,HIGH,NEGATED,scope_broaden,True,False,True
ntx3-002315-0,g-002315,eng_Latn,HIGH,NEGATED,scope_broaden+vendor_shift,True,True,True
ntx3-002315-1,g-002315,hin_Latn,HIGH,NEGATED,clean,False,False,False
ntx3-002315-1,g-002315,hin_Latn,HIGH,NEGATED,vendor_shift,True,True,True
ntx3-002315-1,g-002315,hin_Latn,HIGH,NEGATED,year_shift,True,True,True
ntx3-002315-1,g-002315,hin_Latn,HIGH,NEGATED,month_shift,True,True,True
ntx3-002315-1,g-002315,hin_Latn,HIGH,NEGATED,negation_drop,True,True,True
ntx3-002315-1,g-002315,hin_Latn,HIGH,NEGATED,scope_broaden,True,False,True
ntx3-002315-1,g-002315,hin_Latn,HIGH,NEGATED,scope_broaden+vendor_shift,True,True,True
ntx3-002315-2,g-002315,tel_Latn,HIGH,NEGATED,clean,False,False,False
ntx3-002315-2,g-002315,tel_Latn,HIGH,NEGATED,vendor_shift,True,True,True
ntx3-002315-2,g-002315,tel_Latn,HIGH,NEGATED,year_shift,True,True,True
ntx3-002315-2,g-002315,tel_Latn,HIGH,NEGATED,month_shift,True,True,True
ntx3-002315-2,g-002315,tel_Latn,HIGH,NEGATED,negation_drop,True,True,True
ntx3-002315-2,g-002315,tel_Latn,HIGH,NEGATED,scope_broaden,True,False,True
ntx3-002315-2,g-002315,tel_Latn,HIGH,NEGATED,scope_broaden+vendor_shift,True,True,True
ntx3-002315-3,g-002315,tel_Telu,HIGH,NEGATED,clean,False,False,False
ntx3-002315-3,g-002315,tel_Telu,HIGH,NEGATED,vendor_shift,True,True,True
ntx3-002315-3,g-002315,tel_Telu,HIGH,NEGATED,year_shift,True,True,True
ntx3-002315-3,g-002315,tel_Telu,HIGH,NEGATED,month_shift,True,True,True
ntx3-002315-3,g-002315,tel_Telu,HIGH,NEGATED,negation_drop,True,True,True
ntx3-002315-3,g-002315,tel_Telu,HIGH,NEGATED,scope_broaden,True,False,True
ntx3-002315-3,g-002315,tel_Telu,HIGH,NEGATED,scope_broaden+vendor_shift,True,True,True
ntx3-001810-0,g-001810,eng_Latn,MEDIUM,NEGATED,clean,False,False,False
ntx3-001810-0,g-001810,eng_Latn,MEDIUM,NEGATED,vendor_shift,True,True,True
ntx3-001810-0,g-001810,eng_Latn,MEDIUM,NEGATED,year_shift,True,True,True
ntx3-001810-0,g-001810,eng_Latn,MEDIUM,NEGATED,month_shift,True,True,True
ntx3-001810-0,g-001810,eng_Latn,MEDIUM,NEGATED,negation_drop,True,True,True
ntx3-001810-0,g-001810,eng_Latn,MEDIUM,NEGATED,scope_broaden,True,False,True
ntx3-001810-0,g-001810,eng_Latn,MEDIUM,NEGATED,scope_broaden+vendor_shift,True,True,True
ntx3-001810-1,g-001810,hin_Latn,MEDIUM,NEGATED,clean,False,False,False
ntx3-001810-1,g-001810,hin_Latn,MEDIUM,NEGATED,vendor_shift,True,True,True
ntx3-001810-1,g-001810,hin_Latn,MEDIUM,NEGATED,year_shift,True,True,True
ntx3-001810-1,g-001810,hin_Latn,MEDIUM,NEGATED,month_shift,True,True,True
ntx3-001810-1,g-001810,hin_Latn,MEDIUM,NEGATED,negation_drop,True,True,True
ntx3-001810-1,g-001810,hin_Latn,MEDIUM,NEGATED,scope_broaden,True,False,True
ntx3-001810-1,g-001810,hin_Latn,MEDIUM,NEGATED,scope_broaden+vendor_shift,True,True,True
ntx3-001810-2,g-001810,tel_Latn,MEDIUM,NEGATED,clean,False,False,False
ntx3-001810-2,g-001810,tel_Latn,MEDIUM,NEGATED,vendor_shift,True,True,True
ntx3-001810-2,g-001810,tel_Latn,MEDIUM,NEGATED,year_shift,True,True,True
ntx3-001810-2,g-001810,tel_Latn,MEDIUM,NEGATED,month_shift,True,True,True
ntx3-001810-2,g-001810,tel_Latn,MEDIUM,NEGATED,negation_drop,True,True,True
ntx3-001810-2,g-001810,tel_Latn,MEDIUM,NEGATED,scope_broaden,True,False,True
ntx3-001810-2,g-001810,tel_Latn,MEDIUM,NEGATED,scope_broaden+vendor_shift,True,True,True
ntx3-001810-3,g-001810,tel_Telu,MEDIUM,NEGATED,clean,False,False,False
ntx3-001810-3,g-001810,tel_Telu,MEDIUM,NEGATED,vendor_shift,True,True,True
ntx3-001810-3,g-001810,tel_Telu,MEDIUM,NEGATED,year_shift,True,True,True
ntx3-001810-3,g-001810,tel_Telu,MEDIUM,NEGATED,month_shift,True,True,True
ntx3-001810-3,g-001810,tel_Telu,MEDIUM,NEGATED,negation_drop,True,True,True
ntx3-001810-3,g-001810,tel_Telu,MEDIUM,NEGATED,scope_broaden,True,False,True
ntx3-001810-3,g-001810,tel_Telu,MEDIUM,NEGATED,scope_broaden+vendor_shift,True,True,True
ntx3-001039-0,g-001039,eng_Latn,HIGH,NEGATED,clean,False,False,False
ntx3-001039-0,g-001039,eng_Latn,HIGH,NEGATED,vendor_shift,True,True,True
ntx3-001039-0,g-001039,eng_Latn,HIGH,NEGATED,year_shift,True,True,True
ntx3-001039-0,g-001039,eng_Latn,HIGH,NEGATED,month_shift,True,True,True
ntx3-001039-0,g-001039,eng_Latn,HIGH,NEGATED,negation_drop,True,True,True
ntx3-001039-0,g-001039,eng_Latn,HIGH,NEGATED,scope_broaden,True,False,True
ntx3-001039-0,g-001039,eng_Latn,HIGH,NEGATED,scope_broaden+vendor_shift,True,True,True
ntx3-001039-1,g-001039,hin_Latn,HIGH,NEGATED,clean,False,False,False
ntx3-001039-1,g-001039,hin_Latn,HIGH,NEGATED,vendor_shift,True,True,True
ntx3-001039-1,g-001039,hin_Latn,HIGH,NEGATED,year_shift,True,True,True
ntx3-001039-1,g-001039,hin_Latn,HIGH,NEGATED,month_shift,True,True,True
ntx3-001039-1,g-001039,hin_Latn,HIGH,NEGATED,negation_drop,True,True,True
ntx3-001039-1,g-001039,hin_Latn,HIGH,NEGATED,scope_broaden,True,False,True
ntx3-001039-1,g-001039,hin_Latn,HIGH,NEGATED,scope_broaden+vendor_shift,True,True,True
ntx3-001039-2,g-001039,tel_Latn,HIGH,NEGATED,clean,False,False,False
ntx3-001039-2,g-001039,tel_Latn,HIGH,NEGATED,vendor_shift,True,True,True
ntx3-001039-2,g-001039,tel_Latn,HIGH,NEGATED,year_shift,True,True,True
ntx3-001039-2,g-001039,tel_Latn,HIGH,NEGATED,month_shift,True,True,True
ntx3-001039-2,g-001039,tel_Latn,HIGH,NEGATED,negation_drop,True,True,True
ntx3-001039-2,g-001039,tel_Latn,HIGH,NEGATED,scope_broaden,True,False,True
ntx3-001039-2,g-001039,tel_Latn,HIGH,NEGATED,scope_broaden+vendor_shift,True,True,True
ntx3-001039-3,g-001039,tel_Telu,HIGH,NEGATED,clean,False,False,False
ntx3-001039-3,g-001039,tel_Telu,HIGH,NEGATED,vendor_shift,True,True,True
ntx3-001039-3,g-001039,tel_Telu,HIGH,NEGATED,year_shift,True,True,True
ntx3-001039-3,g-001039,tel_Telu,HIGH,NEGATED,month_shift,True,True,True
ntx3-001039-3,g-001039,tel_Telu,HIGH,NEGATED,negation_drop,True,True,True
ntx3-001039-3,g-001039,tel_Telu,HIGH,NEGATED,scope_broaden,True,False,True
ntx3-001039-3,g-001039,tel_Telu,HIGH,NEGATED,scope_broaden+vendor_shift,True,True,True
ntx3-001445-0,g-001445,eng_Latn,HIGH,NEGATED,clean,False,False,False
ntx3-001445-0,g-001445,eng_Latn,HIGH,NEGATED,vendor_shift,True,True,True
ntx3-001445-0,g-001445,eng_Latn,HIGH,NEGATED,year_shift,True,True,True
ntx3-001445-0,g-001445,eng_Latn,HIGH,NEGATED,month_shift,True,True,True
ntx3-001445-0,g-001445,eng_Latn,HIGH,NEGATED,negation_drop,True,True,True
ntx3-001445-0,g-001445,eng_Latn,HIGH,NEGATED,scope_broaden,True,False,True
ntx3-001445-0,g-001445,eng_Latn,HIGH,NEGATED,scope_broaden+vendor_shift,True,True,True
ntx3-001445-1,g-001445,hin_Latn,HIGH,NEGATED,clean,False,False,False
ntx3-001445-1,g-001445,hin_Latn,HIGH,NEGATED,vendor_shift,True,True,True
ntx3-001445-1,g-001445,hin_Latn,HIGH,NEGATED,year_shift,True,True,True
ntx3-001445-1,g-001445,hin_Latn,HIGH,NEGATED,month_shift,True,True,True
ntx3-001445-1,g-001445,hin_Latn,HIGH,NEGATED,negation_drop,True,True,True
ntx3-001445-1,g-001445,hin_Latn,HIGH,NEGATED,scope_broaden,True,False,True
ntx3-001445-1,g-001445,hin_Latn,HIGH,NEGATED,scope_broaden+vendor_shift,True,True,True
ntx3-001445-2,g-001445,tel_Latn,HIGH,NEGATED,clean,False,False,False
ntx3-001445-2,g-001445,tel_Latn,HIGH,NEGATED,vendor_shift,True,True,True
ntx3-001445-2,g-001445,tel_Latn,HIGH,NEGATED,year_shift,True,True,True
ntx3-001445-2,g-001445,tel_Latn,HIGH,NEGATED,month_shift,True,True,True
ntx3-001445-2,g-001445,tel_Latn,HIGH,NEGATED,negation_drop,True,True,True
ntx3-001445-2,g-001445,tel_Latn,HIGH,NEGATED,scope_broaden,True,False,True
ntx3-001445-2,g-001445,tel_Latn,HIGH,NEGATED,scope_broaden+vendor_shift,True,True,True
ntx3-001445-3,g-001445,tel_Telu,HIGH,NEGATED,clean,False,False,False
ntx3-001445-3,g-001445,tel_Telu,HIGH,NEGATED,vendor_shift,True,True,True
ntx3-001445-3,g-001445,tel_Telu,HIGH,NEGATED,year_shift,True,True,True
ntx3-001445-3,g-001445,tel_Telu,HIGH,NEGATED,month_shift,True,True,True
ntx3-001445-3,g-001445,tel_Telu,HIGH,NEGATED,negation_drop,True,True,True
ntx3-001445-3,g-001445,tel_Telu,HIGH,NEGATED,scope_broaden,True,False,True
ntx3-001445-3,g-001445,tel_Telu,HIGH,NEGATED,scope_broaden+vendor_shift,True,True,True
ntx3-000812-0,g-000812,eng_Latn,LOW,NEGATED,clean,False,False,False
ntx3-000812-0,g-000812,eng_Latn,LOW,NEGATED,vendor_shift,True,True,True
ntx3-000812-0,g-000812,eng_Latn,LOW,NEGATED,year_shift,True,True,True
ntx3-000812-0,g-000812,eng_Latn,LOW,NEGATED,month_shift,True,True,True
ntx3-000812-0,g-000812,eng_Latn,LOW,NEGATED,negation_drop,True,True,True
ntx3-000812-0,g-000812,eng_Latn,LOW,NEGATED,scope_broaden,True,False,True
ntx3-000812-0,g-000812,eng_Latn,LOW,NEGATED,scope_broaden+vendor_shift,True,True,True
ntx3-000812-1,g-000812,hin_Latn,LOW,NEGATED,clean,False,False,False
ntx3-000812-1,g-000812,hin_Latn,LOW,NEGATED,vendor_shift,True,True,True
ntx3-000812-1,g-000812,hin_Latn,LOW,NEGATED,year_shift,True,True,True
ntx3-000812-1,g-000812,hin_Latn,LOW,NEGATED,month_shift,True,True,True
ntx3-000812-1,g-000812,hin_Latn,LOW,NEGATED,negation_drop,True,True,True
ntx3-000812-1,g-000812,hin_Latn,LOW,NEGATED,scope_broaden,True,False,True
ntx3-000812-1,g-000812,hin_Latn,LOW,NEGATED,scope_broaden+vendor_shift,True,True,True
ntx3-000812-2,g-000812,tel_Latn,LOW,NEGATED,clean,False,False,False
ntx3-000812-2,g-000812,tel_Latn,LOW,NEGATED,vendor_shift,True,True,True
ntx3-000812-2,g-000812,tel_Latn,LOW,NEGATED,year_shift,True,True,True
ntx3-000812-2,g-000812,tel_Latn,LOW,NEGATED,month_shift,True,True,True
ntx3-000812-2,g-000812,tel_Latn,LOW,NEGATED,negation_drop,True,True,True
ntx3-000812-2,g-000812,tel_Latn,LOW,NEGATED,scope_broaden,True,False,True
ntx3-000812-2,g-000812,tel_Latn,LOW,NEGATED,scope_broaden+vendor_shift,True,True,True
ntx3-000812-3,g-000812,tel_Telu,LOW,NEGATED,clean,False,False,False
ntx3-000812-3,g-000812,tel_Telu,LOW,NEGATED,vendor_shift,True,True,True
ntx3-000812-3,g-000812,tel_Telu,LOW,NEGATED,year_shift,True,True,True
ntx3-000812-3,g-000812,tel_Telu,LOW,NEGATED,month_shift,True,True,True
ntx3-000812-3,g-000812,tel_Telu,LOW,NEGATED,negation_drop,True,True,True
ntx3-000812-3,g-000812,tel_Telu,LOW,NEGATED,scope_broaden,True,False,True
ntx3-000812-3,g-000812,tel_Telu,LOW,NEGATED,scope_broaden+vendor_shift,True,True,True
ntx3-000795-0,g-000795,eng_Latn,MEDIUM,NEGATED,clean,False,False,False
ntx3-000795-0,g-000795,eng_Latn,MEDIUM,NEGATED,vendor_shift,True,True,True
ntx3-000795-0,g-000795,eng_Latn,MEDIUM,NEGATED,year_shift,True,True,True
ntx3-000795-0,g-000795,eng_Latn,MEDIUM,NEGATED,month_shift,True,True,True
ntx3-000795-0,g-000795,eng_Latn,MEDIUM,NEGATED,negation_drop,True,True,True
ntx3-000795-0,g-000795,eng_Latn,MEDIUM,NEGATED,scope_broaden,True,False,True
ntx3-000795-0,g-000795,eng_Latn,MEDIUM,NEGATED,scope_broaden+vendor_shift,True,True,True
ntx3-000795-1,g-000795,hin_Latn,MEDIUM,NEGATED,clean,False,False,False
ntx3-000795-1,g-000795,hin_Latn,MEDIUM,NEGATED,vendor_shift,True,True,True
ntx3-000795-1,g-000795,hin_Latn,MEDIUM,NEGATED,year_shift,True,True,True
ntx3-000795-1,g-000795,hin_Latn,MEDIUM,NEGATED,month_shift,True,True,True
ntx3-000795-1,g-000795,hin_Latn,MEDIUM,NEGATED,negation_drop,True,True,True
ntx3-000795-1,g-000795,hin_Latn,MEDIUM,NEGATED,scope_broaden,True,False,True
ntx3-000795-1,g-000795,hin_Latn,MEDIUM,NEGATED,scope_broaden+vendor_shift,True,True,True
ntx3-000795-2,g-000795,tel_Latn,MEDIUM,NEGATED,clean,False,False,False
ntx3-000795-2,g-000795,tel_Latn,MEDIUM,NEGATED,vendor_shift,True,True,True
ntx3-000795-2,g-000795,tel_Latn,MEDIUM,NEGATED,year_shift,True,True,True
ntx3-000795-2,g-000795,tel_Latn,MEDIUM,NEGATED,month_shift,True,True,True
ntx3-000795-2,g-000795,tel_Latn,MEDIUM,NEGATED,negation_drop,True,True,True
ntx3-000795-2,g-000795,tel_Latn,MEDIUM,NEGATED,scope_broaden,True,False,True
ntx3-000795-2,g-000795,tel_Latn,MEDIUM,NEGATED,scope_broaden+vendor_shift,True,True,True
ntx3-000795-3,g-000795,tel_Telu,MEDIUM,NEGATED,clean,False,False,False
ntx3-000795-3,g-000795,tel_Telu,MEDIUM,NEGATED,vendor_shift,True,True,True
ntx3-000795-3,g-000795,tel_Telu,MEDIUM,NEGATED,year_shift,True,True,True
ntx3-000795-3,g-000795,tel_Telu,MEDIUM,NEGATED,month_shift,True,True,True
ntx3-000795-3,g-000795,tel_Telu,MEDIUM,NEGATED,negation_drop,True,True,True
ntx3-000795-3,g-000795,tel_Telu,MEDIUM,NEGATED,scope_broaden,True,False,True
ntx3-000795-3,g-000795,tel_Telu,MEDIUM,NEGATED,scope_broaden+vendor_shift,True,True,True
ntx3-001564-0,g-001564,eng_Latn,MEDIUM,NEGATED,clean,False,False,False
ntx3-001564-0,g-001564,eng_Latn,MEDIUM,NEGATED,vendor_shift,True,True,True
ntx3-001564-0,g-001564,eng_Latn,MEDIUM,NEGATED,year_shift,True,True,True
ntx3-001564-0,g-001564,eng_Latn,MEDIUM,NEGATED,month_shift,True,True,True
ntx3-001564-0,g-001564,eng_Latn,MEDIUM,NEGATED,negation_drop,True,True,True
ntx3-001564-0,g-001564,eng_Latn,MEDIUM,NEGATED,scope_broaden,True,False,True
ntx3-001564-0,g-001564,eng_Latn,MEDIUM,NEGATED,scope_broaden+vendor_shift,True,True,True
ntx3-001564-1,g-001564,hin_Latn,MEDIUM,NEGATED,clean,False,False,False
ntx3-001564-1,g-001564,hin_Latn,MEDIUM,NEGATED,vendor_shift,True,True,True
ntx3-001564-1,g-001564,hin_Latn,MEDIUM,NEGATED,year_shift,True,True,True
ntx3-001564-1,g-001564,hin_Latn,MEDIUM,NEGATED,month_shift,True,True,True
ntx3-001564-1,g-001564,hin_Latn,MEDIUM,NEGATED,negation_drop,True,True,True
ntx3-001564-1,g-001564,hin_Latn,MEDIUM,NEGATED,scope_broaden,True,False,True
ntx3-001564-1,g-001564,hin_Latn,MEDIUM,NEGATED,scope_broaden+vendor_shift,True,True,True
ntx3-001564-2,g-001564,tel_Latn,MEDIUM,NEGATED,clean,False,False,False
ntx3-001564-2,g-001564,tel_Latn,MEDIUM,NEGATED,vendor_shift,True,True,True
ntx3-001564-2,g-001564,tel_Latn,MEDIUM,NEGATED,year_shift,True,True,True
ntx3-001564-2,g-001564,tel_Latn,MEDIUM,NEGATED,month_shift,True,True,True
ntx3-001564-2,g-001564,tel_Latn,MEDIUM,NEGATED,negation_drop,True,True,True
ntx3-001564-2,g-001564,tel_Latn,MEDIUM,NEGATED,scope_broaden,True,False,True
ntx3-001564-2,g-001564,tel_Latn,MEDIUM,NEGATED,scope_broaden+vendor_shift,True,True,True
ntx3-001564-3,g-001564,tel_Telu,MEDIUM,NEGATED,clean,False,False,False
ntx3-001564-3,g-001564,tel_Telu,MEDIUM,NEGATED,vendor_shift,True,True,True
ntx3-001564-3,g-001564,tel_Telu,MEDIUM,NEGATED,year_shift,True,True,True
ntx3-001564-3,g-001564,tel_Telu,MEDIUM,NEGATED,month_shift,True,True,True
ntx3-001564-3,g-001564,tel_Telu,MEDIUM,NEGATED,negation_drop,True,True,True
ntx3-001564-3,g-001564,tel_Telu,MEDIUM,NEGATED,scope_broaden,True,False,True
ntx3-001564-3,g-001564,tel_Telu,MEDIUM,NEGATED,scope_broaden+vendor_shift,True,True,True
ntx3-001679-0,g-001679,eng_Latn,LOW,NEGATED,clean,False,False,False
ntx3-001679-0,g-001679,eng_Latn,LOW,NEGATED,vendor_shift,True,True,True
ntx3-001679-0,g-001679,eng_Latn,LOW,NEGATED,year_shift,True,True,True
ntx3-001679-0,g-001679,eng_Latn,LOW,NEGATED,month_shift,True,True,True
ntx3-001679-0,g-001679,eng_Latn,LOW,NEGATED,negation_drop,True,True,True
ntx3-001679-0,g-001679,eng_Latn,LOW,NEGATED,scope_broaden,True,False,True
ntx3-001679-0,g-001679,eng_Latn,LOW,NEGATED,scope_broaden+vendor_shift,True,True,True
ntx3-001679-1,g-001679,hin_Latn,LOW,NEGATED,clean,False,False,False
ntx3-001679-1,g-001679,hin_Latn,LOW,NEGATED,vendor_shift,True,True,True
ntx3-001679-1,g-001679,hin_Latn,LOW,NEGATED,year_shift,True,True,True
ntx3-001679-1,g-001679,hin_Latn,LOW,NEGATED,month_shift,True,True,True
ntx3-001679-1,g-001679,hin_Latn,LOW,NEGATED,negation_drop,True,True,True
ntx3-001679-1,g-001679,hin_Latn,LOW,NEGATED,scope_broaden,True,False,True
ntx3-001679-1,g-001679,hin_Latn,LOW,NEGATED,scope_broaden+vendor_shift,True,True,True
ntx3-001679-2,g-001679,tel_Latn,LOW,NEGATED,clean,False,False,False
ntx3-001679-2,g-001679,tel_Latn,LOW,NEGATED,vendor_shift,True,True,True
ntx3-001679-2,g-001679,tel_Latn,LOW,NEGATED,year_shift,True,True,True
ntx3-001679-2,g-001679,tel_Latn,LOW,NEGATED,month_shift,True,True,True
ntx3-001679-2,g-001679,tel_Latn,LOW,NEGATED,negation_drop,True,True,True
ntx3-001679-2,g-001679,tel_Latn,LOW,NEGATED,scope_broaden,True,False,True
ntx3-001679-2,g-001679,tel_Latn,LOW,NEGATED,scope_broaden+vendor_shift,True,True,True
ntx3-001679-3,g-001679,tel_Telu,LOW,NEGATED,clean,False,False,False
ntx3-001679-3,g-001679,tel_Telu,LOW,NEGATED,vendor_shift,True,True,True
ntx3-001679-3,g-001679,tel_Telu,LOW,NEGATED,year_shift,True,True,True
ntx3-001679-3,g-001679,tel_Telu,LOW,NEGATED,month_shift,True,True,True
ntx3-001679-3,g-001679,tel_Telu,LOW,NEGATED,negation_drop,True,True,True
ntx3-001679-3,g-001679,tel_Telu,LOW,NEGATED,scope_broaden,True,False,True
ntx3-001679-3,g-001679,tel_Telu,LOW,NEGATED,scope_broaden+vendor_shift,True,True,True
ntx3-000878-0,g-000878,eng_Latn,LOW,NEGATED,clean,False,False,False
ntx3-000878-0,g-000878,eng_Latn,LOW,NEGATED,vendor_shift,True,True,True
ntx3-000878-0,g-000878,eng_Latn,LOW,NEGATED,year_shift,True,True,True
ntx3-000878-0,g-000878,eng_Latn,LOW,NEGATED,month_shift,True,True,True
ntx3-000878-0,g-000878,eng_Latn,LOW,NEGATED,negation_drop,True,True,True
ntx3-000878-0,g-000878,eng_Latn,LOW,NEGATED,scope_broaden,True,False,True
ntx3-000878-0,g-000878,eng_Latn,LOW,NEGATED,scope_broaden+vendor_shift,True,True,True
ntx3-000878-1,g-000878,hin_Latn,LOW,NEGATED,clean,False,False,False
ntx3-000878-1,g-000878,hin_Latn,LOW,NEGATED,vendor_shift,True,True,True
ntx3-000878-1,g-000878,hin_Latn,LOW,NEGATED,year_shift,True,True,True
ntx3-000878-1,g-000878,hin_Latn,LOW,NEGATED,month_shift,True,True,True
ntx3-000878-1,g-000878,hin_Latn,LOW,NEGATED,negation_drop,True,True,True
ntx3-000878-1,g-000878,hin_Latn,LOW,NEGATED,scope_broaden,True,False,True
ntx3-000878-1,g-000878,hin_Latn,LOW,NEGATED,scope_broaden+vendor_shift,True,True,True
ntx3-000878-2,g-000878,tel_Latn,LOW,NEGATED,clean,False,False,False
ntx3-000878-2,g-000878,tel_Latn,LOW,NEGATED,vendor_shift,True,True,True
ntx3-000878-2,g-000878,tel_Latn,LOW,NEGATED,year_shift,True,True,True
ntx3-000878-2,g-000878,tel_Latn,LOW,NEGATED,month_shift,True,True,True
ntx3-000878-2,g-000878,tel_Latn,LOW,NEGATED,negation_drop,True,True,True
ntx3-000878-2,g-000878,tel_Latn,LOW,NEGATED,scope_broaden,True,False,True
ntx3-000878-2,g-000878,tel_Latn,LOW,NEGATED,scope_broaden+vendor_shift,True,True,True
ntx3-000878-3,g-000878,tel_Telu,LOW,NEGATED,clean,False,False,False
ntx3-000878-3,g-000878,tel_Telu,LOW,NEGATED,vendor_shift,True,True,True
ntx3-000878-3,g-000878,tel_Telu,LOW,NEGATED,year_shift,True,True,True
ntx3-000878-3,g-000878,tel_Telu,LOW,NEGATED,month_shift,True,True,True
ntx3-000878-3,g-000878,tel_Telu,LOW,NEGATED,negation_drop,True,True,True
ntx3-000878-3,g-000878,tel_Telu,LOW,NEGATED,scope_broaden,True,False,True
ntx3-000878-3,g-000878,tel_Telu,LOW,NEGATED,scope_broaden+vendor_shift,True,True,True
ntx3-002019-0,g-002019,eng_Latn,CRITICAL,NEGATED,clean,False,False,False
ntx3-002019-0,g-002019,eng_Latn,CRITICAL,NEGATED,vendor_shift,True,True,True
ntx3-002019-0,g-002019,eng_Latn,CRITICAL,NEGATED,year_shift,True,True,True
ntx3-002019-0,g-002019,eng_Latn,CRITICAL,NEGATED,month_shift,True,True,True
ntx3-002019-0,g-002019,eng_Latn,CRITICAL,NEGATED,negation_drop,True,True,True
ntx3-002019-0,g-002019,eng_Latn,CRITICAL,NEGATED,scope_broaden,True,False,True
ntx3-002019-0,g-002019,eng_Latn,CRITICAL,NEGATED,scope_broaden+vendor_shift,True,True,True
ntx3-002019-1,g-002019,hin_Latn,CRITICAL,NEGATED,clean,False,False,False
ntx3-002019-1,g-002019,hin_Latn,CRITICAL,NEGATED,vendor_shift,True,True,True
ntx3-002019-1,g-002019,hin_Latn,CRITICAL,NEGATED,year_shift,True,True,True
ntx3-002019-1,g-002019,hin_Latn,CRITICAL,NEGATED,month_shift,True,True,True
ntx3-002019-1,g-002019,hin_Latn,CRITICAL,NEGATED,negation_drop,True,True,True
ntx3-002019-1,g-002019,hin_Latn,CRITICAL,NEGATED,scope_broaden,True,False,True
ntx3-002019-1,g-002019,hin_Latn,CRITICAL,NEGATED,scope_broaden+vendor_shift,True,True,True
ntx3-002019-2,g-002019,tel_Latn,CRITICAL,NEGATED,clean,False,False,False
ntx3-002019-2,g-002019,tel_Latn,CRITICAL,NEGATED,vendor_shift,True,True,True
ntx3-002019-2,g-002019,tel_Latn,CRITICAL,NEGATED,year_shift,True,True,True
ntx3-002019-2,g-002019,tel_Latn,CRITICAL,NEGATED,month_shift,True,True,True
ntx3-002019-2,g-002019,tel_Latn,CRITICAL,NEGATED,negation_drop,True,True,True
ntx3-002019-2,g-002019,tel_Latn,CRITICAL,NEGATED,scope_broaden,True,False,True
ntx3-002019-2,g-002019,tel_Latn,CRITICAL,NEGATED,scope_broaden+vendor_shift,True,True,True
ntx3-002019-3,g-002019,tel_Telu,CRITICAL,NEGATED,clean,False,False,False
ntx3-002019-3,g-002019,tel_Telu,CRITICAL,NEGATED,vendor_shift,True,True,True
ntx3-002019-3,g-002019,tel_Telu,CRITICAL,NEGATED,year_shift,True,True,True
ntx3-002019-3,g-002019,tel_Telu,CRITICAL,NEGATED,month_shift,True,True,True
ntx3-002019-3,g-002019,tel_Telu,CRITICAL,NEGATED,negation_drop,True,True,True
ntx3-002019-3,g-002019,tel_Telu,CRITICAL,NEGATED,scope_broaden,True,False,True
ntx3-002019-3,g-002019,tel_Telu,CRITICAL,NEGATED,scope_broaden+vendor_shift,True,True,True
ntx3-001503-0,g-001503,eng_Latn,CRITICAL,NEGATED,clean,False,False,False
ntx3-001503-0,g-001503,eng_Latn,CRITICAL,NEGATED,vendor_shift,True,True,True
ntx3-001503-0,g-001503,eng_Latn,CRITICAL,NEGATED,year_shift,True,True,True
ntx3-001503-0,g-001503,eng_Latn,CRITICAL,NEGATED,month_shift,True,True,True
ntx3-001503-0,g-001503,eng_Latn,CRITICAL,NEGATED,negation_drop,True,True,True
ntx3-001503-0,g-001503,eng_Latn,CRITICAL,NEGATED,scope_broaden,True,False,True
ntx3-001503-0,g-001503,eng_Latn,CRITICAL,NEGATED,scope_broaden+vendor_shift,True,True,True
ntx3-001503-1,g-001503,hin_Latn,CRITICAL,NEGATED,clean,False,False,False
ntx3-001503-1,g-001503,hin_Latn,CRITICAL,NEGATED,vendor_shift,True,True,True
ntx3-001503-1,g-001503,hin_Latn,CRITICAL,NEGATED,year_shift,True,True,True
ntx3-001503-1,g-001503,hin_Latn,CRITICAL,NEGATED,month_shift,True,True,True
ntx3-001503-1,g-001503,hin_Latn,CRITICAL,NEGATED,negation_drop,True,True,True
ntx3-001503-1,g-001503,hin_Latn,CRITICAL,NEGATED,scope_broaden,True,False,True
ntx3-001503-1,g-001503,hin_Latn,CRITICAL,NEGATED,scope_broaden+vendor_shift,True,True,True
ntx3-001503-2,g-001503,tel_Latn,CRITICAL,NEGATED,clean,False,False,False
ntx3-001503-2,g-001503,tel_Latn,CRITICAL,NEGATED,vendor_shift,True,True,True
ntx3-001503-2,g-001503,tel_Latn,CRITICAL,NEGATED,year_shift,True,True,True
ntx3-001503-2,g-001503,tel_Latn,CRITICAL,NEGATED,month_shift,True,True,True
ntx3-001503-2,g-001503,tel_Latn,CRITICAL,NEGATED,negation_drop,True,True,True
ntx3-001503-2,g-001503,tel_Latn,CRITICAL,NEGATED,scope_broaden,True,False,True
ntx3-001503-2,g-001503,tel_Latn,CRITICAL,NEGATED,scope_broaden+vendor_shift,True,True,True
ntx3-001503-3,g-001503,tel_Telu,CRITICAL,NEGATED,clean,False,False,False
ntx3-001503-3,g-001503,tel_Telu,CRITICAL,NEGATED,vendor_shift,True,True,True
ntx3-001503-3,g-001503,tel_Telu,CRITICAL,NEGATED,year_shift,True,True,True
ntx3-001503-3,g-001503,tel_Telu,CRITICAL,NEGATED,month_shift,True,True,True
ntx3-001503-3,g-001503,tel_Telu,CRITICAL,NEGATED,negation_drop,True,True,True
ntx3-001503-3,g-001503,tel_Telu,CRITICAL,NEGATED,scope_broaden,True,False,True
ntx3-001503-3,g-001503,tel_Telu,CRITICAL,NEGATED,scope_broaden+vendor_shift,True,True,True
ntx3-001818-0,g-001818,eng_Latn,LOW,NEGATED,clean,False,False,False
ntx3-001818-0,g-001818,eng_Latn,LOW,NEGATED,vendor_shift,True,True,True
ntx3-001818-0,g-001818,eng_Latn,LOW,NEGATED,year_shift,True,True,True
ntx3-001818-0,g-001818,eng_Latn,LOW,NEGATED,month_shift,True,True,True
ntx3-001818-0,g-001818,eng_Latn,LOW,NEGATED,negation_drop,True,True,True
ntx3-001818-0,g-001818,eng_Latn,LOW,NEGATED,scope_broaden,True,False,True
ntx3-001818-0,g-001818,eng_Latn,LOW,NEGATED,scope_broaden+vendor_shift,True,True,True
ntx3-001818-1,g-001818,hin_Latn,LOW,NEGATED,clean,False,False,False
ntx3-001818-1,g-001818,hin_Latn,LOW,NEGATED,vendor_shift,True,True,True
ntx3-001818-1,g-001818,hin_Latn,LOW,NEGATED,year_shift,True,True,True
ntx3-001818-1,g-001818,hin_Latn,LOW,NEGATED,month_shift,True,True,True
ntx3-001818-1,g-001818,hin_Latn,LOW,NEGATED,negation_drop,True,True,True
ntx3-001818-1,g-001818,hin_Latn,LOW,NEGATED,scope_broaden,True,False,True
ntx3-001818-1,g-001818,hin_Latn,LOW,NEGATED,scope_broaden+vendor_shift,True,True,True
ntx3-001818-2,g-001818,tel_Latn,LOW,NEGATED,clean,False,False,False
ntx3-001818-2,g-001818,tel_Latn,LOW,NEGATED,vendor_shift,True,True,True
ntx3-001818-2,g-001818,tel_Latn,LOW,NEGATED,year_shift,True,True,True
ntx3-001818-2,g-001818,tel_Latn,LOW,NEGATED,month_shift,True,True,True
ntx3-001818-2,g-001818,tel_Latn,LOW,NEGATED,negation_drop,True,True,True
ntx3-001818-2,g-001818,tel_Latn,LOW,NEGATED,scope_broaden,True,False,True
ntx3-001818-2,g-001818,tel_Latn,LOW,NEGATED,scope_broaden+vendor_shift,True,True,True
ntx3-001818-3,g-001818,tel_Telu,LOW,NEGATED,clean,False,False,False
ntx3-001818-3,g-001818,tel_Telu,LOW,NEGATED,vendor_shift,True,True,True
ntx3-001818-3,g-001818,tel_Telu,LOW,NEGATED,year_shift,True,True,True
ntx3-001818-3,g-001818,tel_Telu,LOW,NEGATED,month_shift,True,True,True
ntx3-001818-3,g-001818,tel_Telu,LOW,NEGATED,negation_drop,True,True,True
ntx3-001818-3,g-001818,tel_Telu,LOW,NEGATED,scope_broaden,True,False,True
ntx3-001818-3,g-001818,tel_Telu,LOW,NEGATED,scope_broaden+vendor_shift,True,True,True
ntx3-001509-0,g-001509,eng_Latn,MEDIUM,NEGATED,clean,False,False,False
ntx3-001509-0,g-001509,eng_Latn,MEDIUM,NEGATED,vendor_shift,True,True,True
ntx3-001509-0,g-001509,eng_Latn,MEDIUM,NEGATED,year_shift,True,True,True
ntx3-001509-0,g-001509,eng_Latn,MEDIUM,NEGATED,month_shift,True,True,True
ntx3-001509-0,g-001509,eng_Latn,MEDIUM,NEGATED,negation_drop,True,True,True
ntx3-001509-0,g-001509,eng_Latn,MEDIUM,NEGATED,scope_broaden,True,False,True
ntx3-001509-0,g-001509,eng_Latn,MEDIUM,NEGATED,scope_broaden+vendor_shift,True,True,True
ntx3-001509-1,g-001509,hin_Latn,MEDIUM,NEGATED,clean,False,False,False
ntx3-001509-1,g-001509,hin_Latn,MEDIUM,NEGATED,vendor_shift,True,True,True
ntx3-001509-1,g-001509,hin_Latn,MEDIUM,NEGATED,year_shift,True,True,True
ntx3-001509-1,g-001509,hin_Latn,MEDIUM,NEGATED,month_shift,True,True,True
ntx3-001509-1,g-001509,hin_Latn,MEDIUM,NEGATED,negation_drop,True,True,True
ntx3-001509-1,g-001509,hin_Latn,MEDIUM,NEGATED,scope_broaden,True,False,True
ntx3-001509-1,g-001509,hin_Latn,MEDIUM,NEGATED,scope_broaden+vendor_shift,True,True,True
ntx3-001509-2,g-001509,tel_Latn,MEDIUM,NEGATED,clean,False,False,False
ntx3-001509-2,g-001509,tel_Latn,MEDIUM,NEGATED,vendor_shift,True,True,True
ntx3-001509-2,g-001509,tel_Latn,MEDIUM,NEGATED,year_shift,True,True,True
ntx3-001509-2,g-001509,tel_Latn,MEDIUM,NEGATED,month_shift,True,True,True
ntx3-001509-2,g-001509,tel_Latn,MEDIUM,NEGATED,negation_drop,True,True,True
ntx3-001509-2,g-001509,tel_Latn,MEDIUM,NEGATED,scope_broaden,True,False,True
ntx3-001509-2,g-001509,tel_Latn,MEDIUM,NEGATED,scope_broaden+vendor_shift,True,True,True
ntx3-001509-3,g-001509,tel_Telu,MEDIUM,NEGATED,clean,False,False,False
ntx3-001509-3,g-001509,tel_Telu,MEDIUM,NEGATED,vendor_shift,True,True,True
ntx3-001509-3,g-001509,tel_Telu,MEDIUM,NEGATED,year_shift,True,True,True
ntx3-001509-3,g-001509,tel_Telu,MEDIUM,NEGATED,month_shift,True,True,True
ntx3-001509-3,g-001509,tel_Telu,MEDIUM,NEGATED,negation_drop,True,True,True
ntx3-001509-3,g-001509,tel_Telu,MEDIUM,NEGATED,scope_broaden,True,False,True
ntx3-001509-3,g-001509,tel_Telu,MEDIUM,NEGATED,scope_broaden+vendor_shift,True,True,True
ntx3-001814-0,g-001814,eng_Latn,CRITICAL,NEGATED,clean,False,False,False
ntx3-001814-0,g-001814,eng_Latn,CRITICAL,NEGATED,vendor_shift,True,True,True
ntx3-001814-0,g-001814,eng_Latn,CRITICAL,NEGATED,year_shift,True,True,True
ntx3-001814-0,g-001814,eng_Latn,CRITICAL,NEGATED,month_shift,True,True,True
ntx3-001814-0,g-001814,eng_Latn,CRITICAL,NEGATED,negation_drop,True,True,True
ntx3-001814-0,g-001814,eng_Latn,CRITICAL,NEGATED,scope_broaden,True,False,True
ntx3-001814-0,g-001814,eng_Latn,CRITICAL,NEGATED,scope_broaden+vendor_shift,True,True,True
ntx3-001814-1,g-001814,hin_Latn,CRITICAL,NEGATED,clean,False,False,False
ntx3-001814-1,g-001814,hin_Latn,CRITICAL,NEGATED,vendor_shift,True,True,True
ntx3-001814-1,g-001814,hin_Latn,CRITICAL,NEGATED,year_shift,True,True,True
ntx3-001814-1,g-001814,hin_Latn,CRITICAL,NEGATED,month_shift,True,True,True
ntx3-001814-1,g-001814,hin_Latn,CRITICAL,NEGATED,negation_drop,True,True,True
ntx3-001814-1,g-001814,hin_Latn,CRITICAL,NEGATED,scope_broaden,True,False,True
ntx3-001814-1,g-001814,hin_Latn,CRITICAL,NEGATED,scope_broaden+vendor_shift,True,True,True
ntx3-001814-2,g-001814,tel_Latn,CRITICAL,NEGATED,clean,False,False,False
ntx3-001814-2,g-001814,tel_Latn,CRITICAL,NEGATED,vendor_shift,True,True,True
ntx3-001814-2,g-001814,tel_Latn,CRITICAL,NEGATED,year_shift,True,True,True
ntx3-001814-2,g-001814,tel_Latn,CRITICAL,NEGATED,month_shift,True,True,True
ntx3-001814-2,g-001814,tel_Latn,CRITICAL,NEGATED,negation_drop,True,True,True
ntx3-001814-2,g-001814,tel_Latn,CRITICAL,NEGATED,scope_broaden,True,False,True
ntx3-001814-2,g-001814,tel_Latn,CRITICAL,NEGATED,scope_broaden+vendor_shift,True,True,True
ntx3-001814-3,g-001814,tel_Telu,CRITICAL,NEGATED,clean,False,False,False
ntx3-001814-3,g-001814,tel_Telu,CRITICAL,NEGATED,vendor_shift,True,True,True
ntx3-001814-3,g-001814,tel_Telu,CRITICAL,NEGATED,year_shift,True,True,True
ntx3-001814-3,g-001814,tel_Telu,CRITICAL,NEGATED,month_shift,True,True,True
ntx3-001814-3,g-001814,tel_Telu,CRITICAL,NEGATED,negation_drop,True,True,True
ntx3-001814-3,g-001814,tel_Telu,CRITICAL,NEGATED,scope_broaden,True,False,True
ntx3-001814-3,g-001814,tel_Telu,CRITICAL,NEGATED,scope_broaden+vendor_shift,True,True,True
ntx3-001526-0,g-001526,eng_Latn,HIGH,NEGATED,clean,False,False,False
ntx3-001526-0,g-001526,eng_Latn,HIGH,NEGATED,vendor_shift,True,True,True
ntx3-001526-0,g-001526,eng_Latn,HIGH,NEGATED,year_shift,True,True,True
ntx3-001526-0,g-001526,eng_Latn,HIGH,NEGATED,month_shift,True,True,True
ntx3-001526-0,g-001526,eng_Latn,HIGH,NEGATED,negation_drop,True,True,True
ntx3-001526-0,g-001526,eng_Latn,HIGH,NEGATED,scope_broaden,True,False,True
ntx3-001526-0,g-001526,eng_Latn,HIGH,NEGATED,scope_broaden+vendor_shift,True,True,True
ntx3-001526-1,g-001526,hin_Latn,HIGH,NEGATED,clean,False,False,False
ntx3-001526-1,g-001526,hin_Latn,HIGH,NEGATED,vendor_shift,True,True,True
ntx3-001526-1,g-001526,hin_Latn,HIGH,NEGATED,year_shift,True,True,True
ntx3-001526-1,g-001526,hin_Latn,HIGH,NEGATED,month_shift,True,True,True
ntx3-001526-1,g-001526,hin_Latn,HIGH,NEGATED,negation_drop,True,True,True
ntx3-001526-1,g-001526,hin_Latn,HIGH,NEGATED,scope_broaden,True,False,True
ntx3-001526-1,g-001526,hin_Latn,HIGH,NEGATED,scope_broaden+vendor_shift,True,True,True
ntx3-001526-2,g-001526,tel_Latn,HIGH,NEGATED,clean,False,False,False
ntx3-001526-2,g-001526,tel_Latn,HIGH,NEGATED,vendor_shift,True,True,True
ntx3-001526-2,g-001526,tel_Latn,HIGH,NEGATED,year_shift,True,True,True
ntx3-001526-2,g-001526,tel_Latn,HIGH,NEGATED,month_shift,True,True,True
ntx3-001526-2,g-001526,tel_Latn,HIGH,NEGATED,negation_drop,True,True,True
ntx3-001526-2,g-001526,tel_Latn,HIGH,NEGATED,scope_broaden,True,False,True
ntx3-001526-2,g-001526,tel_Latn,HIGH,NEGATED,scope_broaden+vendor_shift,True,True,True
ntx3-001526-3,g-001526,tel_Telu,HIGH,NEGATED,clean,False,False,False
ntx3-001526-3,g-001526,tel_Telu,HIGH,NEGATED,vendor_shift,True,True,True
ntx3-001526-3,g-001526,tel_Telu,HIGH,NEGATED,year_shift,True,True,True
ntx3-001526-3,g-001526,tel_Telu,HIGH,NEGATED,month_shift,True,True,True
ntx3-001526-3,g-001526,tel_Telu,HIGH,NEGATED,negation_drop,True,True,True
ntx3-001526-3,g-001526,tel_Telu,HIGH,NEGATED,scope_broaden,True,False,True
ntx3-001526-3,g-001526,tel_Telu,HIGH,NEGATED,scope_broaden+vendor_shift,True,True,True
ntx3-001311-0,g-001311,eng_Latn,LOW,NEGATED,clean,False,False,False
ntx3-001311-0,g-001311,eng_Latn,LOW,NEGATED,vendor_shift,True,True,True
ntx3-001311-0,g-001311,eng_Latn,LOW,NEGATED,year_shift,True,True,True
ntx3-001311-0,g-001311,eng_Latn,LOW,NEGATED,month_shift,True,True,True
ntx3-001311-0,g-001311,eng_Latn,LOW,NEGATED,negation_drop,True,True,True
ntx3-001311-0,g-001311,eng_Latn,LOW,NEGATED,scope_broaden,True,False,True
ntx3-001311-0,g-001311,eng_Latn,LOW,NEGATED,scope_broaden+vendor_shift,True,True,True
ntx3-001311-1,g-001311,hin_Latn,LOW,NEGATED,clean,False,False,False
ntx3-001311-1,g-001311,hin_Latn,LOW,NEGATED,vendor_shift,True,True,True
ntx3-001311-1,g-001311,hin_Latn,LOW,NEGATED,year_shift,True,True,True
ntx3-001311-1,g-001311,hin_Latn,LOW,NEGATED,month_shift,True,True,True
ntx3-001311-1,g-001311,hin_Latn,LOW,NEGATED,negation_drop,True,True,True
ntx3-001311-1,g-001311,hin_Latn,LOW,NEGATED,scope_broaden,True,False,True
ntx3-001311-1,g-001311,hin_Latn,LOW,NEGATED,scope_broaden+vendor_shift,True,True,True
ntx3-001311-2,g-001311,tel_Latn,LOW,NEGATED,clean,False,False,False
ntx3-001311-2,g-001311,tel_Latn,LOW,NEGATED,vendor_shift,True,True,True
ntx3-001311-2,g-001311,tel_Latn,LOW,NEGATED,year_shift,True,True,True
ntx3-001311-2,g-001311,tel_Latn,LOW,NEGATED,month_shift,True,True,True
ntx3-001311-2,g-001311,tel_Latn,LOW,NEGATED,negation_drop,True,True,True
ntx3-001311-2,g-001311,tel_Latn,LOW,NEGATED,scope_broaden,True,False,True
ntx3-001311-2,g-001311,tel_Latn,LOW,NEGATED,scope_broaden+vendor_shift,True,True,True
ntx3-001311-3,g-001311,tel_Telu,LOW,NEGATED,clean,False,False,False
ntx3-001311-3,g-001311,tel_Telu,LOW,NEGATED,vendor_shift,True,True,True
ntx3-001311-3,g-001311,tel_Telu,LOW,NEGATED,year_shift,True,True,True
ntx3-001311-3,g-001311,tel_Telu,LOW,NEGATED,month_shift,True,True,True
ntx3-001311-3,g-001311,tel_Telu,LOW,NEGATED,negation_drop,True,True,True
ntx3-001311-3,g-001311,tel_Telu,LOW,NEGATED,scope_broaden,True,False,True
ntx3-001311-3,g-001311,tel_Telu,LOW,NEGATED,scope_broaden+vendor_shift,True,True,True
ntx3-002135-0,g-002135,eng_Latn,MEDIUM,NEGATED,clean,False,False,False
ntx3-002135-0,g-002135,eng_Latn,MEDIUM,NEGATED,vendor_shift,True,True,True
ntx3-002135-0,g-002135,eng_Latn,MEDIUM,NEGATED,year_shift,True,True,True
ntx3-002135-0,g-002135,eng_Latn,MEDIUM,NEGATED,month_shift,True,True,True
ntx3-002135-0,g-002135,eng_Latn,MEDIUM,NEGATED,negation_drop,True,True,True
ntx3-002135-0,g-002135,eng_Latn,MEDIUM,NEGATED,scope_broaden,True,False,True
ntx3-002135-0,g-002135,eng_Latn,MEDIUM,NEGATED,scope_broaden+vendor_shift,True,True,True
ntx3-002135-1,g-002135,hin_Latn,MEDIUM,NEGATED,clean,False,False,False
ntx3-002135-1,g-002135,hin_Latn,MEDIUM,NEGATED,vendor_shift,True,True,True
ntx3-002135-1,g-002135,hin_Latn,MEDIUM,NEGATED,year_shift,True,True,True
ntx3-002135-1,g-002135,hin_Latn,MEDIUM,NEGATED,month_shift,True,True,True
ntx3-002135-1,g-002135,hin_Latn,MEDIUM,NEGATED,negation_drop,True,True,True
ntx3-002135-1,g-002135,hin_Latn,MEDIUM,NEGATED,scope_broaden,True,False,True
ntx3-002135-1,g-002135,hin_Latn,MEDIUM,NEGATED,scope_broaden+vendor_shift,True,True,True
ntx3-002135-2,g-002135,tel_Latn,MEDIUM,NEGATED,clean,False,False,False
ntx3-002135-2,g-002135,tel_Latn,MEDIUM,NEGATED,vendor_shift,True,True,True
ntx3-002135-2,g-002135,tel_Latn,MEDIUM,NEGATED,year_shift,True,True,True
ntx3-002135-2,g-002135,tel_Latn,MEDIUM,NEGATED,month_shift,True,True,True
ntx3-002135-2,g-002135,tel_Latn,MEDIUM,NEGATED,negation_drop,True,True,True
ntx3-002135-2,g-002135,tel_Latn,MEDIUM,NEGATED,scope_broaden,True,False,True
ntx3-002135-2,g-002135,tel_Latn,MEDIUM,NEGATED,scope_broaden+vendor_shift,True,True,True
ntx3-002135-3,g-002135,tel_Telu,MEDIUM,NEGATED,clean,False,False,False
ntx3-002135-3,g-002135,tel_Telu,MEDIUM,NEGATED,vendor_shift,True,True,True
ntx3-002135-3,g-002135,tel_Telu,MEDIUM,NEGATED,year_shift,True,True,True
ntx3-002135-3,g-002135,tel_Telu,MEDIUM,NEGATED,month_shift,True,True,True
ntx3-002135-3,g-002135,tel_Telu,MEDIUM,NEGATED,negation_drop,True,True,True
ntx3-002135-3,g-002135,tel_Telu,MEDIUM,NEGATED,scope_broaden,True,False,True
ntx3-002135-3,g-002135,tel_Telu,MEDIUM,NEGATED,scope_broaden+vendor_shift,True,True,True
ntx3-001368-0,g-001368,eng_Latn,HIGH,NEGATED,clean,False,False,False
ntx3-001368-0,g-001368,eng_Latn,HIGH,NEGATED,vendor_shift,True,True,True
ntx3-001368-0,g-001368,eng_Latn,HIGH,NEGATED,year_shift,True,True,True
ntx3-001368-0,g-001368,eng_Latn,HIGH,NEGATED,month_shift,True,True,True
ntx3-001368-0,g-001368,eng_Latn,HIGH,NEGATED,negation_drop,True,True,True
ntx3-001368-0,g-001368,eng_Latn,HIGH,NEGATED,scope_broaden,True,False,True
ntx3-001368-0,g-001368,eng_Latn,HIGH,NEGATED,scope_broaden+vendor_shift,True,True,True
ntx3-001368-1,g-001368,hin_Latn,HIGH,NEGATED,clean,False,False,False
ntx3-001368-1,g-001368,hin_Latn,HIGH,NEGATED,vendor_shift,True,True,True
ntx3-001368-1,g-001368,hin_Latn,HIGH,NEGATED,year_shift,True,True,True
ntx3-001368-1,g-001368,hin_Latn,HIGH,NEGATED,month_shift,True,True,True
ntx3-001368-1,g-001368,hin_Latn,HIGH,NEGATED,negation_drop,True,True,True
ntx3-001368-1,g-001368,hin_Latn,HIGH,NEGATED,scope_broaden,True,False,True
ntx3-001368-1,g-001368,hin_Latn,HIGH,NEGATED,scope_broaden+vendor_shift,True,True,True
ntx3-001368-2,g-001368,tel_Latn,HIGH,NEGATED,clean,False,False,False
ntx3-001368-2,g-001368,tel_Latn,HIGH,NEGATED,vendor_shift,True,True,True
ntx3-001368-2,g-001368,tel_Latn,HIGH,NEGATED,year_shift,True,True,True
ntx3-001368-2,g-001368,tel_Latn,HIGH,NEGATED,month_shift,True,True,True
ntx3-001368-2,g-001368,tel_Latn,HIGH,NEGATED,negation_drop,True,True,True
ntx3-001368-2,g-001368,tel_Latn,HIGH,NEGATED,scope_broaden,True,False,True
ntx3-001368-2,g-001368,tel_Latn,HIGH,NEGATED,scope_broaden+vendor_shift,True,True,True
ntx3-001368-3,g-001368,tel_Telu,HIGH,NEGATED,clean,False,False,False
ntx3-001368-3,g-001368,tel_Telu,HIGH,NEGATED,vendor_shift,True,True,True
ntx3-001368-3,g-001368,tel_Telu,HIGH,NEGATED,year_shift,True,True,True
ntx3-001368-3,g-001368,tel_Telu,HIGH,NEGATED,month_shift,True,True,True
ntx3-001368-3,g-001368,tel_Telu,HIGH,NEGATED,negation_drop,True,True,True
ntx3-001368-3,g-001368,tel_Telu,HIGH,NEGATED,scope_broaden,True,False,True
ntx3-001368-3,g-001368,tel_Telu,HIGH,NEGATED,scope_broaden+vendor_shift,True,True,True
ntx3-002235-0,g-002235,eng_Latn,MEDIUM,NEGATED,clean,False,False,False
ntx3-002235-0,g-002235,eng_Latn,MEDIUM,NEGATED,vendor_shift,True,True,True
ntx3-002235-0,g-002235,eng_Latn,MEDIUM,NEGATED,year_shift,True,True,True
ntx3-002235-0,g-002235,eng_Latn,MEDIUM,NEGATED,month_shift,True,True,True
ntx3-002235-0,g-002235,eng_Latn,MEDIUM,NEGATED,negation_drop,True,True,True
ntx3-002235-0,g-002235,eng_Latn,MEDIUM,NEGATED,scope_broaden,True,False,True
ntx3-002235-0,g-002235,eng_Latn,MEDIUM,NEGATED,scope_broaden+vendor_shift,True,True,True
ntx3-002235-1,g-002235,hin_Latn,MEDIUM,NEGATED,clean,False,False,False
ntx3-002235-1,g-002235,hin_Latn,MEDIUM,NEGATED,vendor_shift,True,True,True
ntx3-002235-1,g-002235,hin_Latn,MEDIUM,NEGATED,year_shift,True,True,True
ntx3-002235-1,g-002235,hin_Latn,MEDIUM,NEGATED,month_shift,True,True,True
ntx3-002235-1,g-002235,hin_Latn,MEDIUM,NEGATED,negation_drop,True,True,True
ntx3-002235-1,g-002235,hin_Latn,MEDIUM,NEGATED,scope_broaden,True,False,True
ntx3-002235-1,g-002235,hin_Latn,MEDIUM,NEGATED,scope_broaden+vendor_shift,True,True,True
ntx3-002235-2,g-002235,tel_Latn,MEDIUM,NEGATED,clean,False,False,False
ntx3-002235-2,g-002235,tel_Latn,MEDIUM,NEGATED,vendor_shift,True,True,True
ntx3-002235-2,g-002235,tel_Latn,MEDIUM,NEGATED,year_shift,True,True,True
ntx3-002235-2,g-002235,tel_Latn,MEDIUM,NEGATED,month_shift,True,True,True
ntx3-002235-2,g-002235,tel_Latn,MEDIUM,NEGATED,negation_drop,True,True,True
ntx3-002235-2,g-002235,tel_Latn,MEDIUM,NEGATED,scope_broaden,True,False,True
ntx3-002235-2,g-002235,tel_Latn,MEDIUM,NEGATED,scope_broaden+vendor_shift,True,True,True
ntx3-002235-3,g-002235,tel_Telu,MEDIUM,NEGATED,clean,False,False,False
ntx3-002235-3,g-002235,tel_Telu,MEDIUM,NEGATED,vendor_shift,True,True,True
ntx3-002235-3,g-002235,tel_Telu,MEDIUM,NEGATED,year_shift,True,True,True
ntx3-002235-3,g-002235,tel_Telu,MEDIUM,NEGATED,month_shift,True,True,True
ntx3-002235-3,g-002235,tel_Telu,MEDIUM,NEGATED,negation_drop,True,True,True
ntx3-002235-3,g-002235,tel_Telu,MEDIUM,NEGATED,scope_broaden,True,False,True
ntx3-002235-3,g-002235,tel_Telu,MEDIUM,NEGATED,scope_broaden+vendor_shift,True,True,True
ntx3-001696-0,g-001696,eng_Latn,MEDIUM,NEGATED,clean,False,False,False
ntx3-001696-0,g-001696,eng_Latn,MEDIUM,NEGATED,vendor_shift,True,True,True
ntx3-001696-0,g-001696,eng_Latn,MEDIUM,NEGATED,year_shift,True,True,True
ntx3-001696-0,g-001696,eng_Latn,MEDIUM,NEGATED,month_shift,True,True,True
ntx3-001696-0,g-001696,eng_Latn,MEDIUM,NEGATED,negation_drop,True,True,True
ntx3-001696-0,g-001696,eng_Latn,MEDIUM,NEGATED,scope_broaden,True,False,True
ntx3-001696-0,g-001696,eng_Latn,MEDIUM,NEGATED,scope_broaden+vendor_shift,True,True,True
ntx3-001696-1,g-001696,hin_Latn,MEDIUM,NEGATED,clean,False,False,False
ntx3-001696-1,g-001696,hin_Latn,MEDIUM,NEGATED,vendor_shift,True,True,True
ntx3-001696-1,g-001696,hin_Latn,MEDIUM,NEGATED,year_shift,True,True,True
ntx3-001696-1,g-001696,hin_Latn,MEDIUM,NEGATED,month_shift,True,True,True
ntx3-001696-1,g-001696,hin_Latn,MEDIUM,NEGATED,negation_drop,True,True,True
ntx3-001696-1,g-001696,hin_Latn,MEDIUM,NEGATED,scope_broaden,True,False,True
ntx3-001696-1,g-001696,hin_Latn,MEDIUM,NEGATED,scope_broaden+vendor_shift,True,True,True
ntx3-001696-2,g-001696,tel_Latn,MEDIUM,NEGATED,clean,False,False,False
ntx3-001696-2,g-001696,tel_Latn,MEDIUM,NEGATED,vendor_shift,True,True,True
ntx3-001696-2,g-001696,tel_Latn,MEDIUM,NEGATED,year_shift,True,True,True
ntx3-001696-2,g-001696,tel_Latn,MEDIUM,NEGATED,month_shift,True,True,True
ntx3-001696-2,g-001696,tel_Latn,MEDIUM,NEGATED,negation_drop,True,True,True
ntx3-001696-2,g-001696,tel_Latn,MEDIUM,NEGATED,scope_broaden,True,False,True
ntx3-001696-2,g-001696,tel_Latn,MEDIUM,NEGATED,scope_broaden+vendor_shift,True,True,True
ntx3-001696-3,g-001696,tel_Telu,MEDIUM,NEGATED,clean,False,False,False
ntx3-001696-3,g-001696,tel_Telu,MEDIUM,NEGATED,vendor_shift,True,True,True
ntx3-001696-3,g-001696,tel_Telu,MEDIUM,NEGATED,year_shift,True,True,True
ntx3-001696-3,g-001696,tel_Telu,MEDIUM,NEGATED,month_shift,True,True,True
ntx3-001696-3,g-001696,tel_Telu,MEDIUM,NEGATED,negation_drop,True,True,True
ntx3-001696-3,g-001696,tel_Telu,MEDIUM,NEGATED,scope_broaden,True,False,True
ntx3-001696-3,g-001696,tel_Telu,MEDIUM,NEGATED,scope_broaden+vendor_shift,True,True,True
ntx3-001723-0,g-001723,eng_Latn,HIGH,NEGATED,clean,False,False,False
ntx3-001723-0,g-001723,eng_Latn,HIGH,NEGATED,vendor_shift,True,True,True
ntx3-001723-0,g-001723,eng_Latn,HIGH,NEGATED,year_shift,True,True,True
ntx3-001723-0,g-001723,eng_Latn,HIGH,NEGATED,month_shift,True,True,True
ntx3-001723-0,g-001723,eng_Latn,HIGH,NEGATED,negation_drop,True,True,True
ntx3-001723-0,g-001723,eng_Latn,HIGH,NEGATED,scope_broaden,True,False,True
ntx3-001723-0,g-001723,eng_Latn,HIGH,NEGATED,scope_broaden+vendor_shift,True,True,True
ntx3-001723-1,g-001723,hin_Latn,HIGH,NEGATED,clean,False,False,False
ntx3-001723-1,g-001723,hin_Latn,HIGH,NEGATED,vendor_shift,True,True,True
ntx3-001723-1,g-001723,hin_Latn,HIGH,NEGATED,year_shift,True,True,True
ntx3-001723-1,g-001723,hin_Latn,HIGH,NEGATED,month_shift,True,True,True
ntx3-001723-1,g-001723,hin_Latn,HIGH,NEGATED,negation_drop,True,True,True
ntx3-001723-1,g-001723,hin_Latn,HIGH,NEGATED,scope_broaden,True,False,True
ntx3-001723-1,g-001723,hin_Latn,HIGH,NEGATED,scope_broaden+vendor_shift,True,True,True
ntx3-001723-2,g-001723,tel_Latn,HIGH,NEGATED,clean,False,False,False
ntx3-001723-2,g-001723,tel_Latn,HIGH,NEGATED,vendor_shift,True,True,True
ntx3-001723-2,g-001723,tel_Latn,HIGH,NEGATED,year_shift,True,True,True
ntx3-001723-2,g-001723,tel_Latn,HIGH,NEGATED,month_shift,True,True,True
ntx3-001723-2,g-001723,tel_Latn,HIGH,NEGATED,negation_drop,True,True,True
ntx3-001723-2,g-001723,tel_Latn,HIGH,NEGATED,scope_broaden,True,False,True
ntx3-001723-2,g-001723,tel_Latn,HIGH,NEGATED,scope_broaden+vendor_shift,True,True,True
ntx3-001723-3,g-001723,tel_Telu,HIGH,NEGATED,clean,False,False,False
ntx3-001723-3,g-001723,tel_Telu,HIGH,NEGATED,vendor_shift,True,True,True
ntx3-001723-3,g-001723,tel_Telu,HIGH,NEGATED,year_shift,True,True,True
ntx3-001723-3,g-001723,tel_Telu,HIGH,NEGATED,month_shift,True,True,True
ntx3-001723-3,g-001723,tel_Telu,HIGH,NEGATED,negation_drop,True,True,True
ntx3-001723-3,g-001723,tel_Telu,HIGH,NEGATED,scope_broaden,True,False,True
ntx3-001723-3,g-001723,tel_Telu,HIGH,NEGATED,scope_broaden+vendor_shift,True,True,True
ntx3-002495-0,g-002495,eng_Latn,LOW,NEGATED,clean,False,False,False
ntx3-002495-0,g-002495,eng_Latn,LOW,NEGATED,vendor_shift,True,True,True
ntx3-002495-0,g-002495,eng_Latn,LOW,NEGATED,year_shift,True,True,True
ntx3-002495-0,g-002495,eng_Latn,LOW,NEGATED,month_shift,True,True,True
ntx3-002495-0,g-002495,eng_Latn,LOW,NEGATED,negation_drop,True,True,True
ntx3-002495-0,g-002495,eng_Latn,LOW,NEGATED,scope_broaden,True,False,True
ntx3-002495-0,g-002495,eng_Latn,LOW,NEGATED,scope_broaden+vendor_shift,True,True,True
ntx3-002495-1,g-002495,hin_Latn,LOW,NEGATED,clean,False,False,False
ntx3-002495-1,g-002495,hin_Latn,LOW,NEGATED,vendor_shift,True,True,True
ntx3-002495-1,g-002495,hin_Latn,LOW,NEGATED,year_shift,True,True,True
ntx3-002495-1,g-002495,hin_Latn,LOW,NEGATED,month_shift,True,True,True
ntx3-002495-1,g-002495,hin_Latn,LOW,NEGATED,negation_drop,True,True,True
ntx3-002495-1,g-002495,hin_Latn,LOW,NEGATED,scope_broaden,True,False,True
ntx3-002495-1,g-002495,hin_Latn,LOW,NEGATED,scope_broaden+vendor_shift,True,True,True
ntx3-002495-2,g-002495,tel_Latn,LOW,NEGATED,clean,False,False,False
ntx3-002495-2,g-002495,tel_Latn,LOW,NEGATED,vendor_shift,True,True,True
ntx3-002495-2,g-002495,tel_Latn,LOW,NEGATED,year_shift,True,True,True
ntx3-002495-2,g-002495,tel_Latn,LOW,NEGATED,month_shift,True,True,True
ntx3-002495-2,g-002495,tel_Latn,LOW,NEGATED,negation_drop,True,True,True
ntx3-002495-2,g-002495,tel_Latn,LOW,NEGATED,scope_broaden,True,False,True
ntx3-002495-2,g-002495,tel_Latn,LOW,NEGATED,scope_broaden+vendor_shift,True,True,True
ntx3-002495-3,g-002495,tel_Telu,LOW,NEGATED,clean,False,False,False
ntx3-002495-3,g-002495,tel_Telu,LOW,NEGATED,vendor_shift,True,True,True
ntx3-002495-3,g-002495,tel_Telu,LOW,NEGATED,year_shift,True,True,True
ntx3-002495-3,g-002495,tel_Telu,LOW,NEGATED,month_shift,True,True,True
ntx3-002495-3,g-002495,tel_Telu,LOW,NEGATED,negation_drop,True,True,True
ntx3-002495-3,g-002495,tel_Telu,LOW,NEGATED,scope_broaden,True,False,True
ntx3-002495-3,g-002495,tel_Telu,LOW,NEGATED,scope_broaden+vendor_shift,True,True,True
ntx3-001524-0,g-001524,eng_Latn,HIGH,NEGATED,clean,False,False,False
ntx3-001524-0,g-001524,eng_Latn,HIGH,NEGATED,vendor_shift,True,True,True
ntx3-001524-0,g-001524,eng_Latn,HIGH,NEGATED,year_shift,True,True,True
ntx3-001524-0,g-001524,eng_Latn,HIGH,NEGATED,month_shift,True,True,True
ntx3-001524-0,g-001524,eng_Latn,HIGH,NEGATED,negation_drop,True,True,True
ntx3-001524-0,g-001524,eng_Latn,HIGH,NEGATED,scope_broaden,True,False,True
ntx3-001524-0,g-001524,eng_Latn,HIGH,NEGATED,scope_broaden+vendor_shift,True,True,True
ntx3-001524-1,g-001524,hin_Latn,HIGH,NEGATED,clean,False,False,False
ntx3-001524-1,g-001524,hin_Latn,HIGH,NEGATED,vendor_shift,True,True,True
ntx3-001524-1,g-001524,hin_Latn,HIGH,NEGATED,year_shift,True,True,True
ntx3-001524-1,g-001524,hin_Latn,HIGH,NEGATED,month_shift,True,True,True
ntx3-001524-1,g-001524,hin_Latn,HIGH,NEGATED,negation_drop,True,True,True
ntx3-001524-1,g-001524,hin_Latn,HIGH,NEGATED,scope_broaden,True,False,True
ntx3-001524-1,g-001524,hin_Latn,HIGH,NEGATED,scope_broaden+vendor_shift,True,True,True
ntx3-001524-2,g-001524,tel_Latn,HIGH,NEGATED,clean,False,False,False
ntx3-001524-2,g-001524,tel_Latn,HIGH,NEGATED,vendor_shift,True,True,True
ntx3-001524-2,g-001524,tel_Latn,HIGH,NEGATED,year_shift,True,True,True
ntx3-001524-2,g-001524,tel_Latn,HIGH,NEGATED,month_shift,True,True,True
ntx3-001524-2,g-001524,tel_Latn,HIGH,NEGATED,negation_drop,True,True,True
ntx3-001524-2,g-001524,tel_Latn,HIGH,NEGATED,scope_broaden,True,False,True
ntx3-001524-2,g-001524,tel_Latn,HIGH,NEGATED,scope_broaden+vendor_shift,True,True,True
ntx3-001524-3,g-001524,tel_Telu,HIGH,NEGATED,clean,False,False,False
ntx3-001524-3,g-001524,tel_Telu,HIGH,NEGATED,vendor_shift,True,True,True
ntx3-001524-3,g-001524,tel_Telu,HIGH,NEGATED,year_shift,True,True,True
ntx3-001524-3,g-001524,tel_Telu,HIGH,NEGATED,month_shift,True,True,True
ntx3-001524-3,g-001524,tel_Telu,HIGH,NEGATED,negation_drop,True,True,True
ntx3-001524-3,g-001524,tel_Telu,HIGH,NEGATED,scope_broaden,True,False,True
ntx3-001524-3,g-001524,tel_Telu,HIGH,NEGATED,scope_broaden+vendor_shift,True,True,True
ntx3-001269-0,g-001269,eng_Latn,HIGH,NEGATED,clean,False,False,False
ntx3-001269-0,g-001269,eng_Latn,HIGH,NEGATED,vendor_shift,True,True,True
ntx3-001269-0,g-001269,eng_Latn,HIGH,NEGATED,year_shift,True,True,True
ntx3-001269-0,g-001269,eng_Latn,HIGH,NEGATED,month_shift,True,True,True
ntx3-001269-0,g-001269,eng_Latn,HIGH,NEGATED,negation_drop,True,True,True
ntx3-001269-0,g-001269,eng_Latn,HIGH,NEGATED,scope_broaden,True,False,True
ntx3-001269-0,g-001269,eng_Latn,HIGH,NEGATED,scope_broaden+vendor_shift,True,True,True
ntx3-001269-1,g-001269,hin_Latn,HIGH,NEGATED,clean,False,False,False
ntx3-001269-1,g-001269,hin_Latn,HIGH,NEGATED,vendor_shift,True,True,True
ntx3-001269-1,g-001269,hin_Latn,HIGH,NEGATED,year_shift,True,True,True
ntx3-001269-1,g-001269,hin_Latn,HIGH,NEGATED,month_shift,True,True,True
ntx3-001269-1,g-001269,hin_Latn,HIGH,NEGATED,negation_drop,True,True,True
ntx3-001269-1,g-001269,hin_Latn,HIGH,NEGATED,scope_broaden,True,False,True
ntx3-001269-1,g-001269,hin_Latn,HIGH,NEGATED,scope_broaden+vendor_shift,True,True,True
ntx3-001269-2,g-001269,tel_Latn,HIGH,NEGATED,clean,False,False,False
ntx3-001269-2,g-001269,tel_Latn,HIGH,NEGATED,vendor_shift,True,True,True
ntx3-001269-2,g-001269,tel_Latn,HIGH,NEGATED,year_shift,True,True,True
ntx3-001269-2,g-001269,tel_Latn,HIGH,NEGATED,month_shift,True,True,True
ntx3-001269-2,g-001269,tel_Latn,HIGH,NEGATED,negation_drop,True,True,True
ntx3-001269-2,g-001269,tel_Latn,HIGH,NEGATED,scope_broaden,True,False,True
ntx3-001269-2,g-001269,tel_Latn,HIGH,NEGATED,scope_broaden+vendor_shift,True,True,True
ntx3-001269-3,g-001269,tel_Telu,HIGH,NEGATED,clean,False,False,False
ntx3-001269-3,g-001269,tel_Telu,HIGH,NEGATED,vendor_shift,True,True,True
ntx3-001269-3,g-001269,tel_Telu,HIGH,NEGATED,year_shift,True,True,True
ntx3-001269-3,g-001269,tel_Telu,HIGH,NEGATED,month_shift,True,True,True
ntx3-001269-3,g-001269,tel_Telu,HIGH,NEGATED,negation_drop,True,True,True
ntx3-001269-3,g-001269,tel_Telu,HIGH,NEGATED,scope_broaden,True,False,True
ntx3-001269-3,g-001269,tel_Telu,HIGH,NEGATED,scope_broaden+vendor_shift,True,True,True
ntx3-000404-0,g-000404,eng_Latn,MEDIUM,NEGATED,clean,False,False,False
ntx3-000404-0,g-000404,eng_Latn,MEDIUM,NEGATED,vendor_shift,True,True,True
ntx3-000404-0,g-000404,eng_Latn,MEDIUM,NEGATED,year_shift,True,True,True
ntx3-000404-0,g-000404,eng_Latn,MEDIUM,NEGATED,month_shift,True,True,True
ntx3-000404-0,g-000404,eng_Latn,MEDIUM,NEGATED,negation_drop,True,True,True
ntx3-000404-0,g-000404,eng_Latn,MEDIUM,NEGATED,scope_broaden,True,False,True
ntx3-000404-0,g-000404,eng_Latn,MEDIUM,NEGATED,scope_broaden+vendor_shift,True,True,True
ntx3-000404-1,g-000404,hin_Latn,MEDIUM,NEGATED,clean,False,False,False
ntx3-000404-1,g-000404,hin_Latn,MEDIUM,NEGATED,vendor_shift,True,True,True
ntx3-000404-1,g-000404,hin_Latn,MEDIUM,NEGATED,year_shift,True,True,True
ntx3-000404-1,g-000404,hin_Latn,MEDIUM,NEGATED,month_shift,True,True,True
ntx3-000404-1,g-000404,hin_Latn,MEDIUM,NEGATED,negation_drop,True,True,True
ntx3-000404-1,g-000404,hin_Latn,MEDIUM,NEGATED,scope_broaden,True,False,True
ntx3-000404-1,g-000404,hin_Latn,MEDIUM,NEGATED,scope_broaden+vendor_shift,True,True,True
ntx3-000404-2,g-000404,tel_Latn,MEDIUM,NEGATED,clean,False,False,False
ntx3-000404-2,g-000404,tel_Latn,MEDIUM,NEGATED,vendor_shift,True,True,True
ntx3-000404-2,g-000404,tel_Latn,MEDIUM,NEGATED,year_shift,True,True,True
ntx3-000404-2,g-000404,tel_Latn,MEDIUM,NEGATED,month_shift,True,True,True
ntx3-000404-2,g-000404,tel_Latn,MEDIUM,NEGATED,negation_drop,True,True,True
ntx3-000404-2,g-000404,tel_Latn,MEDIUM,NEGATED,scope_broaden,True,False,True
ntx3-000404-2,g-000404,tel_Latn,MEDIUM,NEGATED,scope_broaden+vendor_shift,True,True,True
ntx3-000404-3,g-000404,tel_Telu,MEDIUM,NEGATED,clean,False,False,False
ntx3-000404-3,g-000404,tel_Telu,MEDIUM,NEGATED,vendor_shift,True,True,True
ntx3-000404-3,g-000404,tel_Telu,MEDIUM,NEGATED,year_shift,True,True,True
ntx3-000404-3,g-000404,tel_Telu,MEDIUM,NEGATED,month_shift,True,True,True
ntx3-000404-3,g-000404,tel_Telu,MEDIUM,NEGATED,negation_drop,True,True,True
ntx3-000404-3,g-000404,tel_Telu,MEDIUM,NEGATED,scope_broaden,True,False,True
ntx3-000404-3,g-000404,tel_Telu,MEDIUM,NEGATED,scope_broaden+vendor_shift,True,True,True
ntx3-000877-0,g-000877,eng_Latn,MEDIUM,NEGATED,clean,False,False,False
ntx3-000877-0,g-000877,eng_Latn,MEDIUM,NEGATED,vendor_shift,True,True,True
ntx3-000877-0,g-000877,eng_Latn,MEDIUM,NEGATED,year_shift,True,True,True
ntx3-000877-0,g-000877,eng_Latn,MEDIUM,NEGATED,month_shift,True,True,True
ntx3-000877-0,g-000877,eng_Latn,MEDIUM,NEGATED,negation_drop,True,True,True
ntx3-000877-0,g-000877,eng_Latn,MEDIUM,NEGATED,scope_broaden,True,False,True
ntx3-000877-0,g-000877,eng_Latn,MEDIUM,NEGATED,scope_broaden+vendor_shift,True,True,True
ntx3-000877-1,g-000877,hin_Latn,MEDIUM,NEGATED,clean,False,False,False
ntx3-000877-1,g-000877,hin_Latn,MEDIUM,NEGATED,vendor_shift,True,True,True
ntx3-000877-1,g-000877,hin_Latn,MEDIUM,NEGATED,year_shift,True,True,True
ntx3-000877-1,g-000877,hin_Latn,MEDIUM,NEGATED,month_shift,True,True,True
ntx3-000877-1,g-000877,hin_Latn,MEDIUM,NEGATED,negation_drop,True,True,True
ntx3-000877-1,g-000877,hin_Latn,MEDIUM,NEGATED,scope_broaden,True,False,True
ntx3-000877-1,g-000877,hin_Latn,MEDIUM,NEGATED,scope_broaden+vendor_shift,True,True,True
ntx3-000877-2,g-000877,tel_Latn,MEDIUM,NEGATED,clean,False,False,False
ntx3-000877-2,g-000877,tel_Latn,MEDIUM,NEGATED,vendor_shift,True,True,True
ntx3-000877-2,g-000877,tel_Latn,MEDIUM,NEGATED,year_shift,True,True,True
ntx3-000877-2,g-000877,tel_Latn,MEDIUM,NEGATED,month_shift,True,True,True
ntx3-000877-2,g-000877,tel_Latn,MEDIUM,NEGATED,negation_drop,True,True,True
ntx3-000877-2,g-000877,tel_Latn,MEDIUM,NEGATED,scope_broaden,True,False,True
ntx3-000877-2,g-000877,tel_Latn,MEDIUM,NEGATED,scope_broaden+vendor_shift,True,True,True
ntx3-000877-3,g-000877,tel_Telu,MEDIUM,NEGATED,clean,False,False,False
ntx3-000877-3,g-000877,tel_Telu,MEDIUM,NEGATED,vendor_shift,True,True,True
ntx3-000877-3,g-000877,tel_Telu,MEDIUM,NEGATED,year_shift,True,True,True
ntx3-000877-3,g-000877,tel_Telu,MEDIUM,NEGATED,month_shift,True,True,True
ntx3-000877-3,g-000877,tel_Telu,MEDIUM,NEGATED,negation_drop,True,True,True
ntx3-000877-3,g-000877,tel_Telu,MEDIUM,NEGATED,scope_broaden,True,False,True
ntx3-000877-3,g-000877,tel_Telu,MEDIUM,NEGATED,scope_broaden+vendor_shift,True,True,True
ntx3-000996-0,g-000996,eng_Latn,MEDIUM,NEGATED,clean,False,False,False
ntx3-000996-0,g-000996,eng_Latn,MEDIUM,NEGATED,vendor_shift,True,True,True
ntx3-000996-0,g-000996,eng_Latn,MEDIUM,NEGATED,year_shift,True,True,True
ntx3-000996-0,g-000996,eng_Latn,MEDIUM,NEGATED,month_shift,True,True,True
ntx3-000996-0,g-000996,eng_Latn,MEDIUM,NEGATED,negation_drop,True,True,True
ntx3-000996-0,g-000996,eng_Latn,MEDIUM,NEGATED,scope_broaden,True,False,True
ntx3-000996-0,g-000996,eng_Latn,MEDIUM,NEGATED,scope_broaden+vendor_shift,True,True,True
ntx3-000996-1,g-000996,hin_Latn,MEDIUM,NEGATED,clean,False,False,False
ntx3-000996-1,g-000996,hin_Latn,MEDIUM,NEGATED,vendor_shift,True,True,True
ntx3-000996-1,g-000996,hin_Latn,MEDIUM,NEGATED,year_shift,True,True,True
ntx3-000996-1,g-000996,hin_Latn,MEDIUM,NEGATED,month_shift,True,True,True
ntx3-000996-1,g-000996,hin_Latn,MEDIUM,NEGATED,negation_drop,True,True,True
ntx3-000996-1,g-000996,hin_Latn,MEDIUM,NEGATED,scope_broaden,True,False,True
ntx3-000996-1,g-000996,hin_Latn,MEDIUM,NEGATED,scope_broaden+vendor_shift,True,True,True
ntx3-000996-2,g-000996,tel_Latn,MEDIUM,NEGATED,clean,False,False,False
ntx3-000996-2,g-000996,tel_Latn,MEDIUM,NEGATED,vendor_shift,True,True,True
ntx3-000996-2,g-000996,tel_Latn,MEDIUM,NEGATED,year_shift,True,True,True
ntx3-000996-2,g-000996,tel_Latn,MEDIUM,NEGATED,month_shift,True,True,True
ntx3-000996-2,g-000996,tel_Latn,MEDIUM,NEGATED,negation_drop,True,True,True
ntx3-000996-2,g-000996,tel_Latn,MEDIUM,NEGATED,scope_broaden,True,False,True
ntx3-000996-2,g-000996,tel_Latn,MEDIUM,NEGATED,scope_broaden+vendor_shift,True,True,True
ntx3-000996-3,g-000996,tel_Telu,MEDIUM,NEGATED,clean,False,False,False
ntx3-000996-3,g-000996,tel_Telu,MEDIUM,NEGATED,vendor_shift,True,True,True
ntx3-000996-3,g-000996,tel_Telu,MEDIUM,NEGATED,year_shift,True,True,True
ntx3-000996-3,g-000996,tel_Telu,MEDIUM,NEGATED,month_shift,True,True,True
ntx3-000996-3,g-000996,tel_Telu,MEDIUM,NEGATED,negation_drop,True,True,True
ntx3-000996-3,g-000996,tel_Telu,MEDIUM,NEGATED,scope_broaden,True,False,True
ntx3-000996-3,g-000996,tel_Telu,MEDIUM,NEGATED,scope_broaden+vendor_shift,True,True,True
ntx3-000248-0,g-000248,eng_Latn,MEDIUM,NEGATED,clean,False,False,False
ntx3-000248-0,g-000248,eng_Latn,MEDIUM,NEGATED,vendor_shift,True,True,True
ntx3-000248-0,g-000248,eng_Latn,MEDIUM,NEGATED,year_shift,True,True,True
ntx3-000248-0,g-000248,eng_Latn,MEDIUM,NEGATED,month_shift,True,True,True
ntx3-000248-0,g-000248,eng_Latn,MEDIUM,NEGATED,negation_drop,True,True,True
ntx3-000248-0,g-000248,eng_Latn,MEDIUM,NEGATED,scope_broaden,True,False,True
ntx3-000248-0,g-000248,eng_Latn,MEDIUM,NEGATED,scope_broaden+vendor_shift,True,True,True
ntx3-000248-1,g-000248,hin_Latn,MEDIUM,NEGATED,clean,False,False,False
ntx3-000248-1,g-000248,hin_Latn,MEDIUM,NEGATED,vendor_shift,True,True,True
ntx3-000248-1,g-000248,hin_Latn,MEDIUM,NEGATED,year_shift,True,True,True
ntx3-000248-1,g-000248,hin_Latn,MEDIUM,NEGATED,month_shift,True,True,True
ntx3-000248-1,g-000248,hin_Latn,MEDIUM,NEGATED,negation_drop,True,True,True
ntx3-000248-1,g-000248,hin_Latn,MEDIUM,NEGATED,scope_broaden,True,False,True
ntx3-000248-1,g-000248,hin_Latn,MEDIUM,NEGATED,scope_broaden+vendor_shift,True,True,True
ntx3-000248-2,g-000248,tel_Latn,MEDIUM,NEGATED,clean,False,False,False
ntx3-000248-2,g-000248,tel_Latn,MEDIUM,NEGATED,vendor_shift,True,True,True
ntx3-000248-2,g-000248,tel_Latn,MEDIUM,NEGATED,year_shift,True,True,True
ntx3-000248-2,g-000248,tel_Latn,MEDIUM,NEGATED,month_shift,True,True,True
ntx3-000248-2,g-000248,tel_Latn,MEDIUM,NEGATED,negation_drop,True,True,True
ntx3-000248-2,g-000248,tel_Latn,MEDIUM,NEGATED,scope_broaden,True,False,True
ntx3-000248-2,g-000248,tel_Latn,MEDIUM,NEGATED,scope_broaden+vendor_shift,True,True,True
ntx3-000248-3,g-000248,tel_Telu,MEDIUM,NEGATED,clean,False,False,False
ntx3-000248-3,g-000248,tel_Telu,MEDIUM,NEGATED,vendor_shift,True,True,True
ntx3-000248-3,g-000248,tel_Telu,MEDIUM,NEGATED,year_shift,True,True,True
ntx3-000248-3,g-000248,tel_Telu,MEDIUM,NEGATED,month_shift,True,True,True
ntx3-000248-3,g-000248,tel_Telu,MEDIUM,NEGATED,negation_drop,True,True,True
ntx3-000248-3,g-000248,tel_Telu,MEDIUM,NEGATED,scope_broaden,True,False,True
ntx3-000248-3,g-000248,tel_Telu,MEDIUM,NEGATED,scope_broaden+vendor_shift,True,True,True
ntx3-000953-0,g-000953,eng_Latn,MEDIUM,NEGATED,clean,False,False,False
ntx3-000953-0,g-000953,eng_Latn,MEDIUM,NEGATED,vendor_shift,True,True,True
ntx3-000953-0,g-000953,eng_Latn,MEDIUM,NEGATED,year_shift,True,True,True
ntx3-000953-0,g-000953,eng_Latn,MEDIUM,NEGATED,month_shift,True,True,True
ntx3-000953-0,g-000953,eng_Latn,MEDIUM,NEGATED,negation_drop,True,True,True
ntx3-000953-0,g-000953,eng_Latn,MEDIUM,NEGATED,scope_broaden,True,False,True
ntx3-000953-0,g-000953,eng_Latn,MEDIUM,NEGATED,scope_broaden+vendor_shift,True,True,True
ntx3-000953-1,g-000953,hin_Latn,MEDIUM,NEGATED,clean,False,False,False
ntx3-000953-1,g-000953,hin_Latn,MEDIUM,NEGATED,vendor_shift,True,True,True
ntx3-000953-1,g-000953,hin_Latn,MEDIUM,NEGATED,year_shift,True,True,True
ntx3-000953-1,g-000953,hin_Latn,MEDIUM,NEGATED,month_shift,True,True,True
ntx3-000953-1,g-000953,hin_Latn,MEDIUM,NEGATED,negation_drop,True,True,True
ntx3-000953-1,g-000953,hin_Latn,MEDIUM,NEGATED,scope_broaden,True,False,True
ntx3-000953-1,g-000953,hin_Latn,MEDIUM,NEGATED,scope_broaden+vendor_shift,True,True,True
ntx3-000953-2,g-000953,tel_Latn,MEDIUM,NEGATED,clean,False,False,False
ntx3-000953-2,g-000953,tel_Latn,MEDIUM,NEGATED,vendor_shift,True,True,True
ntx3-000953-2,g-000953,tel_Latn,MEDIUM,NEGATED,year_shift,True,True,True
ntx3-000953-2,g-000953,tel_Latn,MEDIUM,NEGATED,month_shift,True,True,True
ntx3-000953-2,g-000953,tel_Latn,MEDIUM,NEGATED,negation_drop,True,True,True
ntx3-000953-2,g-000953,tel_Latn,MEDIUM,NEGATED,scope_broaden,True,False,True
ntx3-000953-2,g-000953,tel_Latn,MEDIUM,NEGATED,scope_broaden+vendor_shift,True,True,True
ntx3-000953-3,g-000953,tel_Telu,MEDIUM,NEGATED,clean,False,False,False
ntx3-000953-3,g-000953,tel_Telu,MEDIUM,NEGATED,vendor_shift,True,True,True
ntx3-000953-3,g-000953,tel_Telu,MEDIUM,NEGATED,year_shift,True,True,True
ntx3-000953-3,g-000953,tel_Telu,MEDIUM,NEGATED,month_shift,True,True,True
ntx3-000953-3,g-000953,tel_Telu,MEDIUM,NEGATED,negation_drop,True,True,True
ntx3-000953-3,g-000953,tel_Telu,MEDIUM,NEGATED,scope_broaden,True,False,True
ntx3-000953-3,g-000953,tel_Telu,MEDIUM,NEGATED,scope_broaden+vendor_shift,True,True,True
ntx3-001411-0,g-001411,eng_Latn,LOW,NEGATED,clean,False,False,False
ntx3-001411-0,g-001411,eng_Latn,LOW,NEGATED,vendor_shift,True,True,True
ntx3-001411-0,g-001411,eng_Latn,LOW,NEGATED,year_shift,True,True,True
ntx3-001411-0,g-001411,eng_Latn,LOW,NEGATED,month_shift,True,True,True
ntx3-001411-0,g-001411,eng_Latn,LOW,NEGATED,negation_drop,True,True,True
ntx3-001411-0,g-001411,eng_Latn,LOW,NEGATED,scope_broaden,True,False,True
ntx3-001411-0,g-001411,eng_Latn,LOW,NEGATED,scope_broaden+vendor_shift,True,True,True
ntx3-001411-1,g-001411,hin_Latn,LOW,NEGATED,clean,False,False,False
ntx3-001411-1,g-001411,hin_Latn,LOW,NEGATED,vendor_shift,True,True,True
ntx3-001411-1,g-001411,hin_Latn,LOW,NEGATED,year_shift,True,True,True
ntx3-001411-1,g-001411,hin_Latn,LOW,NEGATED,month_shift,True,True,True
ntx3-001411-1,g-001411,hin_Latn,LOW,NEGATED,negation_drop,True,True,True
ntx3-001411-1,g-001411,hin_Latn,LOW,NEGATED,scope_broaden,True,False,True
ntx3-001411-1,g-001411,hin_Latn,LOW,NEGATED,scope_broaden+vendor_shift,True,True,True
ntx3-001411-2,g-001411,tel_Latn,LOW,NEGATED,clean,False,False,False
ntx3-001411-2,g-001411,tel_Latn,LOW,NEGATED,vendor_shift,True,True,True
ntx3-001411-2,g-001411,tel_Latn,LOW,NEGATED,year_shift,True,True,True
ntx3-001411-2,g-001411,tel_Latn,LOW,NEGATED,month_shift,True,True,True
ntx3-001411-2,g-001411,tel_Latn,LOW,NEGATED,negation_drop,True,True,True
ntx3-001411-2,g-001411,tel_Latn,LOW,NEGATED,scope_broaden,True,False,True
ntx3-001411-2,g-001411,tel_Latn,LOW,NEGATED,scope_broaden+vendor_shift,True,True,True
ntx3-001411-3,g-001411,tel_Telu,LOW,NEGATED,clean,False,False,False
ntx3-001411-3,g-001411,tel_Telu,LOW,NEGATED,vendor_shift,True,True,True
ntx3-001411-3,g-001411,tel_Telu,LOW,NEGATED,year_shift,True,True,True
ntx3-001411-3,g-001411,tel_Telu,LOW,NEGATED,month_shift,True,True,True
ntx3-001411-3,g-001411,tel_Telu,LOW,NEGATED,negation_drop,True,True,True
ntx3-001411-3,g-001411,tel_Telu,LOW,NEGATED,scope_broaden,True,False,True
ntx3-001411-3,g-001411,tel_Telu,LOW,NEGATED,scope_broaden+vendor_shift,True,True,True
ntx3-002477-0,g-002477,eng_Latn,HIGH,NEGATED,clean,False,False,False
ntx3-002477-0,g-002477,eng_Latn,HIGH,NEGATED,vendor_shift,True,True,True
ntx3-002477-0,g-002477,eng_Latn,HIGH,NEGATED,year_shift,True,True,True
ntx3-002477-0,g-002477,eng_Latn,HIGH,NEGATED,month_shift,True,True,True
ntx3-002477-0,g-002477,eng_Latn,HIGH,NEGATED,negation_drop,True,True,True
ntx3-002477-0,g-002477,eng_Latn,HIGH,NEGATED,scope_broaden,True,False,True
ntx3-002477-0,g-002477,eng_Latn,HIGH,NEGATED,scope_broaden+vendor_shift,True,True,True
ntx3-002477-1,g-002477,hin_Latn,HIGH,NEGATED,clean,False,False,False
ntx3-002477-1,g-002477,hin_Latn,HIGH,NEGATED,vendor_shift,True,True,True
ntx3-002477-1,g-002477,hin_Latn,HIGH,NEGATED,year_shift,True,True,True
ntx3-002477-1,g-002477,hin_Latn,HIGH,NEGATED,month_shift,True,True,True
ntx3-002477-1,g-002477,hin_Latn,HIGH,NEGATED,negation_drop,True,True,True
ntx3-002477-1,g-002477,hin_Latn,HIGH,NEGATED,scope_broaden,True,False,True
ntx3-002477-1,g-002477,hin_Latn,HIGH,NEGATED,scope_broaden+vendor_shift,True,True,True
ntx3-002477-2,g-002477,tel_Latn,HIGH,NEGATED,clean,False,False,False
ntx3-002477-2,g-002477,tel_Latn,HIGH,NEGATED,vendor_shift,True,True,True
ntx3-002477-2,g-002477,tel_Latn,HIGH,NEGATED,year_shift,True,True,True
ntx3-002477-2,g-002477,tel_Latn,HIGH,NEGATED,month_shift,True,True,True
ntx3-002477-2,g-002477,tel_Latn,HIGH,NEGATED,negation_drop,True,True,True
ntx3-002477-2,g-002477,tel_Latn,HIGH,NEGATED,scope_broaden,True,False,True
ntx3-002477-2,g-002477,tel_Latn,HIGH,NEGATED,scope_broaden+vendor_shift,True,True,True
ntx3-002477-3,g-002477,tel_Telu,HIGH,NEGATED,clean,False,False,False
ntx3-002477-3,g-002477,tel_Telu,HIGH,NEGATED,vendor_shift,True,True,True
ntx3-002477-3,g-002477,tel_Telu,HIGH,NEGATED,year_shift,True,True,True
ntx3-002477-3,g-002477,tel_Telu,HIGH,NEGATED,month_shift,True,True,True
ntx3-002477-3,g-002477,tel_Telu,HIGH,NEGATED,negation_drop,True,True,True
ntx3-002477-3,g-002477,tel_Telu,HIGH,NEGATED,scope_broaden,True,False,True
ntx3-002477-3,g-002477,tel_Telu,HIGH,NEGATED,scope_broaden+vendor_shift,True,True,True
ntx3-001398-0,g-001398,eng_Latn,MEDIUM,NEGATED,clean,False,False,False
ntx3-001398-0,g-001398,eng_Latn,MEDIUM,NEGATED,vendor_shift,True,True,True
ntx3-001398-0,g-001398,eng_Latn,MEDIUM,NEGATED,year_shift,True,True,True
ntx3-001398-0,g-001398,eng_Latn,MEDIUM,NEGATED,month_shift,True,True,True
ntx3-001398-0,g-001398,eng_Latn,MEDIUM,NEGATED,negation_drop,True,True,True
ntx3-001398-0,g-001398,eng_Latn,MEDIUM,NEGATED,scope_broaden,True,False,True
ntx3-001398-0,g-001398,eng_Latn,MEDIUM,NEGATED,scope_broaden+vendor_shift,True,True,True
ntx3-001398-1,g-001398,hin_Latn,MEDIUM,NEGATED,clean,False,False,False
ntx3-001398-1,g-001398,hin_Latn,MEDIUM,NEGATED,vendor_shift,True,True,True
ntx3-001398-1,g-001398,hin_Latn,MEDIUM,NEGATED,year_shift,True,True,True
ntx3-001398-1,g-001398,hin_Latn,MEDIUM,NEGATED,month_shift,True,True,True
ntx3-001398-1,g-001398,hin_Latn,MEDIUM,NEGATED,negation_drop,True,True,True
ntx3-001398-1,g-001398,hin_Latn,MEDIUM,NEGATED,scope_broaden,True,False,True
ntx3-001398-1,g-001398,hin_Latn,MEDIUM,NEGATED,scope_broaden+vendor_shift,True,True,True
ntx3-001398-2,g-001398,tel_Latn,MEDIUM,NEGATED,clean,False,False,False
ntx3-001398-2,g-001398,tel_Latn,MEDIUM,NEGATED,vendor_shift,True,True,True
ntx3-001398-2,g-001398,tel_Latn,MEDIUM,NEGATED,year_shift,True,True,True
ntx3-001398-2,g-001398,tel_Latn,MEDIUM,NEGATED,month_shift,True,True,True
ntx3-001398-2,g-001398,tel_Latn,MEDIUM,NEGATED,negation_drop,True,True,True
ntx3-001398-2,g-001398,tel_Latn,MEDIUM,NEGATED,scope_broaden,True,False,True
ntx3-001398-2,g-001398,tel_Latn,MEDIUM,NEGATED,scope_broaden+vendor_shift,True,True,True
ntx3-001398-3,g-001398,tel_Telu,MEDIUM,NEGATED,clean,False,False,False
ntx3-001398-3,g-001398,tel_Telu,MEDIUM,NEGATED,vendor_shift,True,True,True
ntx3-001398-3,g-001398,tel_Telu,MEDIUM,NEGATED,year_shift,True,True,True
ntx3-001398-3,g-001398,tel_Telu,MEDIUM,NEGATED,month_shift,True,True,True
ntx3-001398-3,g-001398,tel_Telu,MEDIUM,NEGATED,negation_drop,True,True,True
ntx3-001398-3,g-001398,tel_Telu,MEDIUM,NEGATED,scope_broaden,True,False,True
ntx3-001398-3,g-001398,tel_Telu,MEDIUM,NEGATED,scope_broaden+vendor_shift,True,True,True
ntx3-001198-0,g-001198,eng_Latn,HIGH,NEGATED,clean,False,False,False
ntx3-001198-0,g-001198,eng_Latn,HIGH,NEGATED,vendor_shift,True,True,True
ntx3-001198-0,g-001198,eng_Latn,HIGH,NEGATED,year_shift,True,True,True
ntx3-001198-0,g-001198,eng_Latn,HIGH,NEGATED,month_shift,True,True,True
ntx3-001198-0,g-001198,eng_Latn,HIGH,NEGATED,negation_drop,True,True,True
ntx3-001198-0,g-001198,eng_Latn,HIGH,NEGATED,scope_broaden,True,False,True
ntx3-001198-0,g-001198,eng_Latn,HIGH,NEGATED,scope_broaden+vendor_shift,True,True,True
ntx3-001198-1,g-001198,hin_Latn,HIGH,NEGATED,clean,False,False,False
ntx3-001198-1,g-001198,hin_Latn,HIGH,NEGATED,vendor_shift,True,True,True
ntx3-001198-1,g-001198,hin_Latn,HIGH,NEGATED,year_shift,True,True,True
ntx3-001198-1,g-001198,hin_Latn,HIGH,NEGATED,month_shift,True,True,True
ntx3-001198-1,g-001198,hin_Latn,HIGH,NEGATED,negation_drop,True,True,True
ntx3-001198-1,g-001198,hin_Latn,HIGH,NEGATED,scope_broaden,True,False,True
ntx3-001198-1,g-001198,hin_Latn,HIGH,NEGATED,scope_broaden+vendor_shift,True,True,True
ntx3-001198-2,g-001198,tel_Latn,HIGH,NEGATED,clean,False,False,False
ntx3-001198-2,g-001198,tel_Latn,HIGH,NEGATED,vendor_shift,True,True,True
ntx3-001198-2,g-001198,tel_Latn,HIGH,NEGATED,year_shift,True,True,True
ntx3-001198-2,g-001198,tel_Latn,HIGH,NEGATED,month_shift,True,True,True
ntx3-001198-2,g-001198,tel_Latn,HIGH,NEGATED,negation_drop,True,True,True
ntx3-001198-2,g-001198,tel_Latn,HIGH,NEGATED,scope_broaden,True,False,True
ntx3-001198-2,g-001198,tel_Latn,HIGH,NEGATED,scope_broaden+vendor_shift,True,True,True
ntx3-001198-3,g-001198,tel_Telu,HIGH,NEGATED,clean,False,False,False
ntx3-001198-3,g-001198,tel_Telu,HIGH,NEGATED,vendor_shift,True,True,True
ntx3-001198-3,g-001198,tel_Telu,HIGH,NEGATED,year_shift,True,True,True
ntx3-001198-3,g-001198,tel_Telu,HIGH,NEGATED,month_shift,True,True,True
ntx3-001198-3,g-001198,tel_Telu,HIGH,NEGATED,negation_drop,True,True,True
ntx3-001198-3,g-001198,tel_Telu,HIGH,NEGATED,scope_broaden,True,False,True
ntx3-001198-3,g-001198,tel_Telu,HIGH,NEGATED,scope_broaden+vendor_shift,True,True,True
ntx3-000520-0,g-000520,eng_Latn,LOW,NEGATED,clean,False,False,False
ntx3-000520-0,g-000520,eng_Latn,LOW,NEGATED,vendor_shift,True,True,True
ntx3-000520-0,g-000520,eng_Latn,LOW,NEGATED,year_shift,True,True,True
ntx3-000520-0,g-000520,eng_Latn,LOW,NEGATED,month_shift,True,True,True
ntx3-000520-0,g-000520,eng_Latn,LOW,NEGATED,negation_drop,True,True,True
ntx3-000520-0,g-000520,eng_Latn,LOW,NEGATED,scope_broaden,True,False,True
ntx3-000520-0,g-000520,eng_Latn,LOW,NEGATED,scope_broaden+vendor_shift,True,True,True
ntx3-000520-1,g-000520,hin_Latn,LOW,NEGATED,clean,False,False,False
ntx3-000520-1,g-000520,hin_Latn,LOW,NEGATED,vendor_shift,True,True,True
ntx3-000520-1,g-000520,hin_Latn,LOW,NEGATED,year_shift,True,True,True
ntx3-000520-1,g-000520,hin_Latn,LOW,NEGATED,month_shift,True,True,True
ntx3-000520-1,g-000520,hin_Latn,LOW,NEGATED,negation_drop,True,True,True
ntx3-000520-1,g-000520,hin_Latn,LOW,NEGATED,scope_broaden,True,False,True
ntx3-000520-1,g-000520,hin_Latn,LOW,NEGATED,scope_broaden+vendor_shift,True,True,True
ntx3-000520-2,g-000520,tel_Latn,LOW,NEGATED,clean,False,False,False
ntx3-000520-2,g-000520,tel_Latn,LOW,NEGATED,vendor_shift,True,True,True
ntx3-000520-2,g-000520,tel_Latn,LOW,NEGATED,year_shift,True,True,True
ntx3-000520-2,g-000520,tel_Latn,LOW,NEGATED,month_shift,True,True,True
ntx3-000520-2,g-000520,tel_Latn,LOW,NEGATED,negation_drop,True,True,True
ntx3-000520-2,g-000520,tel_Latn,LOW,NEGATED,scope_broaden,True,False,True
ntx3-000520-2,g-000520,tel_Latn,LOW,NEGATED,scope_broaden+vendor_shift,True,True,True
ntx3-000520-3,g-000520,tel_Telu,LOW,NEGATED,clean,False,False,False
ntx3-000520-3,g-000520,tel_Telu,LOW,NEGATED,vendor_shift,True,True,True
ntx3-000520-3,g-000520,tel_Telu,LOW,NEGATED,year_shift,True,True,True
ntx3-000520-3,g-000520,tel_Telu,LOW,NEGATED,month_shift,True,True,True
ntx3-000520-3,g-000520,tel_Telu,LOW,NEGATED,negation_drop,True,True,True
ntx3-000520-3,g-000520,tel_Telu,LOW,NEGATED,scope_broaden,True,False,True
ntx3-000520-3,g-000520,tel_Telu,LOW,NEGATED,scope_broaden+vendor_shift,True,True,True
ntx3-001246-0,g-001246,eng_Latn,CRITICAL,NEGATED,clean,False,False,False
ntx3-001246-0,g-001246,eng_Latn,CRITICAL,NEGATED,vendor_shift,True,True,True
ntx3-001246-0,g-001246,eng_Latn,CRITICAL,NEGATED,year_shift,True,True,True
ntx3-001246-0,g-001246,eng_Latn,CRITICAL,NEGATED,month_shift,True,True,True
ntx3-001246-0,g-001246,eng_Latn,CRITICAL,NEGATED,negation_drop,True,True,True
ntx3-001246-0,g-001246,eng_Latn,CRITICAL,NEGATED,scope_broaden,True,False,True
ntx3-001246-0,g-001246,eng_Latn,CRITICAL,NEGATED,scope_broaden+vendor_shift,True,True,True
ntx3-001246-1,g-001246,hin_Latn,CRITICAL,NEGATED,clean,False,False,False
ntx3-001246-1,g-001246,hin_Latn,CRITICAL,NEGATED,vendor_shift,True,True,True
ntx3-001246-1,g-001246,hin_Latn,CRITICAL,NEGATED,year_shift,True,True,True
ntx3-001246-1,g-001246,hin_Latn,CRITICAL,NEGATED,month_shift,True,True,True
ntx3-001246-1,g-001246,hin_Latn,CRITICAL,NEGATED,negation_drop,True,True,True
ntx3-001246-1,g-001246,hin_Latn,CRITICAL,NEGATED,scope_broaden,True,False,True
ntx3-001246-1,g-001246,hin_Latn,CRITICAL,NEGATED,scope_broaden+vendor_shift,True,True,True
ntx3-001246-2,g-001246,tel_Latn,CRITICAL,NEGATED,clean,False,False,False
ntx3-001246-2,g-001246,tel_Latn,CRITICAL,NEGATED,vendor_shift,True,True,True
ntx3-001246-2,g-001246,tel_Latn,CRITICAL,NEGATED,year_shift,True,True,True
ntx3-001246-2,g-001246,tel_Latn,CRITICAL,NEGATED,month_shift,True,True,True
ntx3-001246-2,g-001246,tel_Latn,CRITICAL,NEGATED,negation_drop,True,True,True
ntx3-001246-2,g-001246,tel_Latn,CRITICAL,NEGATED,scope_broaden,True,False,True
ntx3-001246-2,g-001246,tel_Latn,CRITICAL,NEGATED,scope_broaden+vendor_shift,True,True,True
ntx3-001246-3,g-001246,tel_Telu,CRITICAL,NEGATED,clean,False,False,False
ntx3-001246-3,g-001246,tel_Telu,CRITICAL,NEGATED,vendor_shift,True,True,True
ntx3-001246-3,g-001246,tel_Telu,CRITICAL,NEGATED,year_shift,True,True,True
ntx3-001246-3,g-001246,tel_Telu,CRITICAL,NEGATED,month_shift,True,True,True
ntx3-001246-3,g-001246,tel_Telu,CRITICAL,NEGATED,negation_drop,True,True,True
ntx3-001246-3,g-001246,tel_Telu,CRITICAL,NEGATED,scope_broaden,True,False,True
ntx3-001246-3,g-001246,tel_Telu,CRITICAL,NEGATED,scope_broaden+vendor_shift,True,True,True
ntx3-001531-0,g-001531,eng_Latn,HIGH,NEGATED,clean,False,False,False
ntx3-001531-0,g-001531,eng_Latn,HIGH,NEGATED,vendor_shift,True,True,True
ntx3-001531-0,g-001531,eng_Latn,HIGH,NEGATED,year_shift,True,True,True
ntx3-001531-0,g-001531,eng_Latn,HIGH,NEGATED,month_shift,True,True,True
ntx3-001531-0,g-001531,eng_Latn,HIGH,NEGATED,negation_drop,True,True,True
ntx3-001531-0,g-001531,eng_Latn,HIGH,NEGATED,scope_broaden,True,False,True
ntx3-001531-0,g-001531,eng_Latn,HIGH,NEGATED,scope_broaden+vendor_shift,True,True,True
ntx3-001531-1,g-001531,hin_Latn,HIGH,NEGATED,clean,False,False,False
ntx3-001531-1,g-001531,hin_Latn,HIGH,NEGATED,vendor_shift,True,True,True
ntx3-001531-1,g-001531,hin_Latn,HIGH,NEGATED,year_shift,True,True,True
ntx3-001531-1,g-001531,hin_Latn,HIGH,NEGATED,month_shift,True,True,True
ntx3-001531-1,g-001531,hin_Latn,HIGH,NEGATED,negation_drop,True,True,True
ntx3-001531-1,g-001531,hin_Latn,HIGH,NEGATED,scope_broaden,True,False,True
ntx3-001531-1,g-001531,hin_Latn,HIGH,NEGATED,scope_broaden+vendor_shift,True,True,True
ntx3-001531-2,g-001531,tel_Latn,HIGH,NEGATED,clean,False,False,False
ntx3-001531-2,g-001531,tel_Latn,HIGH,NEGATED,vendor_shift,True,True,True
ntx3-001531-2,g-001531,tel_Latn,HIGH,NEGATED,year_shift,True,True,True
ntx3-001531-2,g-001531,tel_Latn,HIGH,NEGATED,month_shift,True,True,True
ntx3-001531-2,g-001531,tel_Latn,HIGH,NEGATED,negation_drop,True,True,True
ntx3-001531-2,g-001531,tel_Latn,HIGH,NEGATED,scope_broaden,True,False,True
ntx3-001531-2,g-001531,tel_Latn,HIGH,NEGATED,scope_broaden+vendor_shift,True,True,True
ntx3-001531-3,g-001531,tel_Telu,HIGH,NEGATED,clean,False,False,False
ntx3-001531-3,g-001531,tel_Telu,HIGH,NEGATED,vendor_shift,True,True,True
ntx3-001531-3,g-001531,tel_Telu,HIGH,NEGATED,year_shift,True,True,True
ntx3-001531-3,g-001531,tel_Telu,HIGH,NEGATED,month_shift,True,True,True
ntx3-001531-3,g-001531,tel_Telu,HIGH,NEGATED,negation_drop,True,True,True
ntx3-001531-3,g-001531,tel_Telu,HIGH,NEGATED,scope_broaden,True,False,True
ntx3-001531-3,g-001531,tel_Telu,HIGH,NEGATED,scope_broaden+vendor_shift,True,True,True
ntx3-002420-0,g-002420,eng_Latn,LOW,NEGATED,clean,False,False,False
ntx3-002420-0,g-002420,eng_Latn,LOW,NEGATED,vendor_shift,True,True,True
ntx3-002420-0,g-002420,eng_Latn,LOW,NEGATED,year_shift,True,True,True
ntx3-002420-0,g-002420,eng_Latn,LOW,NEGATED,month_shift,True,True,True
ntx3-002420-0,g-002420,eng_Latn,LOW,NEGATED,negation_drop,True,True,True
ntx3-002420-0,g-002420,eng_Latn,LOW,NEGATED,scope_broaden,True,False,True
ntx3-002420-0,g-002420,eng_Latn,LOW,NEGATED,scope_broaden+vendor_shift,True,True,True
ntx3-002420-1,g-002420,hin_Latn,LOW,NEGATED,clean,False,False,False
ntx3-002420-1,g-002420,hin_Latn,LOW,NEGATED,vendor_shift,True,True,True
ntx3-002420-1,g-002420,hin_Latn,LOW,NEGATED,year_shift,True,True,True
ntx3-002420-1,g-002420,hin_Latn,LOW,NEGATED,month_shift,True,True,True
ntx3-002420-1,g-002420,hin_Latn,LOW,NEGATED,negation_drop,True,True,True
ntx3-002420-1,g-002420,hin_Latn,LOW,NEGATED,scope_broaden,True,False,True
ntx3-002420-1,g-002420,hin_Latn,LOW,NEGATED,scope_broaden+vendor_shift,True,True,True
ntx3-002420-2,g-002420,tel_Latn,LOW,NEGATED,clean,False,False,False
ntx3-002420-2,g-002420,tel_Latn,LOW,NEGATED,vendor_shift,True,True,True
ntx3-002420-2,g-002420,tel_Latn,LOW,NEGATED,year_shift,True,True,True
ntx3-002420-2,g-002420,tel_Latn,LOW,NEGATED,month_shift,True,True,True
ntx3-002420-2,g-002420,tel_Latn,LOW,NEGATED,negation_drop,True,True,True
ntx3-002420-2,g-002420,tel_Latn,LOW,NEGATED,scope_broaden,True,False,True
ntx3-002420-2,g-002420,tel_Latn,LOW,NEGATED,scope_broaden+vendor_shift,True,True,True
ntx3-002420-3,g-002420,tel_Telu,LOW,NEGATED,clean,False,False,False
ntx3-002420-3,g-002420,tel_Telu,LOW,NEGATED,vendor_shift,True,True,True
ntx3-002420-3,g-002420,tel_Telu,LOW,NEGATED,year_shift,True,True,True
ntx3-002420-3,g-002420,tel_Telu,LOW,NEGATED,month_shift,True,True,True
ntx3-002420-3,g-002420,tel_Telu,LOW,NEGATED,negation_drop,True,True,True
ntx3-002420-3,g-002420,tel_Telu,LOW,NEGATED,scope_broaden,True,False,True
ntx3-002420-3,g-002420,tel_Telu,LOW,NEGATED,scope_broaden+vendor_shift,True,True,True
ntx3-001912-0,g-001912,eng_Latn,HIGH,NEGATED,clean,False,False,False
ntx3-001912-0,g-001912,eng_Latn,HIGH,NEGATED,vendor_shift,True,True,True
ntx3-001912-0,g-001912,eng_Latn,HIGH,NEGATED,year_shift,True,True,True
ntx3-001912-0,g-001912,eng_Latn,HIGH,NEGATED,month_shift,True,True,True
ntx3-001912-0,g-001912,eng_Latn,HIGH,NEGATED,negation_drop,True,True,True
ntx3-001912-0,g-001912,eng_Latn,HIGH,NEGATED,scope_broaden,True,False,True
ntx3-001912-0,g-001912,eng_Latn,HIGH,NEGATED,scope_broaden+vendor_shift,True,True,True
ntx3-001912-1,g-001912,hin_Latn,HIGH,NEGATED,clean,False,False,False
ntx3-001912-1,g-001912,hin_Latn,HIGH,NEGATED,vendor_shift,True,True,True
ntx3-001912-1,g-001912,hin_Latn,HIGH,NEGATED,year_shift,True,True,True
ntx3-001912-1,g-001912,hin_Latn,HIGH,NEGATED,month_shift,True,True,True
ntx3-001912-1,g-001912,hin_Latn,HIGH,NEGATED,negation_drop,True,True,True
ntx3-001912-1,g-001912,hin_Latn,HIGH,NEGATED,scope_broaden,True,False,True
ntx3-001912-1,g-001912,hin_Latn,HIGH,NEGATED,scope_broaden+vendor_shift,True,True,True
ntx3-001912-2,g-001912,tel_Latn,HIGH,NEGATED,clean,False,False,False
ntx3-001912-2,g-001912,tel_Latn,HIGH,NEGATED,vendor_shift,True,True,True
ntx3-001912-2,g-001912,tel_Latn,HIGH,NEGATED,year_shift,True,True,True
ntx3-001912-2,g-001912,tel_Latn,HIGH,NEGATED,month_shift,True,True,True
ntx3-001912-2,g-001912,tel_Latn,HIGH,NEGATED,negation_drop,True,True,True
ntx3-001912-2,g-001912,tel_Latn,HIGH,NEGATED,scope_broaden,True,False,True
ntx3-001912-2,g-001912,tel_Latn,HIGH,NEGATED,scope_broaden+vendor_shift,True,True,True
ntx3-001912-3,g-001912,tel_Telu,HIGH,NEGATED,clean,False,False,False
ntx3-001912-3,g-001912,tel_Telu,HIGH,NEGATED,vendor_shift,True,True,True
ntx3-001912-3,g-001912,tel_Telu,HIGH,NEGATED,year_shift,True,True,True
ntx3-001912-3,g-001912,tel_Telu,HIGH,NEGATED,month_shift,True,True,True
ntx3-001912-3,g-001912,tel_Telu,HIGH,NEGATED,negation_drop,True,True,True
ntx3-001912-3,g-001912,tel_Telu,HIGH,NEGATED,scope_broaden,True,False,True
ntx3-001912-3,g-001912,tel_Telu,HIGH,NEGATED,scope_broaden+vendor_shift,True,True,True
ntx3-001035-0,g-001035,eng_Latn,CRITICAL,NEGATED,clean,False,False,False
ntx3-001035-0,g-001035,eng_Latn,CRITICAL,NEGATED,vendor_shift,True,True,True
ntx3-001035-0,g-001035,eng_Latn,CRITICAL,NEGATED,year_shift,True,True,True
ntx3-001035-0,g-001035,eng_Latn,CRITICAL,NEGATED,month_shift,True,True,True
ntx3-001035-0,g-001035,eng_Latn,CRITICAL,NEGATED,negation_drop,True,True,True
ntx3-001035-0,g-001035,eng_Latn,CRITICAL,NEGATED,scope_broaden,True,False,True
ntx3-001035-0,g-001035,eng_Latn,CRITICAL,NEGATED,scope_broaden+vendor_shift,True,True,True
ntx3-001035-1,g-001035,hin_Latn,CRITICAL,NEGATED,clean,False,False,False
ntx3-001035-1,g-001035,hin_Latn,CRITICAL,NEGATED,vendor_shift,True,True,True
ntx3-001035-1,g-001035,hin_Latn,CRITICAL,NEGATED,year_shift,True,True,True
ntx3-001035-1,g-001035,hin_Latn,CRITICAL,NEGATED,month_shift,True,True,True
ntx3-001035-1,g-001035,hin_Latn,CRITICAL,NEGATED,negation_drop,True,True,True
ntx3-001035-1,g-001035,hin_Latn,CRITICAL,NEGATED,scope_broaden,True,False,True
ntx3-001035-1,g-001035,hin_Latn,CRITICAL,NEGATED,scope_broaden+vendor_shift,True,True,True
ntx3-001035-2,g-001035,tel_Latn,CRITICAL,NEGATED,clean,False,False,False
ntx3-001035-2,g-001035,tel_Latn,CRITICAL,NEGATED,vendor_shift,True,True,True
ntx3-001035-2,g-001035,tel_Latn,CRITICAL,NEGATED,year_shift,True,True,True
ntx3-001035-2,g-001035,tel_Latn,CRITICAL,NEGATED,month_shift,True,True,True
ntx3-001035-2,g-001035,tel_Latn,CRITICAL,NEGATED,negation_drop,True,True,True
ntx3-001035-2,g-001035,tel_Latn,CRITICAL,NEGATED,scope_broaden,True,False,True
ntx3-001035-2,g-001035,tel_Latn,CRITICAL,NEGATED,scope_broaden+vendor_shift,True,True,True
ntx3-001035-3,g-001035,tel_Telu,CRITICAL,NEGATED,clean,False,False,False
ntx3-001035-3,g-001035,tel_Telu,CRITICAL,NEGATED,vendor_shift,True,True,True
ntx3-001035-3,g-001035,tel_Telu,CRITICAL,NEGATED,year_shift,True,True,True
ntx3-001035-3,g-001035,tel_Telu,CRITICAL,NEGATED,month_shift,True,True,True
ntx3-001035-3,g-001035,tel_Telu,CRITICAL,NEGATED,negation_drop,True,True,True
ntx3-001035-3,g-001035,tel_Telu,CRITICAL,NEGATED,scope_broaden,True,False,True
ntx3-001035-3,g-001035,tel_Telu,CRITICAL,NEGATED,scope_broaden+vendor_shift,True,True,True
ntx3-001528-0,g-001528,eng_Latn,MEDIUM,NEGATED,clean,False,False,False
ntx3-001528-0,g-001528,eng_Latn,MEDIUM,NEGATED,vendor_shift,True,True,True
ntx3-001528-0,g-001528,eng_Latn,MEDIUM,NEGATED,year_shift,True,True,True
ntx3-001528-0,g-001528,eng_Latn,MEDIUM,NEGATED,month_shift,True,True,True
ntx3-001528-0,g-001528,eng_Latn,MEDIUM,NEGATED,negation_drop,True,True,True
ntx3-001528-0,g-001528,eng_Latn,MEDIUM,NEGATED,scope_broaden,True,False,True
ntx3-001528-0,g-001528,eng_Latn,MEDIUM,NEGATED,scope_broaden+vendor_shift,True,True,True
ntx3-001528-1,g-001528,hin_Latn,MEDIUM,NEGATED,clean,False,False,False
ntx3-001528-1,g-001528,hin_Latn,MEDIUM,NEGATED,vendor_shift,True,True,True
ntx3-001528-1,g-001528,hin_Latn,MEDIUM,NEGATED,year_shift,True,True,True
ntx3-001528-1,g-001528,hin_Latn,MEDIUM,NEGATED,month_shift,True,True,True
ntx3-001528-1,g-001528,hin_Latn,MEDIUM,NEGATED,negation_drop,True,True,True
ntx3-001528-1,g-001528,hin_Latn,MEDIUM,NEGATED,scope_broaden,True,False,True
ntx3-001528-1,g-001528,hin_Latn,MEDIUM,NEGATED,scope_broaden+vendor_shift,True,True,True
ntx3-001528-2,g-001528,tel_Latn,MEDIUM,NEGATED,clean,False,False,False
ntx3-001528-2,g-001528,tel_Latn,MEDIUM,NEGATED,vendor_shift,True,True,True
ntx3-001528-2,g-001528,tel_Latn,MEDIUM,NEGATED,year_shift,True,True,True
ntx3-001528-2,g-001528,tel_Latn,MEDIUM,NEGATED,month_shift,True,True,True
ntx3-001528-2,g-001528,tel_Latn,MEDIUM,NEGATED,negation_drop,True,True,True
ntx3-001528-2,g-001528,tel_Latn,MEDIUM,NEGATED,scope_broaden,True,False,True
ntx3-001528-2,g-001528,tel_Latn,MEDIUM,NEGATED,scope_broaden+vendor_shift,True,True,True
ntx3-001528-3,g-001528,tel_Telu,MEDIUM,NEGATED,clean,False,False,False
ntx3-001528-3,g-001528,tel_Telu,MEDIUM,NEGATED,vendor_shift,True,True,True
ntx3-001528-3,g-001528,tel_Telu,MEDIUM,NEGATED,year_shift,True,True,True
ntx3-001528-3,g-001528,tel_Telu,MEDIUM,NEGATED,month_shift,True,True,True
ntx3-001528-3,g-001528,tel_Telu,MEDIUM,NEGATED,negation_drop,True,True,True
ntx3-001528-3,g-001528,tel_Telu,MEDIUM,NEGATED,scope_broaden,True,False,True
ntx3-001528-3,g-001528,tel_Telu,MEDIUM,NEGATED,scope_broaden+vendor_shift,True,True,True
ntx3-000425-0,g-000425,eng_Latn,HIGH,NEGATED,clean,False,False,False
ntx3-000425-0,g-000425,eng_Latn,HIGH,NEGATED,vendor_shift,True,True,True
ntx3-000425-0,g-000425,eng_Latn,HIGH,NEGATED,year_shift,True,True,True
ntx3-000425-0,g-000425,eng_Latn,HIGH,NEGATED,month_shift,True,True,True
ntx3-000425-0,g-000425,eng_Latn,HIGH,NEGATED,negation_drop,True,True,True
ntx3-000425-0,g-000425,eng_Latn,HIGH,NEGATED,scope_broaden,True,False,True
ntx3-000425-0,g-000425,eng_Latn,HIGH,NEGATED,scope_broaden+vendor_shift,True,True,True
ntx3-000425-1,g-000425,hin_Latn,HIGH,NEGATED,clean,False,False,False
ntx3-000425-1,g-000425,hin_Latn,HIGH,NEGATED,vendor_shift,True,True,True
ntx3-000425-1,g-000425,hin_Latn,HIGH,NEGATED,year_shift,True,True,True
ntx3-000425-1,g-000425,hin_Latn,HIGH,NEGATED,month_shift,True,True,True
ntx3-000425-1,g-000425,hin_Latn,HIGH,NEGATED,negation_drop,True,True,True
ntx3-000425-1,g-000425,hin_Latn,HIGH,NEGATED,scope_broaden,True,False,True
ntx3-000425-1,g-000425,hin_Latn,HIGH,NEGATED,scope_broaden+vendor_shift,True,True,True
ntx3-000425-2,g-000425,tel_Latn,HIGH,NEGATED,clean,False,False,False
ntx3-000425-2,g-000425,tel_Latn,HIGH,NEGATED,vendor_shift,True,True,True
ntx3-000425-2,g-000425,tel_Latn,HIGH,NEGATED,year_shift,True,True,True
ntx3-000425-2,g-000425,tel_Latn,HIGH,NEGATED,month_shift,True,True,True
ntx3-000425-2,g-000425,tel_Latn,HIGH,NEGATED,negation_drop,True,True,True
ntx3-000425-2,g-000425,tel_Latn,HIGH,NEGATED,scope_broaden,True,False,True
ntx3-000425-2,g-000425,tel_Latn,HIGH,NEGATED,scope_broaden+vendor_shift,True,True,True
ntx3-000425-3,g-000425,tel_Telu,HIGH,NEGATED,clean,False,False,False
ntx3-000425-3,g-000425,tel_Telu,HIGH,NEGATED,vendor_shift,True,True,True
ntx3-000425-3,g-000425,tel_Telu,HIGH,NEGATED,year_shift,True,True,True
ntx3-000425-3,g-000425,tel_Telu,HIGH,NEGATED,month_shift,True,True,True
ntx3-000425-3,g-000425,tel_Telu,HIGH,NEGATED,negation_drop,True,True,True
ntx3-000425-3,g-000425,tel_Telu,HIGH,NEGATED,scope_broaden,True,False,True
ntx3-000425-3,g-000425,tel_Telu,HIGH,NEGATED,scope_broaden+vendor_shift,True,True,True
ntx3-001948-0,g-001948,eng_Latn,HIGH,NEGATED,clean,False,False,False
ntx3-001948-0,g-001948,eng_Latn,HIGH,NEGATED,vendor_shift,True,True,True
ntx3-001948-0,g-001948,eng_Latn,HIGH,NEGATED,year_shift,True,True,True
ntx3-001948-0,g-001948,eng_Latn,HIGH,NEGATED,month_shift,True,True,True
ntx3-001948-0,g-001948,eng_Latn,HIGH,NEGATED,negation_drop,True,True,True
ntx3-001948-0,g-001948,eng_Latn,HIGH,NEGATED,scope_broaden,True,False,True
ntx3-001948-0,g-001948,eng_Latn,HIGH,NEGATED,scope_broaden+vendor_shift,True,True,True
ntx3-001948-1,g-001948,hin_Latn,HIGH,NEGATED,clean,False,False,False
ntx3-001948-1,g-001948,hin_Latn,HIGH,NEGATED,vendor_shift,True,True,True
ntx3-001948-1,g-001948,hin_Latn,HIGH,NEGATED,year_shift,True,True,True
ntx3-001948-1,g-001948,hin_Latn,HIGH,NEGATED,month_shift,True,True,True
ntx3-001948-1,g-001948,hin_Latn,HIGH,NEGATED,negation_drop,True,True,True
ntx3-001948-1,g-001948,hin_Latn,HIGH,NEGATED,scope_broaden,True,False,True
ntx3-001948-1,g-001948,hin_Latn,HIGH,NEGATED,scope_broaden+vendor_shift,True,True,True
ntx3-001948-2,g-001948,tel_Latn,HIGH,NEGATED,clean,False,False,False
ntx3-001948-2,g-001948,tel_Latn,HIGH,NEGATED,vendor_shift,True,True,True
ntx3-001948-2,g-001948,tel_Latn,HIGH,NEGATED,year_shift,True,True,True
ntx3-001948-2,g-001948,tel_Latn,HIGH,NEGATED,month_shift,True,True,True
ntx3-001948-2,g-001948,tel_Latn,HIGH,NEGATED,negation_drop,True,True,True
ntx3-001948-2,g-001948,tel_Latn,HIGH,NEGATED,scope_broaden,True,False,True
ntx3-001948-2,g-001948,tel_Latn,HIGH,NEGATED,scope_broaden+vendor_shift,True,True,True
ntx3-001948-3,g-001948,tel_Telu,HIGH,NEGATED,clean,False,False,False
ntx3-001948-3,g-001948,tel_Telu,HIGH,NEGATED,vendor_shift,True,True,True
ntx3-001948-3,g-001948,tel_Telu,HIGH,NEGATED,year_shift,True,True,True
ntx3-001948-3,g-001948,tel_Telu,HIGH,NEGATED,month_shift,True,True,True
ntx3-001948-3,g-001948,tel_Telu,HIGH,NEGATED,negation_drop,True,True,True
ntx3-001948-3,g-001948,tel_Telu,HIGH,NEGATED,scope_broaden,True,False,True
ntx3-001948-3,g-001948,tel_Telu,HIGH,NEGATED,scope_broaden+vendor_shift,True,True,True
ntx3-000577-0,g-000577,eng_Latn,MEDIUM,NEGATED,clean,False,False,False
ntx3-000577-0,g-000577,eng_Latn,MEDIUM,NEGATED,vendor_shift,True,True,True
ntx3-000577-0,g-000577,eng_Latn,MEDIUM,NEGATED,year_shift,True,True,True
ntx3-000577-0,g-000577,eng_Latn,MEDIUM,NEGATED,month_shift,True,True,True
ntx3-000577-0,g-000577,eng_Latn,MEDIUM,NEGATED,negation_drop,True,True,True
ntx3-000577-0,g-000577,eng_Latn,MEDIUM,NEGATED,scope_broaden,True,False,True
ntx3-000577-0,g-000577,eng_Latn,MEDIUM,NEGATED,scope_broaden+vendor_shift,True,True,True
ntx3-000577-1,g-000577,hin_Latn,MEDIUM,NEGATED,clean,False,False,False
ntx3-000577-1,g-000577,hin_Latn,MEDIUM,NEGATED,vendor_shift,True,True,True
ntx3-000577-1,g-000577,hin_Latn,MEDIUM,NEGATED,year_shift,True,True,True
ntx3-000577-1,g-000577,hin_Latn,MEDIUM,NEGATED,month_shift,True,True,True
ntx3-000577-1,g-000577,hin_Latn,MEDIUM,NEGATED,negation_drop,True,True,True
ntx3-000577-1,g-000577,hin_Latn,MEDIUM,NEGATED,scope_broaden,True,False,True
ntx3-000577-1,g-000577,hin_Latn,MEDIUM,NEGATED,scope_broaden+vendor_shift,True,True,True
ntx3-000577-2,g-000577,tel_Latn,MEDIUM,NEGATED,clean,False,False,False
ntx3-000577-2,g-000577,tel_Latn,MEDIUM,NEGATED,vendor_shift,True,True,True
ntx3-000577-2,g-000577,tel_Latn,MEDIUM,NEGATED,year_shift,True,True,True
ntx3-000577-2,g-000577,tel_Latn,MEDIUM,NEGATED,month_shift,True,True,True
ntx3-000577-2,g-000577,tel_Latn,MEDIUM,NEGATED,negation_drop,True,True,True
ntx3-000577-2,g-000577,tel_Latn,MEDIUM,NEGATED,scope_broaden,True,False,True
ntx3-000577-2,g-000577,tel_Latn,MEDIUM,NEGATED,scope_broaden+vendor_shift,True,True,True
ntx3-000577-3,g-000577,tel_Telu,MEDIUM,NEGATED,clean,False,False,False
ntx3-000577-3,g-000577,tel_Telu,MEDIUM,NEGATED,vendor_shift,True,True,True
ntx3-000577-3,g-000577,tel_Telu,MEDIUM,NEGATED,year_shift,True,True,True
ntx3-000577-3,g-000577,tel_Telu,MEDIUM,NEGATED,month_shift,True,True,True
ntx3-000577-3,g-000577,tel_Telu,MEDIUM,NEGATED,negation_drop,True,True,True
ntx3-000577-3,g-000577,tel_Telu,MEDIUM,NEGATED,scope_broaden,True,False,True
ntx3-000577-3,g-000577,tel_Telu,MEDIUM,NEGATED,scope_broaden+vendor_shift,True,True,True
ntx3-000710-0,g-000710,eng_Latn,HIGH,NEGATED,clean,False,False,False
ntx3-000710-0,g-000710,eng_Latn,HIGH,NEGATED,vendor_shift,True,True,True
ntx3-000710-0,g-000710,eng_Latn,HIGH,NEGATED,year_shift,True,True,True
ntx3-000710-0,g-000710,eng_Latn,HIGH,NEGATED,month_shift,True,True,True
ntx3-000710-0,g-000710,eng_Latn,HIGH,NEGATED,negation_drop,True,True,True
ntx3-000710-0,g-000710,eng_Latn,HIGH,NEGATED,scope_broaden,True,False,True
ntx3-000710-0,g-000710,eng_Latn,HIGH,NEGATED,scope_broaden+vendor_shift,True,True,True
ntx3-000710-1,g-000710,hin_Latn,HIGH,NEGATED,clean,False,False,False
ntx3-000710-1,g-000710,hin_Latn,HIGH,NEGATED,vendor_shift,True,True,True
ntx3-000710-1,g-000710,hin_Latn,HIGH,NEGATED,year_shift,True,True,True
ntx3-000710-1,g-000710,hin_Latn,HIGH,NEGATED,month_shift,True,True,True
ntx3-000710-1,g-000710,hin_Latn,HIGH,NEGATED,negation_drop,True,True,True
ntx3-000710-1,g-000710,hin_Latn,HIGH,NEGATED,scope_broaden,True,False,True
ntx3-000710-1,g-000710,hin_Latn,HIGH,NEGATED,scope_broaden+vendor_shift,True,True,True
ntx3-000710-2,g-000710,tel_Latn,HIGH,NEGATED,clean,False,False,False
ntx3-000710-2,g-000710,tel_Latn,HIGH,NEGATED,vendor_shift,True,True,True
ntx3-000710-2,g-000710,tel_Latn,HIGH,NEGATED,year_shift,True,True,True
ntx3-000710-2,g-000710,tel_Latn,HIGH,NEGATED,month_shift,True,True,True
ntx3-000710-2,g-000710,tel_Latn,HIGH,NEGATED,negation_drop,True,True,True
ntx3-000710-2,g-000710,tel_Latn,HIGH,NEGATED,scope_broaden,True,False,True
ntx3-000710-2,g-000710,tel_Latn,HIGH,NEGATED,scope_broaden+vendor_shift,True,True,True
ntx3-000710-3,g-000710,tel_Telu,HIGH,NEGATED,clean,False,False,False
ntx3-000710-3,g-000710,tel_Telu,HIGH,NEGATED,vendor_shift,True,True,True
ntx3-000710-3,g-000710,tel_Telu,HIGH,NEGATED,year_shift,True,True,True
ntx3-000710-3,g-000710,tel_Telu,HIGH,NEGATED,month_shift,True,True,True
ntx3-000710-3,g-000710,tel_Telu,HIGH,NEGATED,negation_drop,True,True,True
ntx3-000710-3,g-000710,tel_Telu,HIGH,NEGATED,scope_broaden,True,False,True
ntx3-000710-3,g-000710,tel_Telu,HIGH,NEGATED,scope_broaden+vendor_shift,True,True,True
ntx3-002395-0,g-002395,eng_Latn,CRITICAL,NEGATED,clean,False,False,False
ntx3-002395-0,g-002395,eng_Latn,CRITICAL,NEGATED,vendor_shift,True,True,True
ntx3-002395-0,g-002395,eng_Latn,CRITICAL,NEGATED,year_shift,True,True,True
ntx3-002395-0,g-002395,eng_Latn,CRITICAL,NEGATED,month_shift,True,True,True
ntx3-002395-0,g-002395,eng_Latn,CRITICAL,NEGATED,negation_drop,True,True,True
ntx3-002395-0,g-002395,eng_Latn,CRITICAL,NEGATED,scope_broaden,True,False,True
ntx3-002395-0,g-002395,eng_Latn,CRITICAL,NEGATED,scope_broaden+vendor_shift,True,True,True
ntx3-002395-1,g-002395,hin_Latn,CRITICAL,NEGATED,clean,False,False,False
ntx3-002395-1,g-002395,hin_Latn,CRITICAL,NEGATED,vendor_shift,True,True,True
ntx3-002395-1,g-002395,hin_Latn,CRITICAL,NEGATED,year_shift,True,True,True
ntx3-002395-1,g-002395,hin_Latn,CRITICAL,NEGATED,month_shift,True,True,True
ntx3-002395-1,g-002395,hin_Latn,CRITICAL,NEGATED,negation_drop,True,True,True
ntx3-002395-1,g-002395,hin_Latn,CRITICAL,NEGATED,scope_broaden,True,False,True
ntx3-002395-1,g-002395,hin_Latn,CRITICAL,NEGATED,scope_broaden+vendor_shift,True,True,True
ntx3-002395-2,g-002395,tel_Latn,CRITICAL,NEGATED,clean,False,False,False
ntx3-002395-2,g-002395,tel_Latn,CRITICAL,NEGATED,vendor_shift,True,True,True
ntx3-002395-2,g-002395,tel_Latn,CRITICAL,NEGATED,year_shift,True,True,True
ntx3-002395-2,g-002395,tel_Latn,CRITICAL,NEGATED,month_shift,True,True,True
ntx3-002395-2,g-002395,tel_Latn,CRITICAL,NEGATED,negation_drop,True,True,True
ntx3-002395-2,g-002395,tel_Latn,CRITICAL,NEGATED,scope_broaden,True,False,True
ntx3-002395-2,g-002395,tel_Latn,CRITICAL,NEGATED,scope_broaden+vendor_shift,True,True,True
ntx3-002395-3,g-002395,tel_Telu,CRITICAL,NEGATED,clean,False,False,False
ntx3-002395-3,g-002395,tel_Telu,CRITICAL,NEGATED,vendor_shift,True,True,True
ntx3-002395-3,g-002395,tel_Telu,CRITICAL,NEGATED,year_shift,True,True,True
ntx3-002395-3,g-002395,tel_Telu,CRITICAL,NEGATED,month_shift,True,True,True
ntx3-002395-3,g-002395,tel_Telu,CRITICAL,NEGATED,negation_drop,True,True,True
ntx3-002395-3,g-002395,tel_Telu,CRITICAL,NEGATED,scope_broaden,True,False,True
ntx3-002395-3,g-002395,tel_Telu,CRITICAL,NEGATED,scope_broaden+vendor_shift,True,True,True
ntx3-000556-0,g-000556,eng_Latn,MEDIUM,NEGATED,clean,False,False,False
ntx3-000556-0,g-000556,eng_Latn,MEDIUM,NEGATED,vendor_shift,True,True,True
ntx3-000556-0,g-000556,eng_Latn,MEDIUM,NEGATED,year_shift,True,True,True
ntx3-000556-0,g-000556,eng_Latn,MEDIUM,NEGATED,month_shift,True,True,True
ntx3-000556-0,g-000556,eng_Latn,MEDIUM,NEGATED,negation_drop,True,True,True
ntx3-000556-0,g-000556,eng_Latn,MEDIUM,NEGATED,scope_broaden,True,False,True
ntx3-000556-0,g-000556,eng_Latn,MEDIUM,NEGATED,scope_broaden+vendor_shift,True,True,True
ntx3-000556-1,g-000556,hin_Latn,MEDIUM,NEGATED,clean,False,False,False
ntx3-000556-1,g-000556,hin_Latn,MEDIUM,NEGATED,vendor_shift,True,True,True
ntx3-000556-1,g-000556,hin_Latn,MEDIUM,NEGATED,year_shift,True,True,True
ntx3-000556-1,g-000556,hin_Latn,MEDIUM,NEGATED,month_shift,True,True,True
ntx3-000556-1,g-000556,hin_Latn,MEDIUM,NEGATED,negation_drop,True,True,True
ntx3-000556-1,g-000556,hin_Latn,MEDIUM,NEGATED,scope_broaden,True,False,True
ntx3-000556-1,g-000556,hin_Latn,MEDIUM,NEGATED,scope_broaden+vendor_shift,True,True,True
ntx3-000556-2,g-000556,tel_Latn,MEDIUM,NEGATED,clean,False,False,False
ntx3-000556-2,g-000556,tel_Latn,MEDIUM,NEGATED,vendor_shift,True,True,True
ntx3-000556-2,g-000556,tel_Latn,MEDIUM,NEGATED,year_shift,True,True,True
ntx3-000556-2,g-000556,tel_Latn,MEDIUM,NEGATED,month_shift,True,True,True
ntx3-000556-2,g-000556,tel_Latn,MEDIUM,NEGATED,negation_drop,True,True,True
ntx3-000556-2,g-000556,tel_Latn,MEDIUM,NEGATED,scope_broaden,True,False,True
ntx3-000556-2,g-000556,tel_Latn,MEDIUM,NEGATED,scope_broaden+vendor_shift,True,True,True
ntx3-000556-3,g-000556,tel_Telu,MEDIUM,NEGATED,clean,False,False,False
ntx3-000556-3,g-000556,tel_Telu,MEDIUM,NEGATED,vendor_shift,True,True,True
ntx3-000556-3,g-000556,tel_Telu,MEDIUM,NEGATED,year_shift,True,True,True
ntx3-000556-3,g-000556,tel_Telu,MEDIUM,NEGATED,month_shift,True,True,True
ntx3-000556-3,g-000556,tel_Telu,MEDIUM,NEGATED,negation_drop,True,True,True
ntx3-000556-3,g-000556,tel_Telu,MEDIUM,NEGATED,scope_broaden,True,False,True
ntx3-000556-3,g-000556,tel_Telu,MEDIUM,NEGATED,scope_broaden+vendor_shift,True,True,True
ntx3-001910-0,g-001910,eng_Latn,CRITICAL,NEGATED,clean,False,False,False
ntx3-001910-0,g-001910,eng_Latn,CRITICAL,NEGATED,vendor_shift,True,True,True
ntx3-001910-0,g-001910,eng_Latn,CRITICAL,NEGATED,year_shift,True,True,True
ntx3-001910-0,g-001910,eng_Latn,CRITICAL,NEGATED,month_shift,True,True,True
ntx3-001910-0,g-001910,eng_Latn,CRITICAL,NEGATED,negation_drop,True,True,True
ntx3-001910-0,g-001910,eng_Latn,CRITICAL,NEGATED,scope_broaden,True,False,True
ntx3-001910-0,g-001910,eng_Latn,CRITICAL,NEGATED,scope_broaden+vendor_shift,True,True,True
ntx3-001910-1,g-001910,hin_Latn,CRITICAL,NEGATED,clean,False,False,False
ntx3-001910-1,g-001910,hin_Latn,CRITICAL,NEGATED,vendor_shift,True,True,True
ntx3-001910-1,g-001910,hin_Latn,CRITICAL,NEGATED,year_shift,True,True,True
ntx3-001910-1,g-001910,hin_Latn,CRITICAL,NEGATED,month_shift,True,True,True
ntx3-001910-1,g-001910,hin_Latn,CRITICAL,NEGATED,negation_drop,True,True,True
ntx3-001910-1,g-001910,hin_Latn,CRITICAL,NEGATED,scope_broaden,True,False,True
ntx3-001910-1,g-001910,hin_Latn,CRITICAL,NEGATED,scope_broaden+vendor_shift,True,True,True
ntx3-001910-2,g-001910,tel_Latn,CRITICAL,NEGATED,clean,False,False,False
ntx3-001910-2,g-001910,tel_Latn,CRITICAL,NEGATED,vendor_shift,True,True,True
ntx3-001910-2,g-001910,tel_Latn,CRITICAL,NEGATED,year_shift,True,True,True
ntx3-001910-2,g-001910,tel_Latn,CRITICAL,NEGATED,month_shift,True,True,True
ntx3-001910-2,g-001910,tel_Latn,CRITICAL,NEGATED,negation_drop,True,True,True
ntx3-001910-2,g-001910,tel_Latn,CRITICAL,NEGATED,scope_broaden,True,False,True
ntx3-001910-2,g-001910,tel_Latn,CRITICAL,NEGATED,scope_broaden+vendor_shift,True,True,True
ntx3-001910-3,g-001910,tel_Telu,CRITICAL,NEGATED,clean,False,False,False
ntx3-001910-3,g-001910,tel_Telu,CRITICAL,NEGATED,vendor_shift,True,True,True
ntx3-001910-3,g-001910,tel_Telu,CRITICAL,NEGATED,year_shift,True,True,True
ntx3-001910-3,g-001910,tel_Telu,CRITICAL,NEGATED,month_shift,True,True,True
ntx3-001910-3,g-001910,tel_Telu,CRITICAL,NEGATED,negation_drop,True,True,True
ntx3-001910-3,g-001910,tel_Telu,CRITICAL,NEGATED,scope_broaden,True,False,True
ntx3-001910-3,g-001910,tel_Telu,CRITICAL,NEGATED,scope_broaden+vendor_shift,True,True,True
ntx3-001927-0,g-001927,eng_Latn,MEDIUM,NEGATED,clean,False,False,False
ntx3-001927-0,g-001927,eng_Latn,MEDIUM,NEGATED,vendor_shift,True,True,True
ntx3-001927-0,g-001927,eng_Latn,MEDIUM,NEGATED,year_shift,True,True,True
ntx3-001927-0,g-001927,eng_Latn,MEDIUM,NEGATED,month_shift,True,True,True
ntx3-001927-0,g-001927,eng_Latn,MEDIUM,NEGATED,negation_drop,True,True,True
ntx3-001927-0,g-001927,eng_Latn,MEDIUM,NEGATED,scope_broaden,True,False,True
ntx3-001927-0,g-001927,eng_Latn,MEDIUM,NEGATED,scope_broaden+vendor_shift,True,True,True
ntx3-001927-1,g-001927,hin_Latn,MEDIUM,NEGATED,clean,False,False,False
ntx3-001927-1,g-001927,hin_Latn,MEDIUM,NEGATED,vendor_shift,True,True,True
ntx3-001927-1,g-001927,hin_Latn,MEDIUM,NEGATED,year_shift,True,True,True
ntx3-001927-1,g-001927,hin_Latn,MEDIUM,NEGATED,month_shift,True,True,True
ntx3-001927-1,g-001927,hin_Latn,MEDIUM,NEGATED,negation_drop,True,True,True
ntx3-001927-1,g-001927,hin_Latn,MEDIUM,NEGATED,scope_broaden,True,False,True
ntx3-001927-1,g-001927,hin_Latn,MEDIUM,NEGATED,scope_broaden+vendor_shift,True,True,True
ntx3-001927-2,g-001927,tel_Latn,MEDIUM,NEGATED,clean,False,False,False
ntx3-001927-2,g-001927,tel_Latn,MEDIUM,NEGATED,vendor_shift,True,True,True
ntx3-001927-2,g-001927,tel_Latn,MEDIUM,NEGATED,year_shift,True,True,True
ntx3-001927-2,g-001927,tel_Latn,MEDIUM,NEGATED,month_shift,True,True,True
ntx3-001927-2,g-001927,tel_Latn,MEDIUM,NEGATED,negation_drop,True,True,True
ntx3-001927-2,g-001927,tel_Latn,MEDIUM,NEGATED,scope_broaden,True,False,True
ntx3-001927-2,g-001927,tel_Latn,MEDIUM,NEGATED,scope_broaden+vendor_shift,True,True,True
ntx3-001927-3,g-001927,tel_Telu,MEDIUM,NEGATED,clean,False,False,False
ntx3-001927-3,g-001927,tel_Telu,MEDIUM,NEGATED,vendor_shift,True,True,True
ntx3-001927-3,g-001927,tel_Telu,MEDIUM,NEGATED,year_shift,True,True,True
ntx3-001927-3,g-001927,tel_Telu,MEDIUM,NEGATED,month_shift,True,True,True
ntx3-001927-3,g-001927,tel_Telu,MEDIUM,NEGATED,negation_drop,True,True,True
ntx3-001927-3,g-001927,tel_Telu,MEDIUM,NEGATED,scope_broaden,True,False,True
ntx3-001927-3,g-001927,tel_Telu,MEDIUM,NEGATED,scope_broaden+vendor_shift,True,True,True
ntx3-001736-0,g-001736,eng_Latn,MEDIUM,NEGATED,clean,False,False,False
ntx3-001736-0,g-001736,eng_Latn,MEDIUM,NEGATED,vendor_shift,True,True,True
ntx3-001736-0,g-001736,eng_Latn,MEDIUM,NEGATED,year_shift,True,True,True
ntx3-001736-0,g-001736,eng_Latn,MEDIUM,NEGATED,month_shift,True,True,True
ntx3-001736-0,g-001736,eng_Latn,MEDIUM,NEGATED,negation_drop,True,True,True
ntx3-001736-0,g-001736,eng_Latn,MEDIUM,NEGATED,scope_broaden,True,False,True
ntx3-001736-0,g-001736,eng_Latn,MEDIUM,NEGATED,scope_broaden+vendor_shift,True,True,True
ntx3-001736-1,g-001736,hin_Latn,MEDIUM,NEGATED,clean,False,False,False
ntx3-001736-1,g-001736,hin_Latn,MEDIUM,NEGATED,vendor_shift,True,True,True
ntx3-001736-1,g-001736,hin_Latn,MEDIUM,NEGATED,year_shift,True,True,True
ntx3-001736-1,g-001736,hin_Latn,MEDIUM,NEGATED,month_shift,True,True,True
ntx3-001736-1,g-001736,hin_Latn,MEDIUM,NEGATED,negation_drop,True,True,True
ntx3-001736-1,g-001736,hin_Latn,MEDIUM,NEGATED,scope_broaden,True,False,True
ntx3-001736-1,g-001736,hin_Latn,MEDIUM,NEGATED,scope_broaden+vendor_shift,True,True,True
ntx3-001736-2,g-001736,tel_Latn,MEDIUM,NEGATED,clean,False,False,False
ntx3-001736-2,g-001736,tel_Latn,MEDIUM,NEGATED,vendor_shift,True,True,True
ntx3-001736-2,g-001736,tel_Latn,MEDIUM,NEGATED,year_shift,True,True,True
ntx3-001736-2,g-001736,tel_Latn,MEDIUM,NEGATED,month_shift,True,True,True
ntx3-001736-2,g-001736,tel_Latn,MEDIUM,NEGATED,negation_drop,True,True,True
ntx3-001736-2,g-001736,tel_Latn,MEDIUM,NEGATED,scope_broaden,True,False,True
ntx3-001736-2,g-001736,tel_Latn,MEDIUM,NEGATED,scope_broaden+vendor_shift,True,True,True
ntx3-001736-3,g-001736,tel_Telu,MEDIUM,NEGATED,clean,False,False,False
ntx3-001736-3,g-001736,tel_Telu,MEDIUM,NEGATED,vendor_shift,True,True,True
ntx3-001736-3,g-001736,tel_Telu,MEDIUM,NEGATED,year_shift,True,True,True
ntx3-001736-3,g-001736,tel_Telu,MEDIUM,NEGATED,month_shift,True,True,True
ntx3-001736-3,g-001736,tel_Telu,MEDIUM,NEGATED,negation_drop,True,True,True
ntx3-001736-3,g-001736,tel_Telu,MEDIUM,NEGATED,scope_broaden,True,False,True
ntx3-001736-3,g-001736,tel_Telu,MEDIUM,NEGATED,scope_broaden+vendor_shift,True,True,True
ntx3-001010-0,g-001010,eng_Latn,MEDIUM,NEGATED,clean,False,False,False
ntx3-001010-0,g-001010,eng_Latn,MEDIUM,NEGATED,vendor_shift,True,True,True
ntx3-001010-0,g-001010,eng_Latn,MEDIUM,NEGATED,year_shift,True,True,True
ntx3-001010-0,g-001010,eng_Latn,MEDIUM,NEGATED,month_shift,True,True,True
ntx3-001010-0,g-001010,eng_Latn,MEDIUM,NEGATED,negation_drop,True,True,True
ntx3-001010-0,g-001010,eng_Latn,MEDIUM,NEGATED,scope_broaden,True,False,True
ntx3-001010-0,g-001010,eng_Latn,MEDIUM,NEGATED,scope_broaden+vendor_shift,True,True,True
ntx3-001010-1,g-001010,hin_Latn,MEDIUM,NEGATED,clean,False,False,False
ntx3-001010-1,g-001010,hin_Latn,MEDIUM,NEGATED,vendor_shift,True,True,True
ntx3-001010-1,g-001010,hin_Latn,MEDIUM,NEGATED,year_shift,True,True,True
ntx3-001010-1,g-001010,hin_Latn,MEDIUM,NEGATED,month_shift,True,True,True
ntx3-001010-1,g-001010,hin_Latn,MEDIUM,NEGATED,negation_drop,True,True,True
ntx3-001010-1,g-001010,hin_Latn,MEDIUM,NEGATED,scope_broaden,True,False,True
ntx3-001010-1,g-001010,hin_Latn,MEDIUM,NEGATED,scope_broaden+vendor_shift,True,True,True
ntx3-001010-2,g-001010,tel_Latn,MEDIUM,NEGATED,clean,False,False,False
ntx3-001010-2,g-001010,tel_Latn,MEDIUM,NEGATED,vendor_shift,True,True,True
ntx3-001010-2,g-001010,tel_Latn,MEDIUM,NEGATED,year_shift,True,True,True
ntx3-001010-2,g-001010,tel_Latn,MEDIUM,NEGATED,month_shift,True,True,True
ntx3-001010-2,g-001010,tel_Latn,MEDIUM,NEGATED,negation_drop,True,True,True
ntx3-001010-2,g-001010,tel_Latn,MEDIUM,NEGATED,scope_broaden,True,False,True
ntx3-001010-2,g-001010,tel_Latn,MEDIUM,NEGATED,scope_broaden+vendor_shift,True,True,True
ntx3-001010-3,g-001010,tel_Telu,MEDIUM,NEGATED,clean,False,False,False
ntx3-001010-3,g-001010,tel_Telu,MEDIUM,NEGATED,vendor_shift,True,True,True
ntx3-001010-3,g-001010,tel_Telu,MEDIUM,NEGATED,year_shift,True,True,True
ntx3-001010-3,g-001010,tel_Telu,MEDIUM,NEGATED,month_shift,True,True,True
ntx3-001010-3,g-001010,tel_Telu,MEDIUM,NEGATED,negation_drop,True,True,True
ntx3-001010-3,g-001010,tel_Telu,MEDIUM,NEGATED,scope_broaden,True,False,True
ntx3-001010-3,g-001010,tel_Telu,MEDIUM,NEGATED,scope_broaden+vendor_shift,True,True,True
ntx3-001741-0,g-001741,eng_Latn,LOW,NEGATED,clean,False,False,False
ntx3-001741-0,g-001741,eng_Latn,LOW,NEGATED,vendor_shift,True,True,True
ntx3-001741-0,g-001741,eng_Latn,LOW,NEGATED,year_shift,True,True,True
ntx3-001741-0,g-001741,eng_Latn,LOW,NEGATED,month_shift,True,True,True
ntx3-001741-0,g-001741,eng_Latn,LOW,NEGATED,negation_drop,True,True,True
ntx3-001741-0,g-001741,eng_Latn,LOW,NEGATED,scope_broaden,True,False,True
ntx3-001741-0,g-001741,eng_Latn,LOW,NEGATED,scope_broaden+vendor_shift,True,True,True
ntx3-001741-1,g-001741,hin_Latn,LOW,NEGATED,clean,False,False,False
ntx3-001741-1,g-001741,hin_Latn,LOW,NEGATED,vendor_shift,True,True,True
ntx3-001741-1,g-001741,hin_Latn,LOW,NEGATED,year_shift,True,True,True
ntx3-001741-1,g-001741,hin_Latn,LOW,NEGATED,month_shift,True,True,True
ntx3-001741-1,g-001741,hin_Latn,LOW,NEGATED,negation_drop,True,True,True
ntx3-001741-1,g-001741,hin_Latn,LOW,NEGATED,scope_broaden,True,False,True
ntx3-001741-1,g-001741,hin_Latn,LOW,NEGATED,scope_broaden+vendor_shift,True,True,True
ntx3-001741-2,g-001741,tel_Latn,LOW,NEGATED,clean,False,False,False
ntx3-001741-2,g-001741,tel_Latn,LOW,NEGATED,vendor_shift,True,True,True
ntx3-001741-2,g-001741,tel_Latn,LOW,NEGATED,year_shift,True,True,True
ntx3-001741-2,g-001741,tel_Latn,LOW,NEGATED,month_shift,True,True,True
ntx3-001741-2,g-001741,tel_Latn,LOW,NEGATED,negation_drop,True,True,True
ntx3-001741-2,g-001741,tel_Latn,LOW,NEGATED,scope_broaden,True,False,True
ntx3-001741-2,g-001741,tel_Latn,LOW,NEGATED,scope_broaden+vendor_shift,True,True,True
ntx3-001741-3,g-001741,tel_Telu,LOW,NEGATED,clean,False,False,False
ntx3-001741-3,g-001741,tel_Telu,LOW,NEGATED,vendor_shift,True,True,True
ntx3-001741-3,g-001741,tel_Telu,LOW,NEGATED,year_shift,True,True,True
ntx3-001741-3,g-001741,tel_Telu,LOW,NEGATED,month_shift,True,True,True
ntx3-001741-3,g-001741,tel_Telu,LOW,NEGATED,negation_drop,True,True,True
ntx3-001741-3,g-001741,tel_Telu,LOW,NEGATED,scope_broaden,True,False,True
ntx3-001741-3,g-001741,tel_Telu,LOW,NEGATED,scope_broaden+vendor_shift,True,True,True
ntx3-002448-0,g-002448,eng_Latn,HIGH,NEGATED,clean,False,False,False
ntx3-002448-0,g-002448,eng_Latn,HIGH,NEGATED,vendor_shift,True,True,True
ntx3-002448-0,g-002448,eng_Latn,HIGH,NEGATED,year_shift,True,True,True
ntx3-002448-0,g-002448,eng_Latn,HIGH,NEGATED,month_shift,True,True,True
ntx3-002448-0,g-002448,eng_Latn,HIGH,NEGATED,negation_drop,True,True,True
ntx3-002448-0,g-002448,eng_Latn,HIGH,NEGATED,scope_broaden,True,False,True
ntx3-002448-0,g-002448,eng_Latn,HIGH,NEGATED,scope_broaden+vendor_shift,True,True,True
ntx3-002448-1,g-002448,hin_Latn,HIGH,NEGATED,clean,False,False,False
ntx3-002448-1,g-002448,hin_Latn,HIGH,NEGATED,vendor_shift,True,True,True
ntx3-002448-1,g-002448,hin_Latn,HIGH,NEGATED,year_shift,True,True,True
ntx3-002448-1,g-002448,hin_Latn,HIGH,NEGATED,month_shift,True,True,True
ntx3-002448-1,g-002448,hin_Latn,HIGH,NEGATED,negation_drop,True,True,True
ntx3-002448-1,g-002448,hin_Latn,HIGH,NEGATED,scope_broaden,True,False,True
ntx3-002448-1,g-002448,hin_Latn,HIGH,NEGATED,scope_broaden+vendor_shift,True,True,True
ntx3-002448-2,g-002448,tel_Latn,HIGH,NEGATED,clean,False,False,False
ntx3-002448-2,g-002448,tel_Latn,HIGH,NEGATED,vendor_shift,True,True,True
ntx3-002448-2,g-002448,tel_Latn,HIGH,NEGATED,year_shift,True,True,True
ntx3-002448-2,g-002448,tel_Latn,HIGH,NEGATED,month_shift,True,True,True
ntx3-002448-2,g-002448,tel_Latn,HIGH,NEGATED,negation_drop,True,True,True
ntx3-002448-2,g-002448,tel_Latn,HIGH,NEGATED,scope_broaden,True,False,True
ntx3-002448-2,g-002448,tel_Latn,HIGH,NEGATED,scope_broaden+vendor_shift,True,True,True
ntx3-002448-3,g-002448,tel_Telu,HIGH,NEGATED,clean,False,False,False
ntx3-002448-3,g-002448,tel_Telu,HIGH,NEGATED,vendor_shift,True,True,True
ntx3-002448-3,g-002448,tel_Telu,HIGH,NEGATED,year_shift,True,True,True
ntx3-002448-3,g-002448,tel_Telu,HIGH,NEGATED,month_shift,True,True,True
ntx3-002448-3,g-002448,tel_Telu,HIGH,NEGATED,negation_drop,True,True,True
ntx3-002448-3,g-002448,tel_Telu,HIGH,NEGATED,scope_broaden,True,False,True
ntx3-002448-3,g-002448,tel_Telu,HIGH,NEGATED,scope_broaden+vendor_shift,True,True,True
ntx3-000389-0,g-000389,eng_Latn,MEDIUM,NEGATED,clean,False,False,False
ntx3-000389-0,g-000389,eng_Latn,MEDIUM,NEGATED,vendor_shift,True,True,True
ntx3-000389-0,g-000389,eng_Latn,MEDIUM,NEGATED,year_shift,True,True,True
ntx3-000389-0,g-000389,eng_Latn,MEDIUM,NEGATED,month_shift,True,True,True
ntx3-000389-0,g-000389,eng_Latn,MEDIUM,NEGATED,negation_drop,True,True,True
ntx3-000389-0,g-000389,eng_Latn,MEDIUM,NEGATED,scope_broaden,True,False,True
ntx3-000389-0,g-000389,eng_Latn,MEDIUM,NEGATED,scope_broaden+vendor_shift,True,True,True
ntx3-000389-1,g-000389,hin_Latn,MEDIUM,NEGATED,clean,False,False,False
ntx3-000389-1,g-000389,hin_Latn,MEDIUM,NEGATED,vendor_shift,True,True,True
ntx3-000389-1,g-000389,hin_Latn,MEDIUM,NEGATED,year_shift,True,True,True
ntx3-000389-1,g-000389,hin_Latn,MEDIUM,NEGATED,month_shift,True,True,True
ntx3-000389-1,g-000389,hin_Latn,MEDIUM,NEGATED,negation_drop,True,True,True
ntx3-000389-1,g-000389,hin_Latn,MEDIUM,NEGATED,scope_broaden,True,False,True
ntx3-000389-1,g-000389,hin_Latn,MEDIUM,NEGATED,scope_broaden+vendor_shift,True,True,True
ntx3-000389-2,g-000389,tel_Latn,MEDIUM,NEGATED,clean,False,False,False
ntx3-000389-2,g-000389,tel_Latn,MEDIUM,NEGATED,vendor_shift,True,True,True
ntx3-000389-2,g-000389,tel_Latn,MEDIUM,NEGATED,year_shift,True,True,True
ntx3-000389-2,g-000389,tel_Latn,MEDIUM,NEGATED,month_shift,True,True,True
ntx3-000389-2,g-000389,tel_Latn,MEDIUM,NEGATED,negation_drop,True,True,True
ntx3-000389-2,g-000389,tel_Latn,MEDIUM,NEGATED,scope_broaden,True,False,True
ntx3-000389-2,g-000389,tel_Latn,MEDIUM,NEGATED,scope_broaden+vendor_shift,True,True,True
ntx3-000389-3,g-000389,tel_Telu,MEDIUM,NEGATED,clean,False,False,False
ntx3-000389-3,g-000389,tel_Telu,MEDIUM,NEGATED,vendor_shift,True,True,True
ntx3-000389-3,g-000389,tel_Telu,MEDIUM,NEGATED,year_shift,True,True,True
ntx3-000389-3,g-000389,tel_Telu,MEDIUM,NEGATED,month_shift,True,True,True
ntx3-000389-3,g-000389,tel_Telu,MEDIUM,NEGATED,negation_drop,True,True,True
ntx3-000389-3,g-000389,tel_Telu,MEDIUM,NEGATED,scope_broaden,True,False,True
ntx3-000389-3,g-000389,tel_Telu,MEDIUM,NEGATED,scope_broaden+vendor_shift,True,True,True
ntx3-000552-0,g-000552,eng_Latn,MEDIUM,NEGATED,clean,False,False,False
ntx3-000552-0,g-000552,eng_Latn,MEDIUM,NEGATED,vendor_shift,True,True,True
ntx3-000552-0,g-000552,eng_Latn,MEDIUM,NEGATED,year_shift,True,True,True
ntx3-000552-0,g-000552,eng_Latn,MEDIUM,NEGATED,month_shift,True,True,True
ntx3-000552-0,g-000552,eng_Latn,MEDIUM,NEGATED,negation_drop,True,True,True
ntx3-000552-0,g-000552,eng_Latn,MEDIUM,NEGATED,scope_broaden,True,False,True
ntx3-000552-0,g-000552,eng_Latn,MEDIUM,NEGATED,scope_broaden+vendor_shift,True,True,True
ntx3-000552-1,g-000552,hin_Latn,MEDIUM,NEGATED,clean,False,False,False
ntx3-000552-1,g-000552,hin_Latn,MEDIUM,NEGATED,vendor_shift,True,True,True
ntx3-000552-1,g-000552,hin_Latn,MEDIUM,NEGATED,year_shift,True,True,True
ntx3-000552-1,g-000552,hin_Latn,MEDIUM,NEGATED,month_shift,True,True,True
ntx3-000552-1,g-000552,hin_Latn,MEDIUM,NEGATED,negation_drop,True,True,True
ntx3-000552-1,g-000552,hin_Latn,MEDIUM,NEGATED,scope_broaden,True,False,True
ntx3-000552-1,g-000552,hin_Latn,MEDIUM,NEGATED,scope_broaden+vendor_shift,True,True,True
ntx3-000552-2,g-000552,tel_Latn,MEDIUM,NEGATED,clean,False,False,False
ntx3-000552-2,g-000552,tel_Latn,MEDIUM,NEGATED,vendor_shift,True,True,True
ntx3-000552-2,g-000552,tel_Latn,MEDIUM,NEGATED,year_shift,True,True,True
ntx3-000552-2,g-000552,tel_Latn,MEDIUM,NEGATED,month_shift,True,True,True
ntx3-000552-2,g-000552,tel_Latn,MEDIUM,NEGATED,negation_drop,True,True,True
ntx3-000552-2,g-000552,tel_Latn,MEDIUM,NEGATED,scope_broaden,True,False,True
ntx3-000552-2,g-000552,tel_Latn,MEDIUM,NEGATED,scope_broaden+vendor_shift,True,True,True
ntx3-000552-3,g-000552,tel_Telu,MEDIUM,NEGATED,clean,False,False,False
ntx3-000552-3,g-000552,tel_Telu,MEDIUM,NEGATED,vendor_shift,True,True,True
ntx3-000552-3,g-000552,tel_Telu,MEDIUM,NEGATED,year_shift,True,True,True
ntx3-000552-3,g-000552,tel_Telu,MEDIUM,NEGATED,month_shift,True,True,True
ntx3-000552-3,g-000552,tel_Telu,MEDIUM,NEGATED,negation_drop,True,True,True
ntx3-000552-3,g-000552,tel_Telu,MEDIUM,NEGATED,scope_broaden,True,False,True
ntx3-000552-3,g-000552,tel_Telu,MEDIUM,NEGATED,scope_broaden+vendor_shift,True,True,True
ntx3-001040-0,g-001040,eng_Latn,MEDIUM,NEGATED,clean,False,False,False
ntx3-001040-0,g-001040,eng_Latn,MEDIUM,NEGATED,vendor_shift,True,True,True
ntx3-001040-0,g-001040,eng_Latn,MEDIUM,NEGATED,year_shift,True,True,True
ntx3-001040-0,g-001040,eng_Latn,MEDIUM,NEGATED,month_shift,True,True,True
ntx3-001040-0,g-001040,eng_Latn,MEDIUM,NEGATED,negation_drop,True,True,True
ntx3-001040-0,g-001040,eng_Latn,MEDIUM,NEGATED,scope_broaden,True,False,True
ntx3-001040-0,g-001040,eng_Latn,MEDIUM,NEGATED,scope_broaden+vendor_shift,True,True,True
ntx3-001040-1,g-001040,hin_Latn,MEDIUM,NEGATED,clean,False,False,False
ntx3-001040-1,g-001040,hin_Latn,MEDIUM,NEGATED,vendor_shift,True,True,True
ntx3-001040-1,g-001040,hin_Latn,MEDIUM,NEGATED,year_shift,True,True,True
ntx3-001040-1,g-001040,hin_Latn,MEDIUM,NEGATED,month_shift,True,True,True
ntx3-001040-1,g-001040,hin_Latn,MEDIUM,NEGATED,negation_drop,True,True,True
ntx3-001040-1,g-001040,hin_Latn,MEDIUM,NEGATED,scope_broaden,True,False,True
ntx3-001040-1,g-001040,hin_Latn,MEDIUM,NEGATED,scope_broaden+vendor_shift,True,True,True
ntx3-001040-2,g-001040,tel_Latn,MEDIUM,NEGATED,clean,False,False,False
ntx3-001040-2,g-001040,tel_Latn,MEDIUM,NEGATED,vendor_shift,True,True,True
ntx3-001040-2,g-001040,tel_Latn,MEDIUM,NEGATED,year_shift,True,True,True
ntx3-001040-2,g-001040,tel_Latn,MEDIUM,NEGATED,month_shift,True,True,True
ntx3-001040-2,g-001040,tel_Latn,MEDIUM,NEGATED,negation_drop,True,True,True
ntx3-001040-2,g-001040,tel_Latn,MEDIUM,NEGATED,scope_broaden,True,False,True
ntx3-001040-2,g-001040,tel_Latn,MEDIUM,NEGATED,scope_broaden+vendor_shift,True,True,True
ntx3-001040-3,g-001040,tel_Telu,MEDIUM,NEGATED,clean,False,False,False
ntx3-001040-3,g-001040,tel_Telu,MEDIUM,NEGATED,vendor_shift,True,True,True
ntx3-001040-3,g-001040,tel_Telu,MEDIUM,NEGATED,year_shift,True,True,True
ntx3-001040-3,g-001040,tel_Telu,MEDIUM,NEGATED,month_shift,True,True,True
ntx3-001040-3,g-001040,tel_Telu,MEDIUM,NEGATED,negation_drop,True,True,True
ntx3-001040-3,g-001040,tel_Telu,MEDIUM,NEGATED,scope_broaden,True,False,True
ntx3-001040-3,g-001040,tel_Telu,MEDIUM,NEGATED,scope_broaden+vendor_shift,True,True,True
ntx3-002040-0,g-002040,eng_Latn,MEDIUM,NEGATED,clean,False,False,False
ntx3-002040-0,g-002040,eng_Latn,MEDIUM,NEGATED,vendor_shift,True,True,True
ntx3-002040-0,g-002040,eng_Latn,MEDIUM,NEGATED,year_shift,True,True,True
ntx3-002040-0,g-002040,eng_Latn,MEDIUM,NEGATED,month_shift,True,True,True
ntx3-002040-0,g-002040,eng_Latn,MEDIUM,NEGATED,negation_drop,True,True,True
ntx3-002040-0,g-002040,eng_Latn,MEDIUM,NEGATED,scope_broaden,True,False,True
ntx3-002040-0,g-002040,eng_Latn,MEDIUM,NEGATED,scope_broaden+vendor_shift,True,True,True
ntx3-002040-1,g-002040,hin_Latn,MEDIUM,NEGATED,clean,False,False,False
ntx3-002040-1,g-002040,hin_Latn,MEDIUM,NEGATED,vendor_shift,True,True,True
ntx3-002040-1,g-002040,hin_Latn,MEDIUM,NEGATED,year_shift,True,True,True
ntx3-002040-1,g-002040,hin_Latn,MEDIUM,NEGATED,month_shift,True,True,True
ntx3-002040-1,g-002040,hin_Latn,MEDIUM,NEGATED,negation_drop,True,True,True
ntx3-002040-1,g-002040,hin_Latn,MEDIUM,NEGATED,scope_broaden,True,False,True
ntx3-002040-1,g-002040,hin_Latn,MEDIUM,NEGATED,scope_broaden+vendor_shift,True,True,True
ntx3-002040-2,g-002040,tel_Latn,MEDIUM,NEGATED,clean,False,False,False
ntx3-002040-2,g-002040,tel_Latn,MEDIUM,NEGATED,vendor_shift,True,True,True
ntx3-002040-2,g-002040,tel_Latn,MEDIUM,NEGATED,year_shift,True,True,True
ntx3-002040-2,g-002040,tel_Latn,MEDIUM,NEGATED,month_shift,True,True,True
ntx3-002040-2,g-002040,tel_Latn,MEDIUM,NEGATED,negation_drop,True,True,True
ntx3-002040-2,g-002040,tel_Latn,MEDIUM,NEGATED,scope_broaden,True,False,True
ntx3-002040-2,g-002040,tel_Latn,MEDIUM,NEGATED,scope_broaden+vendor_shift,True,True,True
ntx3-002040-3,g-002040,tel_Telu,MEDIUM,NEGATED,clean,False,False,False
ntx3-002040-3,g-002040,tel_Telu,MEDIUM,NEGATED,vendor_shift,True,True,True
ntx3-002040-3,g-002040,tel_Telu,MEDIUM,NEGATED,year_shift,True,True,True
ntx3-002040-3,g-002040,tel_Telu,MEDIUM,NEGATED,month_shift,True,True,True
ntx3-002040-3,g-002040,tel_Telu,MEDIUM,NEGATED,negation_drop,True,True,True
ntx3-002040-3,g-002040,tel_Telu,MEDIUM,NEGATED,scope_broaden,True,False,True
ntx3-002040-3,g-002040,tel_Telu,MEDIUM,NEGATED,scope_broaden+vendor_shift,True,True,True
ntx3-001643-0,g-001643,eng_Latn,MEDIUM,NEGATED,clean,False,False,False
ntx3-001643-0,g-001643,eng_Latn,MEDIUM,NEGATED,vendor_shift,True,True,True
ntx3-001643-0,g-001643,eng_Latn,MEDIUM,NEGATED,year_shift,True,True,True
ntx3-001643-0,g-001643,eng_Latn,MEDIUM,NEGATED,month_shift,True,True,True
ntx3-001643-0,g-001643,eng_Latn,MEDIUM,NEGATED,negation_drop,True,True,True
ntx3-001643-0,g-001643,eng_Latn,MEDIUM,NEGATED,scope_broaden,True,False,True
ntx3-001643-0,g-001643,eng_Latn,MEDIUM,NEGATED,scope_broaden+vendor_shift,True,True,True
ntx3-001643-1,g-001643,hin_Latn,MEDIUM,NEGATED,clean,False,False,False
ntx3-001643-1,g-001643,hin_Latn,MEDIUM,NEGATED,vendor_shift,True,True,True
ntx3-001643-1,g-001643,hin_Latn,MEDIUM,NEGATED,year_shift,True,True,True
ntx3-001643-1,g-001643,hin_Latn,MEDIUM,NEGATED,month_shift,True,True,True
ntx3-001643-1,g-001643,hin_Latn,MEDIUM,NEGATED,negation_drop,True,True,True
ntx3-001643-1,g-001643,hin_Latn,MEDIUM,NEGATED,scope_broaden,True,False,True
ntx3-001643-1,g-001643,hin_Latn,MEDIUM,NEGATED,scope_broaden+vendor_shift,True,True,True
ntx3-001643-2,g-001643,tel_Latn,MEDIUM,NEGATED,clean,False,False,False
ntx3-001643-2,g-001643,tel_Latn,MEDIUM,NEGATED,vendor_shift,True,True,True
ntx3-001643-2,g-001643,tel_Latn,MEDIUM,NEGATED,year_shift,True,True,True
ntx3-001643-2,g-001643,tel_Latn,MEDIUM,NEGATED,month_shift,True,True,True
ntx3-001643-2,g-001643,tel_Latn,MEDIUM,NEGATED,negation_drop,True,True,True
ntx3-001643-2,g-001643,tel_Latn,MEDIUM,NEGATED,scope_broaden,True,False,True
ntx3-001643-2,g-001643,tel_Latn,MEDIUM,NEGATED,scope_broaden+vendor_shift,True,True,True
ntx3-001643-3,g-001643,tel_Telu,MEDIUM,NEGATED,clean,False,False,False
ntx3-001643-3,g-001643,tel_Telu,MEDIUM,NEGATED,vendor_shift,True,True,True
ntx3-001643-3,g-001643,tel_Telu,MEDIUM,NEGATED,year_shift,True,True,True
ntx3-001643-3,g-001643,tel_Telu,MEDIUM,NEGATED,month_shift,True,True,True
ntx3-001643-3,g-001643,tel_Telu,MEDIUM,NEGATED,negation_drop,True,True,True
ntx3-001643-3,g-001643,tel_Telu,MEDIUM,NEGATED,scope_broaden,True,False,True
ntx3-001643-3,g-001643,tel_Telu,MEDIUM,NEGATED,scope_broaden+vendor_shift,True,True,True
ntx3-002497-0,g-002497,eng_Latn,CRITICAL,ENTITY_SHIFT,clean,False,False,False
ntx3-002497-0,g-002497,eng_Latn,CRITICAL,ENTITY_SHIFT,vendor_shift,True,True,True
ntx3-002497-0,g-002497,eng_Latn,CRITICAL,ENTITY_SHIFT,year_shift,True,True,True
ntx3-002497-0,g-002497,eng_Latn,CRITICAL,ENTITY_SHIFT,month_shift,True,True,True
ntx3-002497-0,g-002497,eng_Latn,CRITICAL,ENTITY_SHIFT,scope_broaden,True,False,True
ntx3-002497-0,g-002497,eng_Latn,CRITICAL,ENTITY_SHIFT,scope_broaden+vendor_shift,True,True,True
ntx3-002497-1,g-002497,hin_Latn,CRITICAL,ENTITY_SHIFT,clean,False,False,False
ntx3-002497-1,g-002497,hin_Latn,CRITICAL,ENTITY_SHIFT,vendor_shift,True,True,True
ntx3-002497-1,g-002497,hin_Latn,CRITICAL,ENTITY_SHIFT,year_shift,True,True,True
ntx3-002497-1,g-002497,hin_Latn,CRITICAL,ENTITY_SHIFT,month_shift,True,True,True
ntx3-002497-1,g-002497,hin_Latn,CRITICAL,ENTITY_SHIFT,scope_broaden,True,False,True
ntx3-002497-1,g-002497,hin_Latn,CRITICAL,ENTITY_SHIFT,scope_broaden+vendor_shift,True,True,True
ntx3-002497-2,g-002497,tel_Latn,CRITICAL,ENTITY_SHIFT,clean,False,False,False
ntx3-002497-2,g-002497,tel_Latn,CRITICAL,ENTITY_SHIFT,vendor_shift,True,True,True
ntx3-002497-2,g-002497,tel_Latn,CRITICAL,ENTITY_SHIFT,year_shift,True,True,True
ntx3-002497-2,g-002497,tel_Latn,CRITICAL,ENTITY_SHIFT,month_shift,True,True,True
ntx3-002497-2,g-002497,tel_Latn,CRITICAL,ENTITY_SHIFT,scope_broaden,True,False,True
ntx3-002497-2,g-002497,tel_Latn,CRITICAL,ENTITY_SHIFT,scope_broaden+vendor_shift,True,True,True
ntx3-002497-3,g-002497,tel_Telu,CRITICAL,ENTITY_SHIFT,clean,False,False,False
ntx3-002497-3,g-002497,tel_Telu,CRITICAL,ENTITY_SHIFT,vendor_shift,True,True,True
ntx3-002497-3,g-002497,tel_Telu,CRITICAL,ENTITY_SHIFT,year_shift,True,True,True
ntx3-002497-3,g-002497,tel_Telu,CRITICAL,ENTITY_SHIFT,month_shift,True,True,True
ntx3-002497-3,g-002497,tel_Telu,CRITICAL,ENTITY_SHIFT,scope_broaden,True,False,True
ntx3-002497-3,g-002497,tel_Telu,CRITICAL,ENTITY_SHIFT,scope_broaden+vendor_shift,True,True,True
ntx3-002335-0,g-002335,eng_Latn,LOW,ENTITY_SHIFT,clean,False,False,False
ntx3-002335-0,g-002335,eng_Latn,LOW,ENTITY_SHIFT,vendor_shift,True,True,True
ntx3-002335-0,g-002335,eng_Latn,LOW,ENTITY_SHIFT,year_shift,True,True,True
ntx3-002335-0,g-002335,eng_Latn,LOW,ENTITY_SHIFT,month_shift,True,True,True
ntx3-002335-0,g-002335,eng_Latn,LOW,ENTITY_SHIFT,scope_broaden,True,False,True
ntx3-002335-0,g-002335,eng_Latn,LOW,ENTITY_SHIFT,scope_broaden+vendor_shift,True,True,True
ntx3-002335-1,g-002335,hin_Latn,LOW,ENTITY_SHIFT,clean,False,False,False
ntx3-002335-1,g-002335,hin_Latn,LOW,ENTITY_SHIFT,vendor_shift,True,True,True
ntx3-002335-1,g-002335,hin_Latn,LOW,ENTITY_SHIFT,year_shift,True,True,True
ntx3-002335-1,g-002335,hin_Latn,LOW,ENTITY_SHIFT,month_shift,True,True,True
ntx3-002335-1,g-002335,hin_Latn,LOW,ENTITY_SHIFT,scope_broaden,True,False,True
ntx3-002335-1,g-002335,hin_Latn,LOW,ENTITY_SHIFT,scope_broaden+vendor_shift,True,True,True
ntx3-002335-2,g-002335,tel_Latn,LOW,ENTITY_SHIFT,clean,False,False,False
ntx3-002335-2,g-002335,tel_Latn,LOW,ENTITY_SHIFT,vendor_shift,True,True,True
ntx3-002335-2,g-002335,tel_Latn,LOW,ENTITY_SHIFT,year_shift,True,True,True
ntx3-002335-2,g-002335,tel_Latn,LOW,ENTITY_SHIFT,month_shift,True,True,True
ntx3-002335-2,g-002335,tel_Latn,LOW,ENTITY_SHIFT,scope_broaden,True,False,True
ntx3-002335-2,g-002335,tel_Latn,LOW,ENTITY_SHIFT,scope_broaden+vendor_shift,True,True,True
ntx3-002335-3,g-002335,tel_Telu,LOW,ENTITY_SHIFT,clean,False,False,False
ntx3-002335-3,g-002335,tel_Telu,LOW,ENTITY_SHIFT,vendor_shift,True,True,True
ntx3-002335-3,g-002335,tel_Telu,LOW,ENTITY_SHIFT,year_shift,True,True,True
ntx3-002335-3,g-002335,tel_Telu,LOW,ENTITY_SHIFT,month_shift,True,True,True
ntx3-002335-3,g-002335,tel_Telu,LOW,ENTITY_SHIFT,scope_broaden,True,False,True
ntx3-002335-3,g-002335,tel_Telu,LOW,ENTITY_SHIFT,scope_broaden+vendor_shift,True,True,True
ntx3-000468-0,g-000468,eng_Latn,LOW,ENTITY_SHIFT,clean,False,False,False
ntx3-000468-0,g-000468,eng_Latn,LOW,ENTITY_SHIFT,vendor_shift,True,True,True
ntx3-000468-0,g-000468,eng_Latn,LOW,ENTITY_SHIFT,year_shift,True,True,True
ntx3-000468-0,g-000468,eng_Latn,LOW,ENTITY_SHIFT,month_shift,True,True,True
ntx3-000468-0,g-000468,eng_Latn,LOW,ENTITY_SHIFT,scope_broaden,True,False,True
ntx3-000468-0,g-000468,eng_Latn,LOW,ENTITY_SHIFT,scope_broaden+vendor_shift,True,True,True
ntx3-000468-1,g-000468,hin_Latn,LOW,ENTITY_SHIFT,clean,False,False,False
ntx3-000468-1,g-000468,hin_Latn,LOW,ENTITY_SHIFT,vendor_shift,True,True,True
ntx3-000468-1,g-000468,hin_Latn,LOW,ENTITY_SHIFT,year_shift,True,True,True
ntx3-000468-1,g-000468,hin_Latn,LOW,ENTITY_SHIFT,month_shift,True,True,True
ntx3-000468-1,g-000468,hin_Latn,LOW,ENTITY_SHIFT,scope_broaden,True,False,True
ntx3-000468-1,g-000468,hin_Latn,LOW,ENTITY_SHIFT,scope_broaden+vendor_shift,True,True,True
ntx3-000468-2,g-000468,tel_Latn,LOW,ENTITY_SHIFT,clean,False,False,False
ntx3-000468-2,g-000468,tel_Latn,LOW,ENTITY_SHIFT,vendor_shift,True,True,True
ntx3-000468-2,g-000468,tel_Latn,LOW,ENTITY_SHIFT,year_shift,True,True,True
ntx3-000468-2,g-000468,tel_Latn,LOW,ENTITY_SHIFT,month_shift,True,True,True
ntx3-000468-2,g-000468,tel_Latn,LOW,ENTITY_SHIFT,scope_broaden,True,False,True
ntx3-000468-2,g-000468,tel_Latn,LOW,ENTITY_SHIFT,scope_broaden+vendor_shift,True,True,True
ntx3-000468-3,g-000468,tel_Telu,LOW,ENTITY_SHIFT,clean,False,False,False
ntx3-000468-3,g-000468,tel_Telu,LOW,ENTITY_SHIFT,vendor_shift,True,True,True
ntx3-000468-3,g-000468,tel_Telu,LOW,ENTITY_SHIFT,year_shift,True,True,True
ntx3-000468-3,g-000468,tel_Telu,LOW,ENTITY_SHIFT,month_shift,True,True,True
ntx3-000468-3,g-000468,tel_Telu,LOW,ENTITY_SHIFT,scope_broaden,True,False,True
ntx3-000468-3,g-000468,tel_Telu,LOW,ENTITY_SHIFT,scope_broaden+vendor_shift,True,True,True
ntx3-000717-0,g-000717,eng_Latn,MEDIUM,ENTITY_SHIFT,clean,False,False,False
ntx3-000717-0,g-000717,eng_Latn,MEDIUM,ENTITY_SHIFT,vendor_shift,True,True,True
ntx3-000717-0,g-000717,eng_Latn,MEDIUM,ENTITY_SHIFT,year_shift,True,True,True
ntx3-000717-0,g-000717,eng_Latn,MEDIUM,ENTITY_SHIFT,month_shift,True,True,True
ntx3-000717-0,g-000717,eng_Latn,MEDIUM,ENTITY_SHIFT,scope_broaden,True,False,True
ntx3-000717-0,g-000717,eng_Latn,MEDIUM,ENTITY_SHIFT,scope_broaden+vendor_shift,True,True,True
ntx3-000717-1,g-000717,hin_Latn,MEDIUM,ENTITY_SHIFT,clean,False,False,False
ntx3-000717-1,g-000717,hin_Latn,MEDIUM,ENTITY_SHIFT,vendor_shift,True,True,True
ntx3-000717-1,g-000717,hin_Latn,MEDIUM,ENTITY_SHIFT,year_shift,True,True,True
ntx3-000717-1,g-000717,hin_Latn,MEDIUM,ENTITY_SHIFT,month_shift,True,True,True
ntx3-000717-1,g-000717,hin_Latn,MEDIUM,ENTITY_SHIFT,scope_broaden,True,False,True
ntx3-000717-1,g-000717,hin_Latn,MEDIUM,ENTITY_SHIFT,scope_broaden+vendor_shift,True,True,True
ntx3-000717-2,g-000717,tel_Latn,MEDIUM,ENTITY_SHIFT,clean,False,False,False
ntx3-000717-2,g-000717,tel_Latn,MEDIUM,ENTITY_SHIFT,vendor_shift,True,True,True
ntx3-000717-2,g-000717,tel_Latn,MEDIUM,ENTITY_SHIFT,year_shift,True,True,True
ntx3-000717-2,g-000717,tel_Latn,MEDIUM,ENTITY_SHIFT,month_shift,True,True,True
ntx3-000717-2,g-000717,tel_Latn,MEDIUM,ENTITY_SHIFT,scope_broaden,True,False,True
ntx3-000717-2,g-000717,tel_Latn,MEDIUM,ENTITY_SHIFT,scope_broaden+vendor_shift,True,True,True
ntx3-000717-3,g-000717,tel_Telu,MEDIUM,ENTITY_SHIFT,clean,False,False,False
ntx3-000717-3,g-000717,tel_Telu,MEDIUM,ENTITY_SHIFT,vendor_shift,True,True,True
ntx3-000717-3,g-000717,tel_Telu,MEDIUM,ENTITY_SHIFT,year_shift,True,True,True
ntx3-000717-3,g-000717,tel_Telu,MEDIUM,ENTITY_SHIFT,month_shift,True,True,True
ntx3-000717-3,g-000717,tel_Telu,MEDIUM,ENTITY_SHIFT,scope_broaden,True,False,True
ntx3-000717-3,g-000717,tel_Telu,MEDIUM,ENTITY_SHIFT,scope_broaden+vendor_shift,True,True,True
ntx3-000548-0,g-000548,eng_Latn,MEDIUM,ENTITY_SHIFT,clean,False,False,False
ntx3-000548-0,g-000548,eng_Latn,MEDIUM,ENTITY_SHIFT,vendor_shift,True,True,True
ntx3-000548-0,g-000548,eng_Latn,MEDIUM,ENTITY_SHIFT,year_shift,True,True,True
ntx3-000548-0,g-000548,eng_Latn,MEDIUM,ENTITY_SHIFT,month_shift,True,True,True
ntx3-000548-0,g-000548,eng_Latn,MEDIUM,ENTITY_SHIFT,scope_broaden,True,False,True
ntx3-000548-0,g-000548,eng_Latn,MEDIUM,ENTITY_SHIFT,scope_broaden+vendor_shift,True,True,True
ntx3-000548-1,g-000548,hin_Latn,MEDIUM,ENTITY_SHIFT,clean,False,False,False
ntx3-000548-1,g-000548,hin_Latn,MEDIUM,ENTITY_SHIFT,vendor_shift,True,True,True
ntx3-000548-1,g-000548,hin_Latn,MEDIUM,ENTITY_SHIFT,year_shift,True,True,True
ntx3-000548-1,g-000548,hin_Latn,MEDIUM,ENTITY_SHIFT,month_shift,True,True,True
ntx3-000548-1,g-000548,hin_Latn,MEDIUM,ENTITY_SHIFT,scope_broaden,True,False,True
ntx3-000548-1,g-000548,hin_Latn,MEDIUM,ENTITY_SHIFT,scope_broaden+vendor_shift,True,True,True
ntx3-000548-2,g-000548,tel_Latn,MEDIUM,ENTITY_SHIFT,clean,False,False,False
ntx3-000548-2,g-000548,tel_Latn,MEDIUM,ENTITY_SHIFT,vendor_shift,True,True,True
ntx3-000548-2,g-000548,tel_Latn,MEDIUM,ENTITY_SHIFT,year_shift,True,True,True
ntx3-000548-2,g-000548,tel_Latn,MEDIUM,ENTITY_SHIFT,month_shift,True,True,True
ntx3-000548-2,g-000548,tel_Latn,MEDIUM,ENTITY_SHIFT,scope_broaden,True,False,True
ntx3-000548-2,g-000548,tel_Latn,MEDIUM,ENTITY_SHIFT,scope_broaden+vendor_shift,True,True,True
ntx3-000548-3,g-000548,tel_Telu,MEDIUM,ENTITY_SHIFT,clean,False,False,False
ntx3-000548-3,g-000548,tel_Telu,MEDIUM,ENTITY_SHIFT,vendor_shift,True,True,True
ntx3-000548-3,g-000548,tel_Telu,MEDIUM,ENTITY_SHIFT,year_shift,True,True,True
ntx3-000548-3,g-000548,tel_Telu,MEDIUM,ENTITY_SHIFT,month_shift,True,True,True
ntx3-000548-3,g-000548,tel_Telu,MEDIUM,ENTITY_SHIFT,scope_broaden,True,False,True
ntx3-000548-3,g-000548,tel_Telu,MEDIUM,ENTITY_SHIFT,scope_broaden+vendor_shift,True,True,True
ntx3-001101-0,g-001101,eng_Latn,MEDIUM,ENTITY_SHIFT,clean,False,False,False
ntx3-001101-0,g-001101,eng_Latn,MEDIUM,ENTITY_SHIFT,vendor_shift,True,True,True
ntx3-001101-0,g-001101,eng_Latn,MEDIUM,ENTITY_SHIFT,year_shift,True,True,True
ntx3-001101-0,g-001101,eng_Latn,MEDIUM,ENTITY_SHIFT,month_shift,True,True,True
ntx3-001101-0,g-001101,eng_Latn,MEDIUM,ENTITY_SHIFT,scope_broaden,True,False,True
ntx3-001101-0,g-001101,eng_Latn,MEDIUM,ENTITY_SHIFT,scope_broaden+vendor_shift,True,True,True
ntx3-001101-1,g-001101,hin_Latn,MEDIUM,ENTITY_SHIFT,clean,False,False,False
ntx3-001101-1,g-001101,hin_Latn,MEDIUM,ENTITY_SHIFT,vendor_shift,True,True,True
ntx3-001101-1,g-001101,hin_Latn,MEDIUM,ENTITY_SHIFT,year_shift,True,True,True
ntx3-001101-1,g-001101,hin_Latn,MEDIUM,ENTITY_SHIFT,month_shift,True,True,True
ntx3-001101-1,g-001101,hin_Latn,MEDIUM,ENTITY_SHIFT,scope_broaden,True,False,True
ntx3-001101-1,g-001101,hin_Latn,MEDIUM,ENTITY_SHIFT,scope_broaden+vendor_shift,True,True,True
ntx3-001101-2,g-001101,tel_Latn,MEDIUM,ENTITY_SHIFT,clean,False,False,False
ntx3-001101-2,g-001101,tel_Latn,MEDIUM,ENTITY_SHIFT,vendor_shift,True,True,True
ntx3-001101-2,g-001101,tel_Latn,MEDIUM,ENTITY_SHIFT,year_shift,True,True,True
ntx3-001101-2,g-001101,tel_Latn,MEDIUM,ENTITY_SHIFT,month_shift,True,True,True
ntx3-001101-2,g-001101,tel_Latn,MEDIUM,ENTITY_SHIFT,scope_broaden,True,False,True
ntx3-001101-2,g-001101,tel_Latn,MEDIUM,ENTITY_SHIFT,scope_broaden+vendor_shift,True,True,True
ntx3-001101-3,g-001101,tel_Telu,MEDIUM,ENTITY_SHIFT,clean,False,False,False
ntx3-001101-3,g-001101,tel_Telu,MEDIUM,ENTITY_SHIFT,vendor_shift,True,True,True
ntx3-001101-3,g-001101,tel_Telu,MEDIUM,ENTITY_SHIFT,year_shift,True,True,True
ntx3-001101-3,g-001101,tel_Telu,MEDIUM,ENTITY_SHIFT,month_shift,True,True,True
ntx3-001101-3,g-001101,tel_Telu,MEDIUM,ENTITY_SHIFT,scope_broaden,True,False,True
ntx3-001101-3,g-001101,tel_Telu,MEDIUM,ENTITY_SHIFT,scope_broaden+vendor_shift,True,True,True
ntx3-002365-0,g-002365,eng_Latn,MEDIUM,ENTITY_SHIFT,clean,False,False,False
ntx3-002365-0,g-002365,eng_Latn,MEDIUM,ENTITY_SHIFT,vendor_shift,True,True,True
ntx3-002365-0,g-002365,eng_Latn,MEDIUM,ENTITY_SHIFT,year_shift,True,True,True
ntx3-002365-0,g-002365,eng_Latn,MEDIUM,ENTITY_SHIFT,month_shift,True,True,True
ntx3-002365-0,g-002365,eng_Latn,MEDIUM,ENTITY_SHIFT,scope_broaden,True,False,True
ntx3-002365-0,g-002365,eng_Latn,MEDIUM,ENTITY_SHIFT,scope_broaden+vendor_shift,True,True,True
ntx3-002365-1,g-002365,hin_Latn,MEDIUM,ENTITY_SHIFT,clean,False,False,False
ntx3-002365-1,g-002365,hin_Latn,MEDIUM,ENTITY_SHIFT,vendor_shift,True,True,True
ntx3-002365-1,g-002365,hin_Latn,MEDIUM,ENTITY_SHIFT,year_shift,True,True,True
ntx3-002365-1,g-002365,hin_Latn,MEDIUM,ENTITY_SHIFT,month_shift,True,True,True
ntx3-002365-1,g-002365,hin_Latn,MEDIUM,ENTITY_SHIFT,scope_broaden,True,False,True
ntx3-002365-1,g-002365,hin_Latn,MEDIUM,ENTITY_SHIFT,scope_broaden+vendor_shift,True,True,True
ntx3-002365-2,g-002365,tel_Latn,MEDIUM,ENTITY_SHIFT,clean,False,False,False
ntx3-002365-2,g-002365,tel_Latn,MEDIUM,ENTITY_SHIFT,vendor_shift,True,True,True
ntx3-002365-2,g-002365,tel_Latn,MEDIUM,ENTITY_SHIFT,year_shift,True,True,True
ntx3-002365-2,g-002365,tel_Latn,MEDIUM,ENTITY_SHIFT,month_shift,True,True,True
ntx3-002365-2,g-002365,tel_Latn,MEDIUM,ENTITY_SHIFT,scope_broaden,True,False,True
ntx3-002365-2,g-002365,tel_Latn,MEDIUM,ENTITY_SHIFT,scope_broaden+vendor_shift,True,True,True
ntx3-002365-3,g-002365,tel_Telu,MEDIUM,ENTITY_SHIFT,clean,False,False,False
ntx3-002365-3,g-002365,tel_Telu,MEDIUM,ENTITY_SHIFT,vendor_shift,True,True,True
ntx3-002365-3,g-002365,tel_Telu,MEDIUM,ENTITY_SHIFT,year_shift,True,True,True
ntx3-002365-3,g-002365,tel_Telu,MEDIUM,ENTITY_SHIFT,month_shift,True,True,True
ntx3-002365-3,g-002365,tel_Telu,MEDIUM,ENTITY_SHIFT,scope_broaden,True,False,True
ntx3-002365-3,g-002365,tel_Telu,MEDIUM,ENTITY_SHIFT,scope_broaden+vendor_shift,True,True,True
ntx3-000979-0,g-000979,eng_Latn,CRITICAL,ENTITY_SHIFT,clean,False,False,False
ntx3-000979-0,g-000979,eng_Latn,CRITICAL,ENTITY_SHIFT,vendor_shift,True,True,True
ntx3-000979-0,g-000979,eng_Latn,CRITICAL,ENTITY_SHIFT,year_shift,True,True,True
ntx3-000979-0,g-000979,eng_Latn,CRITICAL,ENTITY_SHIFT,month_shift,True,True,True
ntx3-000979-0,g-000979,eng_Latn,CRITICAL,ENTITY_SHIFT,scope_broaden,True,False,True
ntx3-000979-0,g-000979,eng_Latn,CRITICAL,ENTITY_SHIFT,scope_broaden+vendor_shift,True,True,True
ntx3-000979-1,g-000979,hin_Latn,CRITICAL,ENTITY_SHIFT,clean,False,False,False
ntx3-000979-1,g-000979,hin_Latn,CRITICAL,ENTITY_SHIFT,vendor_shift,True,True,True
ntx3-000979-1,g-000979,hin_Latn,CRITICAL,ENTITY_SHIFT,year_shift,True,True,True
ntx3-000979-1,g-000979,hin_Latn,CRITICAL,ENTITY_SHIFT,month_shift,True,True,True
ntx3-000979-1,g-000979,hin_Latn,CRITICAL,ENTITY_SHIFT,scope_broaden,True,False,True
ntx3-000979-1,g-000979,hin_Latn,CRITICAL,ENTITY_SHIFT,scope_broaden+vendor_shift,True,True,True
ntx3-000979-2,g-000979,tel_Latn,CRITICAL,ENTITY_SHIFT,clean,False,False,False
ntx3-000979-2,g-000979,tel_Latn,CRITICAL,ENTITY_SHIFT,vendor_shift,True,True,True
ntx3-000979-2,g-000979,tel_Latn,CRITICAL,ENTITY_SHIFT,year_shift,True,True,True
ntx3-000979-2,g-000979,tel_Latn,CRITICAL,ENTITY_SHIFT,month_shift,True,True,True
ntx3-000979-2,g-000979,tel_Latn,CRITICAL,ENTITY_SHIFT,scope_broaden,True,False,True
ntx3-000979-2,g-000979,tel_Latn,CRITICAL,ENTITY_SHIFT,scope_broaden+vendor_shift,True,True,True
ntx3-000979-3,g-000979,tel_Telu,CRITICAL,ENTITY_SHIFT,clean,False,False,False
ntx3-000979-3,g-000979,tel_Telu,CRITICAL,ENTITY_SHIFT,vendor_shift,True,True,True
ntx3-000979-3,g-000979,tel_Telu,CRITICAL,ENTITY_SHIFT,year_shift,True,True,True
ntx3-000979-3,g-000979,tel_Telu,CRITICAL,ENTITY_SHIFT,month_shift,True,True,True
ntx3-000979-3,g-000979,tel_Telu,CRITICAL,ENTITY_SHIFT,scope_broaden,True,False,True
ntx3-000979-3,g-000979,tel_Telu,CRITICAL,ENTITY_SHIFT,scope_broaden+vendor_shift,True,True,True
ntx3-001766-0,g-001766,eng_Latn,HIGH,ENTITY_SHIFT,clean,False,False,False
ntx3-001766-0,g-001766,eng_Latn,HIGH,ENTITY_SHIFT,vendor_shift,True,True,True
ntx3-001766-0,g-001766,eng_Latn,HIGH,ENTITY_SHIFT,year_shift,True,True,True
ntx3-001766-0,g-001766,eng_Latn,HIGH,ENTITY_SHIFT,month_shift,True,True,True
ntx3-001766-0,g-001766,eng_Latn,HIGH,ENTITY_SHIFT,scope_broaden,True,False,True
ntx3-001766-0,g-001766,eng_Latn,HIGH,ENTITY_SHIFT,scope_broaden+vendor_shift,True,True,True
ntx3-001766-1,g-001766,hin_Latn,HIGH,ENTITY_SHIFT,clean,False,False,False
ntx3-001766-1,g-001766,hin_Latn,HIGH,ENTITY_SHIFT,vendor_shift,True,True,True
ntx3-001766-1,g-001766,hin_Latn,HIGH,ENTITY_SHIFT,year_shift,True,True,True
ntx3-001766-1,g-001766,hin_Latn,HIGH,ENTITY_SHIFT,month_shift,True,True,True
ntx3-001766-1,g-001766,hin_Latn,HIGH,ENTITY_SHIFT,scope_broaden,True,False,True
ntx3-001766-1,g-001766,hin_Latn,HIGH,ENTITY_SHIFT,scope_broaden+vendor_shift,True,True,True
ntx3-001766-2,g-001766,tel_Latn,HIGH,ENTITY_SHIFT,clean,False,False,False
ntx3-001766-2,g-001766,tel_Latn,HIGH,ENTITY_SHIFT,vendor_shift,True,True,True
ntx3-001766-2,g-001766,tel_Latn,HIGH,ENTITY_SHIFT,year_shift,True,True,True
ntx3-001766-2,g-001766,tel_Latn,HIGH,ENTITY_SHIFT,month_shift,True,True,True
ntx3-001766-2,g-001766,tel_Latn,HIGH,ENTITY_SHIFT,scope_broaden,True,False,True
ntx3-001766-2,g-001766,tel_Latn,HIGH,ENTITY_SHIFT,scope_broaden+vendor_shift,True,True,True
ntx3-001766-3,g-001766,tel_Telu,HIGH,ENTITY_SHIFT,clean,False,False,False
ntx3-001766-3,g-001766,tel_Telu,HIGH,ENTITY_SHIFT,vendor_shift,True,True,True
ntx3-001766-3,g-001766,tel_Telu,HIGH,ENTITY_SHIFT,year_shift,True,True,True
ntx3-001766-3,g-001766,tel_Telu,HIGH,ENTITY_SHIFT,month_shift,True,True,True
ntx3-001766-3,g-001766,tel_Telu,HIGH,ENTITY_SHIFT,scope_broaden,True,False,True
ntx3-001766-3,g-001766,tel_Telu,HIGH,ENTITY_SHIFT,scope_broaden+vendor_shift,True,True,True
ntx3-001133-0,g-001133,eng_Latn,HIGH,ENTITY_SHIFT,clean,False,False,False
ntx3-001133-0,g-001133,eng_Latn,HIGH,ENTITY_SHIFT,vendor_shift,True,True,True
ntx3-001133-0,g-001133,eng_Latn,HIGH,ENTITY_SHIFT,year_shift,True,True,True
ntx3-001133-0,g-001133,eng_Latn,HIGH,ENTITY_SHIFT,month_shift,True,True,True
ntx3-001133-0,g-001133,eng_Latn,HIGH,ENTITY_SHIFT,scope_broaden,True,False,True
ntx3-001133-0,g-001133,eng_Latn,HIGH,ENTITY_SHIFT,scope_broaden+vendor_shift,True,True,True
ntx3-001133-1,g-001133,hin_Latn,HIGH,ENTITY_SHIFT,clean,False,False,False
ntx3-001133-1,g-001133,hin_Latn,HIGH,ENTITY_SHIFT,vendor_shift,True,True,True
ntx3-001133-1,g-001133,hin_Latn,HIGH,ENTITY_SHIFT,year_shift,True,True,True
ntx3-001133-1,g-001133,hin_Latn,HIGH,ENTITY_SHIFT,month_shift,True,True,True
ntx3-001133-1,g-001133,hin_Latn,HIGH,ENTITY_SHIFT,scope_broaden,True,False,True
ntx3-001133-1,g-001133,hin_Latn,HIGH,ENTITY_SHIFT,scope_broaden+vendor_shift,True,True,True
ntx3-001133-2,g-001133,tel_Latn,HIGH,ENTITY_SHIFT,clean,False,False,False
ntx3-001133-2,g-001133,tel_Latn,HIGH,ENTITY_SHIFT,vendor_shift,True,True,True
ntx3-001133-2,g-001133,tel_Latn,HIGH,ENTITY_SHIFT,year_shift,True,True,True
ntx3-001133-2,g-001133,tel_Latn,HIGH,ENTITY_SHIFT,month_shift,True,True,True
ntx3-001133-2,g-001133,tel_Latn,HIGH,ENTITY_SHIFT,scope_broaden,True,False,True
ntx3-001133-2,g-001133,tel_Latn,HIGH,ENTITY_SHIFT,scope_broaden+vendor_shift,True,True,True
ntx3-001133-3,g-001133,tel_Telu,HIGH,ENTITY_SHIFT,clean,False,False,False
ntx3-001133-3,g-001133,tel_Telu,HIGH,ENTITY_SHIFT,vendor_shift,True,True,True
ntx3-001133-3,g-001133,tel_Telu,HIGH,ENTITY_SHIFT,year_shift,True,True,True
ntx3-001133-3,g-001133,tel_Telu,HIGH,ENTITY_SHIFT,month_shift,True,True,True
ntx3-001133-3,g-001133,tel_Telu,HIGH,ENTITY_SHIFT,scope_broaden,True,False,True
ntx3-001133-3,g-001133,tel_Telu,HIGH,ENTITY_SHIFT,scope_broaden+vendor_shift,True,True,True
ntx3-002083-0,g-002083,eng_Latn,LOW,ENTITY_SHIFT,clean,False,False,False
ntx3-002083-0,g-002083,eng_Latn,LOW,ENTITY_SHIFT,vendor_shift,True,True,True
ntx3-002083-0,g-002083,eng_Latn,LOW,ENTITY_SHIFT,year_shift,True,True,True
ntx3-002083-0,g-002083,eng_Latn,LOW,ENTITY_SHIFT,month_shift,True,True,True
ntx3-002083-0,g-002083,eng_Latn,LOW,ENTITY_SHIFT,scope_broaden,True,False,True
ntx3-002083-0,g-002083,eng_Latn,LOW,ENTITY_SHIFT,scope_broaden+vendor_shift,True,True,True
ntx3-002083-1,g-002083,hin_Latn,LOW,ENTITY_SHIFT,clean,False,False,False
ntx3-002083-1,g-002083,hin_Latn,LOW,ENTITY_SHIFT,vendor_shift,True,True,True
ntx3-002083-1,g-002083,hin_Latn,LOW,ENTITY_SHIFT,year_shift,True,True,True
ntx3-002083-1,g-002083,hin_Latn,LOW,ENTITY_SHIFT,month_shift,True,True,True
ntx3-002083-1,g-002083,hin_Latn,LOW,ENTITY_SHIFT,scope_broaden,True,False,True
ntx3-002083-1,g-002083,hin_Latn,LOW,ENTITY_SHIFT,scope_broaden+vendor_shift,True,True,True
ntx3-002083-2,g-002083,tel_Latn,LOW,ENTITY_SHIFT,clean,False,False,False
ntx3-002083-2,g-002083,tel_Latn,LOW,ENTITY_SHIFT,vendor_shift,True,True,True
ntx3-002083-2,g-002083,tel_Latn,LOW,ENTITY_SHIFT,year_shift,True,True,True
ntx3-002083-2,g-002083,tel_Latn,LOW,ENTITY_SHIFT,month_shift,True,True,True
ntx3-002083-2,g-002083,tel_Latn,LOW,ENTITY_SHIFT,scope_broaden,True,False,True
ntx3-002083-2,g-002083,tel_Latn,LOW,ENTITY_SHIFT,scope_broaden+vendor_shift,True,True,True
ntx3-002083-3,g-002083,tel_Telu,LOW,ENTITY_SHIFT,clean,False,False,False
ntx3-002083-3,g-002083,tel_Telu,LOW,ENTITY_SHIFT,vendor_shift,True,True,True
ntx3-002083-3,g-002083,tel_Telu,LOW,ENTITY_SHIFT,year_shift,True,True,True
ntx3-002083-3,g-002083,tel_Telu,LOW,ENTITY_SHIFT,month_shift,True,True,True
ntx3-002083-3,g-002083,tel_Telu,LOW,ENTITY_SHIFT,scope_broaden,True,False,True
ntx3-002083-3,g-002083,tel_Telu,LOW,ENTITY_SHIFT,scope_broaden+vendor_shift,True,True,True
ntx3-002478-0,g-002478,eng_Latn,CRITICAL,ENTITY_SHIFT,clean,False,False,False
ntx3-002478-0,g-002478,eng_Latn,CRITICAL,ENTITY_SHIFT,vendor_shift,True,True,True
ntx3-002478-0,g-002478,eng_Latn,CRITICAL,ENTITY_SHIFT,year_shift,True,True,True
ntx3-002478-0,g-002478,eng_Latn,CRITICAL,ENTITY_SHIFT,month_shift,True,True,True
ntx3-002478-0,g-002478,eng_Latn,CRITICAL,ENTITY_SHIFT,scope_broaden,True,False,True
ntx3-002478-0,g-002478,eng_Latn,CRITICAL,ENTITY_SHIFT,scope_broaden+vendor_shift,True,True,True
ntx3-002478-1,g-002478,hin_Latn,CRITICAL,ENTITY_SHIFT,clean,False,False,False
ntx3-002478-1,g-002478,hin_Latn,CRITICAL,ENTITY_SHIFT,vendor_shift,True,True,True
ntx3-002478-1,g-002478,hin_Latn,CRITICAL,ENTITY_SHIFT,year_shift,True,True,True
ntx3-002478-1,g-002478,hin_Latn,CRITICAL,ENTITY_SHIFT,month_shift,True,True,True
ntx3-002478-1,g-002478,hin_Latn,CRITICAL,ENTITY_SHIFT,scope_broaden,True,False,True
ntx3-002478-1,g-002478,hin_Latn,CRITICAL,ENTITY_SHIFT,scope_broaden+vendor_shift,True,True,True
ntx3-002478-2,g-002478,tel_Latn,CRITICAL,ENTITY_SHIFT,clean,False,False,False
ntx3-002478-2,g-002478,tel_Latn,CRITICAL,ENTITY_SHIFT,vendor_shift,True,True,True
ntx3-002478-2,g-002478,tel_Latn,CRITICAL,ENTITY_SHIFT,year_shift,True,True,True
ntx3-002478-2,g-002478,tel_Latn,CRITICAL,ENTITY_SHIFT,month_shift,True,True,True
ntx3-002478-2,g-002478,tel_Latn,CRITICAL,ENTITY_SHIFT,scope_broaden,True,False,True
ntx3-002478-2,g-002478,tel_Latn,CRITICAL,ENTITY_SHIFT,scope_broaden+vendor_shift,True,True,True
ntx3-002478-3,g-002478,tel_Telu,CRITICAL,ENTITY_SHIFT,clean,False,False,False
ntx3-002478-3,g-002478,tel_Telu,CRITICAL,ENTITY_SHIFT,vendor_shift,True,True,True
ntx3-002478-3,g-002478,tel_Telu,CRITICAL,ENTITY_SHIFT,year_shift,True,True,True
ntx3-002478-3,g-002478,tel_Telu,CRITICAL,ENTITY_SHIFT,month_shift,True,True,True
ntx3-002478-3,g-002478,tel_Telu,CRITICAL,ENTITY_SHIFT,scope_broaden,True,False,True
ntx3-002478-3,g-002478,tel_Telu,CRITICAL,ENTITY_SHIFT,scope_broaden+vendor_shift,True,True,True
ntx3-000633-0,g-000633,eng_Latn,HIGH,ENTITY_SHIFT,clean,False,False,False
ntx3-000633-0,g-000633,eng_Latn,HIGH,ENTITY_SHIFT,vendor_shift,True,True,True
ntx3-000633-0,g-000633,eng_Latn,HIGH,ENTITY_SHIFT,year_shift,True,True,True
ntx3-000633-0,g-000633,eng_Latn,HIGH,ENTITY_SHIFT,month_shift,True,True,True
ntx3-000633-0,g-000633,eng_Latn,HIGH,ENTITY_SHIFT,scope_broaden,True,False,True
ntx3-000633-0,g-000633,eng_Latn,HIGH,ENTITY_SHIFT,scope_broaden+vendor_shift,True,True,True
ntx3-000633-1,g-000633,hin_Latn,HIGH,ENTITY_SHIFT,clean,False,False,False
ntx3-000633-1,g-000633,hin_Latn,HIGH,ENTITY_SHIFT,vendor_shift,True,True,True
ntx3-000633-1,g-000633,hin_Latn,HIGH,ENTITY_SHIFT,year_shift,True,True,True
ntx3-000633-1,g-000633,hin_Latn,HIGH,ENTITY_SHIFT,month_shift,True,True,True
ntx3-000633-1,g-000633,hin_Latn,HIGH,ENTITY_SHIFT,scope_broaden,True,False,True
ntx3-000633-1,g-000633,hin_Latn,HIGH,ENTITY_SHIFT,scope_broaden+vendor_shift,True,True,True
ntx3-000633-2,g-000633,tel_Latn,HIGH,ENTITY_SHIFT,clean,False,False,False
ntx3-000633-2,g-000633,tel_Latn,HIGH,ENTITY_SHIFT,vendor_shift,True,True,True
ntx3-000633-2,g-000633,tel_Latn,HIGH,ENTITY_SHIFT,year_shift,True,True,True
ntx3-000633-2,g-000633,tel_Latn,HIGH,ENTITY_SHIFT,month_shift,True,True,True
ntx3-000633-2,g-000633,tel_Latn,HIGH,ENTITY_SHIFT,scope_broaden,True,False,True
ntx3-000633-2,g-000633,tel_Latn,HIGH,ENTITY_SHIFT,scope_broaden+vendor_shift,True,True,True
ntx3-000633-3,g-000633,tel_Telu,HIGH,ENTITY_SHIFT,clean,False,False,False
ntx3-000633-3,g-000633,tel_Telu,HIGH,ENTITY_SHIFT,vendor_shift,True,True,True
ntx3-000633-3,g-000633,tel_Telu,HIGH,ENTITY_SHIFT,year_shift,True,True,True
ntx3-000633-3,g-000633,tel_Telu,HIGH,ENTITY_SHIFT,month_shift,True,True,True
ntx3-000633-3,g-000633,tel_Telu,HIGH,ENTITY_SHIFT,scope_broaden,True,False,True
ntx3-000633-3,g-000633,tel_Telu,HIGH,ENTITY_SHIFT,scope_broaden+vendor_shift,True,True,True
ntx3-001933-0,g-001933,eng_Latn,MEDIUM,ENTITY_SHIFT,clean,False,False,False
ntx3-001933-0,g-001933,eng_Latn,MEDIUM,ENTITY_SHIFT,vendor_shift,True,True,True
ntx3-001933-0,g-001933,eng_Latn,MEDIUM,ENTITY_SHIFT,year_shift,True,True,True
ntx3-001933-0,g-001933,eng_Latn,MEDIUM,ENTITY_SHIFT,month_shift,True,True,True
ntx3-001933-0,g-001933,eng_Latn,MEDIUM,ENTITY_SHIFT,scope_broaden,True,False,True
ntx3-001933-0,g-001933,eng_Latn,MEDIUM,ENTITY_SHIFT,scope_broaden+vendor_shift,True,True,True
ntx3-001933-1,g-001933,hin_Latn,MEDIUM,ENTITY_SHIFT,clean,False,False,False
ntx3-001933-1,g-001933,hin_Latn,MEDIUM,ENTITY_SHIFT,vendor_shift,True,True,True
ntx3-001933-1,g-001933,hin_Latn,MEDIUM,ENTITY_SHIFT,year_shift,True,True,True
ntx3-001933-1,g-001933,hin_Latn,MEDIUM,ENTITY_SHIFT,month_shift,True,True,True
ntx3-001933-1,g-001933,hin_Latn,MEDIUM,ENTITY_SHIFT,scope_broaden,True,False,True
ntx3-001933-1,g-001933,hin_Latn,MEDIUM,ENTITY_SHIFT,scope_broaden+vendor_shift,True,True,True
ntx3-001933-2,g-001933,tel_Latn,MEDIUM,ENTITY_SHIFT,clean,False,False,False
ntx3-001933-2,g-001933,tel_Latn,MEDIUM,ENTITY_SHIFT,vendor_shift,True,True,True
ntx3-001933-2,g-001933,tel_Latn,MEDIUM,ENTITY_SHIFT,year_shift,True,True,True
ntx3-001933-2,g-001933,tel_Latn,MEDIUM,ENTITY_SHIFT,month_shift,True,True,True
ntx3-001933-2,g-001933,tel_Latn,MEDIUM,ENTITY_SHIFT,scope_broaden,True,False,True
ntx3-001933-2,g-001933,tel_Latn,MEDIUM,ENTITY_SHIFT,scope_broaden+vendor_shift,True,True,True
ntx3-001933-3,g-001933,tel_Telu,MEDIUM,ENTITY_SHIFT,clean,False,False,False
ntx3-001933-3,g-001933,tel_Telu,MEDIUM,ENTITY_SHIFT,vendor_shift,True,True,True
ntx3-001933-3,g-001933,tel_Telu,MEDIUM,ENTITY_SHIFT,year_shift,True,True,True
ntx3-001933-3,g-001933,tel_Telu,MEDIUM,ENTITY_SHIFT,month_shift,True,True,True
ntx3-001933-3,g-001933,tel_Telu,MEDIUM,ENTITY_SHIFT,scope_broaden,True,False,True
ntx3-001933-3,g-001933,tel_Telu,MEDIUM,ENTITY_SHIFT,scope_broaden+vendor_shift,True,True,True
ntx3-002147-0,g-002147,eng_Latn,HIGH,ENTITY_SHIFT,clean,False,False,False
ntx3-002147-0,g-002147,eng_Latn,HIGH,ENTITY_SHIFT,vendor_shift,True,True,True
ntx3-002147-0,g-002147,eng_Latn,HIGH,ENTITY_SHIFT,year_shift,True,True,True
ntx3-002147-0,g-002147,eng_Latn,HIGH,ENTITY_SHIFT,month_shift,True,True,True
ntx3-002147-0,g-002147,eng_Latn,HIGH,ENTITY_SHIFT,scope_broaden,True,False,True
ntx3-002147-0,g-002147,eng_Latn,HIGH,ENTITY_SHIFT,scope_broaden+vendor_shift,True,True,True
ntx3-002147-1,g-002147,hin_Latn,HIGH,ENTITY_SHIFT,clean,False,False,False
ntx3-002147-1,g-002147,hin_Latn,HIGH,ENTITY_SHIFT,vendor_shift,True,True,True
ntx3-002147-1,g-002147,hin_Latn,HIGH,ENTITY_SHIFT,year_shift,True,True,True
ntx3-002147-1,g-002147,hin_Latn,HIGH,ENTITY_SHIFT,month_shift,True,True,True
ntx3-002147-1,g-002147,hin_Latn,HIGH,ENTITY_SHIFT,scope_broaden,True,False,True
ntx3-002147-1,g-002147,hin_Latn,HIGH,ENTITY_SHIFT,scope_broaden+vendor_shift,True,True,True
ntx3-002147-2,g-002147,tel_Latn,HIGH,ENTITY_SHIFT,clean,False,False,False
ntx3-002147-2,g-002147,tel_Latn,HIGH,ENTITY_SHIFT,vendor_shift,True,True,True
ntx3-002147-2,g-002147,tel_Latn,HIGH,ENTITY_SHIFT,year_shift,True,True,True
ntx3-002147-2,g-002147,tel_Latn,HIGH,ENTITY_SHIFT,month_shift,True,True,True
ntx3-002147-2,g-002147,tel_Latn,HIGH,ENTITY_SHIFT,scope_broaden,True,False,True
ntx3-002147-2,g-002147,tel_Latn,HIGH,ENTITY_SHIFT,scope_broaden+vendor_shift,True,True,True
ntx3-002147-3,g-002147,tel_Telu,HIGH,ENTITY_SHIFT,clean,False,False,False
ntx3-002147-3,g-002147,tel_Telu,HIGH,ENTITY_SHIFT,vendor_shift,True,True,True
ntx3-002147-3,g-002147,tel_Telu,HIGH,ENTITY_SHIFT,year_shift,True,True,True
ntx3-002147-3,g-002147,tel_Telu,HIGH,ENTITY_SHIFT,month_shift,True,True,True
ntx3-002147-3,g-002147,tel_Telu,HIGH,ENTITY_SHIFT,scope_broaden,True,False,True
ntx3-002147-3,g-002147,tel_Telu,HIGH,ENTITY_SHIFT,scope_broaden+vendor_shift,True,True,True
ntx3-002043-0,g-002043,eng_Latn,CRITICAL,ENTITY_SHIFT,clean,False,False,False
ntx3-002043-0,g-002043,eng_Latn,CRITICAL,ENTITY_SHIFT,vendor_shift,True,True,True
ntx3-002043-0,g-002043,eng_Latn,CRITICAL,ENTITY_SHIFT,year_shift,True,True,True
ntx3-002043-0,g-002043,eng_Latn,CRITICAL,ENTITY_SHIFT,month_shift,True,True,True
ntx3-002043-0,g-002043,eng_Latn,CRITICAL,ENTITY_SHIFT,scope_broaden,True,False,True
ntx3-002043-0,g-002043,eng_Latn,CRITICAL,ENTITY_SHIFT,scope_broaden+vendor_shift,True,True,True
ntx3-002043-1,g-002043,hin_Latn,CRITICAL,ENTITY_SHIFT,clean,False,False,False
ntx3-002043-1,g-002043,hin_Latn,CRITICAL,ENTITY_SHIFT,vendor_shift,True,True,True
ntx3-002043-1,g-002043,hin_Latn,CRITICAL,ENTITY_SHIFT,year_shift,True,True,True
ntx3-002043-1,g-002043,hin_Latn,CRITICAL,ENTITY_SHIFT,month_shift,True,True,True
ntx3-002043-1,g-002043,hin_Latn,CRITICAL,ENTITY_SHIFT,scope_broaden,True,False,True
ntx3-002043-1,g-002043,hin_Latn,CRITICAL,ENTITY_SHIFT,scope_broaden+vendor_shift,True,True,True
ntx3-002043-2,g-002043,tel_Latn,CRITICAL,ENTITY_SHIFT,clean,False,False,False
ntx3-002043-2,g-002043,tel_Latn,CRITICAL,ENTITY_SHIFT,vendor_shift,True,True,True
ntx3-002043-2,g-002043,tel_Latn,CRITICAL,ENTITY_SHIFT,year_shift,True,True,True
ntx3-002043-2,g-002043,tel_Latn,CRITICAL,ENTITY_SHIFT,month_shift,True,True,True
ntx3-002043-2,g-002043,tel_Latn,CRITICAL,ENTITY_SHIFT,scope_broaden,True,False,True
ntx3-002043-2,g-002043,tel_Latn,CRITICAL,ENTITY_SHIFT,scope_broaden+vendor_shift,True,True,True
ntx3-002043-3,g-002043,tel_Telu,CRITICAL,ENTITY_SHIFT,clean,False,False,False
ntx3-002043-3,g-002043,tel_Telu,CRITICAL,ENTITY_SHIFT,vendor_shift,True,True,True
ntx3-002043-3,g-002043,tel_Telu,CRITICAL,ENTITY_SHIFT,year_shift,True,True,True
ntx3-002043-3,g-002043,tel_Telu,CRITICAL,ENTITY_SHIFT,month_shift,True,True,True
ntx3-002043-3,g-002043,tel_Telu,CRITICAL,ENTITY_SHIFT,scope_broaden,True,False,True
ntx3-002043-3,g-002043,tel_Telu,CRITICAL,ENTITY_SHIFT,scope_broaden+vendor_shift,True,True,True
ntx3-000300-0,g-000300,eng_Latn,MEDIUM,ENTITY_SHIFT,clean,False,False,False
ntx3-000300-0,g-000300,eng_Latn,MEDIUM,ENTITY_SHIFT,vendor_shift,True,True,True
ntx3-000300-0,g-000300,eng_Latn,MEDIUM,ENTITY_SHIFT,year_shift,True,True,True
ntx3-000300-0,g-000300,eng_Latn,MEDIUM,ENTITY_SHIFT,month_shift,True,True,True
ntx3-000300-0,g-000300,eng_Latn,MEDIUM,ENTITY_SHIFT,scope_broaden,True,False,True
ntx3-000300-0,g-000300,eng_Latn,MEDIUM,ENTITY_SHIFT,scope_broaden+vendor_shift,True,True,True
ntx3-000300-1,g-000300,hin_Latn,MEDIUM,ENTITY_SHIFT,clean,False,False,False
ntx3-000300-1,g-000300,hin_Latn,MEDIUM,ENTITY_SHIFT,vendor_shift,True,True,True
ntx3-000300-1,g-000300,hin_Latn,MEDIUM,ENTITY_SHIFT,year_shift,True,True,True
ntx3-000300-1,g-000300,hin_Latn,MEDIUM,ENTITY_SHIFT,month_shift,True,True,True
ntx3-000300-1,g-000300,hin_Latn,MEDIUM,ENTITY_SHIFT,scope_broaden,True,False,True
ntx3-000300-1,g-000300,hin_Latn,MEDIUM,ENTITY_SHIFT,scope_broaden+vendor_shift,True,True,True
ntx3-000300-2,g-000300,tel_Latn,MEDIUM,ENTITY_SHIFT,clean,False,False,False
ntx3-000300-2,g-000300,tel_Latn,MEDIUM,ENTITY_SHIFT,vendor_shift,True,True,True
ntx3-000300-2,g-000300,tel_Latn,MEDIUM,ENTITY_SHIFT,year_shift,True,True,True
ntx3-000300-2,g-000300,tel_Latn,MEDIUM,ENTITY_SHIFT,month_shift,True,True,True
ntx3-000300-2,g-000300,tel_Latn,MEDIUM,ENTITY_SHIFT,scope_broaden,True,False,True
ntx3-000300-2,g-000300,tel_Latn,MEDIUM,ENTITY_SHIFT,scope_broaden+vendor_shift,True,True,True
ntx3-000300-3,g-000300,tel_Telu,MEDIUM,ENTITY_SHIFT,clean,False,False,False
ntx3-000300-3,g-000300,tel_Telu,MEDIUM,ENTITY_SHIFT,vendor_shift,True,True,True
ntx3-000300-3,g-000300,tel_Telu,MEDIUM,ENTITY_SHIFT,year_shift,True,True,True
ntx3-000300-3,g-000300,tel_Telu,MEDIUM,ENTITY_SHIFT,month_shift,True,True,True
ntx3-000300-3,g-000300,tel_Telu,MEDIUM,ENTITY_SHIFT,scope_broaden,True,False,True
ntx3-000300-3,g-000300,tel_Telu,MEDIUM,ENTITY_SHIFT,scope_broaden+vendor_shift,True,True,True
ntx3-000438-0,g-000438,eng_Latn,LOW,ENTITY_SHIFT,clean,False,False,False
ntx3-000438-0,g-000438,eng_Latn,LOW,ENTITY_SHIFT,vendor_shift,True,True,True
ntx3-000438-0,g-000438,eng_Latn,LOW,ENTITY_SHIFT,year_shift,True,True,True
ntx3-000438-0,g-000438,eng_Latn,LOW,ENTITY_SHIFT,month_shift,True,True,True
ntx3-000438-0,g-000438,eng_Latn,LOW,ENTITY_SHIFT,scope_broaden,True,False,True
ntx3-000438-0,g-000438,eng_Latn,LOW,ENTITY_SHIFT,scope_broaden+vendor_shift,True,True,True
ntx3-000438-1,g-000438,hin_Latn,LOW,ENTITY_SHIFT,clean,False,False,False
ntx3-000438-1,g-000438,hin_Latn,LOW,ENTITY_SHIFT,vendor_shift,True,True,True
ntx3-000438-1,g-000438,hin_Latn,LOW,ENTITY_SHIFT,year_shift,True,True,True
ntx3-000438-1,g-000438,hin_Latn,LOW,ENTITY_SHIFT,month_shift,True,True,True
ntx3-000438-1,g-000438,hin_Latn,LOW,ENTITY_SHIFT,scope_broaden,True,False,True
ntx3-000438-1,g-000438,hin_Latn,LOW,ENTITY_SHIFT,scope_broaden+vendor_shift,True,True,True
ntx3-000438-2,g-000438,tel_Latn,LOW,ENTITY_SHIFT,clean,False,False,False
ntx3-000438-2,g-000438,tel_Latn,LOW,ENTITY_SHIFT,vendor_shift,True,True,True
ntx3-000438-2,g-000438,tel_Latn,LOW,ENTITY_SHIFT,year_shift,True,True,True
ntx3-000438-2,g-000438,tel_Latn,LOW,ENTITY_SHIFT,month_shift,True,True,True
ntx3-000438-2,g-000438,tel_Latn,LOW,ENTITY_SHIFT,scope_broaden,True,False,True
ntx3-000438-2,g-000438,tel_Latn,LOW,ENTITY_SHIFT,scope_broaden+vendor_shift,True,True,True
ntx3-000438-3,g-000438,tel_Telu,LOW,ENTITY_SHIFT,clean,False,False,False
ntx3-000438-3,g-000438,tel_Telu,LOW,ENTITY_SHIFT,vendor_shift,True,True,True
ntx3-000438-3,g-000438,tel_Telu,LOW,ENTITY_SHIFT,year_shift,True,True,True
ntx3-000438-3,g-000438,tel_Telu,LOW,ENTITY_SHIFT,month_shift,True,True,True
ntx3-000438-3,g-000438,tel_Telu,LOW,ENTITY_SHIFT,scope_broaden,True,False,True
ntx3-000438-3,g-000438,tel_Telu,LOW,ENTITY_SHIFT,scope_broaden+vendor_shift,True,True,True
ntx3-002237-0,g-002237,eng_Latn,MEDIUM,ENTITY_SHIFT,clean,False,False,False
ntx3-002237-0,g-002237,eng_Latn,MEDIUM,ENTITY_SHIFT,vendor_shift,True,True,True
ntx3-002237-0,g-002237,eng_Latn,MEDIUM,ENTITY_SHIFT,year_shift,True,True,True
ntx3-002237-0,g-002237,eng_Latn,MEDIUM,ENTITY_SHIFT,month_shift,True,True,True
ntx3-002237-0,g-002237,eng_Latn,MEDIUM,ENTITY_SHIFT,scope_broaden,True,False,True
ntx3-002237-0,g-002237,eng_Latn,MEDIUM,ENTITY_SHIFT,scope_broaden+vendor_shift,True,True,True
ntx3-002237-1,g-002237,hin_Latn,MEDIUM,ENTITY_SHIFT,clean,False,False,False
ntx3-002237-1,g-002237,hin_Latn,MEDIUM,ENTITY_SHIFT,vendor_shift,True,True,True
ntx3-002237-1,g-002237,hin_Latn,MEDIUM,ENTITY_SHIFT,year_shift,True,True,True
ntx3-002237-1,g-002237,hin_Latn,MEDIUM,ENTITY_SHIFT,month_shift,True,True,True
ntx3-002237-1,g-002237,hin_Latn,MEDIUM,ENTITY_SHIFT,scope_broaden,True,False,True
ntx3-002237-1,g-002237,hin_Latn,MEDIUM,ENTITY_SHIFT,scope_broaden+vendor_shift,True,True,True
ntx3-002237-2,g-002237,tel_Latn,MEDIUM,ENTITY_SHIFT,clean,False,False,False
ntx3-002237-2,g-002237,tel_Latn,MEDIUM,ENTITY_SHIFT,vendor_shift,True,True,True
ntx3-002237-2,g-002237,tel_Latn,MEDIUM,ENTITY_SHIFT,year_shift,True,True,True
ntx3-002237-2,g-002237,tel_Latn,MEDIUM,ENTITY_SHIFT,month_shift,True,True,True
ntx3-002237-2,g-002237,tel_Latn,MEDIUM,ENTITY_SHIFT,scope_broaden,True,False,True
ntx3-002237-2,g-002237,tel_Latn,MEDIUM,ENTITY_SHIFT,scope_broaden+vendor_shift,True,True,True
ntx3-002237-3,g-002237,tel_Telu,MEDIUM,ENTITY_SHIFT,clean,False,False,False
ntx3-002237-3,g-002237,tel_Telu,MEDIUM,ENTITY_SHIFT,vendor_shift,True,True,True
ntx3-002237-3,g-002237,tel_Telu,MEDIUM,ENTITY_SHIFT,year_shift,True,True,True
ntx3-002237-3,g-002237,tel_Telu,MEDIUM,ENTITY_SHIFT,month_shift,True,True,True
ntx3-002237-3,g-002237,tel_Telu,MEDIUM,ENTITY_SHIFT,scope_broaden,True,False,True
ntx3-002237-3,g-002237,tel_Telu,MEDIUM,ENTITY_SHIFT,scope_broaden+vendor_shift,True,True,True
ntx3-001897-0,g-001897,eng_Latn,LOW,ENTITY_SHIFT,clean,False,False,False
ntx3-001897-0,g-001897,eng_Latn,LOW,ENTITY_SHIFT,vendor_shift,True,True,True
ntx3-001897-0,g-001897,eng_Latn,LOW,ENTITY_SHIFT,year_shift,True,True,True
ntx3-001897-0,g-001897,eng_Latn,LOW,ENTITY_SHIFT,month_shift,True,True,True
ntx3-001897-0,g-001897,eng_Latn,LOW,ENTITY_SHIFT,scope_broaden,True,False,True
ntx3-001897-0,g-001897,eng_Latn,LOW,ENTITY_SHIFT,scope_broaden+vendor_shift,True,True,True
ntx3-001897-1,g-001897,hin_Latn,LOW,ENTITY_SHIFT,clean,False,False,False
ntx3-001897-1,g-001897,hin_Latn,LOW,ENTITY_SHIFT,vendor_shift,True,True,True
ntx3-001897-1,g-001897,hin_Latn,LOW,ENTITY_SHIFT,year_shift,True,True,True
ntx3-001897-1,g-001897,hin_Latn,LOW,ENTITY_SHIFT,month_shift,True,True,True
ntx3-001897-1,g-001897,hin_Latn,LOW,ENTITY_SHIFT,scope_broaden,True,False,True
ntx3-001897-1,g-001897,hin_Latn,LOW,ENTITY_SHIFT,scope_broaden+vendor_shift,True,True,True
ntx3-001897-2,g-001897,tel_Latn,LOW,ENTITY_SHIFT,clean,False,False,False
ntx3-001897-2,g-001897,tel_Latn,LOW,ENTITY_SHIFT,vendor_shift,True,True,True
ntx3-001897-2,g-001897,tel_Latn,LOW,ENTITY_SHIFT,year_shift,True,True,True
ntx3-001897-2,g-001897,tel_Latn,LOW,ENTITY_SHIFT,month_shift,True,True,True
ntx3-001897-2,g-001897,tel_Latn,LOW,ENTITY_SHIFT,scope_broaden,True,False,True
ntx3-001897-2,g-001897,tel_Latn,LOW,ENTITY_SHIFT,scope_broaden+vendor_shift,True,True,True
ntx3-001897-3,g-001897,tel_Telu,LOW,ENTITY_SHIFT,clean,False,False,False
ntx3-001897-3,g-001897,tel_Telu,LOW,ENTITY_SHIFT,vendor_shift,True,True,True
ntx3-001897-3,g-001897,tel_Telu,LOW,ENTITY_SHIFT,year_shift,True,True,True
ntx3-001897-3,g-001897,tel_Telu,LOW,ENTITY_SHIFT,month_shift,True,True,True
ntx3-001897-3,g-001897,tel_Telu,LOW,ENTITY_SHIFT,scope_broaden,True,False,True
ntx3-001897-3,g-001897,tel_Telu,LOW,ENTITY_SHIFT,scope_broaden+vendor_shift,True,True,True
ntx3-000705-0,g-000705,eng_Latn,CRITICAL,ENTITY_SHIFT,clean,False,False,False
ntx3-000705-0,g-000705,eng_Latn,CRITICAL,ENTITY_SHIFT,vendor_shift,True,True,True
ntx3-000705-0,g-000705,eng_Latn,CRITICAL,ENTITY_SHIFT,year_shift,True,True,True
ntx3-000705-0,g-000705,eng_Latn,CRITICAL,ENTITY_SHIFT,month_shift,True,True,True
ntx3-000705-0,g-000705,eng_Latn,CRITICAL,ENTITY_SHIFT,scope_broaden,True,False,True
ntx3-000705-0,g-000705,eng_Latn,CRITICAL,ENTITY_SHIFT,scope_broaden+vendor_shift,True,True,True
ntx3-000705-1,g-000705,hin_Latn,CRITICAL,ENTITY_SHIFT,clean,False,False,False
ntx3-000705-1,g-000705,hin_Latn,CRITICAL,ENTITY_SHIFT,vendor_shift,True,True,True
ntx3-000705-1,g-000705,hin_Latn,CRITICAL,ENTITY_SHIFT,year_shift,True,True,True
ntx3-000705-1,g-000705,hin_Latn,CRITICAL,ENTITY_SHIFT,month_shift,True,True,True
ntx3-000705-1,g-000705,hin_Latn,CRITICAL,ENTITY_SHIFT,scope_broaden,True,False,True
ntx3-000705-1,g-000705,hin_Latn,CRITICAL,ENTITY_SHIFT,scope_broaden+vendor_shift,True,True,True
ntx3-000705-2,g-000705,tel_Latn,CRITICAL,ENTITY_SHIFT,clean,False,False,False
ntx3-000705-2,g-000705,tel_Latn,CRITICAL,ENTITY_SHIFT,vendor_shift,True,True,True
ntx3-000705-2,g-000705,tel_Latn,CRITICAL,ENTITY_SHIFT,year_shift,True,True,True
ntx3-000705-2,g-000705,tel_Latn,CRITICAL,ENTITY_SHIFT,month_shift,True,True,True
ntx3-000705-2,g-000705,tel_Latn,CRITICAL,ENTITY_SHIFT,scope_broaden,True,False,True
ntx3-000705-2,g-000705,tel_Latn,CRITICAL,ENTITY_SHIFT,scope_broaden+vendor_shift,True,True,True
ntx3-000705-3,g-000705,tel_Telu,CRITICAL,ENTITY_SHIFT,clean,False,False,False
ntx3-000705-3,g-000705,tel_Telu,CRITICAL,ENTITY_SHIFT,vendor_shift,True,True,True
ntx3-000705-3,g-000705,tel_Telu,CRITICAL,ENTITY_SHIFT,year_shift,True,True,True
ntx3-000705-3,g-000705,tel_Telu,CRITICAL,ENTITY_SHIFT,month_shift,True,True,True
ntx3-000705-3,g-000705,tel_Telu,CRITICAL,ENTITY_SHIFT,scope_broaden,True,False,True
ntx3-000705-3,g-000705,tel_Telu,CRITICAL,ENTITY_SHIFT,scope_broaden+vendor_shift,True,True,True
ntx3-002234-0,g-002234,eng_Latn,CRITICAL,ENTITY_SHIFT,clean,False,False,False
ntx3-002234-0,g-002234,eng_Latn,CRITICAL,ENTITY_SHIFT,vendor_shift,True,True,True
ntx3-002234-0,g-002234,eng_Latn,CRITICAL,ENTITY_SHIFT,year_shift,True,True,True
ntx3-002234-0,g-002234,eng_Latn,CRITICAL,ENTITY_SHIFT,month_shift,True,True,True
ntx3-002234-0,g-002234,eng_Latn,CRITICAL,ENTITY_SHIFT,scope_broaden,True,False,True
ntx3-002234-0,g-002234,eng_Latn,CRITICAL,ENTITY_SHIFT,scope_broaden+vendor_shift,True,True,True
ntx3-002234-1,g-002234,hin_Latn,CRITICAL,ENTITY_SHIFT,clean,False,False,False
ntx3-002234-1,g-002234,hin_Latn,CRITICAL,ENTITY_SHIFT,vendor_shift,True,True,True
ntx3-002234-1,g-002234,hin_Latn,CRITICAL,ENTITY_SHIFT,year_shift,True,True,True
ntx3-002234-1,g-002234,hin_Latn,CRITICAL,ENTITY_SHIFT,month_shift,True,True,True
ntx3-002234-1,g-002234,hin_Latn,CRITICAL,ENTITY_SHIFT,scope_broaden,True,False,True
ntx3-002234-1,g-002234,hin_Latn,CRITICAL,ENTITY_SHIFT,scope_broaden+vendor_shift,True,True,True
ntx3-002234-2,g-002234,tel_Latn,CRITICAL,ENTITY_SHIFT,clean,False,False,False
ntx3-002234-2,g-002234,tel_Latn,CRITICAL,ENTITY_SHIFT,vendor_shift,True,True,True
ntx3-002234-2,g-002234,tel_Latn,CRITICAL,ENTITY_SHIFT,year_shift,True,True,True
ntx3-002234-2,g-002234,tel_Latn,CRITICAL,ENTITY_SHIFT,month_shift,True,True,True
ntx3-002234-2,g-002234,tel_Latn,CRITICAL,ENTITY_SHIFT,scope_broaden,True,False,True
ntx3-002234-2,g-002234,tel_Latn,CRITICAL,ENTITY_SHIFT,scope_broaden+vendor_shift,True,True,True
ntx3-002234-3,g-002234,tel_Telu,CRITICAL,ENTITY_SHIFT,clean,False,False,False
ntx3-002234-3,g-002234,tel_Telu,CRITICAL,ENTITY_SHIFT,vendor_shift,True,True,True
ntx3-002234-3,g-002234,tel_Telu,CRITICAL,ENTITY_SHIFT,year_shift,True,True,True
ntx3-002234-3,g-002234,tel_Telu,CRITICAL,ENTITY_SHIFT,month_shift,True,True,True
ntx3-002234-3,g-002234,tel_Telu,CRITICAL,ENTITY_SHIFT,scope_broaden,True,False,True
ntx3-002234-3,g-002234,tel_Telu,CRITICAL,ENTITY_SHIFT,scope_broaden+vendor_shift,True,True,True
ntx3-002078-0,g-002078,eng_Latn,MEDIUM,ENTITY_SHIFT,clean,False,False,False
ntx3-002078-0,g-002078,eng_Latn,MEDIUM,ENTITY_SHIFT,vendor_shift,True,True,True
ntx3-002078-0,g-002078,eng_Latn,MEDIUM,ENTITY_SHIFT,year_shift,True,True,True
ntx3-002078-0,g-002078,eng_Latn,MEDIUM,ENTITY_SHIFT,month_shift,True,True,True
ntx3-002078-0,g-002078,eng_Latn,MEDIUM,ENTITY_SHIFT,scope_broaden,True,False,True
ntx3-002078-0,g-002078,eng_Latn,MEDIUM,ENTITY_SHIFT,scope_broaden+vendor_shift,True,True,True
ntx3-002078-1,g-002078,hin_Latn,MEDIUM,ENTITY_SHIFT,clean,False,False,False
ntx3-002078-1,g-002078,hin_Latn,MEDIUM,ENTITY_SHIFT,vendor_shift,True,True,True
ntx3-002078-1,g-002078,hin_Latn,MEDIUM,ENTITY_SHIFT,year_shift,True,True,True
ntx3-002078-1,g-002078,hin_Latn,MEDIUM,ENTITY_SHIFT,month_shift,True,True,True
ntx3-002078-1,g-002078,hin_Latn,MEDIUM,ENTITY_SHIFT,scope_broaden,True,False,True
ntx3-002078-1,g-002078,hin_Latn,MEDIUM,ENTITY_SHIFT,scope_broaden+vendor_shift,True,True,True
ntx3-002078-2,g-002078,tel_Latn,MEDIUM,ENTITY_SHIFT,clean,False,False,False
ntx3-002078-2,g-002078,tel_Latn,MEDIUM,ENTITY_SHIFT,vendor_shift,True,True,True
ntx3-002078-2,g-002078,tel_Latn,MEDIUM,ENTITY_SHIFT,year_shift,True,True,True
ntx3-002078-2,g-002078,tel_Latn,MEDIUM,ENTITY_SHIFT,month_shift,True,True,True
ntx3-002078-2,g-002078,tel_Latn,MEDIUM,ENTITY_SHIFT,scope_broaden,True,False,True
ntx3-002078-2,g-002078,tel_Latn,MEDIUM,ENTITY_SHIFT,scope_broaden+vendor_shift,True,True,True
ntx3-002078-3,g-002078,tel_Telu,MEDIUM,ENTITY_SHIFT,clean,False,False,False
ntx3-002078-3,g-002078,tel_Telu,MEDIUM,ENTITY_SHIFT,vendor_shift,True,True,True
ntx3-002078-3,g-002078,tel_Telu,MEDIUM,ENTITY_SHIFT,year_shift,True,True,True
ntx3-002078-3,g-002078,tel_Telu,MEDIUM,ENTITY_SHIFT,month_shift,True,True,True
ntx3-002078-3,g-002078,tel_Telu,MEDIUM,ENTITY_SHIFT,scope_broaden,True,False,True
ntx3-002078-3,g-002078,tel_Telu,MEDIUM,ENTITY_SHIFT,scope_broaden+vendor_shift,True,True,True
ntx3-000331-0,g-000331,eng_Latn,LOW,ENTITY_SHIFT,clean,False,False,False
ntx3-000331-0,g-000331,eng_Latn,LOW,ENTITY_SHIFT,vendor_shift,True,True,True
ntx3-000331-0,g-000331,eng_Latn,LOW,ENTITY_SHIFT,year_shift,True,True,True
ntx3-000331-0,g-000331,eng_Latn,LOW,ENTITY_SHIFT,month_shift,True,True,True
ntx3-000331-0,g-000331,eng_Latn,LOW,ENTITY_SHIFT,scope_broaden,True,False,True
ntx3-000331-0,g-000331,eng_Latn,LOW,ENTITY_SHIFT,scope_broaden+vendor_shift,True,True,True
ntx3-000331-1,g-000331,hin_Latn,LOW,ENTITY_SHIFT,clean,False,False,False
ntx3-000331-1,g-000331,hin_Latn,LOW,ENTITY_SHIFT,vendor_shift,True,True,True
ntx3-000331-1,g-000331,hin_Latn,LOW,ENTITY_SHIFT,year_shift,True,True,True
ntx3-000331-1,g-000331,hin_Latn,LOW,ENTITY_SHIFT,month_shift,True,True,True
ntx3-000331-1,g-000331,hin_Latn,LOW,ENTITY_SHIFT,scope_broaden,True,False,True
ntx3-000331-1,g-000331,hin_Latn,LOW,ENTITY_SHIFT,scope_broaden+vendor_shift,True,True,True
ntx3-000331-2,g-000331,tel_Latn,LOW,ENTITY_SHIFT,clean,False,False,False
ntx3-000331-2,g-000331,tel_Latn,LOW,ENTITY_SHIFT,vendor_shift,True,True,True
ntx3-000331-2,g-000331,tel_Latn,LOW,ENTITY_SHIFT,year_shift,True,True,True
ntx3-000331-2,g-000331,tel_Latn,LOW,ENTITY_SHIFT,month_shift,True,True,True
ntx3-000331-2,g-000331,tel_Latn,LOW,ENTITY_SHIFT,scope_broaden,True,False,True
ntx3-000331-2,g-000331,tel_Latn,LOW,ENTITY_SHIFT,scope_broaden+vendor_shift,True,True,True
ntx3-000331-3,g-000331,tel_Telu,LOW,ENTITY_SHIFT,clean,False,False,False
ntx3-000331-3,g-000331,tel_Telu,LOW,ENTITY_SHIFT,vendor_shift,True,True,True
ntx3-000331-3,g-000331,tel_Telu,LOW,ENTITY_SHIFT,year_shift,True,True,True
ntx3-000331-3,g-000331,tel_Telu,LOW,ENTITY_SHIFT,month_shift,True,True,True
ntx3-000331-3,g-000331,tel_Telu,LOW,ENTITY_SHIFT,scope_broaden,True,False,True
ntx3-000331-3,g-000331,tel_Telu,LOW,ENTITY_SHIFT,scope_broaden+vendor_shift,True,True,True
ntx3-001817-0,g-001817,eng_Latn,LOW,ENTITY_SHIFT,clean,False,False,False
ntx3-001817-0,g-001817,eng_Latn,LOW,ENTITY_SHIFT,vendor_shift,True,True,True
ntx3-001817-0,g-001817,eng_Latn,LOW,ENTITY_SHIFT,year_shift,True,True,True
ntx3-001817-0,g-001817,eng_Latn,LOW,ENTITY_SHIFT,month_shift,True,True,True
ntx3-001817-0,g-001817,eng_Latn,LOW,ENTITY_SHIFT,scope_broaden,True,False,True
ntx3-001817-0,g-001817,eng_Latn,LOW,ENTITY_SHIFT,scope_broaden+vendor_shift,True,True,True
ntx3-001817-1,g-001817,hin_Latn,LOW,ENTITY_SHIFT,clean,False,False,False
ntx3-001817-1,g-001817,hin_Latn,LOW,ENTITY_SHIFT,vendor_shift,True,True,True
ntx3-001817-1,g-001817,hin_Latn,LOW,ENTITY_SHIFT,year_shift,True,True,True
ntx3-001817-1,g-001817,hin_Latn,LOW,ENTITY_SHIFT,month_shift,True,True,True
ntx3-001817-1,g-001817,hin_Latn,LOW,ENTITY_SHIFT,scope_broaden,True,False,True
ntx3-001817-1,g-001817,hin_Latn,LOW,ENTITY_SHIFT,scope_broaden+vendor_shift,True,True,True
ntx3-001817-2,g-001817,tel_Latn,LOW,ENTITY_SHIFT,clean,False,False,False
ntx3-001817-2,g-001817,tel_Latn,LOW,ENTITY_SHIFT,vendor_shift,True,True,True
ntx3-001817-2,g-001817,tel_Latn,LOW,ENTITY_SHIFT,year_shift,True,True,True
ntx3-001817-2,g-001817,tel_Latn,LOW,ENTITY_SHIFT,month_shift,True,True,True
ntx3-001817-2,g-001817,tel_Latn,LOW,ENTITY_SHIFT,scope_broaden,True,False,True
ntx3-001817-2,g-001817,tel_Latn,LOW,ENTITY_SHIFT,scope_broaden+vendor_shift,True,True,True
ntx3-001817-3,g-001817,tel_Telu,LOW,ENTITY_SHIFT,clean,False,False,False
ntx3-001817-3,g-001817,tel_Telu,LOW,ENTITY_SHIFT,vendor_shift,True,True,True
ntx3-001817-3,g-001817,tel_Telu,LOW,ENTITY_SHIFT,year_shift,True,True,True
ntx3-001817-3,g-001817,tel_Telu,LOW,ENTITY_SHIFT,month_shift,True,True,True
ntx3-001817-3,g-001817,tel_Telu,LOW,ENTITY_SHIFT,scope_broaden,True,False,True
ntx3-001817-3,g-001817,tel_Telu,LOW,ENTITY_SHIFT,scope_broaden+vendor_shift,True,True,True
ntx3-000310-0,g-000310,eng_Latn,MEDIUM,ENTITY_SHIFT,clean,False,False,False
ntx3-000310-0,g-000310,eng_Latn,MEDIUM,ENTITY_SHIFT,vendor_shift,True,True,True
ntx3-000310-0,g-000310,eng_Latn,MEDIUM,ENTITY_SHIFT,year_shift,True,True,True
ntx3-000310-0,g-000310,eng_Latn,MEDIUM,ENTITY_SHIFT,month_shift,True,True,True
ntx3-000310-0,g-000310,eng_Latn,MEDIUM,ENTITY_SHIFT,scope_broaden,True,False,True
ntx3-000310-0,g-000310,eng_Latn,MEDIUM,ENTITY_SHIFT,scope_broaden+vendor_shift,True,True,True
ntx3-000310-1,g-000310,hin_Latn,MEDIUM,ENTITY_SHIFT,clean,False,False,False
ntx3-000310-1,g-000310,hin_Latn,MEDIUM,ENTITY_SHIFT,vendor_shift,True,True,True
ntx3-000310-1,g-000310,hin_Latn,MEDIUM,ENTITY_SHIFT,year_shift,True,True,True
ntx3-000310-1,g-000310,hin_Latn,MEDIUM,ENTITY_SHIFT,month_shift,True,True,True
ntx3-000310-1,g-000310,hin_Latn,MEDIUM,ENTITY_SHIFT,scope_broaden,True,False,True
ntx3-000310-1,g-000310,hin_Latn,MEDIUM,ENTITY_SHIFT,scope_broaden+vendor_shift,True,True,True
ntx3-000310-2,g-000310,tel_Latn,MEDIUM,ENTITY_SHIFT,clean,False,False,False
ntx3-000310-2,g-000310,tel_Latn,MEDIUM,ENTITY_SHIFT,vendor_shift,True,True,True
ntx3-000310-2,g-000310,tel_Latn,MEDIUM,ENTITY_SHIFT,year_shift,True,True,True
ntx3-000310-2,g-000310,tel_Latn,MEDIUM,ENTITY_SHIFT,month_shift,True,True,True
ntx3-000310-2,g-000310,tel_Latn,MEDIUM,ENTITY_SHIFT,scope_broaden,True,False,True
ntx3-000310-2,g-000310,tel_Latn,MEDIUM,ENTITY_SHIFT,scope_broaden+vendor_shift,True,True,True
ntx3-000310-3,g-000310,tel_Telu,MEDIUM,ENTITY_SHIFT,clean,False,False,False
ntx3-000310-3,g-000310,tel_Telu,MEDIUM,ENTITY_SHIFT,vendor_shift,True,True,True
ntx3-000310-3,g-000310,tel_Telu,MEDIUM,ENTITY_SHIFT,year_shift,True,True,True
ntx3-000310-3,g-000310,tel_Telu,MEDIUM,ENTITY_SHIFT,month_shift,True,True,True
ntx3-000310-3,g-000310,tel_Telu,MEDIUM,ENTITY_SHIFT,scope_broaden,True,False,True
ntx3-000310-3,g-000310,tel_Telu,MEDIUM,ENTITY_SHIFT,scope_broaden+vendor_shift,True,True,True
ntx3-002267-0,g-002267,eng_Latn,HIGH,ENTITY_SHIFT,clean,False,False,False
ntx3-002267-0,g-002267,eng_Latn,HIGH,ENTITY_SHIFT,vendor_shift,True,True,True
ntx3-002267-0,g-002267,eng_Latn,HIGH,ENTITY_SHIFT,year_shift,True,True,True
ntx3-002267-0,g-002267,eng_Latn,HIGH,ENTITY_SHIFT,month_shift,True,True,True
ntx3-002267-0,g-002267,eng_Latn,HIGH,ENTITY_SHIFT,scope_broaden,True,False,True
ntx3-002267-0,g-002267,eng_Latn,HIGH,ENTITY_SHIFT,scope_broaden+vendor_shift,True,True,True
ntx3-002267-1,g-002267,hin_Latn,HIGH,ENTITY_SHIFT,clean,False,False,False
ntx3-002267-1,g-002267,hin_Latn,HIGH,ENTITY_SHIFT,vendor_shift,True,True,True
ntx3-002267-1,g-002267,hin_Latn,HIGH,ENTITY_SHIFT,year_shift,True,True,True
ntx3-002267-1,g-002267,hin_Latn,HIGH,ENTITY_SHIFT,month_shift,True,True,True
ntx3-002267-1,g-002267,hin_Latn,HIGH,ENTITY_SHIFT,scope_broaden,True,False,True
ntx3-002267-1,g-002267,hin_Latn,HIGH,ENTITY_SHIFT,scope_broaden+vendor_shift,True,True,True
ntx3-002267-2,g-002267,tel_Latn,HIGH,ENTITY_SHIFT,clean,False,False,False
ntx3-002267-2,g-002267,tel_Latn,HIGH,ENTITY_SHIFT,vendor_shift,True,True,True
ntx3-002267-2,g-002267,tel_Latn,HIGH,ENTITY_SHIFT,year_shift,True,True,True
ntx3-002267-2,g-002267,tel_Latn,HIGH,ENTITY_SHIFT,month_shift,True,True,True
ntx3-002267-2,g-002267,tel_Latn,HIGH,ENTITY_SHIFT,scope_broaden,True,False,True
ntx3-002267-2,g-002267,tel_Latn,HIGH,ENTITY_SHIFT,scope_broaden+vendor_shift,True,True,True
ntx3-002267-3,g-002267,tel_Telu,HIGH,ENTITY_SHIFT,clean,False,False,False
ntx3-002267-3,g-002267,tel_Telu,HIGH,ENTITY_SHIFT,vendor_shift,True,True,True
ntx3-002267-3,g-002267,tel_Telu,HIGH,ENTITY_SHIFT,year_shift,True,True,True
ntx3-002267-3,g-002267,tel_Telu,HIGH,ENTITY_SHIFT,month_shift,True,True,True
ntx3-002267-3,g-002267,tel_Telu,HIGH,ENTITY_SHIFT,scope_broaden,True,False,True
ntx3-002267-3,g-002267,tel_Telu,HIGH,ENTITY_SHIFT,scope_broaden+vendor_shift,True,True,True
ntx3-001966-0,g-001966,eng_Latn,MEDIUM,ENTITY_SHIFT,clean,False,False,False
ntx3-001966-0,g-001966,eng_Latn,MEDIUM,ENTITY_SHIFT,vendor_shift,True,True,True
ntx3-001966-0,g-001966,eng_Latn,MEDIUM,ENTITY_SHIFT,year_shift,True,True,True
ntx3-001966-0,g-001966,eng_Latn,MEDIUM,ENTITY_SHIFT,month_shift,True,True,True
ntx3-001966-0,g-001966,eng_Latn,MEDIUM,ENTITY_SHIFT,scope_broaden,True,False,True
ntx3-001966-0,g-001966,eng_Latn,MEDIUM,ENTITY_SHIFT,scope_broaden+vendor_shift,True,True,True
ntx3-001966-1,g-001966,hin_Latn,MEDIUM,ENTITY_SHIFT,clean,False,False,False
ntx3-001966-1,g-001966,hin_Latn,MEDIUM,ENTITY_SHIFT,vendor_shift,True,True,True
ntx3-001966-1,g-001966,hin_Latn,MEDIUM,ENTITY_SHIFT,year_shift,True,True,True
ntx3-001966-1,g-001966,hin_Latn,MEDIUM,ENTITY_SHIFT,month_shift,True,True,True
ntx3-001966-1,g-001966,hin_Latn,MEDIUM,ENTITY_SHIFT,scope_broaden,True,False,True
ntx3-001966-1,g-001966,hin_Latn,MEDIUM,ENTITY_SHIFT,scope_broaden+vendor_shift,True,True,True
ntx3-001966-2,g-001966,tel_Latn,MEDIUM,ENTITY_SHIFT,clean,False,False,False
ntx3-001966-2,g-001966,tel_Latn,MEDIUM,ENTITY_SHIFT,vendor_shift,True,True,True
ntx3-001966-2,g-001966,tel_Latn,MEDIUM,ENTITY_SHIFT,year_shift,True,True,True
ntx3-001966-2,g-001966,tel_Latn,MEDIUM,ENTITY_SHIFT,month_shift,True,True,True
ntx3-001966-2,g-001966,tel_Latn,MEDIUM,ENTITY_SHIFT,scope_broaden,True,False,True
ntx3-001966-2,g-001966,tel_Latn,MEDIUM,ENTITY_SHIFT,scope_broaden+vendor_shift,True,True,True
ntx3-001966-3,g-001966,tel_Telu,MEDIUM,ENTITY_SHIFT,clean,False,False,False
ntx3-001966-3,g-001966,tel_Telu,MEDIUM,ENTITY_SHIFT,vendor_shift,True,True,True
ntx3-001966-3,g-001966,tel_Telu,MEDIUM,ENTITY_SHIFT,year_shift,True,True,True
ntx3-001966-3,g-001966,tel_Telu,MEDIUM,ENTITY_SHIFT,month_shift,True,True,True
ntx3-001966-3,g-001966,tel_Telu,MEDIUM,ENTITY_SHIFT,scope_broaden,True,False,True
ntx3-001966-3,g-001966,tel_Telu,MEDIUM,ENTITY_SHIFT,scope_broaden+vendor_shift,True,True,True
ntx3-001716-0,g-001716,eng_Latn,HIGH,ENTITY_SHIFT,clean,False,False,False
ntx3-001716-0,g-001716,eng_Latn,HIGH,ENTITY_SHIFT,vendor_shift,True,True,True
ntx3-001716-0,g-001716,eng_Latn,HIGH,ENTITY_SHIFT,year_shift,True,True,True
ntx3-001716-0,g-001716,eng_Latn,HIGH,ENTITY_SHIFT,month_shift,True,True,True
ntx3-001716-0,g-001716,eng_Latn,HIGH,ENTITY_SHIFT,scope_broaden,True,False,True
ntx3-001716-0,g-001716,eng_Latn,HIGH,ENTITY_SHIFT,scope_broaden+vendor_shift,True,True,True
ntx3-001716-1,g-001716,hin_Latn,HIGH,ENTITY_SHIFT,clean,False,False,False
ntx3-001716-1,g-001716,hin_Latn,HIGH,ENTITY_SHIFT,vendor_shift,True,True,True
ntx3-001716-1,g-001716,hin_Latn,HIGH,ENTITY_SHIFT,year_shift,True,True,True
ntx3-001716-1,g-001716,hin_Latn,HIGH,ENTITY_SHIFT,month_shift,True,True,True
ntx3-001716-1,g-001716,hin_Latn,HIGH,ENTITY_SHIFT,scope_broaden,True,False,True
ntx3-001716-1,g-001716,hin_Latn,HIGH,ENTITY_SHIFT,scope_broaden+vendor_shift,True,True,True
ntx3-001716-2,g-001716,tel_Latn,HIGH,ENTITY_SHIFT,clean,False,False,False
ntx3-001716-2,g-001716,tel_Latn,HIGH,ENTITY_SHIFT,vendor_shift,True,True,True
ntx3-001716-2,g-001716,tel_Latn,HIGH,ENTITY_SHIFT,year_shift,True,True,True
ntx3-001716-2,g-001716,tel_Latn,HIGH,ENTITY_SHIFT,month_shift,True,True,True
ntx3-001716-2,g-001716,tel_Latn,HIGH,ENTITY_SHIFT,scope_broaden,True,False,True
ntx3-001716-2,g-001716,tel_Latn,HIGH,ENTITY_SHIFT,scope_broaden+vendor_shift,True,True,True
ntx3-001716-3,g-001716,tel_Telu,HIGH,ENTITY_SHIFT,clean,False,False,False
ntx3-001716-3,g-001716,tel_Telu,HIGH,ENTITY_SHIFT,vendor_shift,True,True,True
ntx3-001716-3,g-001716,tel_Telu,HIGH,ENTITY_SHIFT,year_shift,True,True,True
ntx3-001716-3,g-001716,tel_Telu,HIGH,ENTITY_SHIFT,month_shift,True,True,True
ntx3-001716-3,g-001716,tel_Telu,HIGH,ENTITY_SHIFT,scope_broaden,True,False,True
ntx3-001716-3,g-001716,tel_Telu,HIGH,ENTITY_SHIFT,scope_broaden+vendor_shift,True,True,True
ntx3-002462-0,g-002462,eng_Latn,HIGH,ENTITY_SHIFT,clean,False,False,False
ntx3-002462-0,g-002462,eng_Latn,HIGH,ENTITY_SHIFT,vendor_shift,True,True,True
ntx3-002462-0,g-002462,eng_Latn,HIGH,ENTITY_SHIFT,year_shift,True,True,True
ntx3-002462-0,g-002462,eng_Latn,HIGH,ENTITY_SHIFT,month_shift,True,True,True
ntx3-002462-0,g-002462,eng_Latn,HIGH,ENTITY_SHIFT,scope_broaden,True,False,True
ntx3-002462-0,g-002462,eng_Latn,HIGH,ENTITY_SHIFT,scope_broaden+vendor_shift,True,True,True
ntx3-002462-1,g-002462,hin_Latn,HIGH,ENTITY_SHIFT,clean,False,False,False
ntx3-002462-1,g-002462,hin_Latn,HIGH,ENTITY_SHIFT,vendor_shift,True,True,True
ntx3-002462-1,g-002462,hin_Latn,HIGH,ENTITY_SHIFT,year_shift,True,True,True
ntx3-002462-1,g-002462,hin_Latn,HIGH,ENTITY_SHIFT,month_shift,True,True,True
ntx3-002462-1,g-002462,hin_Latn,HIGH,ENTITY_SHIFT,scope_broaden,True,False,True
ntx3-002462-1,g-002462,hin_Latn,HIGH,ENTITY_SHIFT,scope_broaden+vendor_shift,True,True,True
ntx3-002462-2,g-002462,tel_Latn,HIGH,ENTITY_SHIFT,clean,False,False,False
ntx3-002462-2,g-002462,tel_Latn,HIGH,ENTITY_SHIFT,vendor_shift,True,True,True
ntx3-002462-2,g-002462,tel_Latn,HIGH,ENTITY_SHIFT,year_shift,True,True,True
ntx3-002462-2,g-002462,tel_Latn,HIGH,ENTITY_SHIFT,month_shift,True,True,True
ntx3-002462-2,g-002462,tel_Latn,HIGH,ENTITY_SHIFT,scope_broaden,True,False,True
ntx3-002462-2,g-002462,tel_Latn,HIGH,ENTITY_SHIFT,scope_broaden+vendor_shift,True,True,True
ntx3-002462-3,g-002462,tel_Telu,HIGH,ENTITY_SHIFT,clean,False,False,False
ntx3-002462-3,g-002462,tel_Telu,HIGH,ENTITY_SHIFT,vendor_shift,True,True,True
ntx3-002462-3,g-002462,tel_Telu,HIGH,ENTITY_SHIFT,year_shift,True,True,True
ntx3-002462-3,g-002462,tel_Telu,HIGH,ENTITY_SHIFT,month_shift,True,True,True
ntx3-002462-3,g-002462,tel_Telu,HIGH,ENTITY_SHIFT,scope_broaden,True,False,True
ntx3-002462-3,g-002462,tel_Telu,HIGH,ENTITY_SHIFT,scope_broaden+vendor_shift,True,True,True
ntx3-001081-0,g-001081,eng_Latn,LOW,ENTITY_SHIFT,clean,False,False,False
ntx3-001081-0,g-001081,eng_Latn,LOW,ENTITY_SHIFT,vendor_shift,True,True,True
ntx3-001081-0,g-001081,eng_Latn,LOW,ENTITY_SHIFT,year_shift,True,True,True
ntx3-001081-0,g-001081,eng_Latn,LOW,ENTITY_SHIFT,month_shift,True,True,True
ntx3-001081-0,g-001081,eng_Latn,LOW,ENTITY_SHIFT,scope_broaden,True,False,True
ntx3-001081-0,g-001081,eng_Latn,LOW,ENTITY_SHIFT,scope_broaden+vendor_shift,True,True,True
ntx3-001081-1,g-001081,hin_Latn,LOW,ENTITY_SHIFT,clean,False,False,False
ntx3-001081-1,g-001081,hin_Latn,LOW,ENTITY_SHIFT,vendor_shift,True,True,True
ntx3-001081-1,g-001081,hin_Latn,LOW,ENTITY_SHIFT,year_shift,True,True,True
ntx3-001081-1,g-001081,hin_Latn,LOW,ENTITY_SHIFT,month_shift,True,True,True
ntx3-001081-1,g-001081,hin_Latn,LOW,ENTITY_SHIFT,scope_broaden,True,False,True
ntx3-001081-1,g-001081,hin_Latn,LOW,ENTITY_SHIFT,scope_broaden+vendor_shift,True,True,True
ntx3-001081-2,g-001081,tel_Latn,LOW,ENTITY_SHIFT,clean,False,False,False
ntx3-001081-2,g-001081,tel_Latn,LOW,ENTITY_SHIFT,vendor_shift,True,True,True
ntx3-001081-2,g-001081,tel_Latn,LOW,ENTITY_SHIFT,year_shift,True,True,True
ntx3-001081-2,g-001081,tel_Latn,LOW,ENTITY_SHIFT,month_shift,True,True,True
ntx3-001081-2,g-001081,tel_Latn,LOW,ENTITY_SHIFT,scope_broaden,True,False,True
ntx3-001081-2,g-001081,tel_Latn,LOW,ENTITY_SHIFT,scope_broaden+vendor_shift,True,True,True
ntx3-001081-3,g-001081,tel_Telu,LOW,ENTITY_SHIFT,clean,False,False,False
ntx3-001081-3,g-001081,tel_Telu,LOW,ENTITY_SHIFT,vendor_shift,True,True,True
ntx3-001081-3,g-001081,tel_Telu,LOW,ENTITY_SHIFT,year_shift,True,True,True
ntx3-001081-3,g-001081,tel_Telu,LOW,ENTITY_SHIFT,month_shift,True,True,True
ntx3-001081-3,g-001081,tel_Telu,LOW,ENTITY_SHIFT,scope_broaden,True,False,True
ntx3-001081-3,g-001081,tel_Telu,LOW,ENTITY_SHIFT,scope_broaden+vendor_shift,True,True,True
ntx3-000828-0,g-000828,eng_Latn,MEDIUM,ENTITY_SHIFT,clean,False,False,False
ntx3-000828-0,g-000828,eng_Latn,MEDIUM,ENTITY_SHIFT,vendor_shift,True,True,True
ntx3-000828-0,g-000828,eng_Latn,MEDIUM,ENTITY_SHIFT,year_shift,True,True,True
ntx3-000828-0,g-000828,eng_Latn,MEDIUM,ENTITY_SHIFT,month_shift,True,True,True
ntx3-000828-0,g-000828,eng_Latn,MEDIUM,ENTITY_SHIFT,scope_broaden,True,False,True
ntx3-000828-0,g-000828,eng_Latn,MEDIUM,ENTITY_SHIFT,scope_broaden+vendor_shift,True,True,True
ntx3-000828-1,g-000828,hin_Latn,MEDIUM,ENTITY_SHIFT,clean,False,False,False
ntx3-000828-1,g-000828,hin_Latn,MEDIUM,ENTITY_SHIFT,vendor_shift,True,True,True
ntx3-000828-1,g-000828,hin_Latn,MEDIUM,ENTITY_SHIFT,year_shift,True,True,True
ntx3-000828-1,g-000828,hin_Latn,MEDIUM,ENTITY_SHIFT,month_shift,True,True,True
ntx3-000828-1,g-000828,hin_Latn,MEDIUM,ENTITY_SHIFT,scope_broaden,True,False,True
ntx3-000828-1,g-000828,hin_Latn,MEDIUM,ENTITY_SHIFT,scope_broaden+vendor_shift,True,True,True
ntx3-000828-2,g-000828,tel_Latn,MEDIUM,ENTITY_SHIFT,clean,False,False,False
ntx3-000828-2,g-000828,tel_Latn,MEDIUM,ENTITY_SHIFT,vendor_shift,True,True,True
ntx3-000828-2,g-000828,tel_Latn,MEDIUM,ENTITY_SHIFT,year_shift,True,True,True
ntx3-000828-2,g-000828,tel_Latn,MEDIUM,ENTITY_SHIFT,month_shift,True,True,True
ntx3-000828-2,g-000828,tel_Latn,MEDIUM,ENTITY_SHIFT,scope_broaden,True,False,True
ntx3-000828-2,g-000828,tel_Latn,MEDIUM,ENTITY_SHIFT,scope_broaden+vendor_shift,True,True,True
ntx3-000828-3,g-000828,tel_Telu,MEDIUM,ENTITY_SHIFT,clean,False,False,False
ntx3-000828-3,g-000828,tel_Telu,MEDIUM,ENTITY_SHIFT,vendor_shift,True,True,True
ntx3-000828-3,g-000828,tel_Telu,MEDIUM,ENTITY_SHIFT,year_shift,True,True,True
ntx3-000828-3,g-000828,tel_Telu,MEDIUM,ENTITY_SHIFT,month_shift,True,True,True
ntx3-000828-3,g-000828,tel_Telu,MEDIUM,ENTITY_SHIFT,scope_broaden,True,False,True
ntx3-000828-3,g-000828,tel_Telu,MEDIUM,ENTITY_SHIFT,scope_broaden+vendor_shift,True,True,True
ntx3-001580-0,g-001580,eng_Latn,MEDIUM,ENTITY_SHIFT,clean,False,False,False
ntx3-001580-0,g-001580,eng_Latn,MEDIUM,ENTITY_SHIFT,vendor_shift,True,True,True
ntx3-001580-0,g-001580,eng_Latn,MEDIUM,ENTITY_SHIFT,year_shift,True,True,True
ntx3-001580-0,g-001580,eng_Latn,MEDIUM,ENTITY_SHIFT,month_shift,True,True,True
ntx3-001580-0,g-001580,eng_Latn,MEDIUM,ENTITY_SHIFT,scope_broaden,True,False,True
ntx3-001580-0,g-001580,eng_Latn,MEDIUM,ENTITY_SHIFT,scope_broaden+vendor_shift,True,True,True
ntx3-001580-1,g-001580,hin_Latn,MEDIUM,ENTITY_SHIFT,clean,False,False,False
ntx3-001580-1,g-001580,hin_Latn,MEDIUM,ENTITY_SHIFT,vendor_shift,True,True,True
ntx3-001580-1,g-001580,hin_Latn,MEDIUM,ENTITY_SHIFT,year_shift,True,True,True
ntx3-001580-1,g-001580,hin_Latn,MEDIUM,ENTITY_SHIFT,month_shift,True,True,True
ntx3-001580-1,g-001580,hin_Latn,MEDIUM,ENTITY_SHIFT,scope_broaden,True,False,True
ntx3-001580-1,g-001580,hin_Latn,MEDIUM,ENTITY_SHIFT,scope_broaden+vendor_shift,True,True,True
ntx3-001580-2,g-001580,tel_Latn,MEDIUM,ENTITY_SHIFT,clean,False,False,False
ntx3-001580-2,g-001580,tel_Latn,MEDIUM,ENTITY_SHIFT,vendor_shift,True,True,True
ntx3-001580-2,g-001580,tel_Latn,MEDIUM,ENTITY_SHIFT,year_shift,True,True,True
ntx3-001580-2,g-001580,tel_Latn,MEDIUM,ENTITY_SHIFT,month_shift,True,True,True
ntx3-001580-2,g-001580,tel_Latn,MEDIUM,ENTITY_SHIFT,scope_broaden,True,False,True
ntx3-001580-2,g-001580,tel_Latn,MEDIUM,ENTITY_SHIFT,scope_broaden+vendor_shift,True,True,True
ntx3-001580-3,g-001580,tel_Telu,MEDIUM,ENTITY_SHIFT,clean,False,False,False
ntx3-001580-3,g-001580,tel_Telu,MEDIUM,ENTITY_SHIFT,vendor_shift,True,True,True
ntx3-001580-3,g-001580,tel_Telu,MEDIUM,ENTITY_SHIFT,year_shift,True,True,True
ntx3-001580-3,g-001580,tel_Telu,MEDIUM,ENTITY_SHIFT,month_shift,True,True,True
ntx3-001580-3,g-001580,tel_Telu,MEDIUM,ENTITY_SHIFT,scope_broaden,True,False,True
ntx3-001580-3,g-001580,tel_Telu,MEDIUM,ENTITY_SHIFT,scope_broaden+vendor_shift,True,True,True
ntx3-000387-0,g-000387,eng_Latn,LOW,ENTITY_SHIFT,clean,False,False,False
ntx3-000387-0,g-000387,eng_Latn,LOW,ENTITY_SHIFT,vendor_shift,True,True,True
ntx3-000387-0,g-000387,eng_Latn,LOW,ENTITY_SHIFT,year_shift,True,True,True
ntx3-000387-0,g-000387,eng_Latn,LOW,ENTITY_SHIFT,month_shift,True,True,True
ntx3-000387-0,g-000387,eng_Latn,LOW,ENTITY_SHIFT,scope_broaden,True,False,True
ntx3-000387-0,g-000387,eng_Latn,LOW,ENTITY_SHIFT,scope_broaden+vendor_shift,True,True,True
ntx3-000387-1,g-000387,hin_Latn,LOW,ENTITY_SHIFT,clean,False,False,False
ntx3-000387-1,g-000387,hin_Latn,LOW,ENTITY_SHIFT,vendor_shift,True,True,True
ntx3-000387-1,g-000387,hin_Latn,LOW,ENTITY_SHIFT,year_shift,True,True,True
ntx3-000387-1,g-000387,hin_Latn,LOW,ENTITY_SHIFT,month_shift,True,True,True
ntx3-000387-1,g-000387,hin_Latn,LOW,ENTITY_SHIFT,scope_broaden,True,False,True
ntx3-000387-1,g-000387,hin_Latn,LOW,ENTITY_SHIFT,scope_broaden+vendor_shift,True,True,True
ntx3-000387-2,g-000387,tel_Latn,LOW,ENTITY_SHIFT,clean,False,False,False
ntx3-000387-2,g-000387,tel_Latn,LOW,ENTITY_SHIFT,vendor_shift,True,True,True
ntx3-000387-2,g-000387,tel_Latn,LOW,ENTITY_SHIFT,year_shift,True,True,True
ntx3-000387-2,g-000387,tel_Latn,LOW,ENTITY_SHIFT,month_shift,True,True,True
ntx3-000387-2,g-000387,tel_Latn,LOW,ENTITY_SHIFT,scope_broaden,True,False,True
ntx3-000387-2,g-000387,tel_Latn,LOW,ENTITY_SHIFT,scope_broaden+vendor_shift,True,True,True
ntx3-000387-3,g-000387,tel_Telu,LOW,ENTITY_SHIFT,clean,False,False,False
ntx3-000387-3,g-000387,tel_Telu,LOW,ENTITY_SHIFT,vendor_shift,True,True,True
ntx3-000387-3,g-000387,tel_Telu,LOW,ENTITY_SHIFT,year_shift,True,True,True
ntx3-000387-3,g-000387,tel_Telu,LOW,ENTITY_SHIFT,month_shift,True,True,True
ntx3-000387-3,g-000387,tel_Telu,LOW,ENTITY_SHIFT,scope_broaden,True,False,True
ntx3-000387-3,g-000387,tel_Telu,LOW,ENTITY_SHIFT,scope_broaden+vendor_shift,True,True,True
ntx3-002493-0,g-002493,eng_Latn,MEDIUM,ENTITY_SHIFT,clean,False,False,False
ntx3-002493-0,g-002493,eng_Latn,MEDIUM,ENTITY_SHIFT,vendor_shift,True,True,True
ntx3-002493-0,g-002493,eng_Latn,MEDIUM,ENTITY_SHIFT,year_shift,True,True,True
ntx3-002493-0,g-002493,eng_Latn,MEDIUM,ENTITY_SHIFT,month_shift,True,True,True
ntx3-002493-0,g-002493,eng_Latn,MEDIUM,ENTITY_SHIFT,scope_broaden,True,False,True
ntx3-002493-0,g-002493,eng_Latn,MEDIUM,ENTITY_SHIFT,scope_broaden+vendor_shift,True,True,True
ntx3-002493-1,g-002493,hin_Latn,MEDIUM,ENTITY_SHIFT,clean,False,False,False
ntx3-002493-1,g-002493,hin_Latn,MEDIUM,ENTITY_SHIFT,vendor_shift,True,True,True
ntx3-002493-1,g-002493,hin_Latn,MEDIUM,ENTITY_SHIFT,year_shift,True,True,True
ntx3-002493-1,g-002493,hin_Latn,MEDIUM,ENTITY_SHIFT,month_shift,True,True,True
ntx3-002493-1,g-002493,hin_Latn,MEDIUM,ENTITY_SHIFT,scope_broaden,True,False,True
ntx3-002493-1,g-002493,hin_Latn,MEDIUM,ENTITY_SHIFT,scope_broaden+vendor_shift,True,True,True
ntx3-002493-2,g-002493,tel_Latn,MEDIUM,ENTITY_SHIFT,clean,False,False,False
ntx3-002493-2,g-002493,tel_Latn,MEDIUM,ENTITY_SHIFT,vendor_shift,True,True,True
ntx3-002493-2,g-002493,tel_Latn,MEDIUM,ENTITY_SHIFT,year_shift,True,True,True
ntx3-002493-2,g-002493,tel_Latn,MEDIUM,ENTITY_SHIFT,month_shift,True,True,True
ntx3-002493-2,g-002493,tel_Latn,MEDIUM,ENTITY_SHIFT,scope_broaden,True,False,True
ntx3-002493-2,g-002493,tel_Latn,MEDIUM,ENTITY_SHIFT,scope_broaden+vendor_shift,True,True,True
ntx3-002493-3,g-002493,tel_Telu,MEDIUM,ENTITY_SHIFT,clean,False,False,False
ntx3-002493-3,g-002493,tel_Telu,MEDIUM,ENTITY_SHIFT,vendor_shift,True,True,True
ntx3-002493-3,g-002493,tel_Telu,MEDIUM,ENTITY_SHIFT,year_shift,True,True,True
ntx3-002493-3,g-002493,tel_Telu,MEDIUM,ENTITY_SHIFT,month_shift,True,True,True
ntx3-002493-3,g-002493,tel_Telu,MEDIUM,ENTITY_SHIFT,scope_broaden,True,False,True
ntx3-002493-3,g-002493,tel_Telu,MEDIUM,ENTITY_SHIFT,scope_broaden+vendor_shift,True,True,True
ntx3-000985-0,g-000985,eng_Latn,HIGH,ENTITY_SHIFT,clean,False,False,False
ntx3-000985-0,g-000985,eng_Latn,HIGH,ENTITY_SHIFT,vendor_shift,True,True,True
ntx3-000985-0,g-000985,eng_Latn,HIGH,ENTITY_SHIFT,year_shift,True,True,True
ntx3-000985-0,g-000985,eng_Latn,HIGH,ENTITY_SHIFT,month_shift,True,True,True
ntx3-000985-0,g-000985,eng_Latn,HIGH,ENTITY_SHIFT,scope_broaden,True,False,True
ntx3-000985-0,g-000985,eng_Latn,HIGH,ENTITY_SHIFT,scope_broaden+vendor_shift,True,True,True
ntx3-000985-1,g-000985,hin_Latn,HIGH,ENTITY_SHIFT,clean,False,False,False
ntx3-000985-1,g-000985,hin_Latn,HIGH,ENTITY_SHIFT,vendor_shift,True,True,True
ntx3-000985-1,g-000985,hin_Latn,HIGH,ENTITY_SHIFT,year_shift,True,True,True
ntx3-000985-1,g-000985,hin_Latn,HIGH,ENTITY_SHIFT,month_shift,True,True,True
ntx3-000985-1,g-000985,hin_Latn,HIGH,ENTITY_SHIFT,scope_broaden,True,False,True
ntx3-000985-1,g-000985,hin_Latn,HIGH,ENTITY_SHIFT,scope_broaden+vendor_shift,True,True,True
ntx3-000985-2,g-000985,tel_Latn,HIGH,ENTITY_SHIFT,clean,False,False,False
ntx3-000985-2,g-000985,tel_Latn,HIGH,ENTITY_SHIFT,vendor_shift,True,True,True
ntx3-000985-2,g-000985,tel_Latn,HIGH,ENTITY_SHIFT,year_shift,True,True,True
ntx3-000985-2,g-000985,tel_Latn,HIGH,ENTITY_SHIFT,month_shift,True,True,True
ntx3-000985-2,g-000985,tel_Latn,HIGH,ENTITY_SHIFT,scope_broaden,True,False,True
ntx3-000985-2,g-000985,tel_Latn,HIGH,ENTITY_SHIFT,scope_broaden+vendor_shift,True,True,True
ntx3-000985-3,g-000985,tel_Telu,HIGH,ENTITY_SHIFT,clean,False,False,False
ntx3-000985-3,g-000985,tel_Telu,HIGH,ENTITY_SHIFT,vendor_shift,True,True,True
ntx3-000985-3,g-000985,tel_Telu,HIGH,ENTITY_SHIFT,year_shift,True,True,True
ntx3-000985-3,g-000985,tel_Telu,HIGH,ENTITY_SHIFT,month_shift,True,True,True
ntx3-000985-3,g-000985,tel_Telu,HIGH,ENTITY_SHIFT,scope_broaden,True,False,True
ntx3-000985-3,g-000985,tel_Telu,HIGH,ENTITY_SHIFT,scope_broaden+vendor_shift,True,True,True
ntx3-000951-0,g-000951,eng_Latn,HIGH,ENTITY_SHIFT,clean,False,False,False
ntx3-000951-0,g-000951,eng_Latn,HIGH,ENTITY_SHIFT,vendor_shift,True,True,True
ntx3-000951-0,g-000951,eng_Latn,HIGH,ENTITY_SHIFT,year_shift,True,True,True
ntx3-000951-0,g-000951,eng_Latn,HIGH,ENTITY_SHIFT,month_shift,True,True,True
ntx3-000951-0,g-000951,eng_Latn,HIGH,ENTITY_SHIFT,scope_broaden,True,False,True
ntx3-000951-0,g-000951,eng_Latn,HIGH,ENTITY_SHIFT,scope_broaden+vendor_shift,True,True,True
ntx3-000951-1,g-000951,hin_Latn,HIGH,ENTITY_SHIFT,clean,False,False,False
ntx3-000951-1,g-000951,hin_Latn,HIGH,ENTITY_SHIFT,vendor_shift,True,True,True
ntx3-000951-1,g-000951,hin_Latn,HIGH,ENTITY_SHIFT,year_shift,True,True,True
ntx3-000951-1,g-000951,hin_Latn,HIGH,ENTITY_SHIFT,month_shift,True,True,True
ntx3-000951-1,g-000951,hin_Latn,HIGH,ENTITY_SHIFT,scope_broaden,True,False,True
ntx3-000951-1,g-000951,hin_Latn,HIGH,ENTITY_SHIFT,scope_broaden+vendor_shift,True,True,True
ntx3-000951-2,g-000951,tel_Latn,HIGH,ENTITY_SHIFT,clean,False,False,False
ntx3-000951-2,g-000951,tel_Latn,HIGH,ENTITY_SHIFT,vendor_shift,True,True,True
ntx3-000951-2,g-000951,tel_Latn,HIGH,ENTITY_SHIFT,year_shift,True,True,True
ntx3-000951-2,g-000951,tel_Latn,HIGH,ENTITY_SHIFT,month_shift,True,True,True
ntx3-000951-2,g-000951,tel_Latn,HIGH,ENTITY_SHIFT,scope_broaden,True,False,True
ntx3-000951-2,g-000951,tel_Latn,HIGH,ENTITY_SHIFT,scope_broaden+vendor_shift,True,True,True
ntx3-000951-3,g-000951,tel_Telu,HIGH,ENTITY_SHIFT,clean,False,False,False
ntx3-000951-3,g-000951,tel_Telu,HIGH,ENTITY_SHIFT,vendor_shift,True,True,True
ntx3-000951-3,g-000951,tel_Telu,HIGH,ENTITY_SHIFT,year_shift,True,True,True
ntx3-000951-3,g-000951,tel_Telu,HIGH,ENTITY_SHIFT,month_shift,True,True,True
ntx3-000951-3,g-000951,tel_Telu,HIGH,ENTITY_SHIFT,scope_broaden,True,False,True
ntx3-000951-3,g-000951,tel_Telu,HIGH,ENTITY_SHIFT,scope_broaden+vendor_shift,True,True,True
ntx3-001780-0,g-001780,eng_Latn,HIGH,ENTITY_SHIFT,clean,False,False,False
ntx3-001780-0,g-001780,eng_Latn,HIGH,ENTITY_SHIFT,vendor_shift,True,True,True
ntx3-001780-0,g-001780,eng_Latn,HIGH,ENTITY_SHIFT,year_shift,True,True,True
ntx3-001780-0,g-001780,eng_Latn,HIGH,ENTITY_SHIFT,month_shift,True,True,True
ntx3-001780-0,g-001780,eng_Latn,HIGH,ENTITY_SHIFT,scope_broaden,True,False,True
ntx3-001780-0,g-001780,eng_Latn,HIGH,ENTITY_SHIFT,scope_broaden+vendor_shift,True,True,True
ntx3-001780-1,g-001780,hin_Latn,HIGH,ENTITY_SHIFT,clean,False,False,False
ntx3-001780-1,g-001780,hin_Latn,HIGH,ENTITY_SHIFT,vendor_shift,True,True,True
ntx3-001780-1,g-001780,hin_Latn,HIGH,ENTITY_SHIFT,year_shift,True,True,True
ntx3-001780-1,g-001780,hin_Latn,HIGH,ENTITY_SHIFT,month_shift,True,True,True
ntx3-001780-1,g-001780,hin_Latn,HIGH,ENTITY_SHIFT,scope_broaden,True,False,True
ntx3-001780-1,g-001780,hin_Latn,HIGH,ENTITY_SHIFT,scope_broaden+vendor_shift,True,True,True
ntx3-001780-2,g-001780,tel_Latn,HIGH,ENTITY_SHIFT,clean,False,False,False
ntx3-001780-2,g-001780,tel_Latn,HIGH,ENTITY_SHIFT,vendor_shift,True,True,True
ntx3-001780-2,g-001780,tel_Latn,HIGH,ENTITY_SHIFT,year_shift,True,True,True
ntx3-001780-2,g-001780,tel_Latn,HIGH,ENTITY_SHIFT,month_shift,True,True,True
ntx3-001780-2,g-001780,tel_Latn,HIGH,ENTITY_SHIFT,scope_broaden,True,False,True
ntx3-001780-2,g-001780,tel_Latn,HIGH,ENTITY_SHIFT,scope_broaden+vendor_shift,True,True,True
ntx3-001780-3,g-001780,tel_Telu,HIGH,ENTITY_SHIFT,clean,False,False,False
ntx3-001780-3,g-001780,tel_Telu,HIGH,ENTITY_SHIFT,vendor_shift,True,True,True
ntx3-001780-3,g-001780,tel_Telu,HIGH,ENTITY_SHIFT,year_shift,True,True,True
ntx3-001780-3,g-001780,tel_Telu,HIGH,ENTITY_SHIFT,month_shift,True,True,True
ntx3-001780-3,g-001780,tel_Telu,HIGH,ENTITY_SHIFT,scope_broaden,True,False,True
ntx3-001780-3,g-001780,tel_Telu,HIGH,ENTITY_SHIFT,scope_broaden+vendor_shift,True,True,True
ntx3-000454-0,g-000454,eng_Latn,LOW,ENTITY_SHIFT,clean,False,False,False
ntx3-000454-0,g-000454,eng_Latn,LOW,ENTITY_SHIFT,vendor_shift,True,True,True
ntx3-000454-0,g-000454,eng_Latn,LOW,ENTITY_SHIFT,year_shift,True,True,True
ntx3-000454-0,g-000454,eng_Latn,LOW,ENTITY_SHIFT,month_shift,True,True,True
ntx3-000454-0,g-000454,eng_Latn,LOW,ENTITY_SHIFT,scope_broaden,True,False,True
ntx3-000454-0,g-000454,eng_Latn,LOW,ENTITY_SHIFT,scope_broaden+vendor_shift,True,True,True
ntx3-000454-1,g-000454,hin_Latn,LOW,ENTITY_SHIFT,clean,False,False,False
ntx3-000454-1,g-000454,hin_Latn,LOW,ENTITY_SHIFT,vendor_shift,True,True,True
ntx3-000454-1,g-000454,hin_Latn,LOW,ENTITY_SHIFT,year_shift,True,True,True
ntx3-000454-1,g-000454,hin_Latn,LOW,ENTITY_SHIFT,month_shift,True,True,True
ntx3-000454-1,g-000454,hin_Latn,LOW,ENTITY_SHIFT,scope_broaden,True,False,True
ntx3-000454-1,g-000454,hin_Latn,LOW,ENTITY_SHIFT,scope_broaden+vendor_shift,True,True,True
ntx3-000454-2,g-000454,tel_Latn,LOW,ENTITY_SHIFT,clean,False,False,False
ntx3-000454-2,g-000454,tel_Latn,LOW,ENTITY_SHIFT,vendor_shift,True,True,True
ntx3-000454-2,g-000454,tel_Latn,LOW,ENTITY_SHIFT,year_shift,True,True,True
ntx3-000454-2,g-000454,tel_Latn,LOW,ENTITY_SHIFT,month_shift,True,True,True
ntx3-000454-2,g-000454,tel_Latn,LOW,ENTITY_SHIFT,scope_broaden,True,False,True
ntx3-000454-2,g-000454,tel_Latn,LOW,ENTITY_SHIFT,scope_broaden+vendor_shift,True,True,True
ntx3-000454-3,g-000454,tel_Telu,LOW,ENTITY_SHIFT,clean,False,False,False
ntx3-000454-3,g-000454,tel_Telu,LOW,ENTITY_SHIFT,vendor_shift,True,True,True
ntx3-000454-3,g-000454,tel_Telu,LOW,ENTITY_SHIFT,year_shift,True,True,True
ntx3-000454-3,g-000454,tel_Telu,LOW,ENTITY_SHIFT,month_shift,True,True,True
ntx3-000454-3,g-000454,tel_Telu,LOW,ENTITY_SHIFT,scope_broaden,True,False,True
ntx3-000454-3,g-000454,tel_Telu,LOW,ENTITY_SHIFT,scope_broaden+vendor_shift,True,True,True
ntx3-001726-0,g-001726,eng_Latn,HIGH,ENTITY_SHIFT,clean,False,False,False
ntx3-001726-0,g-001726,eng_Latn,HIGH,ENTITY_SHIFT,vendor_shift,True,True,True
ntx3-001726-0,g-001726,eng_Latn,HIGH,ENTITY_SHIFT,year_shift,True,True,True
ntx3-001726-0,g-001726,eng_Latn,HIGH,ENTITY_SHIFT,month_shift,True,True,True
ntx3-001726-0,g-001726,eng_Latn,HIGH,ENTITY_SHIFT,scope_broaden,True,False,True
ntx3-001726-0,g-001726,eng_Latn,HIGH,ENTITY_SHIFT,scope_broaden+vendor_shift,True,True,True
ntx3-001726-1,g-001726,hin_Latn,HIGH,ENTITY_SHIFT,clean,False,False,False
ntx3-001726-1,g-001726,hin_Latn,HIGH,ENTITY_SHIFT,vendor_shift,True,True,True
ntx3-001726-1,g-001726,hin_Latn,HIGH,ENTITY_SHIFT,year_shift,True,True,True
ntx3-001726-1,g-001726,hin_Latn,HIGH,ENTITY_SHIFT,month_shift,True,True,True
ntx3-001726-1,g-001726,hin_Latn,HIGH,ENTITY_SHIFT,scope_broaden,True,False,True
ntx3-001726-1,g-001726,hin_Latn,HIGH,ENTITY_SHIFT,scope_broaden+vendor_shift,True,True,True
ntx3-001726-2,g-001726,tel_Latn,HIGH,ENTITY_SHIFT,clean,False,False,False
ntx3-001726-2,g-001726,tel_Latn,HIGH,ENTITY_SHIFT,vendor_shift,True,True,True
ntx3-001726-2,g-001726,tel_Latn,HIGH,ENTITY_SHIFT,year_shift,True,True,True
ntx3-001726-2,g-001726,tel_Latn,HIGH,ENTITY_SHIFT,month_shift,True,True,True
ntx3-001726-2,g-001726,tel_Latn,HIGH,ENTITY_SHIFT,scope_broaden,True,False,True
ntx3-001726-2,g-001726,tel_Latn,HIGH,ENTITY_SHIFT,scope_broaden+vendor_shift,True,True,True
ntx3-001726-3,g-001726,tel_Telu,HIGH,ENTITY_SHIFT,clean,False,False,False
ntx3-001726-3,g-001726,tel_Telu,HIGH,ENTITY_SHIFT,vendor_shift,True,True,True
ntx3-001726-3,g-001726,tel_Telu,HIGH,ENTITY_SHIFT,year_shift,True,True,True
ntx3-001726-3,g-001726,tel_Telu,HIGH,ENTITY_SHIFT,month_shift,True,True,True
ntx3-001726-3,g-001726,tel_Telu,HIGH,ENTITY_SHIFT,scope_broaden,True,False,True
ntx3-001726-3,g-001726,tel_Telu,HIGH,ENTITY_SHIFT,scope_broaden+vendor_shift,True,True,True
ntx3-001250-0,g-001250,eng_Latn,LOW,ENTITY_SHIFT,clean,False,False,False
ntx3-001250-0,g-001250,eng_Latn,LOW,ENTITY_SHIFT,vendor_shift,True,True,True
ntx3-001250-0,g-001250,eng_Latn,LOW,ENTITY_SHIFT,year_shift,True,True,True
ntx3-001250-0,g-001250,eng_Latn,LOW,ENTITY_SHIFT,month_shift,True,True,True
ntx3-001250-0,g-001250,eng_Latn,LOW,ENTITY_SHIFT,scope_broaden,True,False,True
ntx3-001250-0,g-001250,eng_Latn,LOW,ENTITY_SHIFT,scope_broaden+vendor_shift,True,True,True
ntx3-001250-1,g-001250,hin_Latn,LOW,ENTITY_SHIFT,clean,False,False,False
ntx3-001250-1,g-001250,hin_Latn,LOW,ENTITY_SHIFT,vendor_shift,True,True,True
ntx3-001250-1,g-001250,hin_Latn,LOW,ENTITY_SHIFT,year_shift,True,True,True
ntx3-001250-1,g-001250,hin_Latn,LOW,ENTITY_SHIFT,month_shift,True,True,True
ntx3-001250-1,g-001250,hin_Latn,LOW,ENTITY_SHIFT,scope_broaden,True,False,True
ntx3-001250-1,g-001250,hin_Latn,LOW,ENTITY_SHIFT,scope_broaden+vendor_shift,True,True,True
ntx3-001250-2,g-001250,tel_Latn,LOW,ENTITY_SHIFT,clean,False,False,False
ntx3-001250-2,g-001250,tel_Latn,LOW,ENTITY_SHIFT,vendor_shift,True,True,True
ntx3-001250-2,g-001250,tel_Latn,LOW,ENTITY_SHIFT,year_shift,True,True,True
ntx3-001250-2,g-001250,tel_Latn,LOW,ENTITY_SHIFT,month_shift,True,True,True
ntx3-001250-2,g-001250,tel_Latn,LOW,ENTITY_SHIFT,scope_broaden,True,False,True
ntx3-001250-2,g-001250,tel_Latn,LOW,ENTITY_SHIFT,scope_broaden+vendor_shift,True,True,True
ntx3-001250-3,g-001250,tel_Telu,LOW,ENTITY_SHIFT,clean,False,False,False
ntx3-001250-3,g-001250,tel_Telu,LOW,ENTITY_SHIFT,vendor_shift,True,True,True
ntx3-001250-3,g-001250,tel_Telu,LOW,ENTITY_SHIFT,year_shift,True,True,True
ntx3-001250-3,g-001250,tel_Telu,LOW,ENTITY_SHIFT,month_shift,True,True,True
ntx3-001250-3,g-001250,tel_Telu,LOW,ENTITY_SHIFT,scope_broaden,True,False,True
ntx3-001250-3,g-001250,tel_Telu,LOW,ENTITY_SHIFT,scope_broaden+vendor_shift,True,True,True
ntx3-001260-0,g-001260,eng_Latn,LOW,ENTITY_SHIFT,clean,False,False,False
ntx3-001260-0,g-001260,eng_Latn,LOW,ENTITY_SHIFT,vendor_shift,True,True,True
ntx3-001260-0,g-001260,eng_Latn,LOW,ENTITY_SHIFT,year_shift,True,True,True
ntx3-001260-0,g-001260,eng_Latn,LOW,ENTITY_SHIFT,month_shift,True,True,True
ntx3-001260-0,g-001260,eng_Latn,LOW,ENTITY_SHIFT,scope_broaden,True,False,True
ntx3-001260-0,g-001260,eng_Latn,LOW,ENTITY_SHIFT,scope_broaden+vendor_shift,True,True,True
ntx3-001260-1,g-001260,hin_Latn,LOW,ENTITY_SHIFT,clean,False,False,False
ntx3-001260-1,g-001260,hin_Latn,LOW,ENTITY_SHIFT,vendor_shift,True,True,True
ntx3-001260-1,g-001260,hin_Latn,LOW,ENTITY_SHIFT,year_shift,True,True,True
ntx3-001260-1,g-001260,hin_Latn,LOW,ENTITY_SHIFT,month_shift,True,True,True
ntx3-001260-1,g-001260,hin_Latn,LOW,ENTITY_SHIFT,scope_broaden,True,False,True
ntx3-001260-1,g-001260,hin_Latn,LOW,ENTITY_SHIFT,scope_broaden+vendor_shift,True,True,True
ntx3-001260-2,g-001260,tel_Latn,LOW,ENTITY_SHIFT,clean,False,False,False
ntx3-001260-2,g-001260,tel_Latn,LOW,ENTITY_SHIFT,vendor_shift,True,True,True
ntx3-001260-2,g-001260,tel_Latn,LOW,ENTITY_SHIFT,year_shift,True,True,True
ntx3-001260-2,g-001260,tel_Latn,LOW,ENTITY_SHIFT,month_shift,True,True,True
ntx3-001260-2,g-001260,tel_Latn,LOW,ENTITY_SHIFT,scope_broaden,True,False,True
ntx3-001260-2,g-001260,tel_Latn,LOW,ENTITY_SHIFT,scope_broaden+vendor_shift,True,True,True
ntx3-001260-3,g-001260,tel_Telu,LOW,ENTITY_SHIFT,clean,False,False,False
ntx3-001260-3,g-001260,tel_Telu,LOW,ENTITY_SHIFT,vendor_shift,True,True,True
ntx3-001260-3,g-001260,tel_Telu,LOW,ENTITY_SHIFT,year_shift,True,True,True
ntx3-001260-3,g-001260,tel_Telu,LOW,ENTITY_SHIFT,month_shift,True,True,True
ntx3-001260-3,g-001260,tel_Telu,LOW,ENTITY_SHIFT,scope_broaden,True,False,True
ntx3-001260-3,g-001260,tel_Telu,LOW,ENTITY_SHIFT,scope_broaden+vendor_shift,True,True,True
ntx3-001971-0,g-001971,eng_Latn,MEDIUM,ENTITY_SHIFT,clean,False,False,False
ntx3-001971-0,g-001971,eng_Latn,MEDIUM,ENTITY_SHIFT,vendor_shift,True,True,True
ntx3-001971-0,g-001971,eng_Latn,MEDIUM,ENTITY_SHIFT,year_shift,True,True,True
ntx3-001971-0,g-001971,eng_Latn,MEDIUM,ENTITY_SHIFT,month_shift,True,True,True
ntx3-001971-0,g-001971,eng_Latn,MEDIUM,ENTITY_SHIFT,scope_broaden,True,False,True
ntx3-001971-0,g-001971,eng_Latn,MEDIUM,ENTITY_SHIFT,scope_broaden+vendor_shift,True,True,True
ntx3-001971-1,g-001971,hin_Latn,MEDIUM,ENTITY_SHIFT,clean,False,False,False
ntx3-001971-1,g-001971,hin_Latn,MEDIUM,ENTITY_SHIFT,vendor_shift,True,True,True
ntx3-001971-1,g-001971,hin_Latn,MEDIUM,ENTITY_SHIFT,year_shift,True,True,True
ntx3-001971-1,g-001971,hin_Latn,MEDIUM,ENTITY_SHIFT,month_shift,True,True,True
ntx3-001971-1,g-001971,hin_Latn,MEDIUM,ENTITY_SHIFT,scope_broaden,True,False,True
ntx3-001971-1,g-001971,hin_Latn,MEDIUM,ENTITY_SHIFT,scope_broaden+vendor_shift,True,True,True
ntx3-001971-2,g-001971,tel_Latn,MEDIUM,ENTITY_SHIFT,clean,False,False,False
ntx3-001971-2,g-001971,tel_Latn,MEDIUM,ENTITY_SHIFT,vendor_shift,True,True,True
ntx3-001971-2,g-001971,tel_Latn,MEDIUM,ENTITY_SHIFT,year_shift,True,True,True
ntx3-001971-2,g-001971,tel_Latn,MEDIUM,ENTITY_SHIFT,month_shift,True,True,True
ntx3-001971-2,g-001971,tel_Latn,MEDIUM,ENTITY_SHIFT,scope_broaden,True,False,True
ntx3-001971-2,g-001971,tel_Latn,MEDIUM,ENTITY_SHIFT,scope_broaden+vendor_shift,True,True,True
ntx3-001971-3,g-001971,tel_Telu,MEDIUM,ENTITY_SHIFT,clean,False,False,False
ntx3-001971-3,g-001971,tel_Telu,MEDIUM,ENTITY_SHIFT,vendor_shift,True,True,True
ntx3-001971-3,g-001971,tel_Telu,MEDIUM,ENTITY_SHIFT,year_shift,True,True,True
ntx3-001971-3,g-001971,tel_Telu,MEDIUM,ENTITY_SHIFT,month_shift,True,True,True
ntx3-001971-3,g-001971,tel_Telu,MEDIUM,ENTITY_SHIFT,scope_broaden,True,False,True
ntx3-001971-3,g-001971,tel_Telu,MEDIUM,ENTITY_SHIFT,scope_broaden+vendor_shift,True,True,True
ntx3-000399-0,g-000399,eng_Latn,LOW,ENTITY_SHIFT,clean,False,False,False
ntx3-000399-0,g-000399,eng_Latn,LOW,ENTITY_SHIFT,vendor_shift,True,True,True
ntx3-000399-0,g-000399,eng_Latn,LOW,ENTITY_SHIFT,year_shift,True,True,True
ntx3-000399-0,g-000399,eng_Latn,LOW,ENTITY_SHIFT,month_shift,True,True,True
ntx3-000399-0,g-000399,eng_Latn,LOW,ENTITY_SHIFT,scope_broaden,True,False,True
ntx3-000399-0,g-000399,eng_Latn,LOW,ENTITY_SHIFT,scope_broaden+vendor_shift,True,True,True
ntx3-000399-1,g-000399,hin_Latn,LOW,ENTITY_SHIFT,clean,False,False,False
ntx3-000399-1,g-000399,hin_Latn,LOW,ENTITY_SHIFT,vendor_shift,True,True,True
ntx3-000399-1,g-000399,hin_Latn,LOW,ENTITY_SHIFT,year_shift,True,True,True
ntx3-000399-1,g-000399,hin_Latn,LOW,ENTITY_SHIFT,month_shift,True,True,True
ntx3-000399-1,g-000399,hin_Latn,LOW,ENTITY_SHIFT,scope_broaden,True,False,True
ntx3-000399-1,g-000399,hin_Latn,LOW,ENTITY_SHIFT,scope_broaden+vendor_shift,True,True,True
ntx3-000399-2,g-000399,tel_Latn,LOW,ENTITY_SHIFT,clean,False,False,False
ntx3-000399-2,g-000399,tel_Latn,LOW,ENTITY_SHIFT,vendor_shift,True,True,True
ntx3-000399-2,g-000399,tel_Latn,LOW,ENTITY_SHIFT,year_shift,True,True,True
ntx3-000399-2,g-000399,tel_Latn,LOW,ENTITY_SHIFT,month_shift,True,True,True
ntx3-000399-2,g-000399,tel_Latn,LOW,ENTITY_SHIFT,scope_broaden,True,False,True
ntx3-000399-2,g-000399,tel_Latn,LOW,ENTITY_SHIFT,scope_broaden+vendor_shift,True,True,True
ntx3-000399-3,g-000399,tel_Telu,LOW,ENTITY_SHIFT,clean,False,False,False
ntx3-000399-3,g-000399,tel_Telu,LOW,ENTITY_SHIFT,vendor_shift,True,True,True
ntx3-000399-3,g-000399,tel_Telu,LOW,ENTITY_SHIFT,year_shift,True,True,True
ntx3-000399-3,g-000399,tel_Telu,LOW,ENTITY_SHIFT,month_shift,True,True,True
ntx3-000399-3,g-000399,tel_Telu,LOW,ENTITY_SHIFT,scope_broaden,True,False,True
ntx3-000399-3,g-000399,tel_Telu,LOW,ENTITY_SHIFT,scope_broaden+vendor_shift,True,True,True
ntx3-001075-0,g-001075,eng_Latn,HIGH,ENTITY_SHIFT,clean,False,False,False
ntx3-001075-0,g-001075,eng_Latn,HIGH,ENTITY_SHIFT,vendor_shift,True,True,True
ntx3-001075-0,g-001075,eng_Latn,HIGH,ENTITY_SHIFT,year_shift,True,True,True
ntx3-001075-0,g-001075,eng_Latn,HIGH,ENTITY_SHIFT,month_shift,True,True,True
ntx3-001075-0,g-001075,eng_Latn,HIGH,ENTITY_SHIFT,scope_broaden,True,False,True
ntx3-001075-0,g-001075,eng_Latn,HIGH,ENTITY_SHIFT,scope_broaden+vendor_shift,True,True,True
ntx3-001075-1,g-001075,hin_Latn,HIGH,ENTITY_SHIFT,clean,False,False,False
ntx3-001075-1,g-001075,hin_Latn,HIGH,ENTITY_SHIFT,vendor_shift,True,True,True
ntx3-001075-1,g-001075,hin_Latn,HIGH,ENTITY_SHIFT,year_shift,True,True,True
ntx3-001075-1,g-001075,hin_Latn,HIGH,ENTITY_SHIFT,month_shift,True,True,True
ntx3-001075-1,g-001075,hin_Latn,HIGH,ENTITY_SHIFT,scope_broaden,True,False,True
ntx3-001075-1,g-001075,hin_Latn,HIGH,ENTITY_SHIFT,scope_broaden+vendor_shift,True,True,True
ntx3-001075-2,g-001075,tel_Latn,HIGH,ENTITY_SHIFT,clean,False,False,False
ntx3-001075-2,g-001075,tel_Latn,HIGH,ENTITY_SHIFT,vendor_shift,True,True,True
ntx3-001075-2,g-001075,tel_Latn,HIGH,ENTITY_SHIFT,year_shift,True,True,True
ntx3-001075-2,g-001075,tel_Latn,HIGH,ENTITY_SHIFT,month_shift,True,True,True
ntx3-001075-2,g-001075,tel_Latn,HIGH,ENTITY_SHIFT,scope_broaden,True,False,True
ntx3-001075-2,g-001075,tel_Latn,HIGH,ENTITY_SHIFT,scope_broaden+vendor_shift,True,True,True
ntx3-001075-3,g-001075,tel_Telu,HIGH,ENTITY_SHIFT,clean,False,False,False
ntx3-001075-3,g-001075,tel_Telu,HIGH,ENTITY_SHIFT,vendor_shift,True,True,True
ntx3-001075-3,g-001075,tel_Telu,HIGH,ENTITY_SHIFT,year_shift,True,True,True
ntx3-001075-3,g-001075,tel_Telu,HIGH,ENTITY_SHIFT,month_shift,True,True,True
ntx3-001075-3,g-001075,tel_Telu,HIGH,ENTITY_SHIFT,scope_broaden,True,False,True
ntx3-001075-3,g-001075,tel_Telu,HIGH,ENTITY_SHIFT,scope_broaden+vendor_shift,True,True,True
ntx3-001698-0,g-001698,eng_Latn,LOW,ENTITY_SHIFT,clean,False,False,False
ntx3-001698-0,g-001698,eng_Latn,LOW,ENTITY_SHIFT,vendor_shift,True,True,True
ntx3-001698-0,g-001698,eng_Latn,LOW,ENTITY_SHIFT,year_shift,True,True,True
ntx3-001698-0,g-001698,eng_Latn,LOW,ENTITY_SHIFT,month_shift,True,True,True
ntx3-001698-0,g-001698,eng_Latn,LOW,ENTITY_SHIFT,scope_broaden,True,False,True
ntx3-001698-0,g-001698,eng_Latn,LOW,ENTITY_SHIFT,scope_broaden+vendor_shift,True,True,True
ntx3-001698-1,g-001698,hin_Latn,LOW,ENTITY_SHIFT,clean,False,False,False
ntx3-001698-1,g-001698,hin_Latn,LOW,ENTITY_SHIFT,vendor_shift,True,True,True
ntx3-001698-1,g-001698,hin_Latn,LOW,ENTITY_SHIFT,year_shift,True,True,True
ntx3-001698-1,g-001698,hin_Latn,LOW,ENTITY_SHIFT,month_shift,True,True,True
ntx3-001698-1,g-001698,hin_Latn,LOW,ENTITY_SHIFT,scope_broaden,True,False,True
ntx3-001698-1,g-001698,hin_Latn,LOW,ENTITY_SHIFT,scope_broaden+vendor_shift,True,True,True
ntx3-001698-2,g-001698,tel_Latn,LOW,ENTITY_SHIFT,clean,False,False,False
ntx3-001698-2,g-001698,tel_Latn,LOW,ENTITY_SHIFT,vendor_shift,True,True,True
ntx3-001698-2,g-001698,tel_Latn,LOW,ENTITY_SHIFT,year_shift,True,True,True
ntx3-001698-2,g-001698,tel_Latn,LOW,ENTITY_SHIFT,month_shift,True,True,True
ntx3-001698-2,g-001698,tel_Latn,LOW,ENTITY_SHIFT,scope_broaden,True,False,True
ntx3-001698-2,g-001698,tel_Latn,LOW,ENTITY_SHIFT,scope_broaden+vendor_shift,True,True,True
ntx3-001698-3,g-001698,tel_Telu,LOW,ENTITY_SHIFT,clean,False,False,False
ntx3-001698-3,g-001698,tel_Telu,LOW,ENTITY_SHIFT,vendor_shift,True,True,True
ntx3-001698-3,g-001698,tel_Telu,LOW,ENTITY_SHIFT,year_shift,True,True,True
ntx3-001698-3,g-001698,tel_Telu,LOW,ENTITY_SHIFT,month_shift,True,True,True
ntx3-001698-3,g-001698,tel_Telu,LOW,ENTITY_SHIFT,scope_broaden,True,False,True
ntx3-001698-3,g-001698,tel_Telu,LOW,ENTITY_SHIFT,scope_broaden+vendor_shift,True,True,True
ntx3-002338-0,g-002338,eng_Latn,LOW,ENTITY_SHIFT,clean,False,False,False
ntx3-002338-0,g-002338,eng_Latn,LOW,ENTITY_SHIFT,vendor_shift,True,True,True
ntx3-002338-0,g-002338,eng_Latn,LOW,ENTITY_SHIFT,year_shift,True,True,True
ntx3-002338-0,g-002338,eng_Latn,LOW,ENTITY_SHIFT,month_shift,True,True,True
ntx3-002338-0,g-002338,eng_Latn,LOW,ENTITY_SHIFT,scope_broaden,True,False,True
ntx3-002338-0,g-002338,eng_Latn,LOW,ENTITY_SHIFT,scope_broaden+vendor_shift,True,True,True
ntx3-002338-1,g-002338,hin_Latn,LOW,ENTITY_SHIFT,clean,False,False,False
ntx3-002338-1,g-002338,hin_Latn,LOW,ENTITY_SHIFT,vendor_shift,True,True,True
ntx3-002338-1,g-002338,hin_Latn,LOW,ENTITY_SHIFT,year_shift,True,True,True
ntx3-002338-1,g-002338,hin_Latn,LOW,ENTITY_SHIFT,month_shift,True,True,True
ntx3-002338-1,g-002338,hin_Latn,LOW,ENTITY_SHIFT,scope_broaden,True,False,True
ntx3-002338-1,g-002338,hin_Latn,LOW,ENTITY_SHIFT,scope_broaden+vendor_shift,True,True,True
ntx3-002338-2,g-002338,tel_Latn,LOW,ENTITY_SHIFT,clean,False,False,False
ntx3-002338-2,g-002338,tel_Latn,LOW,ENTITY_SHIFT,vendor_shift,True,True,True
ntx3-002338-2,g-002338,tel_Latn,LOW,ENTITY_SHIFT,year_shift,True,True,True
ntx3-002338-2,g-002338,tel_Latn,LOW,ENTITY_SHIFT,month_shift,True,True,True
ntx3-002338-2,g-002338,tel_Latn,LOW,ENTITY_SHIFT,scope_broaden,True,False,True
ntx3-002338-2,g-002338,tel_Latn,LOW,ENTITY_SHIFT,scope_broaden+vendor_shift,True,True,True
ntx3-002338-3,g-002338,tel_Telu,LOW,ENTITY_SHIFT,clean,False,False,False
ntx3-002338-3,g-002338,tel_Telu,LOW,ENTITY_SHIFT,vendor_shift,True,True,True
ntx3-002338-3,g-002338,tel_Telu,LOW,ENTITY_SHIFT,year_shift,True,True,True
ntx3-002338-3,g-002338,tel_Telu,LOW,ENTITY_SHIFT,month_shift,True,True,True
ntx3-002338-3,g-002338,tel_Telu,LOW,ENTITY_SHIFT,scope_broaden,True,False,True
ntx3-002338-3,g-002338,tel_Telu,LOW,ENTITY_SHIFT,scope_broaden+vendor_shift,True,True,True
ntx3-001859-0,g-001859,eng_Latn,MEDIUM,ENTITY_SHIFT,clean,False,False,False
ntx3-001859-0,g-001859,eng_Latn,MEDIUM,ENTITY_SHIFT,vendor_shift,True,True,True
ntx3-001859-0,g-001859,eng_Latn,MEDIUM,ENTITY_SHIFT,year_shift,True,True,True
ntx3-001859-0,g-001859,eng_Latn,MEDIUM,ENTITY_SHIFT,month_shift,True,True,True
ntx3-001859-0,g-001859,eng_Latn,MEDIUM,ENTITY_SHIFT,scope_broaden,True,False,True
ntx3-001859-0,g-001859,eng_Latn,MEDIUM,ENTITY_SHIFT,scope_broaden+vendor_shift,True,True,True
ntx3-001859-1,g-001859,hin_Latn,MEDIUM,ENTITY_SHIFT,clean,False,False,False
ntx3-001859-1,g-001859,hin_Latn,MEDIUM,ENTITY_SHIFT,vendor_shift,True,True,True
ntx3-001859-1,g-001859,hin_Latn,MEDIUM,ENTITY_SHIFT,year_shift,True,True,True
ntx3-001859-1,g-001859,hin_Latn,MEDIUM,ENTITY_SHIFT,month_shift,True,True,True
ntx3-001859-1,g-001859,hin_Latn,MEDIUM,ENTITY_SHIFT,scope_broaden,True,False,True
ntx3-001859-1,g-001859,hin_Latn,MEDIUM,ENTITY_SHIFT,scope_broaden+vendor_shift,True,True,True
ntx3-001859-2,g-001859,tel_Latn,MEDIUM,ENTITY_SHIFT,clean,False,False,False
ntx3-001859-2,g-001859,tel_Latn,MEDIUM,ENTITY_SHIFT,vendor_shift,True,True,True
ntx3-001859-2,g-001859,tel_Latn,MEDIUM,ENTITY_SHIFT,year_shift,True,True,True
ntx3-001859-2,g-001859,tel_Latn,MEDIUM,ENTITY_SHIFT,month_shift,True,True,True
ntx3-001859-2,g-001859,tel_Latn,MEDIUM,ENTITY_SHIFT,scope_broaden,True,False,True
ntx3-001859-2,g-001859,tel_Latn,MEDIUM,ENTITY_SHIFT,scope_broaden+vendor_shift,True,True,True
ntx3-001859-3,g-001859,tel_Telu,MEDIUM,ENTITY_SHIFT,clean,False,False,False
ntx3-001859-3,g-001859,tel_Telu,MEDIUM,ENTITY_SHIFT,vendor_shift,True,True,True
ntx3-001859-3,g-001859,tel_Telu,MEDIUM,ENTITY_SHIFT,year_shift,True,True,True
ntx3-001859-3,g-001859,tel_Telu,MEDIUM,ENTITY_SHIFT,month_shift,True,True,True
ntx3-001859-3,g-001859,tel_Telu,MEDIUM,ENTITY_SHIFT,scope_broaden,True,False,True
ntx3-001859-3,g-001859,tel_Telu,MEDIUM,ENTITY_SHIFT,scope_broaden+vendor_shift,True,True,True
ntx3-000814-0,g-000814,eng_Latn,CRITICAL,ENTITY_SHIFT,clean,False,False,False
ntx3-000814-0,g-000814,eng_Latn,CRITICAL,ENTITY_SHIFT,vendor_shift,True,True,True
ntx3-000814-0,g-000814,eng_Latn,CRITICAL,ENTITY_SHIFT,year_shift,True,True,True
ntx3-000814-0,g-000814,eng_Latn,CRITICAL,ENTITY_SHIFT,month_shift,True,True,True
ntx3-000814-0,g-000814,eng_Latn,CRITICAL,ENTITY_SHIFT,scope_broaden,True,False,True
ntx3-000814-0,g-000814,eng_Latn,CRITICAL,ENTITY_SHIFT,scope_broaden+vendor_shift,True,True,True
ntx3-000814-1,g-000814,hin_Latn,CRITICAL,ENTITY_SHIFT,clean,False,False,False
ntx3-000814-1,g-000814,hin_Latn,CRITICAL,ENTITY_SHIFT,vendor_shift,True,True,True
ntx3-000814-1,g-000814,hin_Latn,CRITICAL,ENTITY_SHIFT,year_shift,True,True,True
ntx3-000814-1,g-000814,hin_Latn,CRITICAL,ENTITY_SHIFT,month_shift,True,True,True
ntx3-000814-1,g-000814,hin_Latn,CRITICAL,ENTITY_SHIFT,scope_broaden,True,False,True
ntx3-000814-1,g-000814,hin_Latn,CRITICAL,ENTITY_SHIFT,scope_broaden+vendor_shift,True,True,True
ntx3-000814-2,g-000814,tel_Latn,CRITICAL,ENTITY_SHIFT,clean,False,False,False
ntx3-000814-2,g-000814,tel_Latn,CRITICAL,ENTITY_SHIFT,vendor_shift,True,True,True
ntx3-000814-2,g-000814,tel_Latn,CRITICAL,ENTITY_SHIFT,year_shift,True,True,True
ntx3-000814-2,g-000814,tel_Latn,CRITICAL,ENTITY_SHIFT,month_shift,True,True,True
ntx3-000814-2,g-000814,tel_Latn,CRITICAL,ENTITY_SHIFT,scope_broaden,True,False,True
ntx3-000814-2,g-000814,tel_Latn,CRITICAL,ENTITY_SHIFT,scope_broaden+vendor_shift,True,True,True
ntx3-000814-3,g-000814,tel_Telu,CRITICAL,ENTITY_SHIFT,clean,False,False,False
ntx3-000814-3,g-000814,tel_Telu,CRITICAL,ENTITY_SHIFT,vendor_shift,True,True,True
ntx3-000814-3,g-000814,tel_Telu,CRITICAL,ENTITY_SHIFT,year_shift,True,True,True
ntx3-000814-3,g-000814,tel_Telu,CRITICAL,ENTITY_SHIFT,month_shift,True,True,True
ntx3-000814-3,g-000814,tel_Telu,CRITICAL,ENTITY_SHIFT,scope_broaden,True,False,True
ntx3-000814-3,g-000814,tel_Telu,CRITICAL,ENTITY_SHIFT,scope_broaden+vendor_shift,True,True,True
ntx3-001651-0,g-001651,eng_Latn,MEDIUM,ENTITY_SHIFT,clean,False,False,False
ntx3-001651-0,g-001651,eng_Latn,MEDIUM,ENTITY_SHIFT,vendor_shift,True,True,True
ntx3-001651-0,g-001651,eng_Latn,MEDIUM,ENTITY_SHIFT,year_shift,True,True,True
ntx3-001651-0,g-001651,eng_Latn,MEDIUM,ENTITY_SHIFT,month_shift,True,True,True
ntx3-001651-0,g-001651,eng_Latn,MEDIUM,ENTITY_SHIFT,scope_broaden,True,False,True
ntx3-001651-0,g-001651,eng_Latn,MEDIUM,ENTITY_SHIFT,scope_broaden+vendor_shift,True,True,True
ntx3-001651-1,g-001651,hin_Latn,MEDIUM,ENTITY_SHIFT,clean,False,False,False
ntx3-001651-1,g-001651,hin_Latn,MEDIUM,ENTITY_SHIFT,vendor_shift,True,True,True
ntx3-001651-1,g-001651,hin_Latn,MEDIUM,ENTITY_SHIFT,year_shift,True,True,True
ntx3-001651-1,g-001651,hin_Latn,MEDIUM,ENTITY_SHIFT,month_shift,True,True,True
ntx3-001651-1,g-001651,hin_Latn,MEDIUM,ENTITY_SHIFT,scope_broaden,True,False,True
ntx3-001651-1,g-001651,hin_Latn,MEDIUM,ENTITY_SHIFT,scope_broaden+vendor_shift,True,True,True
ntx3-001651-2,g-001651,tel_Latn,MEDIUM,ENTITY_SHIFT,clean,False,False,False
ntx3-001651-2,g-001651,tel_Latn,MEDIUM,ENTITY_SHIFT,vendor_shift,True,True,True
ntx3-001651-2,g-001651,tel_Latn,MEDIUM,ENTITY_SHIFT,year_shift,True,True,True
ntx3-001651-2,g-001651,tel_Latn,MEDIUM,ENTITY_SHIFT,month_shift,True,True,True
ntx3-001651-2,g-001651,tel_Latn,MEDIUM,ENTITY_SHIFT,scope_broaden,True,False,True
ntx3-001651-2,g-001651,tel_Latn,MEDIUM,ENTITY_SHIFT,scope_broaden+vendor_shift,True,True,True
ntx3-001651-3,g-001651,tel_Telu,MEDIUM,ENTITY_SHIFT,clean,False,False,False
ntx3-001651-3,g-001651,tel_Telu,MEDIUM,ENTITY_SHIFT,vendor_shift,True,True,True
ntx3-001651-3,g-001651,tel_Telu,MEDIUM,ENTITY_SHIFT,year_shift,True,True,True
ntx3-001651-3,g-001651,tel_Telu,MEDIUM,ENTITY_SHIFT,month_shift,True,True,True
ntx3-001651-3,g-001651,tel_Telu,MEDIUM,ENTITY_SHIFT,scope_broaden,True,False,True
ntx3-001651-3,g-001651,tel_Telu,MEDIUM,ENTITY_SHIFT,scope_broaden+vendor_shift,True,True,True
ntx3-000912-0,g-000912,eng_Latn,MEDIUM,ENTITY_SHIFT,clean,False,False,False
ntx3-000912-0,g-000912,eng_Latn,MEDIUM,ENTITY_SHIFT,vendor_shift,True,True,True
ntx3-000912-0,g-000912,eng_Latn,MEDIUM,ENTITY_SHIFT,year_shift,True,True,True
ntx3-000912-0,g-000912,eng_Latn,MEDIUM,ENTITY_SHIFT,month_shift,True,True,True
ntx3-000912-0,g-000912,eng_Latn,MEDIUM,ENTITY_SHIFT,scope_broaden,True,False,True
ntx3-000912-0,g-000912,eng_Latn,MEDIUM,ENTITY_SHIFT,scope_broaden+vendor_shift,True,True,True
ntx3-000912-1,g-000912,hin_Latn,MEDIUM,ENTITY_SHIFT,clean,False,False,False
ntx3-000912-1,g-000912,hin_Latn,MEDIUM,ENTITY_SHIFT,vendor_shift,True,True,True
ntx3-000912-1,g-000912,hin_Latn,MEDIUM,ENTITY_SHIFT,year_shift,True,True,True
ntx3-000912-1,g-000912,hin_Latn,MEDIUM,ENTITY_SHIFT,month_shift,True,True,True
ntx3-000912-1,g-000912,hin_Latn,MEDIUM,ENTITY_SHIFT,scope_broaden,True,False,True
ntx3-000912-1,g-000912,hin_Latn,MEDIUM,ENTITY_SHIFT,scope_broaden+vendor_shift,True,True,True
ntx3-000912-2,g-000912,tel_Latn,MEDIUM,ENTITY_SHIFT,clean,False,False,False
ntx3-000912-2,g-000912,tel_Latn,MEDIUM,ENTITY_SHIFT,vendor_shift,True,True,True
ntx3-000912-2,g-000912,tel_Latn,MEDIUM,ENTITY_SHIFT,year_shift,True,True,True
ntx3-000912-2,g-000912,tel_Latn,MEDIUM,ENTITY_SHIFT,month_shift,True,True,True
ntx3-000912-2,g-000912,tel_Latn,MEDIUM,ENTITY_SHIFT,scope_broaden,True,False,True
ntx3-000912-2,g-000912,tel_Latn,MEDIUM,ENTITY_SHIFT,scope_broaden+vendor_shift,True,True,True
ntx3-000912-3,g-000912,tel_Telu,MEDIUM,ENTITY_SHIFT,clean,False,False,False
ntx3-000912-3,g-000912,tel_Telu,MEDIUM,ENTITY_SHIFT,vendor_shift,True,True,True
ntx3-000912-3,g-000912,tel_Telu,MEDIUM,ENTITY_SHIFT,year_shift,True,True,True
ntx3-000912-3,g-000912,tel_Telu,MEDIUM,ENTITY_SHIFT,month_shift,True,True,True
ntx3-000912-3,g-000912,tel_Telu,MEDIUM,ENTITY_SHIFT,scope_broaden,True,False,True
ntx3-000912-3,g-000912,tel_Telu,MEDIUM,ENTITY_SHIFT,scope_broaden+vendor_shift,True,True,True
ntx3-001032-0,g-001032,eng_Latn,MEDIUM,ENTITY_SHIFT,clean,False,False,False
ntx3-001032-0,g-001032,eng_Latn,MEDIUM,ENTITY_SHIFT,vendor_shift,True,True,True
ntx3-001032-0,g-001032,eng_Latn,MEDIUM,ENTITY_SHIFT,year_shift,True,True,True
ntx3-001032-0,g-001032,eng_Latn,MEDIUM,ENTITY_SHIFT,month_shift,True,True,True
ntx3-001032-0,g-001032,eng_Latn,MEDIUM,ENTITY_SHIFT,scope_broaden,True,False,True
ntx3-001032-0,g-001032,eng_Latn,MEDIUM,ENTITY_SHIFT,scope_broaden+vendor_shift,True,True,True
ntx3-001032-1,g-001032,hin_Latn,MEDIUM,ENTITY_SHIFT,clean,False,False,False
ntx3-001032-1,g-001032,hin_Latn,MEDIUM,ENTITY_SHIFT,vendor_shift,True,True,True
ntx3-001032-1,g-001032,hin_Latn,MEDIUM,ENTITY_SHIFT,year_shift,True,True,True
ntx3-001032-1,g-001032,hin_Latn,MEDIUM,ENTITY_SHIFT,month_shift,True,True,True
ntx3-001032-1,g-001032,hin_Latn,MEDIUM,ENTITY_SHIFT,scope_broaden,True,False,True
ntx3-001032-1,g-001032,hin_Latn,MEDIUM,ENTITY_SHIFT,scope_broaden+vendor_shift,True,True,True
ntx3-001032-2,g-001032,tel_Latn,MEDIUM,ENTITY_SHIFT,clean,False,False,False
ntx3-001032-2,g-001032,tel_Latn,MEDIUM,ENTITY_SHIFT,vendor_shift,True,True,True
ntx3-001032-2,g-001032,tel_Latn,MEDIUM,ENTITY_SHIFT,year_shift,True,True,True
ntx3-001032-2,g-001032,tel_Latn,MEDIUM,ENTITY_SHIFT,month_shift,True,True,True
ntx3-001032-2,g-001032,tel_Latn,MEDIUM,ENTITY_SHIFT,scope_broaden,True,False,True
ntx3-001032-2,g-001032,tel_Latn,MEDIUM,ENTITY_SHIFT,scope_broaden+vendor_shift,True,True,True
ntx3-001032-3,g-001032,tel_Telu,MEDIUM,ENTITY_SHIFT,clean,False,False,False
ntx3-001032-3,g-001032,tel_Telu,MEDIUM,ENTITY_SHIFT,vendor_shift,True,True,True
ntx3-001032-3,g-001032,tel_Telu,MEDIUM,ENTITY_SHIFT,year_shift,True,True,True
ntx3-001032-3,g-001032,tel_Telu,MEDIUM,ENTITY_SHIFT,month_shift,True,True,True
ntx3-001032-3,g-001032,tel_Telu,MEDIUM,ENTITY_SHIFT,scope_broaden,True,False,True
ntx3-001032-3,g-001032,tel_Telu,MEDIUM,ENTITY_SHIFT,scope_broaden+vendor_shift,True,True,True
ntx3-002296-0,g-002296,eng_Latn,HIGH,ENTITY_SHIFT,clean,False,False,False
ntx3-002296-0,g-002296,eng_Latn,HIGH,ENTITY_SHIFT,vendor_shift,True,True,True
ntx3-002296-0,g-002296,eng_Latn,HIGH,ENTITY_SHIFT,year_shift,True,True,True
ntx3-002296-0,g-002296,eng_Latn,HIGH,ENTITY_SHIFT,month_shift,True,True,True
ntx3-002296-0,g-002296,eng_Latn,HIGH,ENTITY_SHIFT,scope_broaden,True,False,True
ntx3-002296-0,g-002296,eng_Latn,HIGH,ENTITY_SHIFT,scope_broaden+vendor_shift,True,True,True
ntx3-002296-1,g-002296,hin_Latn,HIGH,ENTITY_SHIFT,clean,False,False,False
ntx3-002296-1,g-002296,hin_Latn,HIGH,ENTITY_SHIFT,vendor_shift,True,True,True
ntx3-002296-1,g-002296,hin_Latn,HIGH,ENTITY_SHIFT,year_shift,True,True,True
ntx3-002296-1,g-002296,hin_Latn,HIGH,ENTITY_SHIFT,month_shift,True,True,True
ntx3-002296-1,g-002296,hin_Latn,HIGH,ENTITY_SHIFT,scope_broaden,True,False,True
ntx3-002296-1,g-002296,hin_Latn,HIGH,ENTITY_SHIFT,scope_broaden+vendor_shift,True,True,True
ntx3-002296-2,g-002296,tel_Latn,HIGH,ENTITY_SHIFT,clean,False,False,False
ntx3-002296-2,g-002296,tel_Latn,HIGH,ENTITY_SHIFT,vendor_shift,True,True,True
ntx3-002296-2,g-002296,tel_Latn,HIGH,ENTITY_SHIFT,year_shift,True,True,True
ntx3-002296-2,g-002296,tel_Latn,HIGH,ENTITY_SHIFT,month_shift,True,True,True
ntx3-002296-2,g-002296,tel_Latn,HIGH,ENTITY_SHIFT,scope_broaden,True,False,True
ntx3-002296-2,g-002296,tel_Latn,HIGH,ENTITY_SHIFT,scope_broaden+vendor_shift,True,True,True
ntx3-002296-3,g-002296,tel_Telu,HIGH,ENTITY_SHIFT,clean,False,False,False
ntx3-002296-3,g-002296,tel_Telu,HIGH,ENTITY_SHIFT,vendor_shift,True,True,True
ntx3-002296-3,g-002296,tel_Telu,HIGH,ENTITY_SHIFT,year_shift,True,True,True
ntx3-002296-3,g-002296,tel_Telu,HIGH,ENTITY_SHIFT,month_shift,True,True,True
ntx3-002296-3,g-002296,tel_Telu,HIGH,ENTITY_SHIFT,scope_broaden,True,False,True
ntx3-002296-3,g-002296,tel_Telu,HIGH,ENTITY_SHIFT,scope_broaden+vendor_shift,True,True,True
ntx3-000943-0,g-000943,eng_Latn,HIGH,ENTITY_SHIFT,clean,False,False,False
ntx3-000943-0,g-000943,eng_Latn,HIGH,ENTITY_SHIFT,vendor_shift,True,True,True
ntx3-000943-0,g-000943,eng_Latn,HIGH,ENTITY_SHIFT,year_shift,True,True,True
ntx3-000943-0,g-000943,eng_Latn,HIGH,ENTITY_SHIFT,month_shift,True,True,True
ntx3-000943-0,g-000943,eng_Latn,HIGH,ENTITY_SHIFT,scope_broaden,True,False,True
ntx3-000943-0,g-000943,eng_Latn,HIGH,ENTITY_SHIFT,scope_broaden+vendor_shift,True,True,True
ntx3-000943-1,g-000943,hin_Latn,HIGH,ENTITY_SHIFT,clean,False,False,False
ntx3-000943-1,g-000943,hin_Latn,HIGH,ENTITY_SHIFT,vendor_shift,True,True,True
ntx3-000943-1,g-000943,hin_Latn,HIGH,ENTITY_SHIFT,year_shift,True,True,True
ntx3-000943-1,g-000943,hin_Latn,HIGH,ENTITY_SHIFT,month_shift,True,True,True
ntx3-000943-1,g-000943,hin_Latn,HIGH,ENTITY_SHIFT,scope_broaden,True,False,True
ntx3-000943-1,g-000943,hin_Latn,HIGH,ENTITY_SHIFT,scope_broaden+vendor_shift,True,True,True
ntx3-000943-2,g-000943,tel_Latn,HIGH,ENTITY_SHIFT,clean,False,False,False
ntx3-000943-2,g-000943,tel_Latn,HIGH,ENTITY_SHIFT,vendor_shift,True,True,True
ntx3-000943-2,g-000943,tel_Latn,HIGH,ENTITY_SHIFT,year_shift,True,True,True
ntx3-000943-2,g-000943,tel_Latn,HIGH,ENTITY_SHIFT,month_shift,True,True,True
ntx3-000943-2,g-000943,tel_Latn,HIGH,ENTITY_SHIFT,scope_broaden,True,False,True
ntx3-000943-2,g-000943,tel_Latn,HIGH,ENTITY_SHIFT,scope_broaden+vendor_shift,True,True,True
ntx3-000943-3,g-000943,tel_Telu,HIGH,ENTITY_SHIFT,clean,False,False,False
ntx3-000943-3,g-000943,tel_Telu,HIGH,ENTITY_SHIFT,vendor_shift,True,True,True
ntx3-000943-3,g-000943,tel_Telu,HIGH,ENTITY_SHIFT,year_shift,True,True,True
ntx3-000943-3,g-000943,tel_Telu,HIGH,ENTITY_SHIFT,month_shift,True,True,True
ntx3-000943-3,g-000943,tel_Telu,HIGH,ENTITY_SHIFT,scope_broaden,True,False,True
ntx3-000943-3,g-000943,tel_Telu,HIGH,ENTITY_SHIFT,scope_broaden+vendor_shift,True,True,True
ntx3-000302-0,g-000302,eng_Latn,HIGH,ENTITY_SHIFT,clean,False,False,False
ntx3-000302-0,g-000302,eng_Latn,HIGH,ENTITY_SHIFT,vendor_shift,True,True,True
ntx3-000302-0,g-000302,eng_Latn,HIGH,ENTITY_SHIFT,year_shift,True,True,True
ntx3-000302-0,g-000302,eng_Latn,HIGH,ENTITY_SHIFT,month_shift,True,True,True
ntx3-000302-0,g-000302,eng_Latn,HIGH,ENTITY_SHIFT,scope_broaden,True,False,True
ntx3-000302-0,g-000302,eng_Latn,HIGH,ENTITY_SHIFT,scope_broaden+vendor_shift,True,True,True
ntx3-000302-1,g-000302,hin_Latn,HIGH,ENTITY_SHIFT,clean,False,False,False
ntx3-000302-1,g-000302,hin_Latn,HIGH,ENTITY_SHIFT,vendor_shift,True,True,True
ntx3-000302-1,g-000302,hin_Latn,HIGH,ENTITY_SHIFT,year_shift,True,True,True
ntx3-000302-1,g-000302,hin_Latn,HIGH,ENTITY_SHIFT,month_shift,True,True,True
ntx3-000302-1,g-000302,hin_Latn,HIGH,ENTITY_SHIFT,scope_broaden,True,False,True
ntx3-000302-1,g-000302,hin_Latn,HIGH,ENTITY_SHIFT,scope_broaden+vendor_shift,True,True,True
ntx3-000302-2,g-000302,tel_Latn,HIGH,ENTITY_SHIFT,clean,False,False,False
ntx3-000302-2,g-000302,tel_Latn,HIGH,ENTITY_SHIFT,vendor_shift,True,True,True
ntx3-000302-2,g-000302,tel_Latn,HIGH,ENTITY_SHIFT,year_shift,True,True,True
ntx3-000302-2,g-000302,tel_Latn,HIGH,ENTITY_SHIFT,month_shift,True,True,True
ntx3-000302-2,g-000302,tel_Latn,HIGH,ENTITY_SHIFT,scope_broaden,True,False,True
ntx3-000302-2,g-000302,tel_Latn,HIGH,ENTITY_SHIFT,scope_broaden+vendor_shift,True,True,True
ntx3-000302-3,g-000302,tel_Telu,HIGH,ENTITY_SHIFT,clean,False,False,False
ntx3-000302-3,g-000302,tel_Telu,HIGH,ENTITY_SHIFT,vendor_shift,True,True,True
ntx3-000302-3,g-000302,tel_Telu,HIGH,ENTITY_SHIFT,year_shift,True,True,True
ntx3-000302-3,g-000302,tel_Telu,HIGH,ENTITY_SHIFT,month_shift,True,True,True
ntx3-000302-3,g-000302,tel_Telu,HIGH,ENTITY_SHIFT,scope_broaden,True,False,True
ntx3-000302-3,g-000302,tel_Telu,HIGH,ENTITY_SHIFT,scope_broaden+vendor_shift,True,True,True
ntx3-000529-0,g-000529,eng_Latn,CRITICAL,ENTITY_SHIFT,clean,False,False,False
ntx3-000529-0,g-000529,eng_Latn,CRITICAL,ENTITY_SHIFT,vendor_shift,True,True,True
ntx3-000529-0,g-000529,eng_Latn,CRITICAL,ENTITY_SHIFT,year_shift,True,True,True
ntx3-000529-0,g-000529,eng_Latn,CRITICAL,ENTITY_SHIFT,month_shift,True,True,True
ntx3-000529-0,g-000529,eng_Latn,CRITICAL,ENTITY_SHIFT,scope_broaden,True,False,True
ntx3-000529-0,g-000529,eng_Latn,CRITICAL,ENTITY_SHIFT,scope_broaden+vendor_shift,True,True,True
ntx3-000529-1,g-000529,hin_Latn,CRITICAL,ENTITY_SHIFT,clean,False,False,False
ntx3-000529-1,g-000529,hin_Latn,CRITICAL,ENTITY_SHIFT,vendor_shift,True,True,True
ntx3-000529-1,g-000529,hin_Latn,CRITICAL,ENTITY_SHIFT,year_shift,True,True,True
ntx3-000529-1,g-000529,hin_Latn,CRITICAL,ENTITY_SHIFT,month_shift,True,True,True
ntx3-000529-1,g-000529,hin_Latn,CRITICAL,ENTITY_SHIFT,scope_broaden,True,False,True
ntx3-000529-1,g-000529,hin_Latn,CRITICAL,ENTITY_SHIFT,scope_broaden+vendor_shift,True,True,True
ntx3-000529-2,g-000529,tel_Latn,CRITICAL,ENTITY_SHIFT,clean,False,False,False
ntx3-000529-2,g-000529,tel_Latn,CRITICAL,ENTITY_SHIFT,vendor_shift,True,True,True
ntx3-000529-2,g-000529,tel_Latn,CRITICAL,ENTITY_SHIFT,year_shift,True,True,True
ntx3-000529-2,g-000529,tel_Latn,CRITICAL,ENTITY_SHIFT,month_shift,True,True,True
ntx3-000529-2,g-000529,tel_Latn,CRITICAL,ENTITY_SHIFT,scope_broaden,True,False,True
ntx3-000529-2,g-000529,tel_Latn,CRITICAL,ENTITY_SHIFT,scope_broaden+vendor_shift,True,True,True
ntx3-000529-3,g-000529,tel_Telu,CRITICAL,ENTITY_SHIFT,clean,False,False,False
ntx3-000529-3,g-000529,tel_Telu,CRITICAL,ENTITY_SHIFT,vendor_shift,True,True,True
ntx3-000529-3,g-000529,tel_Telu,CRITICAL,ENTITY_SHIFT,year_shift,True,True,True
ntx3-000529-3,g-000529,tel_Telu,CRITICAL,ENTITY_SHIFT,month_shift,True,True,True
ntx3-000529-3,g-000529,tel_Telu,CRITICAL,ENTITY_SHIFT,scope_broaden,True,False,True
ntx3-000529-3,g-000529,tel_Telu,CRITICAL,ENTITY_SHIFT,scope_broaden+vendor_shift,True,True,True
ntx3-001112-0,g-001112,eng_Latn,CRITICAL,ENTITY_SHIFT,clean,False,False,False
ntx3-001112-0,g-001112,eng_Latn,CRITICAL,ENTITY_SHIFT,vendor_shift,True,True,True
ntx3-001112-0,g-001112,eng_Latn,CRITICAL,ENTITY_SHIFT,year_shift,True,True,True
ntx3-001112-0,g-001112,eng_Latn,CRITICAL,ENTITY_SHIFT,month_shift,True,True,True
ntx3-001112-0,g-001112,eng_Latn,CRITICAL,ENTITY_SHIFT,scope_broaden,True,False,True
ntx3-001112-0,g-001112,eng_Latn,CRITICAL,ENTITY_SHIFT,scope_broaden+vendor_shift,True,True,True
ntx3-001112-1,g-001112,hin_Latn,CRITICAL,ENTITY_SHIFT,clean,False,False,False
ntx3-001112-1,g-001112,hin_Latn,CRITICAL,ENTITY_SHIFT,vendor_shift,True,True,True
ntx3-001112-1,g-001112,hin_Latn,CRITICAL,ENTITY_SHIFT,year_shift,True,True,True
ntx3-001112-1,g-001112,hin_Latn,CRITICAL,ENTITY_SHIFT,month_shift,True,True,True
ntx3-001112-1,g-001112,hin_Latn,CRITICAL,ENTITY_SHIFT,scope_broaden,True,False,True
ntx3-001112-1,g-001112,hin_Latn,CRITICAL,ENTITY_SHIFT,scope_broaden+vendor_shift,True,True,True
ntx3-001112-2,g-001112,tel_Latn,CRITICAL,ENTITY_SHIFT,clean,False,False,False
ntx3-001112-2,g-001112,tel_Latn,CRITICAL,ENTITY_SHIFT,vendor_shift,True,True,True
ntx3-001112-2,g-001112,tel_Latn,CRITICAL,ENTITY_SHIFT,year_shift,True,True,True
ntx3-001112-2,g-001112,tel_Latn,CRITICAL,ENTITY_SHIFT,month_shift,True,True,True
ntx3-001112-2,g-001112,tel_Latn,CRITICAL,ENTITY_SHIFT,scope_broaden,True,False,True
ntx3-001112-2,g-001112,tel_Latn,CRITICAL,ENTITY_SHIFT,scope_broaden+vendor_shift,True,True,True
ntx3-001112-3,g-001112,tel_Telu,CRITICAL,ENTITY_SHIFT,clean,False,False,False
ntx3-001112-3,g-001112,tel_Telu,CRITICAL,ENTITY_SHIFT,vendor_shift,True,True,True
ntx3-001112-3,g-001112,tel_Telu,CRITICAL,ENTITY_SHIFT,year_shift,True,True,True
ntx3-001112-3,g-001112,tel_Telu,CRITICAL,ENTITY_SHIFT,month_shift,True,True,True
ntx3-001112-3,g-001112,tel_Telu,CRITICAL,ENTITY_SHIFT,scope_broaden,True,False,True
ntx3-001112-3,g-001112,tel_Telu,CRITICAL,ENTITY_SHIFT,scope_broaden+vendor_shift,True,True,True
ntx3-001001-0,g-001001,eng_Latn,LOW,ENTITY_SHIFT,clean,False,False,False
ntx3-001001-0,g-001001,eng_Latn,LOW,ENTITY_SHIFT,vendor_shift,True,True,True
ntx3-001001-0,g-001001,eng_Latn,LOW,ENTITY_SHIFT,year_shift,True,True,True
ntx3-001001-0,g-001001,eng_Latn,LOW,ENTITY_SHIFT,month_shift,True,True,True
ntx3-001001-0,g-001001,eng_Latn,LOW,ENTITY_SHIFT,scope_broaden,True,False,True
ntx3-001001-0,g-001001,eng_Latn,LOW,ENTITY_SHIFT,scope_broaden+vendor_shift,True,True,True
ntx3-001001-1,g-001001,hin_Latn,LOW,ENTITY_SHIFT,clean,False,False,False
ntx3-001001-1,g-001001,hin_Latn,LOW,ENTITY_SHIFT,vendor_shift,True,True,True
ntx3-001001-1,g-001001,hin_Latn,LOW,ENTITY_SHIFT,year_shift,True,True,True
ntx3-001001-1,g-001001,hin_Latn,LOW,ENTITY_SHIFT,month_shift,True,True,True
ntx3-001001-1,g-001001,hin_Latn,LOW,ENTITY_SHIFT,scope_broaden,True,False,True
ntx3-001001-1,g-001001,hin_Latn,LOW,ENTITY_SHIFT,scope_broaden+vendor_shift,True,True,True
ntx3-001001-2,g-001001,tel_Latn,LOW,ENTITY_SHIFT,clean,False,False,False
ntx3-001001-2,g-001001,tel_Latn,LOW,ENTITY_SHIFT,vendor_shift,True,True,True
ntx3-001001-2,g-001001,tel_Latn,LOW,ENTITY_SHIFT,year_shift,True,True,True
ntx3-001001-2,g-001001,tel_Latn,LOW,ENTITY_SHIFT,month_shift,True,True,True
ntx3-001001-2,g-001001,tel_Latn,LOW,ENTITY_SHIFT,scope_broaden,True,False,True
ntx3-001001-2,g-001001,tel_Latn,LOW,ENTITY_SHIFT,scope_broaden+vendor_shift,True,True,True
ntx3-001001-3,g-001001,tel_Telu,LOW,ENTITY_SHIFT,clean,False,False,False
ntx3-001001-3,g-001001,tel_Telu,LOW,ENTITY_SHIFT,vendor_shift,True,True,True
ntx3-001001-3,g-001001,tel_Telu,LOW,ENTITY_SHIFT,year_shift,True,True,True
ntx3-001001-3,g-001001,tel_Telu,LOW,ENTITY_SHIFT,month_shift,True,True,True
ntx3-001001-3,g-001001,tel_Telu,LOW,ENTITY_SHIFT,scope_broaden,True,False,True
ntx3-001001-3,g-001001,tel_Telu,LOW,ENTITY_SHIFT,scope_broaden+vendor_shift,True,True,True
ntx3-001937-0,g-001937,eng_Latn,HIGH,ENTITY_SHIFT,clean,False,False,False
ntx3-001937-0,g-001937,eng_Latn,HIGH,ENTITY_SHIFT,vendor_shift,True,True,True
ntx3-001937-0,g-001937,eng_Latn,HIGH,ENTITY_SHIFT,year_shift,True,True,True
ntx3-001937-0,g-001937,eng_Latn,HIGH,ENTITY_SHIFT,month_shift,True,True,True
ntx3-001937-0,g-001937,eng_Latn,HIGH,ENTITY_SHIFT,scope_broaden,True,False,True
ntx3-001937-0,g-001937,eng_Latn,HIGH,ENTITY_SHIFT,scope_broaden+vendor_shift,True,True,True
ntx3-001937-1,g-001937,hin_Latn,HIGH,ENTITY_SHIFT,clean,False,False,False
ntx3-001937-1,g-001937,hin_Latn,HIGH,ENTITY_SHIFT,vendor_shift,True,True,True
ntx3-001937-1,g-001937,hin_Latn,HIGH,ENTITY_SHIFT,year_shift,True,True,True
ntx3-001937-1,g-001937,hin_Latn,HIGH,ENTITY_SHIFT,month_shift,True,True,True
ntx3-001937-1,g-001937,hin_Latn,HIGH,ENTITY_SHIFT,scope_broaden,True,False,True
ntx3-001937-1,g-001937,hin_Latn,HIGH,ENTITY_SHIFT,scope_broaden+vendor_shift,True,True,True
ntx3-001937-2,g-001937,tel_Latn,HIGH,ENTITY_SHIFT,clean,False,False,False
ntx3-001937-2,g-001937,tel_Latn,HIGH,ENTITY_SHIFT,vendor_shift,True,True,True
ntx3-001937-2,g-001937,tel_Latn,HIGH,ENTITY_SHIFT,year_shift,True,True,True
ntx3-001937-2,g-001937,tel_Latn,HIGH,ENTITY_SHIFT,month_shift,True,True,True
ntx3-001937-2,g-001937,tel_Latn,HIGH,ENTITY_SHIFT,scope_broaden,True,False,True
ntx3-001937-2,g-001937,tel_Latn,HIGH,ENTITY_SHIFT,scope_broaden+vendor_shift,True,True,True
ntx3-001937-3,g-001937,tel_Telu,HIGH,ENTITY_SHIFT,clean,False,False,False
ntx3-001937-3,g-001937,tel_Telu,HIGH,ENTITY_SHIFT,vendor_shift,True,True,True
ntx3-001937-3,g-001937,tel_Telu,HIGH,ENTITY_SHIFT,year_shift,True,True,True
ntx3-001937-3,g-001937,tel_Telu,HIGH,ENTITY_SHIFT,month_shift,True,True,True
ntx3-001937-3,g-001937,tel_Telu,HIGH,ENTITY_SHIFT,scope_broaden,True,False,True
ntx3-001937-3,g-001937,tel_Telu,HIGH,ENTITY_SHIFT,scope_broaden+vendor_shift,True,True,True
ntx3-001703-0,g-001703,eng_Latn,HIGH,ENTITY_SHIFT,clean,False,False,False
ntx3-001703-0,g-001703,eng_Latn,HIGH,ENTITY_SHIFT,vendor_shift,True,True,True
ntx3-001703-0,g-001703,eng_Latn,HIGH,ENTITY_SHIFT,year_shift,True,True,True
ntx3-001703-0,g-001703,eng_Latn,HIGH,ENTITY_SHIFT,month_shift,True,True,True
ntx3-001703-0,g-001703,eng_Latn,HIGH,ENTITY_SHIFT,scope_broaden,True,False,True
ntx3-001703-0,g-001703,eng_Latn,HIGH,ENTITY_SHIFT,scope_broaden+vendor_shift,True,True,True
ntx3-001703-1,g-001703,hin_Latn,HIGH,ENTITY_SHIFT,clean,False,False,False
ntx3-001703-1,g-001703,hin_Latn,HIGH,ENTITY_SHIFT,vendor_shift,True,True,True
ntx3-001703-1,g-001703,hin_Latn,HIGH,ENTITY_SHIFT,year_shift,True,True,True
ntx3-001703-1,g-001703,hin_Latn,HIGH,ENTITY_SHIFT,month_shift,True,True,True
ntx3-001703-1,g-001703,hin_Latn,HIGH,ENTITY_SHIFT,scope_broaden,True,False,True
ntx3-001703-1,g-001703,hin_Latn,HIGH,ENTITY_SHIFT,scope_broaden+vendor_shift,True,True,True
ntx3-001703-2,g-001703,tel_Latn,HIGH,ENTITY_SHIFT,clean,False,False,False
ntx3-001703-2,g-001703,tel_Latn,HIGH,ENTITY_SHIFT,vendor_shift,True,True,True
ntx3-001703-2,g-001703,tel_Latn,HIGH,ENTITY_SHIFT,year_shift,True,True,True
ntx3-001703-2,g-001703,tel_Latn,HIGH,ENTITY_SHIFT,month_shift,True,True,True
ntx3-001703-2,g-001703,tel_Latn,HIGH,ENTITY_SHIFT,scope_broaden,True,False,True
ntx3-001703-2,g-001703,tel_Latn,HIGH,ENTITY_SHIFT,scope_broaden+vendor_shift,True,True,True
ntx3-001703-3,g-001703,tel_Telu,HIGH,ENTITY_SHIFT,clean,False,False,False
ntx3-001703-3,g-001703,tel_Telu,HIGH,ENTITY_SHIFT,vendor_shift,True,True,True
ntx3-001703-3,g-001703,tel_Telu,HIGH,ENTITY_SHIFT,year_shift,True,True,True
ntx3-001703-3,g-001703,tel_Telu,HIGH,ENTITY_SHIFT,month_shift,True,True,True
ntx3-001703-3,g-001703,tel_Telu,HIGH,ENTITY_SHIFT,scope_broaden,True,False,True
ntx3-001703-3,g-001703,tel_Telu,HIGH,ENTITY_SHIFT,scope_broaden+vendor_shift,True,True,True
ntx3-000639-0,g-000639,eng_Latn,LOW,ENTITY_SHIFT,clean,False,False,False
ntx3-000639-0,g-000639,eng_Latn,LOW,ENTITY_SHIFT,vendor_shift,True,True,True
ntx3-000639-0,g-000639,eng_Latn,LOW,ENTITY_SHIFT,year_shift,True,True,True
ntx3-000639-0,g-000639,eng_Latn,LOW,ENTITY_SHIFT,month_shift,True,True,True
ntx3-000639-0,g-000639,eng_Latn,LOW,ENTITY_SHIFT,scope_broaden,True,False,True
ntx3-000639-0,g-000639,eng_Latn,LOW,ENTITY_SHIFT,scope_broaden+vendor_shift,True,True,True
ntx3-000639-1,g-000639,hin_Latn,LOW,ENTITY_SHIFT,clean,False,False,False
ntx3-000639-1,g-000639,hin_Latn,LOW,ENTITY_SHIFT,vendor_shift,True,True,True
ntx3-000639-1,g-000639,hin_Latn,LOW,ENTITY_SHIFT,year_shift,True,True,True
ntx3-000639-1,g-000639,hin_Latn,LOW,ENTITY_SHIFT,month_shift,True,True,True
ntx3-000639-1,g-000639,hin_Latn,LOW,ENTITY_SHIFT,scope_broaden,True,False,True
ntx3-000639-1,g-000639,hin_Latn,LOW,ENTITY_SHIFT,scope_broaden+vendor_shift,True,True,True
ntx3-000639-2,g-000639,tel_Latn,LOW,ENTITY_SHIFT,clean,False,False,False
ntx3-000639-2,g-000639,tel_Latn,LOW,ENTITY_SHIFT,vendor_shift,True,True,True
ntx3-000639-2,g-000639,tel_Latn,LOW,ENTITY_SHIFT,year_shift,True,True,True
ntx3-000639-2,g-000639,tel_Latn,LOW,ENTITY_SHIFT,month_shift,True,True,True
ntx3-000639-2,g-000639,tel_Latn,LOW,ENTITY_SHIFT,scope_broaden,True,False,True
ntx3-000639-2,g-000639,tel_Latn,LOW,ENTITY_SHIFT,scope_broaden+vendor_shift,True,True,True
ntx3-000639-3,g-000639,tel_Telu,LOW,ENTITY_SHIFT,clean,False,False,False
ntx3-000639-3,g-000639,tel_Telu,LOW,ENTITY_SHIFT,vendor_shift,True,True,True
ntx3-000639-3,g-000639,tel_Telu,LOW,ENTITY_SHIFT,year_shift,True,True,True
ntx3-000639-3,g-000639,tel_Telu,LOW,ENTITY_SHIFT,month_shift,True,True,True
ntx3-000639-3,g-000639,tel_Telu,LOW,ENTITY_SHIFT,scope_broaden,True,False,True
ntx3-000639-3,g-000639,tel_Telu,LOW,ENTITY_SHIFT,scope_broaden+vendor_shift,True,True,True
ntx3-002035-0,g-002035,eng_Latn,HIGH,ENTITY_SHIFT,clean,False,False,False
ntx3-002035-0,g-002035,eng_Latn,HIGH,ENTITY_SHIFT,vendor_shift,True,True,True
ntx3-002035-0,g-002035,eng_Latn,HIGH,ENTITY_SHIFT,year_shift,True,True,True
ntx3-002035-0,g-002035,eng_Latn,HIGH,ENTITY_SHIFT,month_shift,True,True,True
ntx3-002035-0,g-002035,eng_Latn,HIGH,ENTITY_SHIFT,scope_broaden,True,False,True
ntx3-002035-0,g-002035,eng_Latn,HIGH,ENTITY_SHIFT,scope_broaden+vendor_shift,True,True,True
ntx3-002035-1,g-002035,hin_Latn,HIGH,ENTITY_SHIFT,clean,False,False,False
ntx3-002035-1,g-002035,hin_Latn,HIGH,ENTITY_SHIFT,vendor_shift,True,True,True
ntx3-002035-1,g-002035,hin_Latn,HIGH,ENTITY_SHIFT,year_shift,True,True,True
ntx3-002035-1,g-002035,hin_Latn,HIGH,ENTITY_SHIFT,month_shift,True,True,True
ntx3-002035-1,g-002035,hin_Latn,HIGH,ENTITY_SHIFT,scope_broaden,True,False,True
ntx3-002035-1,g-002035,hin_Latn,HIGH,ENTITY_SHIFT,scope_broaden+vendor_shift,True,True,True
ntx3-002035-2,g-002035,tel_Latn,HIGH,ENTITY_SHIFT,clean,False,False,False
ntx3-002035-2,g-002035,tel_Latn,HIGH,ENTITY_SHIFT,vendor_shift,True,True,True
ntx3-002035-2,g-002035,tel_Latn,HIGH,ENTITY_SHIFT,year_shift,True,True,True
ntx3-002035-2,g-002035,tel_Latn,HIGH,ENTITY_SHIFT,month_shift,True,True,True
ntx3-002035-2,g-002035,tel_Latn,HIGH,ENTITY_SHIFT,scope_broaden,True,False,True
ntx3-002035-2,g-002035,tel_Latn,HIGH,ENTITY_SHIFT,scope_broaden+vendor_shift,True,True,True
ntx3-002035-3,g-002035,tel_Telu,HIGH,ENTITY_SHIFT,clean,False,False,False
ntx3-002035-3,g-002035,tel_Telu,HIGH,ENTITY_SHIFT,vendor_shift,True,True,True
ntx3-002035-3,g-002035,tel_Telu,HIGH,ENTITY_SHIFT,year_shift,True,True,True
ntx3-002035-3,g-002035,tel_Telu,HIGH,ENTITY_SHIFT,month_shift,True,True,True
ntx3-002035-3,g-002035,tel_Telu,HIGH,ENTITY_SHIFT,scope_broaden,True,False,True
ntx3-002035-3,g-002035,tel_Telu,HIGH,ENTITY_SHIFT,scope_broaden+vendor_shift,True,True,True
ntx3-001087-0,g-001087,eng_Latn,MEDIUM,TEMPORAL_SHIFT,clean,False,False,False
ntx3-001087-0,g-001087,eng_Latn,MEDIUM,TEMPORAL_SHIFT,vendor_shift,True,True,True
ntx3-001087-0,g-001087,eng_Latn,MEDIUM,TEMPORAL_SHIFT,year_shift,True,True,True
ntx3-001087-0,g-001087,eng_Latn,MEDIUM,TEMPORAL_SHIFT,month_shift,True,True,True
ntx3-001087-0,g-001087,eng_Latn,MEDIUM,TEMPORAL_SHIFT,scope_broaden,True,False,True
ntx3-001087-0,g-001087,eng_Latn,MEDIUM,TEMPORAL_SHIFT,scope_broaden+vendor_shift,True,True,True
ntx3-001087-1,g-001087,hin_Latn,MEDIUM,TEMPORAL_SHIFT,clean,False,False,False
ntx3-001087-1,g-001087,hin_Latn,MEDIUM,TEMPORAL_SHIFT,vendor_shift,True,True,True
ntx3-001087-1,g-001087,hin_Latn,MEDIUM,TEMPORAL_SHIFT,year_shift,True,True,True
ntx3-001087-1,g-001087,hin_Latn,MEDIUM,TEMPORAL_SHIFT,month_shift,True,True,True
ntx3-001087-1,g-001087,hin_Latn,MEDIUM,TEMPORAL_SHIFT,scope_broaden,True,False,True
ntx3-001087-1,g-001087,hin_Latn,MEDIUM,TEMPORAL_SHIFT,scope_broaden+vendor_shift,True,True,True
ntx3-001087-2,g-001087,tel_Latn,MEDIUM,TEMPORAL_SHIFT,clean,False,False,False
ntx3-001087-2,g-001087,tel_Latn,MEDIUM,TEMPORAL_SHIFT,vendor_shift,True,True,True
ntx3-001087-2,g-001087,tel_Latn,MEDIUM,TEMPORAL_SHIFT,year_shift,True,True,True
ntx3-001087-2,g-001087,tel_Latn,MEDIUM,TEMPORAL_SHIFT,month_shift,True,True,True
ntx3-001087-2,g-001087,tel_Latn,MEDIUM,TEMPORAL_SHIFT,scope_broaden,True,False,True
ntx3-001087-2,g-001087,tel_Latn,MEDIUM,TEMPORAL_SHIFT,scope_broaden+vendor_shift,True,True,True
ntx3-001087-3,g-001087,tel_Telu,MEDIUM,TEMPORAL_SHIFT,clean,False,False,False
ntx3-001087-3,g-001087,tel_Telu,MEDIUM,TEMPORAL_SHIFT,vendor_shift,True,True,True
ntx3-001087-3,g-001087,tel_Telu,MEDIUM,TEMPORAL_SHIFT,year_shift,True,True,True
ntx3-001087-3,g-001087,tel_Telu,MEDIUM,TEMPORAL_SHIFT,month_shift,True,True,True
ntx3-001087-3,g-001087,tel_Telu,MEDIUM,TEMPORAL_SHIFT,scope_broaden,True,False,True
ntx3-001087-3,g-001087,tel_Telu,MEDIUM,TEMPORAL_SHIFT,scope_broaden+vendor_shift,True,True,True
ntx3-001282-0,g-001282,eng_Latn,MEDIUM,TEMPORAL_SHIFT,clean,False,False,False
ntx3-001282-0,g-001282,eng_Latn,MEDIUM,TEMPORAL_SHIFT,vendor_shift,True,True,True
ntx3-001282-0,g-001282,eng_Latn,MEDIUM,TEMPORAL_SHIFT,year_shift,True,True,True
ntx3-001282-0,g-001282,eng_Latn,MEDIUM,TEMPORAL_SHIFT,month_shift,True,True,True
ntx3-001282-0,g-001282,eng_Latn,MEDIUM,TEMPORAL_SHIFT,scope_broaden,True,False,True
ntx3-001282-0,g-001282,eng_Latn,MEDIUM,TEMPORAL_SHIFT,scope_broaden+vendor_shift,True,True,True
ntx3-001282-1,g-001282,hin_Latn,MEDIUM,TEMPORAL_SHIFT,clean,False,False,False
ntx3-001282-1,g-001282,hin_Latn,MEDIUM,TEMPORAL_SHIFT,vendor_shift,True,True,True
ntx3-001282-1,g-001282,hin_Latn,MEDIUM,TEMPORAL_SHIFT,year_shift,True,True,True
ntx3-001282-1,g-001282,hin_Latn,MEDIUM,TEMPORAL_SHIFT,month_shift,True,True,True
ntx3-001282-1,g-001282,hin_Latn,MEDIUM,TEMPORAL_SHIFT,scope_broaden,True,False,True
ntx3-001282-1,g-001282,hin_Latn,MEDIUM,TEMPORAL_SHIFT,scope_broaden+vendor_shift,True,True,True
ntx3-001282-2,g-001282,tel_Latn,MEDIUM,TEMPORAL_SHIFT,clean,False,False,False
ntx3-001282-2,g-001282,tel_Latn,MEDIUM,TEMPORAL_SHIFT,vendor_shift,True,True,True
ntx3-001282-2,g-001282,tel_Latn,MEDIUM,TEMPORAL_SHIFT,year_shift,True,True,True
ntx3-001282-2,g-001282,tel_Latn,MEDIUM,TEMPORAL_SHIFT,month_shift,True,True,True
ntx3-001282-2,g-001282,tel_Latn,MEDIUM,TEMPORAL_SHIFT,scope_broaden,True,False,True
ntx3-001282-2,g-001282,tel_Latn,MEDIUM,TEMPORAL_SHIFT,scope_broaden+vendor_shift,True,True,True
ntx3-001282-3,g-001282,tel_Telu,MEDIUM,TEMPORAL_SHIFT,clean,False,False,False
ntx3-001282-3,g-001282,tel_Telu,MEDIUM,TEMPORAL_SHIFT,vendor_shift,True,True,True
ntx3-001282-3,g-001282,tel_Telu,MEDIUM,TEMPORAL_SHIFT,year_shift,True,True,True
ntx3-001282-3,g-001282,tel_Telu,MEDIUM,TEMPORAL_SHIFT,month_shift,True,True,True
ntx3-001282-3,g-001282,tel_Telu,MEDIUM,TEMPORAL_SHIFT,scope_broaden,True,False,True
ntx3-001282-3,g-001282,tel_Telu,MEDIUM,TEMPORAL_SHIFT,scope_broaden+vendor_shift,True,True,True
ntx3-001428-0,g-001428,eng_Latn,MEDIUM,TEMPORAL_SHIFT,clean,False,False,False
ntx3-001428-0,g-001428,eng_Latn,MEDIUM,TEMPORAL_SHIFT,vendor_shift,True,True,True
ntx3-001428-0,g-001428,eng_Latn,MEDIUM,TEMPORAL_SHIFT,year_shift,True,True,True
ntx3-001428-0,g-001428,eng_Latn,MEDIUM,TEMPORAL_SHIFT,month_shift,True,True,True
ntx3-001428-0,g-001428,eng_Latn,MEDIUM,TEMPORAL_SHIFT,scope_broaden,True,False,True
ntx3-001428-0,g-001428,eng_Latn,MEDIUM,TEMPORAL_SHIFT,scope_broaden+vendor_shift,True,True,True
ntx3-001428-1,g-001428,hin_Latn,MEDIUM,TEMPORAL_SHIFT,clean,False,False,False
ntx3-001428-1,g-001428,hin_Latn,MEDIUM,TEMPORAL_SHIFT,vendor_shift,True,True,True
ntx3-001428-1,g-001428,hin_Latn,MEDIUM,TEMPORAL_SHIFT,year_shift,True,True,True
ntx3-001428-1,g-001428,hin_Latn,MEDIUM,TEMPORAL_SHIFT,month_shift,True,True,True
ntx3-001428-1,g-001428,hin_Latn,MEDIUM,TEMPORAL_SHIFT,scope_broaden,True,False,True
ntx3-001428-1,g-001428,hin_Latn,MEDIUM,TEMPORAL_SHIFT,scope_broaden+vendor_shift,True,True,True
ntx3-001428-2,g-001428,tel_Latn,MEDIUM,TEMPORAL_SHIFT,clean,False,False,False
ntx3-001428-2,g-001428,tel_Latn,MEDIUM,TEMPORAL_SHIFT,vendor_shift,True,True,True
ntx3-001428-2,g-001428,tel_Latn,MEDIUM,TEMPORAL_SHIFT,year_shift,True,True,True
ntx3-001428-2,g-001428,tel_Latn,MEDIUM,TEMPORAL_SHIFT,month_shift,True,True,True
ntx3-001428-2,g-001428,tel_Latn,MEDIUM,TEMPORAL_SHIFT,scope_broaden,True,False,True
ntx3-001428-2,g-001428,tel_Latn,MEDIUM,TEMPORAL_SHIFT,scope_broaden+vendor_shift,True,True,True
ntx3-001428-3,g-001428,tel_Telu,MEDIUM,TEMPORAL_SHIFT,clean,False,False,False
ntx3-001428-3,g-001428,tel_Telu,MEDIUM,TEMPORAL_SHIFT,vendor_shift,True,True,True
ntx3-001428-3,g-001428,tel_Telu,MEDIUM,TEMPORAL_SHIFT,year_shift,True,True,True
ntx3-001428-3,g-001428,tel_Telu,MEDIUM,TEMPORAL_SHIFT,month_shift,True,True,True
ntx3-001428-3,g-001428,tel_Telu,MEDIUM,TEMPORAL_SHIFT,scope_broaden,True,False,True
ntx3-001428-3,g-001428,tel_Telu,MEDIUM,TEMPORAL_SHIFT,scope_broaden+vendor_shift,True,True,True
ntx3-000192-0,g-000192,eng_Latn,HIGH,TEMPORAL_SHIFT,clean,False,False,False
ntx3-000192-0,g-000192,eng_Latn,HIGH,TEMPORAL_SHIFT,vendor_shift,True,True,True
ntx3-000192-0,g-000192,eng_Latn,HIGH,TEMPORAL_SHIFT,year_shift,True,True,True
ntx3-000192-0,g-000192,eng_Latn,HIGH,TEMPORAL_SHIFT,month_shift,True,True,True
ntx3-000192-0,g-000192,eng_Latn,HIGH,TEMPORAL_SHIFT,scope_broaden,True,False,True
ntx3-000192-0,g-000192,eng_Latn,HIGH,TEMPORAL_SHIFT,scope_broaden+vendor_shift,True,True,True
ntx3-000192-1,g-000192,hin_Latn,HIGH,TEMPORAL_SHIFT,clean,False,False,False
ntx3-000192-1,g-000192,hin_Latn,HIGH,TEMPORAL_SHIFT,vendor_shift,True,True,True
ntx3-000192-1,g-000192,hin_Latn,HIGH,TEMPORAL_SHIFT,year_shift,True,True,True
ntx3-000192-1,g-000192,hin_Latn,HIGH,TEMPORAL_SHIFT,month_shift,True,True,True
ntx3-000192-1,g-000192,hin_Latn,HIGH,TEMPORAL_SHIFT,scope_broaden,True,False,True
ntx3-000192-1,g-000192,hin_Latn,HIGH,TEMPORAL_SHIFT,scope_broaden+vendor_shift,True,True,True
ntx3-000192-2,g-000192,tel_Latn,HIGH,TEMPORAL_SHIFT,clean,False,False,False
ntx3-000192-2,g-000192,tel_Latn,HIGH,TEMPORAL_SHIFT,vendor_shift,True,True,True
ntx3-000192-2,g-000192,tel_Latn,HIGH,TEMPORAL_SHIFT,year_shift,True,True,True
ntx3-000192-2,g-000192,tel_Latn,HIGH,TEMPORAL_SHIFT,month_shift,True,True,True
ntx3-000192-2,g-000192,tel_Latn,HIGH,TEMPORAL_SHIFT,scope_broaden,True,False,True
ntx3-000192-2,g-000192,tel_Latn,HIGH,TEMPORAL_SHIFT,scope_broaden+vendor_shift,True,True,True
ntx3-000192-3,g-000192,tel_Telu,HIGH,TEMPORAL_SHIFT,clean,False,False,False
ntx3-000192-3,g-000192,tel_Telu,HIGH,TEMPORAL_SHIFT,vendor_shift,True,True,True
ntx3-000192-3,g-000192,tel_Telu,HIGH,TEMPORAL_SHIFT,year_shift,True,True,True
ntx3-000192-3,g-000192,tel_Telu,HIGH,TEMPORAL_SHIFT,month_shift,True,True,True
ntx3-000192-3,g-000192,tel_Telu,HIGH,TEMPORAL_SHIFT,scope_broaden,True,False,True
ntx3-000192-3,g-000192,tel_Telu,HIGH,TEMPORAL_SHIFT,scope_broaden+vendor_shift,True,True,True
ntx3-001014-0,g-001014,eng_Latn,MEDIUM,TEMPORAL_SHIFT,clean,False,False,False
ntx3-001014-0,g-001014,eng_Latn,MEDIUM,TEMPORAL_SHIFT,vendor_shift,True,True,True
ntx3-001014-0,g-001014,eng_Latn,MEDIUM,TEMPORAL_SHIFT,year_shift,True,True,True
ntx3-001014-0,g-001014,eng_Latn,MEDIUM,TEMPORAL_SHIFT,month_shift,True,True,True
ntx3-001014-0,g-001014,eng_Latn,MEDIUM,TEMPORAL_SHIFT,scope_broaden,True,False,True
ntx3-001014-0,g-001014,eng_Latn,MEDIUM,TEMPORAL_SHIFT,scope_broaden+vendor_shift,True,True,True
ntx3-001014-1,g-001014,hin_Latn,MEDIUM,TEMPORAL_SHIFT,clean,False,False,False
ntx3-001014-1,g-001014,hin_Latn,MEDIUM,TEMPORAL_SHIFT,vendor_shift,True,True,True
ntx3-001014-1,g-001014,hin_Latn,MEDIUM,TEMPORAL_SHIFT,year_shift,True,True,True
ntx3-001014-1,g-001014,hin_Latn,MEDIUM,TEMPORAL_SHIFT,month_shift,True,True,True
ntx3-001014-1,g-001014,hin_Latn,MEDIUM,TEMPORAL_SHIFT,scope_broaden,True,False,True
ntx3-001014-1,g-001014,hin_Latn,MEDIUM,TEMPORAL_SHIFT,scope_broaden+vendor_shift,True,True,True
ntx3-001014-2,g-001014,tel_Latn,MEDIUM,TEMPORAL_SHIFT,clean,False,False,False
ntx3-001014-2,g-001014,tel_Latn,MEDIUM,TEMPORAL_SHIFT,vendor_shift,True,True,True
ntx3-001014-2,g-001014,tel_Latn,MEDIUM,TEMPORAL_SHIFT,year_shift,True,True,True
ntx3-001014-2,g-001014,tel_Latn,MEDIUM,TEMPORAL_SHIFT,month_shift,True,True,True
ntx3-001014-2,g-001014,tel_Latn,MEDIUM,TEMPORAL_SHIFT,scope_broaden,True,False,True
ntx3-001014-2,g-001014,tel_Latn,MEDIUM,TEMPORAL_SHIFT,scope_broaden+vendor_shift,True,True,True
ntx3-001014-3,g-001014,tel_Telu,MEDIUM,TEMPORAL_SHIFT,clean,False,False,False
ntx3-001014-3,g-001014,tel_Telu,MEDIUM,TEMPORAL_SHIFT,vendor_shift,True,True,True
ntx3-001014-3,g-001014,tel_Telu,MEDIUM,TEMPORAL_SHIFT,year_shift,True,True,True
ntx3-001014-3,g-001014,tel_Telu,MEDIUM,TEMPORAL_SHIFT,month_shift,True,True,True
ntx3-001014-3,g-001014,tel_Telu,MEDIUM,TEMPORAL_SHIFT,scope_broaden,True,False,True
ntx3-001014-3,g-001014,tel_Telu,MEDIUM,TEMPORAL_SHIFT,scope_broaden+vendor_shift,True,True,True
ntx3-001472-0,g-001472,eng_Latn,LOW,TEMPORAL_SHIFT,clean,False,False,False
ntx3-001472-0,g-001472,eng_Latn,LOW,TEMPORAL_SHIFT,vendor_shift,True,True,True
ntx3-001472-0,g-001472,eng_Latn,LOW,TEMPORAL_SHIFT,year_shift,True,True,True
ntx3-001472-0,g-001472,eng_Latn,LOW,TEMPORAL_SHIFT,month_shift,True,True,True
ntx3-001472-0,g-001472,eng_Latn,LOW,TEMPORAL_SHIFT,scope_broaden,True,False,True
ntx3-001472-0,g-001472,eng_Latn,LOW,TEMPORAL_SHIFT,scope_broaden+vendor_shift,True,True,True
ntx3-001472-1,g-001472,hin_Latn,LOW,TEMPORAL_SHIFT,clean,False,False,False
ntx3-001472-1,g-001472,hin_Latn,LOW,TEMPORAL_SHIFT,vendor_shift,True,True,True
ntx3-001472-1,g-001472,hin_Latn,LOW,TEMPORAL_SHIFT,year_shift,True,True,True
ntx3-001472-1,g-001472,hin_Latn,LOW,TEMPORAL_SHIFT,month_shift,True,True,True
ntx3-001472-1,g-001472,hin_Latn,LOW,TEMPORAL_SHIFT,scope_broaden,True,False,True
ntx3-001472-1,g-001472,hin_Latn,LOW,TEMPORAL_SHIFT,scope_broaden+vendor_shift,True,True,True
ntx3-001472-2,g-001472,tel_Latn,LOW,TEMPORAL_SHIFT,clean,False,False,False
ntx3-001472-2,g-001472,tel_Latn,LOW,TEMPORAL_SHIFT,vendor_shift,True,True,True
ntx3-001472-2,g-001472,tel_Latn,LOW,TEMPORAL_SHIFT,year_shift,True,True,True
ntx3-001472-2,g-001472,tel_Latn,LOW,TEMPORAL_SHIFT,month_shift,True,True,True
ntx3-001472-2,g-001472,tel_Latn,LOW,TEMPORAL_SHIFT,scope_broaden,True,False,True
ntx3-001472-2,g-001472,tel_Latn,LOW,TEMPORAL_SHIFT,scope_broaden+vendor_shift,True,True,True
ntx3-001472-3,g-001472,tel_Telu,LOW,TEMPORAL_SHIFT,clean,False,False,False
ntx3-001472-3,g-001472,tel_Telu,LOW,TEMPORAL_SHIFT,vendor_shift,True,True,True
ntx3-001472-3,g-001472,tel_Telu,LOW,TEMPORAL_SHIFT,year_shift,True,True,True
ntx3-001472-3,g-001472,tel_Telu,LOW,TEMPORAL_SHIFT,month_shift,True,True,True
ntx3-001472-3,g-001472,tel_Telu,LOW,TEMPORAL_SHIFT,scope_broaden,True,False,True
ntx3-001472-3,g-001472,tel_Telu,LOW,TEMPORAL_SHIFT,scope_broaden+vendor_shift,True,True,True
ntx3-001336-0,g-001336,eng_Latn,LOW,TEMPORAL_SHIFT,clean,False,False,False
ntx3-001336-0,g-001336,eng_Latn,LOW,TEMPORAL_SHIFT,vendor_shift,True,True,True
ntx3-001336-0,g-001336,eng_Latn,LOW,TEMPORAL_SHIFT,year_shift,True,True,True
ntx3-001336-0,g-001336,eng_Latn,LOW,TEMPORAL_SHIFT,month_shift,True,True,True
ntx3-001336-0,g-001336,eng_Latn,LOW,TEMPORAL_SHIFT,scope_broaden,True,False,True
ntx3-001336-0,g-001336,eng_Latn,LOW,TEMPORAL_SHIFT,scope_broaden+vendor_shift,True,True,True
ntx3-001336-1,g-001336,hin_Latn,LOW,TEMPORAL_SHIFT,clean,False,False,False
ntx3-001336-1,g-001336,hin_Latn,LOW,TEMPORAL_SHIFT,vendor_shift,True,True,True
ntx3-001336-1,g-001336,hin_Latn,LOW,TEMPORAL_SHIFT,year_shift,True,True,True
ntx3-001336-1,g-001336,hin_Latn,LOW,TEMPORAL_SHIFT,month_shift,True,True,True
ntx3-001336-1,g-001336,hin_Latn,LOW,TEMPORAL_SHIFT,scope_broaden,True,False,True
ntx3-001336-1,g-001336,hin_Latn,LOW,TEMPORAL_SHIFT,scope_broaden+vendor_shift,True,True,True
ntx3-001336-2,g-001336,tel_Latn,LOW,TEMPORAL_SHIFT,clean,False,False,False
ntx3-001336-2,g-001336,tel_Latn,LOW,TEMPORAL_SHIFT,vendor_shift,True,True,True
ntx3-001336-2,g-001336,tel_Latn,LOW,TEMPORAL_SHIFT,year_shift,True,True,True
ntx3-001336-2,g-001336,tel_Latn,LOW,TEMPORAL_SHIFT,month_shift,True,True,True
ntx3-001336-2,g-001336,tel_Latn,LOW,TEMPORAL_SHIFT,scope_broaden,True,False,True
ntx3-001336-2,g-001336,tel_Latn,LOW,TEMPORAL_SHIFT,scope_broaden+vendor_shift,True,True,True
ntx3-001336-3,g-001336,tel_Telu,LOW,TEMPORAL_SHIFT,clean,False,False,False
ntx3-001336-3,g-001336,tel_Telu,LOW,TEMPORAL_SHIFT,vendor_shift,True,True,True
ntx3-001336-3,g-001336,tel_Telu,LOW,TEMPORAL_SHIFT,year_shift,True,True,True
ntx3-001336-3,g-001336,tel_Telu,LOW,TEMPORAL_SHIFT,month_shift,True,True,True
ntx3-001336-3,g-001336,tel_Telu,LOW,TEMPORAL_SHIFT,scope_broaden,True,False,True
ntx3-001336-3,g-001336,tel_Telu,LOW,TEMPORAL_SHIFT,scope_broaden+vendor_shift,True,True,True
ntx3-000890-0,g-000890,eng_Latn,MEDIUM,TEMPORAL_SHIFT,clean,False,False,False
ntx3-000890-0,g-000890,eng_Latn,MEDIUM,TEMPORAL_SHIFT,vendor_shift,True,True,True
ntx3-000890-0,g-000890,eng_Latn,MEDIUM,TEMPORAL_SHIFT,year_shift,True,True,True
ntx3-000890-0,g-000890,eng_Latn,MEDIUM,TEMPORAL_SHIFT,month_shift,True,True,True
ntx3-000890-0,g-000890,eng_Latn,MEDIUM,TEMPORAL_SHIFT,scope_broaden,True,False,True
ntx3-000890-0,g-000890,eng_Latn,MEDIUM,TEMPORAL_SHIFT,scope_broaden+vendor_shift,True,True,True
ntx3-000890-1,g-000890,hin_Latn,MEDIUM,TEMPORAL_SHIFT,clean,False,False,False
ntx3-000890-1,g-000890,hin_Latn,MEDIUM,TEMPORAL_SHIFT,vendor_shift,True,True,True
ntx3-000890-1,g-000890,hin_Latn,MEDIUM,TEMPORAL_SHIFT,year_shift,True,True,True
ntx3-000890-1,g-000890,hin_Latn,MEDIUM,TEMPORAL_SHIFT,month_shift,True,True,True
ntx3-000890-1,g-000890,hin_Latn,MEDIUM,TEMPORAL_SHIFT,scope_broaden,True,False,True
ntx3-000890-1,g-000890,hin_Latn,MEDIUM,TEMPORAL_SHIFT,scope_broaden+vendor_shift,True,True,True
ntx3-000890-2,g-000890,tel_Latn,MEDIUM,TEMPORAL_SHIFT,clean,False,False,False
ntx3-000890-2,g-000890,tel_Latn,MEDIUM,TEMPORAL_SHIFT,vendor_shift,True,True,True
ntx3-000890-2,g-000890,tel_Latn,MEDIUM,TEMPORAL_SHIFT,year_shift,True,True,True
ntx3-000890-2,g-000890,tel_Latn,MEDIUM,TEMPORAL_SHIFT,month_shift,True,True,True
ntx3-000890-2,g-000890,tel_Latn,MEDIUM,TEMPORAL_SHIFT,scope_broaden,True,False,True
ntx3-000890-2,g-000890,tel_Latn,MEDIUM,TEMPORAL_SHIFT,scope_broaden+vendor_shift,True,True,True
ntx3-000890-3,g-000890,tel_Telu,MEDIUM,TEMPORAL_SHIFT,clean,False,False,False
ntx3-000890-3,g-000890,tel_Telu,MEDIUM,TEMPORAL_SHIFT,vendor_shift,True,True,True
ntx3-000890-3,g-000890,tel_Telu,MEDIUM,TEMPORAL_SHIFT,year_shift,True,True,True
ntx3-000890-3,g-000890,tel_Telu,MEDIUM,TEMPORAL_SHIFT,month_shift,True,True,True
ntx3-000890-3,g-000890,tel_Telu,MEDIUM,TEMPORAL_SHIFT,scope_broaden,True,False,True
ntx3-000890-3,g-000890,tel_Telu,MEDIUM,TEMPORAL_SHIFT,scope_broaden+vendor_shift,True,True,True
ntx3-000370-0,g-000370,eng_Latn,MEDIUM,TEMPORAL_SHIFT,clean,False,False,False
ntx3-000370-0,g-000370,eng_Latn,MEDIUM,TEMPORAL_SHIFT,vendor_shift,True,True,True
ntx3-000370-0,g-000370,eng_Latn,MEDIUM,TEMPORAL_SHIFT,year_shift,True,True,True
ntx3-000370-0,g-000370,eng_Latn,MEDIUM,TEMPORAL_SHIFT,month_shift,True,True,True
ntx3-000370-0,g-000370,eng_Latn,MEDIUM,TEMPORAL_SHIFT,scope_broaden,True,False,True
ntx3-000370-0,g-000370,eng_Latn,MEDIUM,TEMPORAL_SHIFT,scope_broaden+vendor_shift,True,True,True
ntx3-000370-1,g-000370,hin_Latn,MEDIUM,TEMPORAL_SHIFT,clean,False,False,False
ntx3-000370-1,g-000370,hin_Latn,MEDIUM,TEMPORAL_SHIFT,vendor_shift,True,True,True
ntx3-000370-1,g-000370,hin_Latn,MEDIUM,TEMPORAL_SHIFT,year_shift,True,True,True
ntx3-000370-1,g-000370,hin_Latn,MEDIUM,TEMPORAL_SHIFT,month_shift,True,True,True
ntx3-000370-1,g-000370,hin_Latn,MEDIUM,TEMPORAL_SHIFT,scope_broaden,True,False,True
ntx3-000370-1,g-000370,hin_Latn,MEDIUM,TEMPORAL_SHIFT,scope_broaden+vendor_shift,True,True,True
ntx3-000370-2,g-000370,tel_Latn,MEDIUM,TEMPORAL_SHIFT,clean,False,False,False
ntx3-000370-2,g-000370,tel_Latn,MEDIUM,TEMPORAL_SHIFT,vendor_shift,True,True,True
ntx3-000370-2,g-000370,tel_Latn,MEDIUM,TEMPORAL_SHIFT,year_shift,True,True,True
ntx3-000370-2,g-000370,tel_Latn,MEDIUM,TEMPORAL_SHIFT,month_shift,True,True,True
ntx3-000370-2,g-000370,tel_Latn,MEDIUM,TEMPORAL_SHIFT,scope_broaden,True,False,True
ntx3-000370-2,g-000370,tel_Latn,MEDIUM,TEMPORAL_SHIFT,scope_broaden+vendor_shift,True,True,True
ntx3-000370-3,g-000370,tel_Telu,MEDIUM,TEMPORAL_SHIFT,clean,False,False,False
ntx3-000370-3,g-000370,tel_Telu,MEDIUM,TEMPORAL_SHIFT,vendor_shift,True,True,True
ntx3-000370-3,g-000370,tel_Telu,MEDIUM,TEMPORAL_SHIFT,year_shift,True,True,True
ntx3-000370-3,g-000370,tel_Telu,MEDIUM,TEMPORAL_SHIFT,month_shift,True,True,True
ntx3-000370-3,g-000370,tel_Telu,MEDIUM,TEMPORAL_SHIFT,scope_broaden,True,False,True
ntx3-000370-3,g-000370,tel_Telu,MEDIUM,TEMPORAL_SHIFT,scope_broaden+vendor_shift,True,True,True
ntx3-002173-0,g-002173,eng_Latn,HIGH,TEMPORAL_SHIFT,clean,False,False,False
ntx3-002173-0,g-002173,eng_Latn,HIGH,TEMPORAL_SHIFT,vendor_shift,True,True,True
ntx3-002173-0,g-002173,eng_Latn,HIGH,TEMPORAL_SHIFT,year_shift,True,True,True
ntx3-002173-0,g-002173,eng_Latn,HIGH,TEMPORAL_SHIFT,month_shift,True,True,True
ntx3-002173-0,g-002173,eng_Latn,HIGH,TEMPORAL_SHIFT,scope_broaden,True,False,True
ntx3-002173-0,g-002173,eng_Latn,HIGH,TEMPORAL_SHIFT,scope_broaden+vendor_shift,True,True,True
ntx3-002173-1,g-002173,hin_Latn,HIGH,TEMPORAL_SHIFT,clean,False,False,False
ntx3-002173-1,g-002173,hin_Latn,HIGH,TEMPORAL_SHIFT,vendor_shift,True,True,True
ntx3-002173-1,g-002173,hin_Latn,HIGH,TEMPORAL_SHIFT,year_shift,True,True,True
ntx3-002173-1,g-002173,hin_Latn,HIGH,TEMPORAL_SHIFT,month_shift,True,True,True
ntx3-002173-1,g-002173,hin_Latn,HIGH,TEMPORAL_SHIFT,scope_broaden,True,False,True
ntx3-002173-1,g-002173,hin_Latn,HIGH,TEMPORAL_SHIFT,scope_broaden+vendor_shift,True,True,True
ntx3-002173-2,g-002173,tel_Latn,HIGH,TEMPORAL_SHIFT,clean,False,False,False
ntx3-002173-2,g-002173,tel_Latn,HIGH,TEMPORAL_SHIFT,vendor_shift,True,True,True
ntx3-002173-2,g-002173,tel_Latn,HIGH,TEMPORAL_SHIFT,year_shift,True,True,True
ntx3-002173-2,g-002173,tel_Latn,HIGH,TEMPORAL_SHIFT,month_shift,True,True,True
ntx3-002173-2,g-002173,tel_Latn,HIGH,TEMPORAL_SHIFT,scope_broaden,True,False,True
ntx3-002173-2,g-002173,tel_Latn,HIGH,TEMPORAL_SHIFT,scope_broaden+vendor_shift,True,True,True
ntx3-002173-3,g-002173,tel_Telu,HIGH,TEMPORAL_SHIFT,clean,False,False,False
ntx3-002173-3,g-002173,tel_Telu,HIGH,TEMPORAL_SHIFT,vendor_shift,True,True,True
ntx3-002173-3,g-002173,tel_Telu,HIGH,TEMPORAL_SHIFT,year_shift,True,True,True
ntx3-002173-3,g-002173,tel_Telu,HIGH,TEMPORAL_SHIFT,month_shift,True,True,True
ntx3-002173-3,g-002173,tel_Telu,HIGH,TEMPORAL_SHIFT,scope_broaden,True,False,True
ntx3-002173-3,g-002173,tel_Telu,HIGH,TEMPORAL_SHIFT,scope_broaden+vendor_shift,True,True,True
ntx3-000527-0,g-000527,eng_Latn,HIGH,TEMPORAL_SHIFT,clean,False,False,False
ntx3-000527-0,g-000527,eng_Latn,HIGH,TEMPORAL_SHIFT,vendor_shift,True,True,True
ntx3-000527-0,g-000527,eng_Latn,HIGH,TEMPORAL_SHIFT,year_shift,True,True,True
ntx3-000527-0,g-000527,eng_Latn,HIGH,TEMPORAL_SHIFT,month_shift,True,True,True
ntx3-000527-0,g-000527,eng_Latn,HIGH,TEMPORAL_SHIFT,scope_broaden,True,False,True
ntx3-000527-0,g-000527,eng_Latn,HIGH,TEMPORAL_SHIFT,scope_broaden+vendor_shift,True,True,True
ntx3-000527-1,g-000527,hin_Latn,HIGH,TEMPORAL_SHIFT,clean,False,False,False
ntx3-000527-1,g-000527,hin_Latn,HIGH,TEMPORAL_SHIFT,vendor_shift,True,True,True
ntx3-000527-1,g-000527,hin_Latn,HIGH,TEMPORAL_SHIFT,year_shift,True,True,True
ntx3-000527-1,g-000527,hin_Latn,HIGH,TEMPORAL_SHIFT,month_shift,True,True,True
ntx3-000527-1,g-000527,hin_Latn,HIGH,TEMPORAL_SHIFT,scope_broaden,True,False,True
ntx3-000527-1,g-000527,hin_Latn,HIGH,TEMPORAL_SHIFT,scope_broaden+vendor_shift,True,True,True
ntx3-000527-2,g-000527,tel_Latn,HIGH,TEMPORAL_SHIFT,clean,False,False,False
ntx3-000527-2,g-000527,tel_Latn,HIGH,TEMPORAL_SHIFT,vendor_shift,True,True,True
ntx3-000527-2,g-000527,tel_Latn,HIGH,TEMPORAL_SHIFT,year_shift,True,True,True
ntx3-000527-2,g-000527,tel_Latn,HIGH,TEMPORAL_SHIFT,month_shift,True,True,True
ntx3-000527-2,g-000527,tel_Latn,HIGH,TEMPORAL_SHIFT,scope_broaden,True,False,True
ntx3-000527-2,g-000527,tel_Latn,HIGH,TEMPORAL_SHIFT,scope_broaden+vendor_shift,True,True,True
ntx3-000527-3,g-000527,tel_Telu,HIGH,TEMPORAL_SHIFT,clean,False,False,False
ntx3-000527-3,g-000527,tel_Telu,HIGH,TEMPORAL_SHIFT,vendor_shift,True,True,True
ntx3-000527-3,g-000527,tel_Telu,HIGH,TEMPORAL_SHIFT,year_shift,True,True,True
ntx3-000527-3,g-000527,tel_Telu,HIGH,TEMPORAL_SHIFT,month_shift,True,True,True
ntx3-000527-3,g-000527,tel_Telu,HIGH,TEMPORAL_SHIFT,scope_broaden,True,False,True
ntx3-000527-3,g-000527,tel_Telu,HIGH,TEMPORAL_SHIFT,scope_broaden+vendor_shift,True,True,True
ntx3-000328-0,g-000328,eng_Latn,LOW,TEMPORAL_SHIFT,clean,False,False,False
ntx3-000328-0,g-000328,eng_Latn,LOW,TEMPORAL_SHIFT,vendor_shift,True,True,True
ntx3-000328-0,g-000328,eng_Latn,LOW,TEMPORAL_SHIFT,year_shift,True,True,True
ntx3-000328-0,g-000328,eng_Latn,LOW,TEMPORAL_SHIFT,month_shift,True,True,True
ntx3-000328-0,g-000328,eng_Latn,LOW,TEMPORAL_SHIFT,scope_broaden,True,False,True
ntx3-000328-0,g-000328,eng_Latn,LOW,TEMPORAL_SHIFT,scope_broaden+vendor_shift,True,True,True
ntx3-000328-1,g-000328,hin_Latn,LOW,TEMPORAL_SHIFT,clean,False,False,False
ntx3-000328-1,g-000328,hin_Latn,LOW,TEMPORAL_SHIFT,vendor_shift,True,True,True
ntx3-000328-1,g-000328,hin_Latn,LOW,TEMPORAL_SHIFT,year_shift,True,True,True
ntx3-000328-1,g-000328,hin_Latn,LOW,TEMPORAL_SHIFT,month_shift,True,True,True
ntx3-000328-1,g-000328,hin_Latn,LOW,TEMPORAL_SHIFT,scope_broaden,True,False,True
ntx3-000328-1,g-000328,hin_Latn,LOW,TEMPORAL_SHIFT,scope_broaden+vendor_shift,True,True,True
ntx3-000328-2,g-000328,tel_Latn,LOW,TEMPORAL_SHIFT,clean,False,False,False
ntx3-000328-2,g-000328,tel_Latn,LOW,TEMPORAL_SHIFT,vendor_shift,True,True,True
ntx3-000328-2,g-000328,tel_Latn,LOW,TEMPORAL_SHIFT,year_shift,True,True,True
ntx3-000328-2,g-000328,tel_Latn,LOW,TEMPORAL_SHIFT,month_shift,True,True,True
ntx3-000328-2,g-000328,tel_Latn,LOW,TEMPORAL_SHIFT,scope_broaden,True,False,True
ntx3-000328-2,g-000328,tel_Latn,LOW,TEMPORAL_SHIFT,scope_broaden+vendor_shift,True,True,True
ntx3-000328-3,g-000328,tel_Telu,LOW,TEMPORAL_SHIFT,clean,False,False,False
ntx3-000328-3,g-000328,tel_Telu,LOW,TEMPORAL_SHIFT,vendor_shift,True,True,True
ntx3-000328-3,g-000328,tel_Telu,LOW,TEMPORAL_SHIFT,year_shift,True,True,True
ntx3-000328-3,g-000328,tel_Telu,LOW,TEMPORAL_SHIFT,month_shift,True,True,True
ntx3-000328-3,g-000328,tel_Telu,LOW,TEMPORAL_SHIFT,scope_broaden,True,False,True
ntx3-000328-3,g-000328,tel_Telu,LOW,TEMPORAL_SHIFT,scope_broaden+vendor_shift,True,True,True
ntx3-001636-0,g-001636,eng_Latn,MEDIUM,TEMPORAL_SHIFT,clean,False,False,False
ntx3-001636-0,g-001636,eng_Latn,MEDIUM,TEMPORAL_SHIFT,vendor_shift,True,True,True
ntx3-001636-0,g-001636,eng_Latn,MEDIUM,TEMPORAL_SHIFT,year_shift,True,True,True
ntx3-001636-0,g-001636,eng_Latn,MEDIUM,TEMPORAL_SHIFT,month_shift,True,True,True
ntx3-001636-0,g-001636,eng_Latn,MEDIUM,TEMPORAL_SHIFT,scope_broaden,True,False,True
ntx3-001636-0,g-001636,eng_Latn,MEDIUM,TEMPORAL_SHIFT,scope_broaden+vendor_shift,True,True,True
ntx3-001636-1,g-001636,hin_Latn,MEDIUM,TEMPORAL_SHIFT,clean,False,False,False
ntx3-001636-1,g-001636,hin_Latn,MEDIUM,TEMPORAL_SHIFT,vendor_shift,True,True,True
ntx3-001636-1,g-001636,hin_Latn,MEDIUM,TEMPORAL_SHIFT,year_shift,True,True,True
ntx3-001636-1,g-001636,hin_Latn,MEDIUM,TEMPORAL_SHIFT,month_shift,True,True,True
ntx3-001636-1,g-001636,hin_Latn,MEDIUM,TEMPORAL_SHIFT,scope_broaden,True,False,True
ntx3-001636-1,g-001636,hin_Latn,MEDIUM,TEMPORAL_SHIFT,scope_broaden+vendor_shift,True,True,True
ntx3-001636-2,g-001636,tel_Latn,MEDIUM,TEMPORAL_SHIFT,clean,False,False,False
ntx3-001636-2,g-001636,tel_Latn,MEDIUM,TEMPORAL_SHIFT,vendor_shift,True,True,True
ntx3-001636-2,g-001636,tel_Latn,MEDIUM,TEMPORAL_SHIFT,year_shift,True,True,True
ntx3-001636-2,g-001636,tel_Latn,MEDIUM,TEMPORAL_SHIFT,month_shift,True,True,True
ntx3-001636-2,g-001636,tel_Latn,MEDIUM,TEMPORAL_SHIFT,scope_broaden,True,False,True
ntx3-001636-2,g-001636,tel_Latn,MEDIUM,TEMPORAL_SHIFT,scope_broaden+vendor_shift,True,True,True
ntx3-001636-3,g-001636,tel_Telu,MEDIUM,TEMPORAL_SHIFT,clean,False,False,False
ntx3-001636-3,g-001636,tel_Telu,MEDIUM,TEMPORAL_SHIFT,vendor_shift,True,True,True
ntx3-001636-3,g-001636,tel_Telu,MEDIUM,TEMPORAL_SHIFT,year_shift,True,True,True
ntx3-001636-3,g-001636,tel_Telu,MEDIUM,TEMPORAL_SHIFT,month_shift,True,True,True
ntx3-001636-3,g-001636,tel_Telu,MEDIUM,TEMPORAL_SHIFT,scope_broaden,True,False,True
ntx3-001636-3,g-001636,tel_Telu,MEDIUM,TEMPORAL_SHIFT,scope_broaden+vendor_shift,True,True,True
ntx3-000902-0,g-000902,eng_Latn,HIGH,TEMPORAL_SHIFT,clean,False,False,False
ntx3-000902-0,g-000902,eng_Latn,HIGH,TEMPORAL_SHIFT,vendor_shift,True,True,True
ntx3-000902-0,g-000902,eng_Latn,HIGH,TEMPORAL_SHIFT,year_shift,True,True,True
ntx3-000902-0,g-000902,eng_Latn,HIGH,TEMPORAL_SHIFT,month_shift,True,True,True
ntx3-000902-0,g-000902,eng_Latn,HIGH,TEMPORAL_SHIFT,scope_broaden,True,False,True
ntx3-000902-0,g-000902,eng_Latn,HIGH,TEMPORAL_SHIFT,scope_broaden+vendor_shift,True,True,True
ntx3-000902-1,g-000902,hin_Latn,HIGH,TEMPORAL_SHIFT,clean,False,False,False
ntx3-000902-1,g-000902,hin_Latn,HIGH,TEMPORAL_SHIFT,vendor_shift,True,True,True
ntx3-000902-1,g-000902,hin_Latn,HIGH,TEMPORAL_SHIFT,year_shift,True,True,True
ntx3-000902-1,g-000902,hin_Latn,HIGH,TEMPORAL_SHIFT,month_shift,True,True,True
ntx3-000902-1,g-000902,hin_Latn,HIGH,TEMPORAL_SHIFT,scope_broaden,True,False,True
ntx3-000902-1,g-000902,hin_Latn,HIGH,TEMPORAL_SHIFT,scope_broaden+vendor_shift,True,True,True
ntx3-000902-2,g-000902,tel_Latn,HIGH,TEMPORAL_SHIFT,clean,False,False,False
ntx3-000902-2,g-000902,tel_Latn,HIGH,TEMPORAL_SHIFT,vendor_shift,True,True,True
ntx3-000902-2,g-000902,tel_Latn,HIGH,TEMPORAL_SHIFT,year_shift,True,True,True
ntx3-000902-2,g-000902,tel_Latn,HIGH,TEMPORAL_SHIFT,month_shift,True,True,True
ntx3-000902-2,g-000902,tel_Latn,HIGH,TEMPORAL_SHIFT,scope_broaden,True,False,True
ntx3-000902-2,g-000902,tel_Latn,HIGH,TEMPORAL_SHIFT,scope_broaden+vendor_shift,True,True,True
ntx3-000902-3,g-000902,tel_Telu,HIGH,TEMPORAL_SHIFT,clean,False,False,False
ntx3-000902-3,g-000902,tel_Telu,HIGH,TEMPORAL_SHIFT,vendor_shift,True,True,True
ntx3-000902-3,g-000902,tel_Telu,HIGH,TEMPORAL_SHIFT,year_shift,True,True,True
ntx3-000902-3,g-000902,tel_Telu,HIGH,TEMPORAL_SHIFT,month_shift,True,True,True
ntx3-000902-3,g-000902,tel_Telu,HIGH,TEMPORAL_SHIFT,scope_broaden,True,False,True
ntx3-000902-3,g-000902,tel_Telu,HIGH,TEMPORAL_SHIFT,scope_broaden+vendor_shift,True,True,True
ntx3-000968-0,g-000968,eng_Latn,MEDIUM,TEMPORAL_SHIFT,clean,False,False,False
ntx3-000968-0,g-000968,eng_Latn,MEDIUM,TEMPORAL_SHIFT,vendor_shift,True,True,True
ntx3-000968-0,g-000968,eng_Latn,MEDIUM,TEMPORAL_SHIFT,year_shift,True,True,True
ntx3-000968-0,g-000968,eng_Latn,MEDIUM,TEMPORAL_SHIFT,month_shift,True,True,True
ntx3-000968-0,g-000968,eng_Latn,MEDIUM,TEMPORAL_SHIFT,scope_broaden,True,False,True
ntx3-000968-0,g-000968,eng_Latn,MEDIUM,TEMPORAL_SHIFT,scope_broaden+vendor_shift,True,True,True
ntx3-000968-1,g-000968,hin_Latn,MEDIUM,TEMPORAL_SHIFT,clean,False,False,False
ntx3-000968-1,g-000968,hin_Latn,MEDIUM,TEMPORAL_SHIFT,vendor_shift,True,True,True
ntx3-000968-1,g-000968,hin_Latn,MEDIUM,TEMPORAL_SHIFT,year_shift,True,True,True
ntx3-000968-1,g-000968,hin_Latn,MEDIUM,TEMPORAL_SHIFT,month_shift,True,True,True
ntx3-000968-1,g-000968,hin_Latn,MEDIUM,TEMPORAL_SHIFT,scope_broaden,True,False,True
ntx3-000968-1,g-000968,hin_Latn,MEDIUM,TEMPORAL_SHIFT,scope_broaden+vendor_shift,True,True,True
ntx3-000968-2,g-000968,tel_Latn,MEDIUM,TEMPORAL_SHIFT,clean,False,False,False
ntx3-000968-2,g-000968,tel_Latn,MEDIUM,TEMPORAL_SHIFT,vendor_shift,True,True,True
ntx3-000968-2,g-000968,tel_Latn,MEDIUM,TEMPORAL_SHIFT,year_shift,True,True,True
ntx3-000968-2,g-000968,tel_Latn,MEDIUM,TEMPORAL_SHIFT,month_shift,True,True,True
ntx3-000968-2,g-000968,tel_Latn,MEDIUM,TEMPORAL_SHIFT,scope_broaden,True,False,True
ntx3-000968-2,g-000968,tel_Latn,MEDIUM,TEMPORAL_SHIFT,scope_broaden+vendor_shift,True,True,True
ntx3-000968-3,g-000968,tel_Telu,MEDIUM,TEMPORAL_SHIFT,clean,False,False,False
ntx3-000968-3,g-000968,tel_Telu,MEDIUM,TEMPORAL_SHIFT,vendor_shift,True,True,True
ntx3-000968-3,g-000968,tel_Telu,MEDIUM,TEMPORAL_SHIFT,year_shift,True,True,True
ntx3-000968-3,g-000968,tel_Telu,MEDIUM,TEMPORAL_SHIFT,month_shift,True,True,True
ntx3-000968-3,g-000968,tel_Telu,MEDIUM,TEMPORAL_SHIFT,scope_broaden,True,False,True
ntx3-000968-3,g-000968,tel_Telu,MEDIUM,TEMPORAL_SHIFT,scope_broaden+vendor_shift,True,True,True
ntx3-000213-0,g-000213,eng_Latn,MEDIUM,TEMPORAL_SHIFT,clean,False,False,False
ntx3-000213-0,g-000213,eng_Latn,MEDIUM,TEMPORAL_SHIFT,vendor_shift,True,True,True
ntx3-000213-0,g-000213,eng_Latn,MEDIUM,TEMPORAL_SHIFT,year_shift,True,True,True
ntx3-000213-0,g-000213,eng_Latn,MEDIUM,TEMPORAL_SHIFT,month_shift,True,True,True
ntx3-000213-0,g-000213,eng_Latn,MEDIUM,TEMPORAL_SHIFT,scope_broaden,True,False,True
ntx3-000213-0,g-000213,eng_Latn,MEDIUM,TEMPORAL_SHIFT,scope_broaden+vendor_shift,True,True,True
ntx3-000213-1,g-000213,hin_Latn,MEDIUM,TEMPORAL_SHIFT,clean,False,False,False
ntx3-000213-1,g-000213,hin_Latn,MEDIUM,TEMPORAL_SHIFT,vendor_shift,True,True,True
ntx3-000213-1,g-000213,hin_Latn,MEDIUM,TEMPORAL_SHIFT,year_shift,True,True,True
ntx3-000213-1,g-000213,hin_Latn,MEDIUM,TEMPORAL_SHIFT,month_shift,True,True,True
ntx3-000213-1,g-000213,hin_Latn,MEDIUM,TEMPORAL_SHIFT,scope_broaden,True,False,True
ntx3-000213-1,g-000213,hin_Latn,MEDIUM,TEMPORAL_SHIFT,scope_broaden+vendor_shift,True,True,True
ntx3-000213-2,g-000213,tel_Latn,MEDIUM,TEMPORAL_SHIFT,clean,False,False,False
ntx3-000213-2,g-000213,tel_Latn,MEDIUM,TEMPORAL_SHIFT,vendor_shift,True,True,True
ntx3-000213-2,g-000213,tel_Latn,MEDIUM,TEMPORAL_SHIFT,year_shift,True,True,True
ntx3-000213-2,g-000213,tel_Latn,MEDIUM,TEMPORAL_SHIFT,month_shift,True,True,True
ntx3-000213-2,g-000213,tel_Latn,MEDIUM,TEMPORAL_SHIFT,scope_broaden,True,False,True
ntx3-000213-2,g-000213,tel_Latn,MEDIUM,TEMPORAL_SHIFT,scope_broaden+vendor_shift,True,True,True
ntx3-000213-3,g-000213,tel_Telu,MEDIUM,TEMPORAL_SHIFT,clean,False,False,False
ntx3-000213-3,g-000213,tel_Telu,MEDIUM,TEMPORAL_SHIFT,vendor_shift,True,True,True
ntx3-000213-3,g-000213,tel_Telu,MEDIUM,TEMPORAL_SHIFT,year_shift,True,True,True
ntx3-000213-3,g-000213,tel_Telu,MEDIUM,TEMPORAL_SHIFT,month_shift,True,True,True
ntx3-000213-3,g-000213,tel_Telu,MEDIUM,TEMPORAL_SHIFT,scope_broaden,True,False,True
ntx3-000213-3,g-000213,tel_Telu,MEDIUM,TEMPORAL_SHIFT,scope_broaden+vendor_shift,True,True,True
ntx3-002316-0,g-002316,eng_Latn,CRITICAL,TEMPORAL_SHIFT,clean,False,False,False
ntx3-002316-0,g-002316,eng_Latn,CRITICAL,TEMPORAL_SHIFT,vendor_shift,True,True,True
ntx3-002316-0,g-002316,eng_Latn,CRITICAL,TEMPORAL_SHIFT,year_shift,True,True,True
ntx3-002316-0,g-002316,eng_Latn,CRITICAL,TEMPORAL_SHIFT,month_shift,True,True,True
ntx3-002316-0,g-002316,eng_Latn,CRITICAL,TEMPORAL_SHIFT,scope_broaden,True,False,True
ntx3-002316-0,g-002316,eng_Latn,CRITICAL,TEMPORAL_SHIFT,scope_broaden+vendor_shift,True,True,True
ntx3-002316-1,g-002316,hin_Latn,CRITICAL,TEMPORAL_SHIFT,clean,False,False,False
ntx3-002316-1,g-002316,hin_Latn,CRITICAL,TEMPORAL_SHIFT,vendor_shift,True,True,True
ntx3-002316-1,g-002316,hin_Latn,CRITICAL,TEMPORAL_SHIFT,year_shift,True,True,True
ntx3-002316-1,g-002316,hin_Latn,CRITICAL,TEMPORAL_SHIFT,month_shift,True,True,True
ntx3-002316-1,g-002316,hin_Latn,CRITICAL,TEMPORAL_SHIFT,scope_broaden,True,False,True
ntx3-002316-1,g-002316,hin_Latn,CRITICAL,TEMPORAL_SHIFT,scope_broaden+vendor_shift,True,True,True
ntx3-002316-2,g-002316,tel_Latn,CRITICAL,TEMPORAL_SHIFT,clean,False,False,False
ntx3-002316-2,g-002316,tel_Latn,CRITICAL,TEMPORAL_SHIFT,vendor_shift,True,True,True
ntx3-002316-2,g-002316,tel_Latn,CRITICAL,TEMPORAL_SHIFT,year_shift,True,True,True
ntx3-002316-2,g-002316,tel_Latn,CRITICAL,TEMPORAL_SHIFT,month_shift,True,True,True
ntx3-002316-2,g-002316,tel_Latn,CRITICAL,TEMPORAL_SHIFT,scope_broaden,True,False,True
ntx3-002316-2,g-002316,tel_Latn,CRITICAL,TEMPORAL_SHIFT,scope_broaden+vendor_shift,True,True,True
ntx3-002316-3,g-002316,tel_Telu,CRITICAL,TEMPORAL_SHIFT,clean,False,False,False
ntx3-002316-3,g-002316,tel_Telu,CRITICAL,TEMPORAL_SHIFT,vendor_shift,True,True,True
ntx3-002316-3,g-002316,tel_Telu,CRITICAL,TEMPORAL_SHIFT,year_shift,True,True,True
ntx3-002316-3,g-002316,tel_Telu,CRITICAL,TEMPORAL_SHIFT,month_shift,True,True,True
ntx3-002316-3,g-002316,tel_Telu,CRITICAL,TEMPORAL_SHIFT,scope_broaden,True,False,True
ntx3-002316-3,g-002316,tel_Telu,CRITICAL,TEMPORAL_SHIFT,scope_broaden+vendor_shift,True,True,True
ntx3-001129-0,g-001129,eng_Latn,LOW,TEMPORAL_SHIFT,clean,False,False,False
ntx3-001129-0,g-001129,eng_Latn,LOW,TEMPORAL_SHIFT,vendor_shift,True,True,True
ntx3-001129-0,g-001129,eng_Latn,LOW,TEMPORAL_SHIFT,year_shift,True,True,True
ntx3-001129-0,g-001129,eng_Latn,LOW,TEMPORAL_SHIFT,month_shift,True,True,True
ntx3-001129-0,g-001129,eng_Latn,LOW,TEMPORAL_SHIFT,scope_broaden,True,False,True
ntx3-001129-0,g-001129,eng_Latn,LOW,TEMPORAL_SHIFT,scope_broaden+vendor_shift,True,True,True
ntx3-001129-1,g-001129,hin_Latn,LOW,TEMPORAL_SHIFT,clean,False,False,False
ntx3-001129-1,g-001129,hin_Latn,LOW,TEMPORAL_SHIFT,vendor_shift,True,True,True
ntx3-001129-1,g-001129,hin_Latn,LOW,TEMPORAL_SHIFT,year_shift,True,True,True
ntx3-001129-1,g-001129,hin_Latn,LOW,TEMPORAL_SHIFT,month_shift,True,True,True
ntx3-001129-1,g-001129,hin_Latn,LOW,TEMPORAL_SHIFT,scope_broaden,True,False,True
ntx3-001129-1,g-001129,hin_Latn,LOW,TEMPORAL_SHIFT,scope_broaden+vendor_shift,True,True,True
ntx3-001129-2,g-001129,tel_Latn,LOW,TEMPORAL_SHIFT,clean,False,False,False
ntx3-001129-2,g-001129,tel_Latn,LOW,TEMPORAL_SHIFT,vendor_shift,True,True,True
ntx3-001129-2,g-001129,tel_Latn,LOW,TEMPORAL_SHIFT,year_shift,True,True,True
ntx3-001129-2,g-001129,tel_Latn,LOW,TEMPORAL_SHIFT,month_shift,True,True,True
ntx3-001129-2,g-001129,tel_Latn,LOW,TEMPORAL_SHIFT,scope_broaden,True,False,True
ntx3-001129-2,g-001129,tel_Latn,LOW,TEMPORAL_SHIFT,scope_broaden+vendor_shift,True,True,True
ntx3-001129-3,g-001129,tel_Telu,LOW,TEMPORAL_SHIFT,clean,False,False,False
ntx3-001129-3,g-001129,tel_Telu,LOW,TEMPORAL_SHIFT,vendor_shift,True,True,True
ntx3-001129-3,g-001129,tel_Telu,LOW,TEMPORAL_SHIFT,year_shift,True,True,True
ntx3-001129-3,g-001129,tel_Telu,LOW,TEMPORAL_SHIFT,month_shift,True,True,True
ntx3-001129-3,g-001129,tel_Telu,LOW,TEMPORAL_SHIFT,scope_broaden,True,False,True
ntx3-001129-3,g-001129,tel_Telu,LOW,TEMPORAL_SHIFT,scope_broaden+vendor_shift,True,True,True
ntx3-000876-0,g-000876,eng_Latn,HIGH,TEMPORAL_SHIFT,clean,False,False,False
ntx3-000876-0,g-000876,eng_Latn,HIGH,TEMPORAL_SHIFT,vendor_shift,True,True,True
ntx3-000876-0,g-000876,eng_Latn,HIGH,TEMPORAL_SHIFT,year_shift,True,True,True
ntx3-000876-0,g-000876,eng_Latn,HIGH,TEMPORAL_SHIFT,month_shift,True,True,True
ntx3-000876-0,g-000876,eng_Latn,HIGH,TEMPORAL_SHIFT,scope_broaden,True,False,True
ntx3-000876-0,g-000876,eng_Latn,HIGH,TEMPORAL_SHIFT,scope_broaden+vendor_shift,True,True,True
ntx3-000876-1,g-000876,hin_Latn,HIGH,TEMPORAL_SHIFT,clean,False,False,False
ntx3-000876-1,g-000876,hin_Latn,HIGH,TEMPORAL_SHIFT,vendor_shift,True,True,True
ntx3-000876-1,g-000876,hin_Latn,HIGH,TEMPORAL_SHIFT,year_shift,True,True,True
ntx3-000876-1,g-000876,hin_Latn,HIGH,TEMPORAL_SHIFT,month_shift,True,True,True
ntx3-000876-1,g-000876,hin_Latn,HIGH,TEMPORAL_SHIFT,scope_broaden,True,False,True
ntx3-000876-1,g-000876,hin_Latn,HIGH,TEMPORAL_SHIFT,scope_broaden+vendor_shift,True,True,True
ntx3-000876-2,g-000876,tel_Latn,HIGH,TEMPORAL_SHIFT,clean,False,False,False
ntx3-000876-2,g-000876,tel_Latn,HIGH,TEMPORAL_SHIFT,vendor_shift,True,True,True
ntx3-000876-2,g-000876,tel_Latn,HIGH,TEMPORAL_SHIFT,year_shift,True,True,True
ntx3-000876-2,g-000876,tel_Latn,HIGH,TEMPORAL_SHIFT,month_shift,True,True,True
ntx3-000876-2,g-000876,tel_Latn,HIGH,TEMPORAL_SHIFT,scope_broaden,True,False,True
ntx3-000876-2,g-000876,tel_Latn,HIGH,TEMPORAL_SHIFT,scope_broaden+vendor_shift,True,True,True
ntx3-000876-3,g-000876,tel_Telu,HIGH,TEMPORAL_SHIFT,clean,False,False,False
ntx3-000876-3,g-000876,tel_Telu,HIGH,TEMPORAL_SHIFT,vendor_shift,True,True,True
ntx3-000876-3,g-000876,tel_Telu,HIGH,TEMPORAL_SHIFT,year_shift,True,True,True
ntx3-000876-3,g-000876,tel_Telu,HIGH,TEMPORAL_SHIFT,month_shift,True,True,True
ntx3-000876-3,g-000876,tel_Telu,HIGH,TEMPORAL_SHIFT,scope_broaden,True,False,True
ntx3-000876-3,g-000876,tel_Telu,HIGH,TEMPORAL_SHIFT,scope_broaden+vendor_shift,True,True,True
ntx3-001759-0,g-001759,eng_Latn,CRITICAL,TEMPORAL_SHIFT,clean,False,False,False
ntx3-001759-0,g-001759,eng_Latn,CRITICAL,TEMPORAL_SHIFT,vendor_shift,True,True,True
ntx3-001759-0,g-001759,eng_Latn,CRITICAL,TEMPORAL_SHIFT,year_shift,True,True,True
ntx3-001759-0,g-001759,eng_Latn,CRITICAL,TEMPORAL_SHIFT,month_shift,True,True,True
ntx3-001759-0,g-001759,eng_Latn,CRITICAL,TEMPORAL_SHIFT,scope_broaden,True,False,True
ntx3-001759-0,g-001759,eng_Latn,CRITICAL,TEMPORAL_SHIFT,scope_broaden+vendor_shift,True,True,True
ntx3-001759-1,g-001759,hin_Latn,CRITICAL,TEMPORAL_SHIFT,clean,False,False,False
ntx3-001759-1,g-001759,hin_Latn,CRITICAL,TEMPORAL_SHIFT,vendor_shift,True,True,True
ntx3-001759-1,g-001759,hin_Latn,CRITICAL,TEMPORAL_SHIFT,year_shift,True,True,True
ntx3-001759-1,g-001759,hin_Latn,CRITICAL,TEMPORAL_SHIFT,month_shift,True,True,True
ntx3-001759-1,g-001759,hin_Latn,CRITICAL,TEMPORAL_SHIFT,scope_broaden,True,False,True
ntx3-001759-1,g-001759,hin_Latn,CRITICAL,TEMPORAL_SHIFT,scope_broaden+vendor_shift,True,True,True
ntx3-001759-2,g-001759,tel_Latn,CRITICAL,TEMPORAL_SHIFT,clean,False,False,False
ntx3-001759-2,g-001759,tel_Latn,CRITICAL,TEMPORAL_SHIFT,vendor_shift,True,True,True
ntx3-001759-2,g-001759,tel_Latn,CRITICAL,TEMPORAL_SHIFT,year_shift,True,True,True
ntx3-001759-2,g-001759,tel_Latn,CRITICAL,TEMPORAL_SHIFT,month_shift,True,True,True
ntx3-001759-2,g-001759,tel_Latn,CRITICAL,TEMPORAL_SHIFT,scope_broaden,True,False,True
ntx3-001759-2,g-001759,tel_Latn,CRITICAL,TEMPORAL_SHIFT,scope_broaden+vendor_shift,True,True,True
ntx3-001759-3,g-001759,tel_Telu,CRITICAL,TEMPORAL_SHIFT,clean,False,False,False
ntx3-001759-3,g-001759,tel_Telu,CRITICAL,TEMPORAL_SHIFT,vendor_shift,True,True,True
ntx3-001759-3,g-001759,tel_Telu,CRITICAL,TEMPORAL_SHIFT,year_shift,True,True,True
ntx3-001759-3,g-001759,tel_Telu,CRITICAL,TEMPORAL_SHIFT,month_shift,True,True,True
ntx3-001759-3,g-001759,tel_Telu,CRITICAL,TEMPORAL_SHIFT,scope_broaden,True,False,True
ntx3-001759-3,g-001759,tel_Telu,CRITICAL,TEMPORAL_SHIFT,scope_broaden+vendor_shift,True,True,True
ntx3-002329-0,g-002329,eng_Latn,MEDIUM,TEMPORAL_SHIFT,clean,False,False,False
ntx3-002329-0,g-002329,eng_Latn,MEDIUM,TEMPORAL_SHIFT,vendor_shift,True,True,True
ntx3-002329-0,g-002329,eng_Latn,MEDIUM,TEMPORAL_SHIFT,year_shift,True,True,True
ntx3-002329-0,g-002329,eng_Latn,MEDIUM,TEMPORAL_SHIFT,month_shift,True,True,True
ntx3-002329-0,g-002329,eng_Latn,MEDIUM,TEMPORAL_SHIFT,scope_broaden,True,False,True
ntx3-002329-0,g-002329,eng_Latn,MEDIUM,TEMPORAL_SHIFT,scope_broaden+vendor_shift,True,True,True
ntx3-002329-1,g-002329,hin_Latn,MEDIUM,TEMPORAL_SHIFT,clean,False,False,False
ntx3-002329-1,g-002329,hin_Latn,MEDIUM,TEMPORAL_SHIFT,vendor_shift,True,True,True
ntx3-002329-1,g-002329,hin_Latn,MEDIUM,TEMPORAL_SHIFT,year_shift,True,True,True
ntx3-002329-1,g-002329,hin_Latn,MEDIUM,TEMPORAL_SHIFT,month_shift,True,True,True
ntx3-002329-1,g-002329,hin_Latn,MEDIUM,TEMPORAL_SHIFT,scope_broaden,True,False,True
ntx3-002329-1,g-002329,hin_Latn,MEDIUM,TEMPORAL_SHIFT,scope_broaden+vendor_shift,True,True,True
ntx3-002329-2,g-002329,tel_Latn,MEDIUM,TEMPORAL_SHIFT,clean,False,False,False
ntx3-002329-2,g-002329,tel_Latn,MEDIUM,TEMPORAL_SHIFT,vendor_shift,True,True,True
ntx3-002329-2,g-002329,tel_Latn,MEDIUM,TEMPORAL_SHIFT,year_shift,True,True,True
ntx3-002329-2,g-002329,tel_Latn,MEDIUM,TEMPORAL_SHIFT,month_shift,True,True,True
ntx3-002329-2,g-002329,tel_Latn,MEDIUM,TEMPORAL_SHIFT,scope_broaden,True,False,True
ntx3-002329-2,g-002329,tel_Latn,MEDIUM,TEMPORAL_SHIFT,scope_broaden+vendor_shift,True,True,True
ntx3-002329-3,g-002329,tel_Telu,MEDIUM,TEMPORAL_SHIFT,clean,False,False,False
ntx3-002329-3,g-002329,tel_Telu,MEDIUM,TEMPORAL_SHIFT,vendor_shift,True,True,True
ntx3-002329-3,g-002329,tel_Telu,MEDIUM,TEMPORAL_SHIFT,year_shift,True,True,True
ntx3-002329-3,g-002329,tel_Telu,MEDIUM,TEMPORAL_SHIFT,month_shift,True,True,True
ntx3-002329-3,g-002329,tel_Telu,MEDIUM,TEMPORAL_SHIFT,scope_broaden,True,False,True
ntx3-002329-3,g-002329,tel_Telu,MEDIUM,TEMPORAL_SHIFT,scope_broaden+vendor_shift,True,True,True
ntx3-001012-0,g-001012,eng_Latn,MEDIUM,TEMPORAL_SHIFT,clean,False,False,False
ntx3-001012-0,g-001012,eng_Latn,MEDIUM,TEMPORAL_SHIFT,vendor_shift,True,True,True
ntx3-001012-0,g-001012,eng_Latn,MEDIUM,TEMPORAL_SHIFT,year_shift,True,True,True
ntx3-001012-0,g-001012,eng_Latn,MEDIUM,TEMPORAL_SHIFT,month_shift,True,True,True
ntx3-001012-0,g-001012,eng_Latn,MEDIUM,TEMPORAL_SHIFT,scope_broaden,True,False,True
ntx3-001012-0,g-001012,eng_Latn,MEDIUM,TEMPORAL_SHIFT,scope_broaden+vendor_shift,True,True,True
ntx3-001012-1,g-001012,hin_Latn,MEDIUM,TEMPORAL_SHIFT,clean,False,False,False
ntx3-001012-1,g-001012,hin_Latn,MEDIUM,TEMPORAL_SHIFT,vendor_shift,True,True,True
ntx3-001012-1,g-001012,hin_Latn,MEDIUM,TEMPORAL_SHIFT,year_shift,True,True,True
ntx3-001012-1,g-001012,hin_Latn,MEDIUM,TEMPORAL_SHIFT,month_shift,True,True,True
ntx3-001012-1,g-001012,hin_Latn,MEDIUM,TEMPORAL_SHIFT,scope_broaden,True,False,True
ntx3-001012-1,g-001012,hin_Latn,MEDIUM,TEMPORAL_SHIFT,scope_broaden+vendor_shift,True,True,True
ntx3-001012-2,g-001012,tel_Latn,MEDIUM,TEMPORAL_SHIFT,clean,False,False,False
ntx3-001012-2,g-001012,tel_Latn,MEDIUM,TEMPORAL_SHIFT,vendor_shift,True,True,True
ntx3-001012-2,g-001012,tel_Latn,MEDIUM,TEMPORAL_SHIFT,year_shift,True,True,True
ntx3-001012-2,g-001012,tel_Latn,MEDIUM,TEMPORAL_SHIFT,month_shift,True,True,True
ntx3-001012-2,g-001012,tel_Latn,MEDIUM,TEMPORAL_SHIFT,scope_broaden,True,False,True
ntx3-001012-2,g-001012,tel_Latn,MEDIUM,TEMPORAL_SHIFT,scope_broaden+vendor_shift,True,True,True
ntx3-001012-3,g-001012,tel_Telu,MEDIUM,TEMPORAL_SHIFT,clean,False,False,False
ntx3-001012-3,g-001012,tel_Telu,MEDIUM,TEMPORAL_SHIFT,vendor_shift,True,True,True
ntx3-001012-3,g-001012,tel_Telu,MEDIUM,TEMPORAL_SHIFT,year_shift,True,True,True
ntx3-001012-3,g-001012,tel_Telu,MEDIUM,TEMPORAL_SHIFT,month_shift,True,True,True
ntx3-001012-3,g-001012,tel_Telu,MEDIUM,TEMPORAL_SHIFT,scope_broaden,True,False,True
ntx3-001012-3,g-001012,tel_Telu,MEDIUM,TEMPORAL_SHIFT,scope_broaden+vendor_shift,True,True,True
ntx3-001263-0,g-001263,eng_Latn,LOW,TEMPORAL_SHIFT,clean,False,False,False
ntx3-001263-0,g-001263,eng_Latn,LOW,TEMPORAL_SHIFT,vendor_shift,True,True,True
ntx3-001263-0,g-001263,eng_Latn,LOW,TEMPORAL_SHIFT,year_shift,True,True,True
ntx3-001263-0,g-001263,eng_Latn,LOW,TEMPORAL_SHIFT,month_shift,True,True,True
ntx3-001263-0,g-001263,eng_Latn,LOW,TEMPORAL_SHIFT,scope_broaden,True,False,True
ntx3-001263-0,g-001263,eng_Latn,LOW,TEMPORAL_SHIFT,scope_broaden+vendor_shift,True,True,True
ntx3-001263-1,g-001263,hin_Latn,LOW,TEMPORAL_SHIFT,clean,False,False,False
ntx3-001263-1,g-001263,hin_Latn,LOW,TEMPORAL_SHIFT,vendor_shift,True,True,True
ntx3-001263-1,g-001263,hin_Latn,LOW,TEMPORAL_SHIFT,year_shift,True,True,True
ntx3-001263-1,g-001263,hin_Latn,LOW,TEMPORAL_SHIFT,month_shift,True,True,True
ntx3-001263-1,g-001263,hin_Latn,LOW,TEMPORAL_SHIFT,scope_broaden,True,False,True
ntx3-001263-1,g-001263,hin_Latn,LOW,TEMPORAL_SHIFT,scope_broaden+vendor_shift,True,True,True
ntx3-001263-2,g-001263,tel_Latn,LOW,TEMPORAL_SHIFT,clean,False,False,False
ntx3-001263-2,g-001263,tel_Latn,LOW,TEMPORAL_SHIFT,vendor_shift,True,True,True
ntx3-001263-2,g-001263,tel_Latn,LOW,TEMPORAL_SHIFT,year_shift,True,True,True
ntx3-001263-2,g-001263,tel_Latn,LOW,TEMPORAL_SHIFT,month_shift,True,True,True
ntx3-001263-2,g-001263,tel_Latn,LOW,TEMPORAL_SHIFT,scope_broaden,True,False,True
ntx3-001263-2,g-001263,tel_Latn,LOW,TEMPORAL_SHIFT,scope_broaden+vendor_shift,True,True,True
ntx3-001263-3,g-001263,tel_Telu,LOW,TEMPORAL_SHIFT,clean,False,False,False
ntx3-001263-3,g-001263,tel_Telu,LOW,TEMPORAL_SHIFT,vendor_shift,True,True,True
ntx3-001263-3,g-001263,tel_Telu,LOW,TEMPORAL_SHIFT,year_shift,True,True,True
ntx3-001263-3,g-001263,tel_Telu,LOW,TEMPORAL_SHIFT,month_shift,True,True,True
ntx3-001263-3,g-001263,tel_Telu,LOW,TEMPORAL_SHIFT,scope_broaden,True,False,True
ntx3-001263-3,g-001263,tel_Telu,LOW,TEMPORAL_SHIFT,scope_broaden+vendor_shift,True,True,True
ntx3-002050-0,g-002050,eng_Latn,LOW,TEMPORAL_SHIFT,clean,False,False,False
ntx3-002050-0,g-002050,eng_Latn,LOW,TEMPORAL_SHIFT,vendor_shift,True,True,True
ntx3-002050-0,g-002050,eng_Latn,LOW,TEMPORAL_SHIFT,year_shift,True,True,True
ntx3-002050-0,g-002050,eng_Latn,LOW,TEMPORAL_SHIFT,month_shift,True,True,True
ntx3-002050-0,g-002050,eng_Latn,LOW,TEMPORAL_SHIFT,scope_broaden,True,False,True
ntx3-002050-0,g-002050,eng_Latn,LOW,TEMPORAL_SHIFT,scope_broaden+vendor_shift,True,True,True
ntx3-002050-1,g-002050,hin_Latn,LOW,TEMPORAL_SHIFT,clean,False,False,False
ntx3-002050-1,g-002050,hin_Latn,LOW,TEMPORAL_SHIFT,vendor_shift,True,True,True
ntx3-002050-1,g-002050,hin_Latn,LOW,TEMPORAL_SHIFT,year_shift,True,True,True
ntx3-002050-1,g-002050,hin_Latn,LOW,TEMPORAL_SHIFT,month_shift,True,True,True
ntx3-002050-1,g-002050,hin_Latn,LOW,TEMPORAL_SHIFT,scope_broaden,True,False,True
ntx3-002050-1,g-002050,hin_Latn,LOW,TEMPORAL_SHIFT,scope_broaden+vendor_shift,True,True,True
ntx3-002050-2,g-002050,tel_Latn,LOW,TEMPORAL_SHIFT,clean,False,False,False
ntx3-002050-2,g-002050,tel_Latn,LOW,TEMPORAL_SHIFT,vendor_shift,True,True,True
ntx3-002050-2,g-002050,tel_Latn,LOW,TEMPORAL_SHIFT,year_shift,True,True,True
ntx3-002050-2,g-002050,tel_Latn,LOW,TEMPORAL_SHIFT,month_shift,True,True,True
ntx3-002050-2,g-002050,tel_Latn,LOW,TEMPORAL_SHIFT,scope_broaden,True,False,True
ntx3-002050-2,g-002050,tel_Latn,LOW,TEMPORAL_SHIFT,scope_broaden+vendor_shift,True,True,True
ntx3-002050-3,g-002050,tel_Telu,LOW,TEMPORAL_SHIFT,clean,False,False,False
ntx3-002050-3,g-002050,tel_Telu,LOW,TEMPORAL_SHIFT,vendor_shift,True,True,True
ntx3-002050-3,g-002050,tel_Telu,LOW,TEMPORAL_SHIFT,year_shift,True,True,True
ntx3-002050-3,g-002050,tel_Telu,LOW,TEMPORAL_SHIFT,month_shift,True,True,True
ntx3-002050-3,g-002050,tel_Telu,LOW,TEMPORAL_SHIFT,scope_broaden,True,False,True
ntx3-002050-3,g-002050,tel_Telu,LOW,TEMPORAL_SHIFT,scope_broaden+vendor_shift,True,True,True
ntx3-001045-0,g-001045,eng_Latn,MEDIUM,TEMPORAL_SHIFT,clean,False,False,False
ntx3-001045-0,g-001045,eng_Latn,MEDIUM,TEMPORAL_SHIFT,vendor_shift,True,True,True
ntx3-001045-0,g-001045,eng_Latn,MEDIUM,TEMPORAL_SHIFT,year_shift,True,True,True
ntx3-001045-0,g-001045,eng_Latn,MEDIUM,TEMPORAL_SHIFT,month_shift,True,True,True
ntx3-001045-0,g-001045,eng_Latn,MEDIUM,TEMPORAL_SHIFT,scope_broaden,True,False,True
ntx3-001045-0,g-001045,eng_Latn,MEDIUM,TEMPORAL_SHIFT,scope_broaden+vendor_shift,True,True,True
ntx3-001045-1,g-001045,hin_Latn,MEDIUM,TEMPORAL_SHIFT,clean,False,False,False
ntx3-001045-1,g-001045,hin_Latn,MEDIUM,TEMPORAL_SHIFT,vendor_shift,True,True,True
ntx3-001045-1,g-001045,hin_Latn,MEDIUM,TEMPORAL_SHIFT,year_shift,True,True,True
ntx3-001045-1,g-001045,hin_Latn,MEDIUM,TEMPORAL_SHIFT,month_shift,True,True,True
ntx3-001045-1,g-001045,hin_Latn,MEDIUM,TEMPORAL_SHIFT,scope_broaden,True,False,True
ntx3-001045-1,g-001045,hin_Latn,MEDIUM,TEMPORAL_SHIFT,scope_broaden+vendor_shift,True,True,True
ntx3-001045-2,g-001045,tel_Latn,MEDIUM,TEMPORAL_SHIFT,clean,False,False,False
ntx3-001045-2,g-001045,tel_Latn,MEDIUM,TEMPORAL_SHIFT,vendor_shift,True,True,True
ntx3-001045-2,g-001045,tel_Latn,MEDIUM,TEMPORAL_SHIFT,year_shift,True,True,True
ntx3-001045-2,g-001045,tel_Latn,MEDIUM,TEMPORAL_SHIFT,month_shift,True,True,True
ntx3-001045-2,g-001045,tel_Latn,MEDIUM,TEMPORAL_SHIFT,scope_broaden,True,False,True
ntx3-001045-2,g-001045,tel_Latn,MEDIUM,TEMPORAL_SHIFT,scope_broaden+vendor_shift,True,True,True
ntx3-001045-3,g-001045,tel_Telu,MEDIUM,TEMPORAL_SHIFT,clean,False,False,False
ntx3-001045-3,g-001045,tel_Telu,MEDIUM,TEMPORAL_SHIFT,vendor_shift,True,True,True
ntx3-001045-3,g-001045,tel_Telu,MEDIUM,TEMPORAL_SHIFT,year_shift,True,True,True
ntx3-001045-3,g-001045,tel_Telu,MEDIUM,TEMPORAL_SHIFT,month_shift,True,True,True
ntx3-001045-3,g-001045,tel_Telu,MEDIUM,TEMPORAL_SHIFT,scope_broaden,True,False,True
ntx3-001045-3,g-001045,tel_Telu,MEDIUM,TEMPORAL_SHIFT,scope_broaden+vendor_shift,True,True,True
ntx3-002194-0,g-002194,eng_Latn,MEDIUM,TEMPORAL_SHIFT,clean,False,False,False
ntx3-002194-0,g-002194,eng_Latn,MEDIUM,TEMPORAL_SHIFT,vendor_shift,True,True,True
ntx3-002194-0,g-002194,eng_Latn,MEDIUM,TEMPORAL_SHIFT,year_shift,True,True,True
ntx3-002194-0,g-002194,eng_Latn,MEDIUM,TEMPORAL_SHIFT,month_shift,True,True,True
ntx3-002194-0,g-002194,eng_Latn,MEDIUM,TEMPORAL_SHIFT,scope_broaden,True,False,True
ntx3-002194-0,g-002194,eng_Latn,MEDIUM,TEMPORAL_SHIFT,scope_broaden+vendor_shift,True,True,True
ntx3-002194-1,g-002194,hin_Latn,MEDIUM,TEMPORAL_SHIFT,clean,False,False,False
ntx3-002194-1,g-002194,hin_Latn,MEDIUM,TEMPORAL_SHIFT,vendor_shift,True,True,True
ntx3-002194-1,g-002194,hin_Latn,MEDIUM,TEMPORAL_SHIFT,year_shift,True,True,True
ntx3-002194-1,g-002194,hin_Latn,MEDIUM,TEMPORAL_SHIFT,month_shift,True,True,True
ntx3-002194-1,g-002194,hin_Latn,MEDIUM,TEMPORAL_SHIFT,scope_broaden,True,False,True
ntx3-002194-1,g-002194,hin_Latn,MEDIUM,TEMPORAL_SHIFT,scope_broaden+vendor_shift,True,True,True
ntx3-002194-2,g-002194,tel_Latn,MEDIUM,TEMPORAL_SHIFT,clean,False,False,False
ntx3-002194-2,g-002194,tel_Latn,MEDIUM,TEMPORAL_SHIFT,vendor_shift,True,True,True
ntx3-002194-2,g-002194,tel_Latn,MEDIUM,TEMPORAL_SHIFT,year_shift,True,True,True
ntx3-002194-2,g-002194,tel_Latn,MEDIUM,TEMPORAL_SHIFT,month_shift,True,True,True
ntx3-002194-2,g-002194,tel_Latn,MEDIUM,TEMPORAL_SHIFT,scope_broaden,True,False,True
ntx3-002194-2,g-002194,tel_Latn,MEDIUM,TEMPORAL_SHIFT,scope_broaden+vendor_shift,True,True,True
ntx3-002194-3,g-002194,tel_Telu,MEDIUM,TEMPORAL_SHIFT,clean,False,False,False
ntx3-002194-3,g-002194,tel_Telu,MEDIUM,TEMPORAL_SHIFT,vendor_shift,True,True,True
ntx3-002194-3,g-002194,tel_Telu,MEDIUM,TEMPORAL_SHIFT,year_shift,True,True,True
ntx3-002194-3,g-002194,tel_Telu,MEDIUM,TEMPORAL_SHIFT,month_shift,True,True,True
ntx3-002194-3,g-002194,tel_Telu,MEDIUM,TEMPORAL_SHIFT,scope_broaden,True,False,True
ntx3-002194-3,g-002194,tel_Telu,MEDIUM,TEMPORAL_SHIFT,scope_broaden+vendor_shift,True,True,True
ntx3-000772-0,g-000772,eng_Latn,HIGH,TEMPORAL_SHIFT,clean,False,False,False
ntx3-000772-0,g-000772,eng_Latn,HIGH,TEMPORAL_SHIFT,vendor_shift,True,True,True
ntx3-000772-0,g-000772,eng_Latn,HIGH,TEMPORAL_SHIFT,year_shift,True,True,True
ntx3-000772-0,g-000772,eng_Latn,HIGH,TEMPORAL_SHIFT,month_shift,True,True,True
ntx3-000772-0,g-000772,eng_Latn,HIGH,TEMPORAL_SHIFT,scope_broaden,True,False,True
ntx3-000772-0,g-000772,eng_Latn,HIGH,TEMPORAL_SHIFT,scope_broaden+vendor_shift,True,True,True
ntx3-000772-1,g-000772,hin_Latn,HIGH,TEMPORAL_SHIFT,clean,False,False,False
ntx3-000772-1,g-000772,hin_Latn,HIGH,TEMPORAL_SHIFT,vendor_shift,True,True,True
ntx3-000772-1,g-000772,hin_Latn,HIGH,TEMPORAL_SHIFT,year_shift,True,True,True
ntx3-000772-1,g-000772,hin_Latn,HIGH,TEMPORAL_SHIFT,month_shift,True,True,True
ntx3-000772-1,g-000772,hin_Latn,HIGH,TEMPORAL_SHIFT,scope_broaden,True,False,True
ntx3-000772-1,g-000772,hin_Latn,HIGH,TEMPORAL_SHIFT,scope_broaden+vendor_shift,True,True,True
ntx3-000772-2,g-000772,tel_Latn,HIGH,TEMPORAL_SHIFT,clean,False,False,False
ntx3-000772-2,g-000772,tel_Latn,HIGH,TEMPORAL_SHIFT,vendor_shift,True,True,True
ntx3-000772-2,g-000772,tel_Latn,HIGH,TEMPORAL_SHIFT,year_shift,True,True,True
ntx3-000772-2,g-000772,tel_Latn,HIGH,TEMPORAL_SHIFT,month_shift,True,True,True
ntx3-000772-2,g-000772,tel_Latn,HIGH,TEMPORAL_SHIFT,scope_broaden,True,False,True
ntx3-000772-2,g-000772,tel_Latn,HIGH,TEMPORAL_SHIFT,scope_broaden+vendor_shift,True,True,True
ntx3-000772-3,g-000772,tel_Telu,HIGH,TEMPORAL_SHIFT,clean,False,False,False
ntx3-000772-3,g-000772,tel_Telu,HIGH,TEMPORAL_SHIFT,vendor_shift,True,True,True
ntx3-000772-3,g-000772,tel_Telu,HIGH,TEMPORAL_SHIFT,year_shift,True,True,True
ntx3-000772-3,g-000772,tel_Telu,HIGH,TEMPORAL_SHIFT,month_shift,True,True,True
ntx3-000772-3,g-000772,tel_Telu,HIGH,TEMPORAL_SHIFT,scope_broaden,True,False,True
ntx3-000772-3,g-000772,tel_Telu,HIGH,TEMPORAL_SHIFT,scope_broaden+vendor_shift,True,True,True
ntx3-001825-0,g-001825,eng_Latn,HIGH,TEMPORAL_SHIFT,clean,False,False,False
ntx3-001825-0,g-001825,eng_Latn,HIGH,TEMPORAL_SHIFT,vendor_shift,True,True,True
ntx3-001825-0,g-001825,eng_Latn,HIGH,TEMPORAL_SHIFT,year_shift,True,True,True
ntx3-001825-0,g-001825,eng_Latn,HIGH,TEMPORAL_SHIFT,month_shift,True,True,True
ntx3-001825-0,g-001825,eng_Latn,HIGH,TEMPORAL_SHIFT,scope_broaden,True,False,True
ntx3-001825-0,g-001825,eng_Latn,HIGH,TEMPORAL_SHIFT,scope_broaden+vendor_shift,True,True,True
ntx3-001825-1,g-001825,hin_Latn,HIGH,TEMPORAL_SHIFT,clean,False,False,False
ntx3-001825-1,g-001825,hin_Latn,HIGH,TEMPORAL_SHIFT,vendor_shift,True,True,True
ntx3-001825-1,g-001825,hin_Latn,HIGH,TEMPORAL_SHIFT,year_shift,True,True,True
ntx3-001825-1,g-001825,hin_Latn,HIGH,TEMPORAL_SHIFT,month_shift,True,True,True
ntx3-001825-1,g-001825,hin_Latn,HIGH,TEMPORAL_SHIFT,scope_broaden,True,False,True
ntx3-001825-1,g-001825,hin_Latn,HIGH,TEMPORAL_SHIFT,scope_broaden+vendor_shift,True,True,True
ntx3-001825-2,g-001825,tel_Latn,HIGH,TEMPORAL_SHIFT,clean,False,False,False
ntx3-001825-2,g-001825,tel_Latn,HIGH,TEMPORAL_SHIFT,vendor_shift,True,True,True
ntx3-001825-2,g-001825,tel_Latn,HIGH,TEMPORAL_SHIFT,year_shift,True,True,True
ntx3-001825-2,g-001825,tel_Latn,HIGH,TEMPORAL_SHIFT,month_shift,True,True,True
ntx3-001825-2,g-001825,tel_Latn,HIGH,TEMPORAL_SHIFT,scope_broaden,True,False,True
ntx3-001825-2,g-001825,tel_Latn,HIGH,TEMPORAL_SHIFT,scope_broaden+vendor_shift,True,True,True
ntx3-001825-3,g-001825,tel_Telu,HIGH,TEMPORAL_SHIFT,clean,False,False,False
ntx3-001825-3,g-001825,tel_Telu,HIGH,TEMPORAL_SHIFT,vendor_shift,True,True,True
ntx3-001825-3,g-001825,tel_Telu,HIGH,TEMPORAL_SHIFT,year_shift,True,True,True
ntx3-001825-3,g-001825,tel_Telu,HIGH,TEMPORAL_SHIFT,month_shift,True,True,True
ntx3-001825-3,g-001825,tel_Telu,HIGH,TEMPORAL_SHIFT,scope_broaden,True,False,True
ntx3-001825-3,g-001825,tel_Telu,HIGH,TEMPORAL_SHIFT,scope_broaden+vendor_shift,True,True,True
ntx3-002191-0,g-002191,eng_Latn,MEDIUM,TEMPORAL_SHIFT,clean,False,False,False
ntx3-002191-0,g-002191,eng_Latn,MEDIUM,TEMPORAL_SHIFT,vendor_shift,True,True,True
ntx3-002191-0,g-002191,eng_Latn,MEDIUM,TEMPORAL_SHIFT,year_shift,True,True,True
ntx3-002191-0,g-002191,eng_Latn,MEDIUM,TEMPORAL_SHIFT,month_shift,True,True,True
ntx3-002191-0,g-002191,eng_Latn,MEDIUM,TEMPORAL_SHIFT,scope_broaden,True,False,True
ntx3-002191-0,g-002191,eng_Latn,MEDIUM,TEMPORAL_SHIFT,scope_broaden+vendor_shift,True,True,True
ntx3-002191-1,g-002191,hin_Latn,MEDIUM,TEMPORAL_SHIFT,clean,False,False,False
ntx3-002191-1,g-002191,hin_Latn,MEDIUM,TEMPORAL_SHIFT,vendor_shift,True,True,True
ntx3-002191-1,g-002191,hin_Latn,MEDIUM,TEMPORAL_SHIFT,year_shift,True,True,True
ntx3-002191-1,g-002191,hin_Latn,MEDIUM,TEMPORAL_SHIFT,month_shift,True,True,True
ntx3-002191-1,g-002191,hin_Latn,MEDIUM,TEMPORAL_SHIFT,scope_broaden,True,False,True
ntx3-002191-1,g-002191,hin_Latn,MEDIUM,TEMPORAL_SHIFT,scope_broaden+vendor_shift,True,True,True
ntx3-002191-2,g-002191,tel_Latn,MEDIUM,TEMPORAL_SHIFT,clean,False,False,False
ntx3-002191-2,g-002191,tel_Latn,MEDIUM,TEMPORAL_SHIFT,vendor_shift,True,True,True
ntx3-002191-2,g-002191,tel_Latn,MEDIUM,TEMPORAL_SHIFT,year_shift,True,True,True
ntx3-002191-2,g-002191,tel_Latn,MEDIUM,TEMPORAL_SHIFT,month_shift,True,True,True
ntx3-002191-2,g-002191,tel_Latn,MEDIUM,TEMPORAL_SHIFT,scope_broaden,True,False,True
ntx3-002191-2,g-002191,tel_Latn,MEDIUM,TEMPORAL_SHIFT,scope_broaden+vendor_shift,True,True,True
ntx3-002191-3,g-002191,tel_Telu,MEDIUM,TEMPORAL_SHIFT,clean,False,False,False
ntx3-002191-3,g-002191,tel_Telu,MEDIUM,TEMPORAL_SHIFT,vendor_shift,True,True,True
ntx3-002191-3,g-002191,tel_Telu,MEDIUM,TEMPORAL_SHIFT,year_shift,True,True,True
ntx3-002191-3,g-002191,tel_Telu,MEDIUM,TEMPORAL_SHIFT,month_shift,True,True,True
ntx3-002191-3,g-002191,tel_Telu,MEDIUM,TEMPORAL_SHIFT,scope_broaden,True,False,True
ntx3-002191-3,g-002191,tel_Telu,MEDIUM,TEMPORAL_SHIFT,scope_broaden+vendor_shift,True,True,True
ntx3-002272-0,g-002272,eng_Latn,LOW,TEMPORAL_SHIFT,clean,False,False,False
ntx3-002272-0,g-002272,eng_Latn,LOW,TEMPORAL_SHIFT,vendor_shift,True,True,True
ntx3-002272-0,g-002272,eng_Latn,LOW,TEMPORAL_SHIFT,year_shift,True,True,True
ntx3-002272-0,g-002272,eng_Latn,LOW,TEMPORAL_SHIFT,month_shift,True,True,True
ntx3-002272-0,g-002272,eng_Latn,LOW,TEMPORAL_SHIFT,scope_broaden,True,False,True
ntx3-002272-0,g-002272,eng_Latn,LOW,TEMPORAL_SHIFT,scope_broaden+vendor_shift,True,True,True
ntx3-002272-1,g-002272,hin_Latn,LOW,TEMPORAL_SHIFT,clean,False,False,False
ntx3-002272-1,g-002272,hin_Latn,LOW,TEMPORAL_SHIFT,vendor_shift,True,True,True
ntx3-002272-1,g-002272,hin_Latn,LOW,TEMPORAL_SHIFT,year_shift,True,True,True
ntx3-002272-1,g-002272,hin_Latn,LOW,TEMPORAL_SHIFT,month_shift,True,True,True
ntx3-002272-1,g-002272,hin_Latn,LOW,TEMPORAL_SHIFT,scope_broaden,True,False,True
ntx3-002272-1,g-002272,hin_Latn,LOW,TEMPORAL_SHIFT,scope_broaden+vendor_shift,True,True,True
ntx3-002272-2,g-002272,tel_Latn,LOW,TEMPORAL_SHIFT,clean,False,False,False
ntx3-002272-2,g-002272,tel_Latn,LOW,TEMPORAL_SHIFT,vendor_shift,True,True,True
ntx3-002272-2,g-002272,tel_Latn,LOW,TEMPORAL_SHIFT,year_shift,True,True,True
ntx3-002272-2,g-002272,tel_Latn,LOW,TEMPORAL_SHIFT,month_shift,True,True,True
ntx3-002272-2,g-002272,tel_Latn,LOW,TEMPORAL_SHIFT,scope_broaden,True,False,True
ntx3-002272-2,g-002272,tel_Latn,LOW,TEMPORAL_SHIFT,scope_broaden+vendor_shift,True,True,True
ntx3-002272-3,g-002272,tel_Telu,LOW,TEMPORAL_SHIFT,clean,False,False,False
ntx3-002272-3,g-002272,tel_Telu,LOW,TEMPORAL_SHIFT,vendor_shift,True,True,True
ntx3-002272-3,g-002272,tel_Telu,LOW,TEMPORAL_SHIFT,year_shift,True,True,True
ntx3-002272-3,g-002272,tel_Telu,LOW,TEMPORAL_SHIFT,month_shift,True,True,True
ntx3-002272-3,g-002272,tel_Telu,LOW,TEMPORAL_SHIFT,scope_broaden,True,False,True
ntx3-002272-3,g-002272,tel_Telu,LOW,TEMPORAL_SHIFT,scope_broaden+vendor_shift,True,True,True
ntx3-002023-0,g-002023,eng_Latn,HIGH,TEMPORAL_SHIFT,clean,False,False,False
ntx3-002023-0,g-002023,eng_Latn,HIGH,TEMPORAL_SHIFT,vendor_shift,True,True,True
ntx3-002023-0,g-002023,eng_Latn,HIGH,TEMPORAL_SHIFT,year_shift,True,True,True
ntx3-002023-0,g-002023,eng_Latn,HIGH,TEMPORAL_SHIFT,month_shift,True,True,True
ntx3-002023-0,g-002023,eng_Latn,HIGH,TEMPORAL_SHIFT,scope_broaden,True,False,True
ntx3-002023-0,g-002023,eng_Latn,HIGH,TEMPORAL_SHIFT,scope_broaden+vendor_shift,True,True,True
ntx3-002023-1,g-002023,hin_Latn,HIGH,TEMPORAL_SHIFT,clean,False,False,False
ntx3-002023-1,g-002023,hin_Latn,HIGH,TEMPORAL_SHIFT,vendor_shift,True,True,True
ntx3-002023-1,g-002023,hin_Latn,HIGH,TEMPORAL_SHIFT,year_shift,True,True,True
ntx3-002023-1,g-002023,hin_Latn,HIGH,TEMPORAL_SHIFT,month_shift,True,True,True
ntx3-002023-1,g-002023,hin_Latn,HIGH,TEMPORAL_SHIFT,scope_broaden,True,False,True
ntx3-002023-1,g-002023,hin_Latn,HIGH,TEMPORAL_SHIFT,scope_broaden+vendor_shift,True,True,True
ntx3-002023-2,g-002023,tel_Latn,HIGH,TEMPORAL_SHIFT,clean,False,False,False
ntx3-002023-2,g-002023,tel_Latn,HIGH,TEMPORAL_SHIFT,vendor_shift,True,True,True
ntx3-002023-2,g-002023,tel_Latn,HIGH,TEMPORAL_SHIFT,year_shift,True,True,True
ntx3-002023-2,g-002023,tel_Latn,HIGH,TEMPORAL_SHIFT,month_shift,True,True,True
ntx3-002023-2,g-002023,tel_Latn,HIGH,TEMPORAL_SHIFT,scope_broaden,True,False,True
ntx3-002023-2,g-002023,tel_Latn,HIGH,TEMPORAL_SHIFT,scope_broaden+vendor_shift,True,True,True
ntx3-002023-3,g-002023,tel_Telu,HIGH,TEMPORAL_SHIFT,clean,False,False,False
ntx3-002023-3,g-002023,tel_Telu,HIGH,TEMPORAL_SHIFT,vendor_shift,True,True,True
ntx3-002023-3,g-002023,tel_Telu,HIGH,TEMPORAL_SHIFT,year_shift,True,True,True
ntx3-002023-3,g-002023,tel_Telu,HIGH,TEMPORAL_SHIFT,month_shift,True,True,True
ntx3-002023-3,g-002023,tel_Telu,HIGH,TEMPORAL_SHIFT,scope_broaden,True,False,True
ntx3-002023-3,g-002023,tel_Telu,HIGH,TEMPORAL_SHIFT,scope_broaden+vendor_shift,True,True,True
ntx3-001660-0,g-001660,eng_Latn,CRITICAL,TEMPORAL_SHIFT,clean,False,False,False
ntx3-001660-0,g-001660,eng_Latn,CRITICAL,TEMPORAL_SHIFT,vendor_shift,True,True,True
ntx3-001660-0,g-001660,eng_Latn,CRITICAL,TEMPORAL_SHIFT,year_shift,True,True,True
ntx3-001660-0,g-001660,eng_Latn,CRITICAL,TEMPORAL_SHIFT,month_shift,True,True,True
ntx3-001660-0,g-001660,eng_Latn,CRITICAL,TEMPORAL_SHIFT,scope_broaden,True,False,True
ntx3-001660-0,g-001660,eng_Latn,CRITICAL,TEMPORAL_SHIFT,scope_broaden+vendor_shift,True,True,True
ntx3-001660-1,g-001660,hin_Latn,CRITICAL,TEMPORAL_SHIFT,clean,False,False,False
ntx3-001660-1,g-001660,hin_Latn,CRITICAL,TEMPORAL_SHIFT,vendor_shift,True,True,True
ntx3-001660-1,g-001660,hin_Latn,CRITICAL,TEMPORAL_SHIFT,year_shift,True,True,True
ntx3-001660-1,g-001660,hin_Latn,CRITICAL,TEMPORAL_SHIFT,month_shift,True,True,True
ntx3-001660-1,g-001660,hin_Latn,CRITICAL,TEMPORAL_SHIFT,scope_broaden,True,False,True
ntx3-001660-1,g-001660,hin_Latn,CRITICAL,TEMPORAL_SHIFT,scope_broaden+vendor_shift,True,True,True
ntx3-001660-2,g-001660,tel_Latn,CRITICAL,TEMPORAL_SHIFT,clean,False,False,False
ntx3-001660-2,g-001660,tel_Latn,CRITICAL,TEMPORAL_SHIFT,vendor_shift,True,True,True
ntx3-001660-2,g-001660,tel_Latn,CRITICAL,TEMPORAL_SHIFT,year_shift,True,True,True
ntx3-001660-2,g-001660,tel_Latn,CRITICAL,TEMPORAL_SHIFT,month_shift,True,True,True
ntx3-001660-2,g-001660,tel_Latn,CRITICAL,TEMPORAL_SHIFT,scope_broaden,True,False,True
ntx3-001660-2,g-001660,tel_Latn,CRITICAL,TEMPORAL_SHIFT,scope_broaden+vendor_shift,True,True,True
ntx3-001660-3,g-001660,tel_Telu,CRITICAL,TEMPORAL_SHIFT,clean,False,False,False
ntx3-001660-3,g-001660,tel_Telu,CRITICAL,TEMPORAL_SHIFT,vendor_shift,True,True,True
ntx3-001660-3,g-001660,tel_Telu,CRITICAL,TEMPORAL_SHIFT,year_shift,True,True,True
ntx3-001660-3,g-001660,tel_Telu,CRITICAL,TEMPORAL_SHIFT,month_shift,True,True,True
ntx3-001660-3,g-001660,tel_Telu,CRITICAL,TEMPORAL_SHIFT,scope_broaden,True,False,True
ntx3-001660-3,g-001660,tel_Telu,CRITICAL,TEMPORAL_SHIFT,scope_broaden+vendor_shift,True,True,True
ntx3-001479-0,g-001479,eng_Latn,LOW,TEMPORAL_SHIFT,clean,False,False,False
ntx3-001479-0,g-001479,eng_Latn,LOW,TEMPORAL_SHIFT,vendor_shift,True,True,True
ntx3-001479-0,g-001479,eng_Latn,LOW,TEMPORAL_SHIFT,year_shift,True,True,True
ntx3-001479-0,g-001479,eng_Latn,LOW,TEMPORAL_SHIFT,month_shift,True,True,True
ntx3-001479-0,g-001479,eng_Latn,LOW,TEMPORAL_SHIFT,scope_broaden,True,False,True
ntx3-001479-0,g-001479,eng_Latn,LOW,TEMPORAL_SHIFT,scope_broaden+vendor_shift,True,True,True
ntx3-001479-1,g-001479,hin_Latn,LOW,TEMPORAL_SHIFT,clean,False,False,False
ntx3-001479-1,g-001479,hin_Latn,LOW,TEMPORAL_SHIFT,vendor_shift,True,True,True
ntx3-001479-1,g-001479,hin_Latn,LOW,TEMPORAL_SHIFT,year_shift,True,True,True
ntx3-001479-1,g-001479,hin_Latn,LOW,TEMPORAL_SHIFT,month_shift,True,True,True
ntx3-001479-1,g-001479,hin_Latn,LOW,TEMPORAL_SHIFT,scope_broaden,True,False,True
ntx3-001479-1,g-001479,hin_Latn,LOW,TEMPORAL_SHIFT,scope_broaden+vendor_shift,True,True,True
ntx3-001479-2,g-001479,tel_Latn,LOW,TEMPORAL_SHIFT,clean,False,False,False
ntx3-001479-2,g-001479,tel_Latn,LOW,TEMPORAL_SHIFT,vendor_shift,True,True,True
ntx3-001479-2,g-001479,tel_Latn,LOW,TEMPORAL_SHIFT,year_shift,True,True,True
ntx3-001479-2,g-001479,tel_Latn,LOW,TEMPORAL_SHIFT,month_shift,True,True,True
ntx3-001479-2,g-001479,tel_Latn,LOW,TEMPORAL_SHIFT,scope_broaden,True,False,True
ntx3-001479-2,g-001479,tel_Latn,LOW,TEMPORAL_SHIFT,scope_broaden+vendor_shift,True,True,True
ntx3-001479-3,g-001479,tel_Telu,LOW,TEMPORAL_SHIFT,clean,False,False,False
ntx3-001479-3,g-001479,tel_Telu,LOW,TEMPORAL_SHIFT,vendor_shift,True,True,True
ntx3-001479-3,g-001479,tel_Telu,LOW,TEMPORAL_SHIFT,year_shift,True,True,True
ntx3-001479-3,g-001479,tel_Telu,LOW,TEMPORAL_SHIFT,month_shift,True,True,True
ntx3-001479-3,g-001479,tel_Telu,LOW,TEMPORAL_SHIFT,scope_broaden,True,False,True
ntx3-001479-3,g-001479,tel_Telu,LOW,TEMPORAL_SHIFT,scope_broaden+vendor_shift,True,True,True
ntx3-001211-0,g-001211,eng_Latn,LOW,TEMPORAL_SHIFT,clean,False,False,False
ntx3-001211-0,g-001211,eng_Latn,LOW,TEMPORAL_SHIFT,vendor_shift,True,True,True
ntx3-001211-0,g-001211,eng_Latn,LOW,TEMPORAL_SHIFT,year_shift,True,True,True
ntx3-001211-0,g-001211,eng_Latn,LOW,TEMPORAL_SHIFT,month_shift,True,True,True
ntx3-001211-0,g-001211,eng_Latn,LOW,TEMPORAL_SHIFT,scope_broaden,True,False,True
ntx3-001211-0,g-001211,eng_Latn,LOW,TEMPORAL_SHIFT,scope_broaden+vendor_shift,True,True,True
ntx3-001211-1,g-001211,hin_Latn,LOW,TEMPORAL_SHIFT,clean,False,False,False
ntx3-001211-1,g-001211,hin_Latn,LOW,TEMPORAL_SHIFT,vendor_shift,True,True,True
ntx3-001211-1,g-001211,hin_Latn,LOW,TEMPORAL_SHIFT,year_shift,True,True,True
ntx3-001211-1,g-001211,hin_Latn,LOW,TEMPORAL_SHIFT,month_shift,True,True,True
ntx3-001211-1,g-001211,hin_Latn,LOW,TEMPORAL_SHIFT,scope_broaden,True,False,True
ntx3-001211-1,g-001211,hin_Latn,LOW,TEMPORAL_SHIFT,scope_broaden+vendor_shift,True,True,True
ntx3-001211-2,g-001211,tel_Latn,LOW,TEMPORAL_SHIFT,clean,False,False,False
ntx3-001211-2,g-001211,tel_Latn,LOW,TEMPORAL_SHIFT,vendor_shift,True,True,True
ntx3-001211-2,g-001211,tel_Latn,LOW,TEMPORAL_SHIFT,year_shift,True,True,True
ntx3-001211-2,g-001211,tel_Latn,LOW,TEMPORAL_SHIFT,month_shift,True,True,True
ntx3-001211-2,g-001211,tel_Latn,LOW,TEMPORAL_SHIFT,scope_broaden,True,False,True
ntx3-001211-2,g-001211,tel_Latn,LOW,TEMPORAL_SHIFT,scope_broaden+vendor_shift,True,True,True
ntx3-001211-3,g-001211,tel_Telu,LOW,TEMPORAL_SHIFT,clean,False,False,False
ntx3-001211-3,g-001211,tel_Telu,LOW,TEMPORAL_SHIFT,vendor_shift,True,True,True
ntx3-001211-3,g-001211,tel_Telu,LOW,TEMPORAL_SHIFT,year_shift,True,True,True
ntx3-001211-3,g-001211,tel_Telu,LOW,TEMPORAL_SHIFT,month_shift,True,True,True
ntx3-001211-3,g-001211,tel_Telu,LOW,TEMPORAL_SHIFT,scope_broaden,True,False,True
ntx3-001211-3,g-001211,tel_Telu,LOW,TEMPORAL_SHIFT,scope_broaden+vendor_shift,True,True,True
ntx3-001980-0,g-001980,eng_Latn,HIGH,TEMPORAL_SHIFT,clean,False,False,False
ntx3-001980-0,g-001980,eng_Latn,HIGH,TEMPORAL_SHIFT,vendor_shift,True,True,True
ntx3-001980-0,g-001980,eng_Latn,HIGH,TEMPORAL_SHIFT,year_shift,True,True,True
ntx3-001980-0,g-001980,eng_Latn,HIGH,TEMPORAL_SHIFT,month_shift,True,True,True
ntx3-001980-0,g-001980,eng_Latn,HIGH,TEMPORAL_SHIFT,scope_broaden,True,False,True
ntx3-001980-0,g-001980,eng_Latn,HIGH,TEMPORAL_SHIFT,scope_broaden+vendor_shift,True,True,True
ntx3-001980-1,g-001980,hin_Latn,HIGH,TEMPORAL_SHIFT,clean,False,False,False
ntx3-001980-1,g-001980,hin_Latn,HIGH,TEMPORAL_SHIFT,vendor_shift,True,True,True
ntx3-001980-1,g-001980,hin_Latn,HIGH,TEMPORAL_SHIFT,year_shift,True,True,True
ntx3-001980-1,g-001980,hin_Latn,HIGH,TEMPORAL_SHIFT,month_shift,True,True,True
ntx3-001980-1,g-001980,hin_Latn,HIGH,TEMPORAL_SHIFT,scope_broaden,True,False,True
ntx3-001980-1,g-001980,hin_Latn,HIGH,TEMPORAL_SHIFT,scope_broaden+vendor_shift,True,True,True
ntx3-001980-2,g-001980,tel_Latn,HIGH,TEMPORAL_SHIFT,clean,False,False,False
ntx3-001980-2,g-001980,tel_Latn,HIGH,TEMPORAL_SHIFT,vendor_shift,True,True,True
ntx3-001980-2,g-001980,tel_Latn,HIGH,TEMPORAL_SHIFT,year_shift,True,True,True
ntx3-001980-2,g-001980,tel_Latn,HIGH,TEMPORAL_SHIFT,month_shift,True,True,True
ntx3-001980-2,g-001980,tel_Latn,HIGH,TEMPORAL_SHIFT,scope_broaden,True,False,True
ntx3-001980-2,g-001980,tel_Latn,HIGH,TEMPORAL_SHIFT,scope_broaden+vendor_shift,True,True,True
ntx3-001980-3,g-001980,tel_Telu,HIGH,TEMPORAL_SHIFT,clean,False,False,False
ntx3-001980-3,g-001980,tel_Telu,HIGH,TEMPORAL_SHIFT,vendor_shift,True,True,True
ntx3-001980-3,g-001980,tel_Telu,HIGH,TEMPORAL_SHIFT,year_shift,True,True,True
ntx3-001980-3,g-001980,tel_Telu,HIGH,TEMPORAL_SHIFT,month_shift,True,True,True
ntx3-001980-3,g-001980,tel_Telu,HIGH,TEMPORAL_SHIFT,scope_broaden,True,False,True
ntx3-001980-3,g-001980,tel_Telu,HIGH,TEMPORAL_SHIFT,scope_broaden+vendor_shift,True,True,True
ntx3-001231-0,g-001231,eng_Latn,HIGH,TEMPORAL_SHIFT,clean,False,False,False
ntx3-001231-0,g-001231,eng_Latn,HIGH,TEMPORAL_SHIFT,vendor_shift,True,True,True
ntx3-001231-0,g-001231,eng_Latn,HIGH,TEMPORAL_SHIFT,year_shift,True,True,True
ntx3-001231-0,g-001231,eng_Latn,HIGH,TEMPORAL_SHIFT,month_shift,True,True,True
ntx3-001231-0,g-001231,eng_Latn,HIGH,TEMPORAL_SHIFT,scope_broaden,True,False,True
ntx3-001231-0,g-001231,eng_Latn,HIGH,TEMPORAL_SHIFT,scope_broaden+vendor_shift,True,True,True
ntx3-001231-1,g-001231,hin_Latn,HIGH,TEMPORAL_SHIFT,clean,False,False,False
ntx3-001231-1,g-001231,hin_Latn,HIGH,TEMPORAL_SHIFT,vendor_shift,True,True,True
ntx3-001231-1,g-001231,hin_Latn,HIGH,TEMPORAL_SHIFT,year_shift,True,True,True
ntx3-001231-1,g-001231,hin_Latn,HIGH,TEMPORAL_SHIFT,month_shift,True,True,True
ntx3-001231-1,g-001231,hin_Latn,HIGH,TEMPORAL_SHIFT,scope_broaden,True,False,True
ntx3-001231-1,g-001231,hin_Latn,HIGH,TEMPORAL_SHIFT,scope_broaden+vendor_shift,True,True,True
ntx3-001231-2,g-001231,tel_Latn,HIGH,TEMPORAL_SHIFT,clean,False,False,False
ntx3-001231-2,g-001231,tel_Latn,HIGH,TEMPORAL_SHIFT,vendor_shift,True,True,True
ntx3-001231-2,g-001231,tel_Latn,HIGH,TEMPORAL_SHIFT,year_shift,True,True,True
ntx3-001231-2,g-001231,tel_Latn,HIGH,TEMPORAL_SHIFT,month_shift,True,True,True
ntx3-001231-2,g-001231,tel_Latn,HIGH,TEMPORAL_SHIFT,scope_broaden,True,False,True
ntx3-001231-2,g-001231,tel_Latn,HIGH,TEMPORAL_SHIFT,scope_broaden+vendor_shift,True,True,True
ntx3-001231-3,g-001231,tel_Telu,HIGH,TEMPORAL_SHIFT,clean,False,False,False
ntx3-001231-3,g-001231,tel_Telu,HIGH,TEMPORAL_SHIFT,vendor_shift,True,True,True
ntx3-001231-3,g-001231,tel_Telu,HIGH,TEMPORAL_SHIFT,year_shift,True,True,True
ntx3-001231-3,g-001231,tel_Telu,HIGH,TEMPORAL_SHIFT,month_shift,True,True,True
ntx3-001231-3,g-001231,tel_Telu,HIGH,TEMPORAL_SHIFT,scope_broaden,True,False,True
ntx3-001231-3,g-001231,tel_Telu,HIGH,TEMPORAL_SHIFT,scope_broaden+vendor_shift,True,True,True
ntx3-001832-0,g-001832,eng_Latn,HIGH,TEMPORAL_SHIFT,clean,False,False,False
ntx3-001832-0,g-001832,eng_Latn,HIGH,TEMPORAL_SHIFT,vendor_shift,True,True,True
ntx3-001832-0,g-001832,eng_Latn,HIGH,TEMPORAL_SHIFT,year_shift,True,True,True
ntx3-001832-0,g-001832,eng_Latn,HIGH,TEMPORAL_SHIFT,month_shift,True,True,True
ntx3-001832-0,g-001832,eng_Latn,HIGH,TEMPORAL_SHIFT,scope_broaden,True,False,True
ntx3-001832-0,g-001832,eng_Latn,HIGH,TEMPORAL_SHIFT,scope_broaden+vendor_shift,True,True,True
ntx3-001832-1,g-001832,hin_Latn,HIGH,TEMPORAL_SHIFT,clean,False,False,False
ntx3-001832-1,g-001832,hin_Latn,HIGH,TEMPORAL_SHIFT,vendor_shift,True,True,True
ntx3-001832-1,g-001832,hin_Latn,HIGH,TEMPORAL_SHIFT,year_shift,True,True,True
ntx3-001832-1,g-001832,hin_Latn,HIGH,TEMPORAL_SHIFT,month_shift,True,True,True
ntx3-001832-1,g-001832,hin_Latn,HIGH,TEMPORAL_SHIFT,scope_broaden,True,False,True
ntx3-001832-1,g-001832,hin_Latn,HIGH,TEMPORAL_SHIFT,scope_broaden+vendor_shift,True,True,True
ntx3-001832-2,g-001832,tel_Latn,HIGH,TEMPORAL_SHIFT,clean,False,False,False
ntx3-001832-2,g-001832,tel_Latn,HIGH,TEMPORAL_SHIFT,vendor_shift,True,True,True
ntx3-001832-2,g-001832,tel_Latn,HIGH,TEMPORAL_SHIFT,year_shift,True,True,True
ntx3-001832-2,g-001832,tel_Latn,HIGH,TEMPORAL_SHIFT,month_shift,True,True,True
ntx3-001832-2,g-001832,tel_Latn,HIGH,TEMPORAL_SHIFT,scope_broaden,True,False,True
ntx3-001832-2,g-001832,tel_Latn,HIGH,TEMPORAL_SHIFT,scope_broaden+vendor_shift,True,True,True
ntx3-001832-3,g-001832,tel_Telu,HIGH,TEMPORAL_SHIFT,clean,False,False,False
ntx3-001832-3,g-001832,tel_Telu,HIGH,TEMPORAL_SHIFT,vendor_shift,True,True,True
ntx3-001832-3,g-001832,tel_Telu,HIGH,TEMPORAL_SHIFT,year_shift,True,True,True
ntx3-001832-3,g-001832,tel_Telu,HIGH,TEMPORAL_SHIFT,month_shift,True,True,True
ntx3-001832-3,g-001832,tel_Telu,HIGH,TEMPORAL_SHIFT,scope_broaden,True,False,True
ntx3-001832-3,g-001832,tel_Telu,HIGH,TEMPORAL_SHIFT,scope_broaden+vendor_shift,True,True,True
ntx3-000863-0,g-000863,eng_Latn,LOW,TEMPORAL_SHIFT,clean,False,False,False
ntx3-000863-0,g-000863,eng_Latn,LOW,TEMPORAL_SHIFT,vendor_shift,True,True,True
ntx3-000863-0,g-000863,eng_Latn,LOW,TEMPORAL_SHIFT,year_shift,True,True,True
ntx3-000863-0,g-000863,eng_Latn,LOW,TEMPORAL_SHIFT,month_shift,True,True,True
ntx3-000863-0,g-000863,eng_Latn,LOW,TEMPORAL_SHIFT,scope_broaden,True,False,True
ntx3-000863-0,g-000863,eng_Latn,LOW,TEMPORAL_SHIFT,scope_broaden+vendor_shift,True,True,True
ntx3-000863-1,g-000863,hin_Latn,LOW,TEMPORAL_SHIFT,clean,False,False,False
ntx3-000863-1,g-000863,hin_Latn,LOW,TEMPORAL_SHIFT,vendor_shift,True,True,True
ntx3-000863-1,g-000863,hin_Latn,LOW,TEMPORAL_SHIFT,year_shift,True,True,True
ntx3-000863-1,g-000863,hin_Latn,LOW,TEMPORAL_SHIFT,month_shift,True,True,True
ntx3-000863-1,g-000863,hin_Latn,LOW,TEMPORAL_SHIFT,scope_broaden,True,False,True
ntx3-000863-1,g-000863,hin_Latn,LOW,TEMPORAL_SHIFT,scope_broaden+vendor_shift,True,True,True
ntx3-000863-2,g-000863,tel_Latn,LOW,TEMPORAL_SHIFT,clean,False,False,False
ntx3-000863-2,g-000863,tel_Latn,LOW,TEMPORAL_SHIFT,vendor_shift,True,True,True
ntx3-000863-2,g-000863,tel_Latn,LOW,TEMPORAL_SHIFT,year_shift,True,True,True
ntx3-000863-2,g-000863,tel_Latn,LOW,TEMPORAL_SHIFT,month_shift,True,True,True
ntx3-000863-2,g-000863,tel_Latn,LOW,TEMPORAL_SHIFT,scope_broaden,True,False,True
ntx3-000863-2,g-000863,tel_Latn,LOW,TEMPORAL_SHIFT,scope_broaden+vendor_shift,True,True,True
ntx3-000863-3,g-000863,tel_Telu,LOW,TEMPORAL_SHIFT,clean,False,False,False
ntx3-000863-3,g-000863,tel_Telu,LOW,TEMPORAL_SHIFT,vendor_shift,True,True,True
ntx3-000863-3,g-000863,tel_Telu,LOW,TEMPORAL_SHIFT,year_shift,True,True,True
ntx3-000863-3,g-000863,tel_Telu,LOW,TEMPORAL_SHIFT,month_shift,True,True,True
ntx3-000863-3,g-000863,tel_Telu,LOW,TEMPORAL_SHIFT,scope_broaden,True,False,True
ntx3-000863-3,g-000863,tel_Telu,LOW,TEMPORAL_SHIFT,scope_broaden+vendor_shift,True,True,True
ntx3-001013-0,g-001013,eng_Latn,MEDIUM,TEMPORAL_SHIFT,clean,False,False,False
ntx3-001013-0,g-001013,eng_Latn,MEDIUM,TEMPORAL_SHIFT,vendor_shift,True,True,True
ntx3-001013-0,g-001013,eng_Latn,MEDIUM,TEMPORAL_SHIFT,year_shift,True,True,True
ntx3-001013-0,g-001013,eng_Latn,MEDIUM,TEMPORAL_SHIFT,month_shift,True,True,True
ntx3-001013-0,g-001013,eng_Latn,MEDIUM,TEMPORAL_SHIFT,scope_broaden,True,False,True
ntx3-001013-0,g-001013,eng_Latn,MEDIUM,TEMPORAL_SHIFT,scope_broaden+vendor_shift,True,True,True
ntx3-001013-1,g-001013,hin_Latn,MEDIUM,TEMPORAL_SHIFT,clean,False,False,False
ntx3-001013-1,g-001013,hin_Latn,MEDIUM,TEMPORAL_SHIFT,vendor_shift,True,True,True
ntx3-001013-1,g-001013,hin_Latn,MEDIUM,TEMPORAL_SHIFT,year_shift,True,True,True
ntx3-001013-1,g-001013,hin_Latn,MEDIUM,TEMPORAL_SHIFT,month_shift,True,True,True
ntx3-001013-1,g-001013,hin_Latn,MEDIUM,TEMPORAL_SHIFT,scope_broaden,True,False,True
ntx3-001013-1,g-001013,hin_Latn,MEDIUM,TEMPORAL_SHIFT,scope_broaden+vendor_shift,True,True,True
ntx3-001013-2,g-001013,tel_Latn,MEDIUM,TEMPORAL_SHIFT,clean,False,False,False
ntx3-001013-2,g-001013,tel_Latn,MEDIUM,TEMPORAL_SHIFT,vendor_shift,True,True,True
ntx3-001013-2,g-001013,tel_Latn,MEDIUM,TEMPORAL_SHIFT,year_shift,True,True,True
ntx3-001013-2,g-001013,tel_Latn,MEDIUM,TEMPORAL_SHIFT,month_shift,True,True,True
ntx3-001013-2,g-001013,tel_Latn,MEDIUM,TEMPORAL_SHIFT,scope_broaden,True,False,True
ntx3-001013-2,g-001013,tel_Latn,MEDIUM,TEMPORAL_SHIFT,scope_broaden+vendor_shift,True,True,True
ntx3-001013-3,g-001013,tel_Telu,MEDIUM,TEMPORAL_SHIFT,clean,False,False,False
ntx3-001013-3,g-001013,tel_Telu,MEDIUM,TEMPORAL_SHIFT,vendor_shift,True,True,True
ntx3-001013-3,g-001013,tel_Telu,MEDIUM,TEMPORAL_SHIFT,year_shift,True,True,True
ntx3-001013-3,g-001013,tel_Telu,MEDIUM,TEMPORAL_SHIFT,month_shift,True,True,True
ntx3-001013-3,g-001013,tel_Telu,MEDIUM,TEMPORAL_SHIFT,scope_broaden,True,False,True
ntx3-001013-3,g-001013,tel_Telu,MEDIUM,TEMPORAL_SHIFT,scope_broaden+vendor_shift,True,True,True
ntx3-001197-0,g-001197,eng_Latn,HIGH,TEMPORAL_SHIFT,clean,False,False,False
ntx3-001197-0,g-001197,eng_Latn,HIGH,TEMPORAL_SHIFT,vendor_shift,True,True,True
ntx3-001197-0,g-001197,eng_Latn,HIGH,TEMPORAL_SHIFT,year_shift,True,True,True
ntx3-001197-0,g-001197,eng_Latn,HIGH,TEMPORAL_SHIFT,month_shift,True,True,True
ntx3-001197-0,g-001197,eng_Latn,HIGH,TEMPORAL_SHIFT,scope_broaden,True,False,True
ntx3-001197-0,g-001197,eng_Latn,HIGH,TEMPORAL_SHIFT,scope_broaden+vendor_shift,True,True,True
ntx3-001197-1,g-001197,hin_Latn,HIGH,TEMPORAL_SHIFT,clean,False,False,False
ntx3-001197-1,g-001197,hin_Latn,HIGH,TEMPORAL_SHIFT,vendor_shift,True,True,True
ntx3-001197-1,g-001197,hin_Latn,HIGH,TEMPORAL_SHIFT,year_shift,True,True,True
ntx3-001197-1,g-001197,hin_Latn,HIGH,TEMPORAL_SHIFT,month_shift,True,True,True
ntx3-001197-1,g-001197,hin_Latn,HIGH,TEMPORAL_SHIFT,scope_broaden,True,False,True
ntx3-001197-1,g-001197,hin_Latn,HIGH,TEMPORAL_SHIFT,scope_broaden+vendor_shift,True,True,True
ntx3-001197-2,g-001197,tel_Latn,HIGH,TEMPORAL_SHIFT,clean,False,False,False
ntx3-001197-2,g-001197,tel_Latn,HIGH,TEMPORAL_SHIFT,vendor_shift,True,True,True
ntx3-001197-2,g-001197,tel_Latn,HIGH,TEMPORAL_SHIFT,year_shift,True,True,True
ntx3-001197-2,g-001197,tel_Latn,HIGH,TEMPORAL_SHIFT,month_shift,True,True,True
ntx3-001197-2,g-001197,tel_Latn,HIGH,TEMPORAL_SHIFT,scope_broaden,True,False,True
ntx3-001197-2,g-001197,tel_Latn,HIGH,TEMPORAL_SHIFT,scope_broaden+vendor_shift,True,True,True
ntx3-001197-3,g-001197,tel_Telu,HIGH,TEMPORAL_SHIFT,clean,False,False,False
ntx3-001197-3,g-001197,tel_Telu,HIGH,TEMPORAL_SHIFT,vendor_shift,True,True,True
ntx3-001197-3,g-001197,tel_Telu,HIGH,TEMPORAL_SHIFT,year_shift,True,True,True
ntx3-001197-3,g-001197,tel_Telu,HIGH,TEMPORAL_SHIFT,month_shift,True,True,True
ntx3-001197-3,g-001197,tel_Telu,HIGH,TEMPORAL_SHIFT,scope_broaden,True,False,True
ntx3-001197-3,g-001197,tel_Telu,HIGH,TEMPORAL_SHIFT,scope_broaden+vendor_shift,True,True,True
ntx3-001123-0,g-001123,eng_Latn,MEDIUM,TEMPORAL_SHIFT,clean,False,False,False
ntx3-001123-0,g-001123,eng_Latn,MEDIUM,TEMPORAL_SHIFT,vendor_shift,True,True,True
ntx3-001123-0,g-001123,eng_Latn,MEDIUM,TEMPORAL_SHIFT,year_shift,True,True,True
ntx3-001123-0,g-001123,eng_Latn,MEDIUM,TEMPORAL_SHIFT,month_shift,True,True,True
ntx3-001123-0,g-001123,eng_Latn,MEDIUM,TEMPORAL_SHIFT,scope_broaden,True,False,True
ntx3-001123-0,g-001123,eng_Latn,MEDIUM,TEMPORAL_SHIFT,scope_broaden+vendor_shift,True,True,True
ntx3-001123-1,g-001123,hin_Latn,MEDIUM,TEMPORAL_SHIFT,clean,False,False,False
ntx3-001123-1,g-001123,hin_Latn,MEDIUM,TEMPORAL_SHIFT,vendor_shift,True,True,True
ntx3-001123-1,g-001123,hin_Latn,MEDIUM,TEMPORAL_SHIFT,year_shift,True,True,True
ntx3-001123-1,g-001123,hin_Latn,MEDIUM,TEMPORAL_SHIFT,month_shift,True,True,True
ntx3-001123-1,g-001123,hin_Latn,MEDIUM,TEMPORAL_SHIFT,scope_broaden,True,False,True
ntx3-001123-1,g-001123,hin_Latn,MEDIUM,TEMPORAL_SHIFT,scope_broaden+vendor_shift,True,True,True
ntx3-001123-2,g-001123,tel_Latn,MEDIUM,TEMPORAL_SHIFT,clean,False,False,False
ntx3-001123-2,g-001123,tel_Latn,MEDIUM,TEMPORAL_SHIFT,vendor_shift,True,True,True
ntx3-001123-2,g-001123,tel_Latn,MEDIUM,TEMPORAL_SHIFT,year_shift,True,True,True
ntx3-001123-2,g-001123,tel_Latn,MEDIUM,TEMPORAL_SHIFT,month_shift,True,True,True
ntx3-001123-2,g-001123,tel_Latn,MEDIUM,TEMPORAL_SHIFT,scope_broaden,True,False,True
ntx3-001123-2,g-001123,tel_Latn,MEDIUM,TEMPORAL_SHIFT,scope_broaden+vendor_shift,True,True,True
ntx3-001123-3,g-001123,tel_Telu,MEDIUM,TEMPORAL_SHIFT,clean,False,False,False
ntx3-001123-3,g-001123,tel_Telu,MEDIUM,TEMPORAL_SHIFT,vendor_shift,True,True,True
ntx3-001123-3,g-001123,tel_Telu,MEDIUM,TEMPORAL_SHIFT,year_shift,True,True,True
ntx3-001123-3,g-001123,tel_Telu,MEDIUM,TEMPORAL_SHIFT,month_shift,True,True,True
ntx3-001123-3,g-001123,tel_Telu,MEDIUM,TEMPORAL_SHIFT,scope_broaden,True,False,True
ntx3-001123-3,g-001123,tel_Telu,MEDIUM,TEMPORAL_SHIFT,scope_broaden+vendor_shift,True,True,True
ntx3-001055-0,g-001055,eng_Latn,HIGH,TEMPORAL_SHIFT,clean,False,False,False
ntx3-001055-0,g-001055,eng_Latn,HIGH,TEMPORAL_SHIFT,vendor_shift,True,True,True
ntx3-001055-0,g-001055,eng_Latn,HIGH,TEMPORAL_SHIFT,year_shift,True,True,True
ntx3-001055-0,g-001055,eng_Latn,HIGH,TEMPORAL_SHIFT,month_shift,True,True,True
ntx3-001055-0,g-001055,eng_Latn,HIGH,TEMPORAL_SHIFT,scope_broaden,True,False,True
ntx3-001055-0,g-001055,eng_Latn,HIGH,TEMPORAL_SHIFT,scope_broaden+vendor_shift,True,True,True
ntx3-001055-1,g-001055,hin_Latn,HIGH,TEMPORAL_SHIFT,clean,False,False,False
ntx3-001055-1,g-001055,hin_Latn,HIGH,TEMPORAL_SHIFT,vendor_shift,True,True,True
ntx3-001055-1,g-001055,hin_Latn,HIGH,TEMPORAL_SHIFT,year_shift,True,True,True
ntx3-001055-1,g-001055,hin_Latn,HIGH,TEMPORAL_SHIFT,month_shift,True,True,True
ntx3-001055-1,g-001055,hin_Latn,HIGH,TEMPORAL_SHIFT,scope_broaden,True,False,True
ntx3-001055-1,g-001055,hin_Latn,HIGH,TEMPORAL_SHIFT,scope_broaden+vendor_shift,True,True,True
ntx3-001055-2,g-001055,tel_Latn,HIGH,TEMPORAL_SHIFT,clean,False,False,False
ntx3-001055-2,g-001055,tel_Latn,HIGH,TEMPORAL_SHIFT,vendor_shift,True,True,True
ntx3-001055-2,g-001055,tel_Latn,HIGH,TEMPORAL_SHIFT,year_shift,True,True,True
ntx3-001055-2,g-001055,tel_Latn,HIGH,TEMPORAL_SHIFT,month_shift,True,True,True
ntx3-001055-2,g-001055,tel_Latn,HIGH,TEMPORAL_SHIFT,scope_broaden,True,False,True
ntx3-001055-2,g-001055,tel_Latn,HIGH,TEMPORAL_SHIFT,scope_broaden+vendor_shift,True,True,True
ntx3-001055-3,g-001055,tel_Telu,HIGH,TEMPORAL_SHIFT,clean,False,False,False
ntx3-001055-3,g-001055,tel_Telu,HIGH,TEMPORAL_SHIFT,vendor_shift,True,True,True
ntx3-001055-3,g-001055,tel_Telu,HIGH,TEMPORAL_SHIFT,year_shift,True,True,True
ntx3-001055-3,g-001055,tel_Telu,HIGH,TEMPORAL_SHIFT,month_shift,True,True,True
ntx3-001055-3,g-001055,tel_Telu,HIGH,TEMPORAL_SHIFT,scope_broaden,True,False,True
ntx3-001055-3,g-001055,tel_Telu,HIGH,TEMPORAL_SHIFT,scope_broaden+vendor_shift,True,True,True
ntx3-000792-0,g-000792,eng_Latn,HIGH,TEMPORAL_SHIFT,clean,False,False,False
ntx3-000792-0,g-000792,eng_Latn,HIGH,TEMPORAL_SHIFT,vendor_shift,True,True,True
ntx3-000792-0,g-000792,eng_Latn,HIGH,TEMPORAL_SHIFT,year_shift,True,True,True
ntx3-000792-0,g-000792,eng_Latn,HIGH,TEMPORAL_SHIFT,month_shift,True,True,True
ntx3-000792-0,g-000792,eng_Latn,HIGH,TEMPORAL_SHIFT,scope_broaden,True,False,True
ntx3-000792-0,g-000792,eng_Latn,HIGH,TEMPORAL_SHIFT,scope_broaden+vendor_shift,True,True,True
ntx3-000792-1,g-000792,hin_Latn,HIGH,TEMPORAL_SHIFT,clean,False,False,False
ntx3-000792-1,g-000792,hin_Latn,HIGH,TEMPORAL_SHIFT,vendor_shift,True,True,True
ntx3-000792-1,g-000792,hin_Latn,HIGH,TEMPORAL_SHIFT,year_shift,True,True,True
ntx3-000792-1,g-000792,hin_Latn,HIGH,TEMPORAL_SHIFT,month_shift,True,True,True
ntx3-000792-1,g-000792,hin_Latn,HIGH,TEMPORAL_SHIFT,scope_broaden,True,False,True
ntx3-000792-1,g-000792,hin_Latn,HIGH,TEMPORAL_SHIFT,scope_broaden+vendor_shift,True,True,True
ntx3-000792-2,g-000792,tel_Latn,HIGH,TEMPORAL_SHIFT,clean,False,False,False
ntx3-000792-2,g-000792,tel_Latn,HIGH,TEMPORAL_SHIFT,vendor_shift,True,True,True
ntx3-000792-2,g-000792,tel_Latn,HIGH,TEMPORAL_SHIFT,year_shift,True,True,True
ntx3-000792-2,g-000792,tel_Latn,HIGH,TEMPORAL_SHIFT,month_shift,True,True,True
ntx3-000792-2,g-000792,tel_Latn,HIGH,TEMPORAL_SHIFT,scope_broaden,True,False,True
ntx3-000792-2,g-000792,tel_Latn,HIGH,TEMPORAL_SHIFT,scope_broaden+vendor_shift,True,True,True
ntx3-000792-3,g-000792,tel_Telu,HIGH,TEMPORAL_SHIFT,clean,False,False,False
ntx3-000792-3,g-000792,tel_Telu,HIGH,TEMPORAL_SHIFT,vendor_shift,True,True,True
ntx3-000792-3,g-000792,tel_Telu,HIGH,TEMPORAL_SHIFT,year_shift,True,True,True
ntx3-000792-3,g-000792,tel_Telu,HIGH,TEMPORAL_SHIFT,month_shift,True,True,True
ntx3-000792-3,g-000792,tel_Telu,HIGH,TEMPORAL_SHIFT,scope_broaden,True,False,True
ntx3-000792-3,g-000792,tel_Telu,HIGH,TEMPORAL_SHIFT,scope_broaden+vendor_shift,True,True,True
ntx3-001304-0,g-001304,eng_Latn,MEDIUM,TEMPORAL_SHIFT,clean,False,False,False
ntx3-001304-0,g-001304,eng_Latn,MEDIUM,TEMPORAL_SHIFT,vendor_shift,True,True,True
ntx3-001304-0,g-001304,eng_Latn,MEDIUM,TEMPORAL_SHIFT,year_shift,True,True,True
ntx3-001304-0,g-001304,eng_Latn,MEDIUM,TEMPORAL_SHIFT,month_shift,True,True,True
ntx3-001304-0,g-001304,eng_Latn,MEDIUM,TEMPORAL_SHIFT,scope_broaden,True,False,True
ntx3-001304-0,g-001304,eng_Latn,MEDIUM,TEMPORAL_SHIFT,scope_broaden+vendor_shift,True,True,True
ntx3-001304-1,g-001304,hin_Latn,MEDIUM,TEMPORAL_SHIFT,clean,False,False,False
ntx3-001304-1,g-001304,hin_Latn,MEDIUM,TEMPORAL_SHIFT,vendor_shift,True,True,True
ntx3-001304-1,g-001304,hin_Latn,MEDIUM,TEMPORAL_SHIFT,year_shift,True,True,True
ntx3-001304-1,g-001304,hin_Latn,MEDIUM,TEMPORAL_SHIFT,month_shift,True,True,True
ntx3-001304-1,g-001304,hin_Latn,MEDIUM,TEMPORAL_SHIFT,scope_broaden,True,False,True
ntx3-001304-1,g-001304,hin_Latn,MEDIUM,TEMPORAL_SHIFT,scope_broaden+vendor_shift,True,True,True
ntx3-001304-2,g-001304,tel_Latn,MEDIUM,TEMPORAL_SHIFT,clean,False,False,False
ntx3-001304-2,g-001304,tel_Latn,MEDIUM,TEMPORAL_SHIFT,vendor_shift,True,True,True
ntx3-001304-2,g-001304,tel_Latn,MEDIUM,TEMPORAL_SHIFT,year_shift,True,True,True
ntx3-001304-2,g-001304,tel_Latn,MEDIUM,TEMPORAL_SHIFT,month_shift,True,True,True
ntx3-001304-2,g-001304,tel_Latn,MEDIUM,TEMPORAL_SHIFT,scope_broaden,True,False,True
ntx3-001304-2,g-001304,tel_Latn,MEDIUM,TEMPORAL_SHIFT,scope_broaden+vendor_shift,True,True,True
ntx3-001304-3,g-001304,tel_Telu,MEDIUM,TEMPORAL_SHIFT,clean,False,False,False
ntx3-001304-3,g-001304,tel_Telu,MEDIUM,TEMPORAL_SHIFT,vendor_shift,True,True,True
ntx3-001304-3,g-001304,tel_Telu,MEDIUM,TEMPORAL_SHIFT,year_shift,True,True,True
ntx3-001304-3,g-001304,tel_Telu,MEDIUM,TEMPORAL_SHIFT,month_shift,True,True,True
ntx3-001304-3,g-001304,tel_Telu,MEDIUM,TEMPORAL_SHIFT,scope_broaden,True,False,True
ntx3-001304-3,g-001304,tel_Telu,MEDIUM,TEMPORAL_SHIFT,scope_broaden+vendor_shift,True,True,True
ntx3-000790-0,g-000790,eng_Latn,HIGH,TEMPORAL_SHIFT,clean,False,False,False
ntx3-000790-0,g-000790,eng_Latn,HIGH,TEMPORAL_SHIFT,vendor_shift,True,True,True
ntx3-000790-0,g-000790,eng_Latn,HIGH,TEMPORAL_SHIFT,year_shift,True,True,True
ntx3-000790-0,g-000790,eng_Latn,HIGH,TEMPORAL_SHIFT,month_shift,True,True,True
ntx3-000790-0,g-000790,eng_Latn,HIGH,TEMPORAL_SHIFT,scope_broaden,True,False,True
ntx3-000790-0,g-000790,eng_Latn,HIGH,TEMPORAL_SHIFT,scope_broaden+vendor_shift,True,True,True
ntx3-000790-1,g-000790,hin_Latn,HIGH,TEMPORAL_SHIFT,clean,False,False,False
ntx3-000790-1,g-000790,hin_Latn,HIGH,TEMPORAL_SHIFT,vendor_shift,True,True,True
ntx3-000790-1,g-000790,hin_Latn,HIGH,TEMPORAL_SHIFT,year_shift,True,True,True
ntx3-000790-1,g-000790,hin_Latn,HIGH,TEMPORAL_SHIFT,month_shift,True,True,True
ntx3-000790-1,g-000790,hin_Latn,HIGH,TEMPORAL_SHIFT,scope_broaden,True,False,True
ntx3-000790-1,g-000790,hin_Latn,HIGH,TEMPORAL_SHIFT,scope_broaden+vendor_shift,True,True,True
ntx3-000790-2,g-000790,tel_Latn,HIGH,TEMPORAL_SHIFT,clean,False,False,False
ntx3-000790-2,g-000790,tel_Latn,HIGH,TEMPORAL_SHIFT,vendor_shift,True,True,True
ntx3-000790-2,g-000790,tel_Latn,HIGH,TEMPORAL_SHIFT,year_shift,True,True,True
ntx3-000790-2,g-000790,tel_Latn,HIGH,TEMPORAL_SHIFT,month_shift,True,True,True
ntx3-000790-2,g-000790,tel_Latn,HIGH,TEMPORAL_SHIFT,scope_broaden,True,False,True
ntx3-000790-2,g-000790,tel_Latn,HIGH,TEMPORAL_SHIFT,scope_broaden+vendor_shift,True,True,True
ntx3-000790-3,g-000790,tel_Telu,HIGH,TEMPORAL_SHIFT,clean,False,False,False
ntx3-000790-3,g-000790,tel_Telu,HIGH,TEMPORAL_SHIFT,vendor_shift,True,True,True
ntx3-000790-3,g-000790,tel_Telu,HIGH,TEMPORAL_SHIFT,year_shift,True,True,True
ntx3-000790-3,g-000790,tel_Telu,HIGH,TEMPORAL_SHIFT,month_shift,True,True,True
ntx3-000790-3,g-000790,tel_Telu,HIGH,TEMPORAL_SHIFT,scope_broaden,True,False,True
ntx3-000790-3,g-000790,tel_Telu,HIGH,TEMPORAL_SHIFT,scope_broaden+vendor_shift,True,True,True
ntx3-000851-0,g-000851,eng_Latn,CRITICAL,TEMPORAL_SHIFT,clean,False,False,False
ntx3-000851-0,g-000851,eng_Latn,CRITICAL,TEMPORAL_SHIFT,vendor_shift,True,True,True
ntx3-000851-0,g-000851,eng_Latn,CRITICAL,TEMPORAL_SHIFT,year_shift,True,True,True
ntx3-000851-0,g-000851,eng_Latn,CRITICAL,TEMPORAL_SHIFT,month_shift,True,True,True
ntx3-000851-0,g-000851,eng_Latn,CRITICAL,TEMPORAL_SHIFT,scope_broaden,True,False,True
ntx3-000851-0,g-000851,eng_Latn,CRITICAL,TEMPORAL_SHIFT,scope_broaden+vendor_shift,True,True,True
ntx3-000851-1,g-000851,hin_Latn,CRITICAL,TEMPORAL_SHIFT,clean,False,False,False
ntx3-000851-1,g-000851,hin_Latn,CRITICAL,TEMPORAL_SHIFT,vendor_shift,True,True,True
ntx3-000851-1,g-000851,hin_Latn,CRITICAL,TEMPORAL_SHIFT,year_shift,True,True,True
ntx3-000851-1,g-000851,hin_Latn,CRITICAL,TEMPORAL_SHIFT,month_shift,True,True,True
ntx3-000851-1,g-000851,hin_Latn,CRITICAL,TEMPORAL_SHIFT,scope_broaden,True,False,True
ntx3-000851-1,g-000851,hin_Latn,CRITICAL,TEMPORAL_SHIFT,scope_broaden+vendor_shift,True,True,True
ntx3-000851-2,g-000851,tel_Latn,CRITICAL,TEMPORAL_SHIFT,clean,False,False,False
ntx3-000851-2,g-000851,tel_Latn,CRITICAL,TEMPORAL_SHIFT,vendor_shift,True,True,True
ntx3-000851-2,g-000851,tel_Latn,CRITICAL,TEMPORAL_SHIFT,year_shift,True,True,True
ntx3-000851-2,g-000851,tel_Latn,CRITICAL,TEMPORAL_SHIFT,month_shift,True,True,True
ntx3-000851-2,g-000851,tel_Latn,CRITICAL,TEMPORAL_SHIFT,scope_broaden,True,False,True
ntx3-000851-2,g-000851,tel_Latn,CRITICAL,TEMPORAL_SHIFT,scope_broaden+vendor_shift,True,True,True
ntx3-000851-3,g-000851,tel_Telu,CRITICAL,TEMPORAL_SHIFT,clean,False,False,False
ntx3-000851-3,g-000851,tel_Telu,CRITICAL,TEMPORAL_SHIFT,vendor_shift,True,True,True
ntx3-000851-3,g-000851,tel_Telu,CRITICAL,TEMPORAL_SHIFT,year_shift,True,True,True
ntx3-000851-3,g-000851,tel_Telu,CRITICAL,TEMPORAL_SHIFT,month_shift,True,True,True
ntx3-000851-3,g-000851,tel_Telu,CRITICAL,TEMPORAL_SHIFT,scope_broaden,True,False,True
ntx3-000851-3,g-000851,tel_Telu,CRITICAL,TEMPORAL_SHIFT,scope_broaden+vendor_shift,True,True,True
ntx3-001148-0,g-001148,eng_Latn,CRITICAL,TEMPORAL_SHIFT,clean,False,False,False
ntx3-001148-0,g-001148,eng_Latn,CRITICAL,TEMPORAL_SHIFT,vendor_shift,True,True,True
ntx3-001148-0,g-001148,eng_Latn,CRITICAL,TEMPORAL_SHIFT,year_shift,True,True,True
ntx3-001148-0,g-001148,eng_Latn,CRITICAL,TEMPORAL_SHIFT,month_shift,True,True,True
ntx3-001148-0,g-001148,eng_Latn,CRITICAL,TEMPORAL_SHIFT,scope_broaden,True,False,True
ntx3-001148-0,g-001148,eng_Latn,CRITICAL,TEMPORAL_SHIFT,scope_broaden+vendor_shift,True,True,True
ntx3-001148-1,g-001148,hin_Latn,CRITICAL,TEMPORAL_SHIFT,clean,False,False,False
ntx3-001148-1,g-001148,hin_Latn,CRITICAL,TEMPORAL_SHIFT,vendor_shift,True,True,True
ntx3-001148-1,g-001148,hin_Latn,CRITICAL,TEMPORAL_SHIFT,year_shift,True,True,True
ntx3-001148-1,g-001148,hin_Latn,CRITICAL,TEMPORAL_SHIFT,month_shift,True,True,True
ntx3-001148-1,g-001148,hin_Latn,CRITICAL,TEMPORAL_SHIFT,scope_broaden,True,False,True
ntx3-001148-1,g-001148,hin_Latn,CRITICAL,TEMPORAL_SHIFT,scope_broaden+vendor_shift,True,True,True
ntx3-001148-2,g-001148,tel_Latn,CRITICAL,TEMPORAL_SHIFT,clean,False,False,False
ntx3-001148-2,g-001148,tel_Latn,CRITICAL,TEMPORAL_SHIFT,vendor_shift,True,True,True
ntx3-001148-2,g-001148,tel_Latn,CRITICAL,TEMPORAL_SHIFT,year_shift,True,True,True
ntx3-001148-2,g-001148,tel_Latn,CRITICAL,TEMPORAL_SHIFT,month_shift,True,True,True
ntx3-001148-2,g-001148,tel_Latn,CRITICAL,TEMPORAL_SHIFT,scope_broaden,True,False,True
ntx3-001148-2,g-001148,tel_Latn,CRITICAL,TEMPORAL_SHIFT,scope_broaden+vendor_shift,True,True,True
ntx3-001148-3,g-001148,tel_Telu,CRITICAL,TEMPORAL_SHIFT,clean,False,False,False
ntx3-001148-3,g-001148,tel_Telu,CRITICAL,TEMPORAL_SHIFT,vendor_shift,True,True,True
ntx3-001148-3,g-001148,tel_Telu,CRITICAL,TEMPORAL_SHIFT,year_shift,True,True,True
ntx3-001148-3,g-001148,tel_Telu,CRITICAL,TEMPORAL_SHIFT,month_shift,True,True,True
ntx3-001148-3,g-001148,tel_Telu,CRITICAL,TEMPORAL_SHIFT,scope_broaden,True,False,True
ntx3-001148-3,g-001148,tel_Telu,CRITICAL,TEMPORAL_SHIFT,scope_broaden+vendor_shift,True,True,True
ntx3-000751-0,g-000751,eng_Latn,MEDIUM,TEMPORAL_SHIFT,clean,False,False,False
ntx3-000751-0,g-000751,eng_Latn,MEDIUM,TEMPORAL_SHIFT,vendor_shift,True,True,True
ntx3-000751-0,g-000751,eng_Latn,MEDIUM,TEMPORAL_SHIFT,year_shift,True,True,True
ntx3-000751-0,g-000751,eng_Latn,MEDIUM,TEMPORAL_SHIFT,month_shift,True,True,True
ntx3-000751-0,g-000751,eng_Latn,MEDIUM,TEMPORAL_SHIFT,scope_broaden,True,False,True
ntx3-000751-0,g-000751,eng_Latn,MEDIUM,TEMPORAL_SHIFT,scope_broaden+vendor_shift,True,True,True
ntx3-000751-1,g-000751,hin_Latn,MEDIUM,TEMPORAL_SHIFT,clean,False,False,False
ntx3-000751-1,g-000751,hin_Latn,MEDIUM,TEMPORAL_SHIFT,vendor_shift,True,True,True
ntx3-000751-1,g-000751,hin_Latn,MEDIUM,TEMPORAL_SHIFT,year_shift,True,True,True
ntx3-000751-1,g-000751,hin_Latn,MEDIUM,TEMPORAL_SHIFT,month_shift,True,True,True
ntx3-000751-1,g-000751,hin_Latn,MEDIUM,TEMPORAL_SHIFT,scope_broaden,True,False,True
ntx3-000751-1,g-000751,hin_Latn,MEDIUM,TEMPORAL_SHIFT,scope_broaden+vendor_shift,True,True,True
ntx3-000751-2,g-000751,tel_Latn,MEDIUM,TEMPORAL_SHIFT,clean,False,False,False
ntx3-000751-2,g-000751,tel_Latn,MEDIUM,TEMPORAL_SHIFT,vendor_shift,True,True,True
ntx3-000751-2,g-000751,tel_Latn,MEDIUM,TEMPORAL_SHIFT,year_shift,True,True,True
ntx3-000751-2,g-000751,tel_Latn,MEDIUM,TEMPORAL_SHIFT,month_shift,True,True,True
ntx3-000751-2,g-000751,tel_Latn,MEDIUM,TEMPORAL_SHIFT,scope_broaden,True,False,True
ntx3-000751-2,g-000751,tel_Latn,MEDIUM,TEMPORAL_SHIFT,scope_broaden+vendor_shift,True,True,True
ntx3-000751-3,g-000751,tel_Telu,MEDIUM,TEMPORAL_SHIFT,clean,False,False,False
ntx3-000751-3,g-000751,tel_Telu,MEDIUM,TEMPORAL_SHIFT,vendor_shift,True,True,True
ntx3-000751-3,g-000751,tel_Telu,MEDIUM,TEMPORAL_SHIFT,year_shift,True,True,True
ntx3-000751-3,g-000751,tel_Telu,MEDIUM,TEMPORAL_SHIFT,month_shift,True,True,True
ntx3-000751-3,g-000751,tel_Telu,MEDIUM,TEMPORAL_SHIFT,scope_broaden,True,False,True
ntx3-000751-3,g-000751,tel_Telu,MEDIUM,TEMPORAL_SHIFT,scope_broaden+vendor_shift,True,True,True
ntx3-001821-0,g-001821,eng_Latn,LOW,TEMPORAL_SHIFT,clean,False,False,False
ntx3-001821-0,g-001821,eng_Latn,LOW,TEMPORAL_SHIFT,vendor_shift,True,True,True
ntx3-001821-0,g-001821,eng_Latn,LOW,TEMPORAL_SHIFT,year_shift,True,True,True
ntx3-001821-0,g-001821,eng_Latn,LOW,TEMPORAL_SHIFT,month_shift,True,True,True
ntx3-001821-0,g-001821,eng_Latn,LOW,TEMPORAL_SHIFT,scope_broaden,True,False,True
ntx3-001821-0,g-001821,eng_Latn,LOW,TEMPORAL_SHIFT,scope_broaden+vendor_shift,True,True,True
ntx3-001821-1,g-001821,hin_Latn,LOW,TEMPORAL_SHIFT,clean,False,False,False
ntx3-001821-1,g-001821,hin_Latn,LOW,TEMPORAL_SHIFT,vendor_shift,True,True,True
ntx3-001821-1,g-001821,hin_Latn,LOW,TEMPORAL_SHIFT,year_shift,True,True,True
ntx3-001821-1,g-001821,hin_Latn,LOW,TEMPORAL_SHIFT,month_shift,True,True,True
ntx3-001821-1,g-001821,hin_Latn,LOW,TEMPORAL_SHIFT,scope_broaden,True,False,True
ntx3-001821-1,g-001821,hin_Latn,LOW,TEMPORAL_SHIFT,scope_broaden+vendor_shift,True,True,True
ntx3-001821-2,g-001821,tel_Latn,LOW,TEMPORAL_SHIFT,clean,False,False,False
ntx3-001821-2,g-001821,tel_Latn,LOW,TEMPORAL_SHIFT,vendor_shift,True,True,True
ntx3-001821-2,g-001821,tel_Latn,LOW,TEMPORAL_SHIFT,year_shift,True,True,True
ntx3-001821-2,g-001821,tel_Latn,LOW,TEMPORAL_SHIFT,month_shift,True,True,True
ntx3-001821-2,g-001821,tel_Latn,LOW,TEMPORAL_SHIFT,scope_broaden,True,False,True
ntx3-001821-2,g-001821,tel_Latn,LOW,TEMPORAL_SHIFT,scope_broaden+vendor_shift,True,True,True
ntx3-001821-3,g-001821,tel_Telu,LOW,TEMPORAL_SHIFT,clean,False,False,False
ntx3-001821-3,g-001821,tel_Telu,LOW,TEMPORAL_SHIFT,vendor_shift,True,True,True
ntx3-001821-3,g-001821,tel_Telu,LOW,TEMPORAL_SHIFT,year_shift,True,True,True
ntx3-001821-3,g-001821,tel_Telu,LOW,TEMPORAL_SHIFT,month_shift,True,True,True
ntx3-001821-3,g-001821,tel_Telu,LOW,TEMPORAL_SHIFT,scope_broaden,True,False,True
ntx3-001821-3,g-001821,tel_Telu,LOW,TEMPORAL_SHIFT,scope_broaden+vendor_shift,True,True,True
ntx3-002000-0,g-002000,eng_Latn,CRITICAL,TEMPORAL_SHIFT,clean,False,False,False
ntx3-002000-0,g-002000,eng_Latn,CRITICAL,TEMPORAL_SHIFT,vendor_shift,True,True,True
ntx3-002000-0,g-002000,eng_Latn,CRITICAL,TEMPORAL_SHIFT,year_shift,True,True,True
ntx3-002000-0,g-002000,eng_Latn,CRITICAL,TEMPORAL_SHIFT,month_shift,True,True,True
ntx3-002000-0,g-002000,eng_Latn,CRITICAL,TEMPORAL_SHIFT,scope_broaden,True,False,True
ntx3-002000-0,g-002000,eng_Latn,CRITICAL,TEMPORAL_SHIFT,scope_broaden+vendor_shift,True,True,True
ntx3-002000-1,g-002000,hin_Latn,CRITICAL,TEMPORAL_SHIFT,clean,False,False,False
ntx3-002000-1,g-002000,hin_Latn,CRITICAL,TEMPORAL_SHIFT,vendor_shift,True,True,True
ntx3-002000-1,g-002000,hin_Latn,CRITICAL,TEMPORAL_SHIFT,year_shift,True,True,True
ntx3-002000-1,g-002000,hin_Latn,CRITICAL,TEMPORAL_SHIFT,month_shift,True,True,True
ntx3-002000-1,g-002000,hin_Latn,CRITICAL,TEMPORAL_SHIFT,scope_broaden,True,False,True
ntx3-002000-1,g-002000,hin_Latn,CRITICAL,TEMPORAL_SHIFT,scope_broaden+vendor_shift,True,True,True
ntx3-002000-2,g-002000,tel_Latn,CRITICAL,TEMPORAL_SHIFT,clean,False,False,False
ntx3-002000-2,g-002000,tel_Latn,CRITICAL,TEMPORAL_SHIFT,vendor_shift,True,True,True
ntx3-002000-2,g-002000,tel_Latn,CRITICAL,TEMPORAL_SHIFT,year_shift,True,True,True
ntx3-002000-2,g-002000,tel_Latn,CRITICAL,TEMPORAL_SHIFT,month_shift,True,True,True
ntx3-002000-2,g-002000,tel_Latn,CRITICAL,TEMPORAL_SHIFT,scope_broaden,True,False,True
ntx3-002000-2,g-002000,tel_Latn,CRITICAL,TEMPORAL_SHIFT,scope_broaden+vendor_shift,True,True,True
ntx3-002000-3,g-002000,tel_Telu,CRITICAL,TEMPORAL_SHIFT,clean,False,False,False
ntx3-002000-3,g-002000,tel_Telu,CRITICAL,TEMPORAL_SHIFT,vendor_shift,True,True,True
ntx3-002000-3,g-002000,tel_Telu,CRITICAL,TEMPORAL_SHIFT,year_shift,True,True,True
ntx3-002000-3,g-002000,tel_Telu,CRITICAL,TEMPORAL_SHIFT,month_shift,True,True,True
ntx3-002000-3,g-002000,tel_Telu,CRITICAL,TEMPORAL_SHIFT,scope_broaden,True,False,True
ntx3-002000-3,g-002000,tel_Telu,CRITICAL,TEMPORAL_SHIFT,scope_broaden+vendor_shift,True,True,True
ntx3-000332-0,g-000332,eng_Latn,CRITICAL,TEMPORAL_SHIFT,clean,False,False,False
ntx3-000332-0,g-000332,eng_Latn,CRITICAL,TEMPORAL_SHIFT,vendor_shift,True,True,True
ntx3-000332-0,g-000332,eng_Latn,CRITICAL,TEMPORAL_SHIFT,year_shift,True,True,True
ntx3-000332-0,g-000332,eng_Latn,CRITICAL,TEMPORAL_SHIFT,month_shift,True,True,True
ntx3-000332-0,g-000332,eng_Latn,CRITICAL,TEMPORAL_SHIFT,scope_broaden,True,False,True
ntx3-000332-0,g-000332,eng_Latn,CRITICAL,TEMPORAL_SHIFT,scope_broaden+vendor_shift,True,True,True
ntx3-000332-1,g-000332,hin_Latn,CRITICAL,TEMPORAL_SHIFT,clean,False,False,False
ntx3-000332-1,g-000332,hin_Latn,CRITICAL,TEMPORAL_SHIFT,vendor_shift,True,True,True
ntx3-000332-1,g-000332,hin_Latn,CRITICAL,TEMPORAL_SHIFT,year_shift,True,True,True
ntx3-000332-1,g-000332,hin_Latn,CRITICAL,TEMPORAL_SHIFT,month_shift,True,True,True
ntx3-000332-1,g-000332,hin_Latn,CRITICAL,TEMPORAL_SHIFT,scope_broaden,True,False,True
ntx3-000332-1,g-000332,hin_Latn,CRITICAL,TEMPORAL_SHIFT,scope_broaden+vendor_shift,True,True,True
ntx3-000332-2,g-000332,tel_Latn,CRITICAL,TEMPORAL_SHIFT,clean,False,False,False
ntx3-000332-2,g-000332,tel_Latn,CRITICAL,TEMPORAL_SHIFT,vendor_shift,True,True,True
ntx3-000332-2,g-000332,tel_Latn,CRITICAL,TEMPORAL_SHIFT,year_shift,True,True,True
ntx3-000332-2,g-000332,tel_Latn,CRITICAL,TEMPORAL_SHIFT,month_shift,True,True,True
ntx3-000332-2,g-000332,tel_Latn,CRITICAL,TEMPORAL_SHIFT,scope_broaden,True,False,True
ntx3-000332-2,g-000332,tel_Latn,CRITICAL,TEMPORAL_SHIFT,scope_broaden+vendor_shift,True,True,True
ntx3-000332-3,g-000332,tel_Telu,CRITICAL,TEMPORAL_SHIFT,clean,False,False,False
ntx3-000332-3,g-000332,tel_Telu,CRITICAL,TEMPORAL_SHIFT,vendor_shift,True,True,True
ntx3-000332-3,g-000332,tel_Telu,CRITICAL,TEMPORAL_SHIFT,year_shift,True,True,True
ntx3-000332-3,g-000332,tel_Telu,CRITICAL,TEMPORAL_SHIFT,month_shift,True,True,True
ntx3-000332-3,g-000332,tel_Telu,CRITICAL,TEMPORAL_SHIFT,scope_broaden,True,False,True
ntx3-000332-3,g-000332,tel_Telu,CRITICAL,TEMPORAL_SHIFT,scope_broaden+vendor_shift,True,True,True
ntx3-000285-0,g-000285,eng_Latn,LOW,TEMPORAL_SHIFT,clean,False,False,False
ntx3-000285-0,g-000285,eng_Latn,LOW,TEMPORAL_SHIFT,vendor_shift,True,True,True
ntx3-000285-0,g-000285,eng_Latn,LOW,TEMPORAL_SHIFT,year_shift,True,True,True
ntx3-000285-0,g-000285,eng_Latn,LOW,TEMPORAL_SHIFT,month_shift,True,True,True
ntx3-000285-0,g-000285,eng_Latn,LOW,TEMPORAL_SHIFT,scope_broaden,True,False,True
ntx3-000285-0,g-000285,eng_Latn,LOW,TEMPORAL_SHIFT,scope_broaden+vendor_shift,True,True,True
ntx3-000285-1,g-000285,hin_Latn,LOW,TEMPORAL_SHIFT,clean,False,False,False
ntx3-000285-1,g-000285,hin_Latn,LOW,TEMPORAL_SHIFT,vendor_shift,True,True,True
ntx3-000285-1,g-000285,hin_Latn,LOW,TEMPORAL_SHIFT,year_shift,True,True,True
ntx3-000285-1,g-000285,hin_Latn,LOW,TEMPORAL_SHIFT,month_shift,True,True,True
ntx3-000285-1,g-000285,hin_Latn,LOW,TEMPORAL_SHIFT,scope_broaden,True,False,True
ntx3-000285-1,g-000285,hin_Latn,LOW,TEMPORAL_SHIFT,scope_broaden+vendor_shift,True,True,True
ntx3-000285-2,g-000285,tel_Latn,LOW,TEMPORAL_SHIFT,clean,False,False,False
ntx3-000285-2,g-000285,tel_Latn,LOW,TEMPORAL_SHIFT,vendor_shift,True,True,True
ntx3-000285-2,g-000285,tel_Latn,LOW,TEMPORAL_SHIFT,year_shift,True,True,True
ntx3-000285-2,g-000285,tel_Latn,LOW,TEMPORAL_SHIFT,month_shift,True,True,True
ntx3-000285-2,g-000285,tel_Latn,LOW,TEMPORAL_SHIFT,scope_broaden,True,False,True
ntx3-000285-2,g-000285,tel_Latn,LOW,TEMPORAL_SHIFT,scope_broaden+vendor_shift,True,True,True
ntx3-000285-3,g-000285,tel_Telu,LOW,TEMPORAL_SHIFT,clean,False,False,False
ntx3-000285-3,g-000285,tel_Telu,LOW,TEMPORAL_SHIFT,vendor_shift,True,True,True
ntx3-000285-3,g-000285,tel_Telu,LOW,TEMPORAL_SHIFT,year_shift,True,True,True
ntx3-000285-3,g-000285,tel_Telu,LOW,TEMPORAL_SHIFT,month_shift,True,True,True
ntx3-000285-3,g-000285,tel_Telu,LOW,TEMPORAL_SHIFT,scope_broaden,True,False,True
ntx3-000285-3,g-000285,tel_Telu,LOW,TEMPORAL_SHIFT,scope_broaden+vendor_shift,True,True,True
ntx3-002492-0,g-002492,eng_Latn,HIGH,TEMPORAL_SHIFT,clean,False,False,False
ntx3-002492-0,g-002492,eng_Latn,HIGH,TEMPORAL_SHIFT,vendor_shift,True,True,True
ntx3-002492-0,g-002492,eng_Latn,HIGH,TEMPORAL_SHIFT,year_shift,True,True,True
ntx3-002492-0,g-002492,eng_Latn,HIGH,TEMPORAL_SHIFT,month_shift,True,True,True
ntx3-002492-0,g-002492,eng_Latn,HIGH,TEMPORAL_SHIFT,scope_broaden,True,False,True
ntx3-002492-0,g-002492,eng_Latn,HIGH,TEMPORAL_SHIFT,scope_broaden+vendor_shift,True,True,True
ntx3-002492-1,g-002492,hin_Latn,HIGH,TEMPORAL_SHIFT,clean,False,False,False
ntx3-002492-1,g-002492,hin_Latn,HIGH,TEMPORAL_SHIFT,vendor_shift,True,True,True
ntx3-002492-1,g-002492,hin_Latn,HIGH,TEMPORAL_SHIFT,year_shift,True,True,True
ntx3-002492-1,g-002492,hin_Latn,HIGH,TEMPORAL_SHIFT,month_shift,True,True,True
ntx3-002492-1,g-002492,hin_Latn,HIGH,TEMPORAL_SHIFT,scope_broaden,True,False,True
ntx3-002492-1,g-002492,hin_Latn,HIGH,TEMPORAL_SHIFT,scope_broaden+vendor_shift,True,True,True
ntx3-002492-2,g-002492,tel_Latn,HIGH,TEMPORAL_SHIFT,clean,False,False,False
ntx3-002492-2,g-002492,tel_Latn,HIGH,TEMPORAL_SHIFT,vendor_shift,True,True,True
ntx3-002492-2,g-002492,tel_Latn,HIGH,TEMPORAL_SHIFT,year_shift,True,True,True
ntx3-002492-2,g-002492,tel_Latn,HIGH,TEMPORAL_SHIFT,month_shift,True,True,True
ntx3-002492-2,g-002492,tel_Latn,HIGH,TEMPORAL_SHIFT,scope_broaden,True,False,True
ntx3-002492-2,g-002492,tel_Latn,HIGH,TEMPORAL_SHIFT,scope_broaden+vendor_shift,True,True,True
ntx3-002492-3,g-002492,tel_Telu,HIGH,TEMPORAL_SHIFT,clean,False,False,False
ntx3-002492-3,g-002492,tel_Telu,HIGH,TEMPORAL_SHIFT,vendor_shift,True,True,True
ntx3-002492-3,g-002492,tel_Telu,HIGH,TEMPORAL_SHIFT,year_shift,True,True,True
ntx3-002492-3,g-002492,tel_Telu,HIGH,TEMPORAL_SHIFT,month_shift,True,True,True
ntx3-002492-3,g-002492,tel_Telu,HIGH,TEMPORAL_SHIFT,scope_broaden,True,False,True
ntx3-002492-3,g-002492,tel_Telu,HIGH,TEMPORAL_SHIFT,scope_broaden+vendor_shift,True,True,True
ntx3-001201-0,g-001201,eng_Latn,MEDIUM,TEMPORAL_SHIFT,clean,False,False,False
ntx3-001201-0,g-001201,eng_Latn,MEDIUM,TEMPORAL_SHIFT,vendor_shift,True,True,True
ntx3-001201-0,g-001201,eng_Latn,MEDIUM,TEMPORAL_SHIFT,year_shift,True,True,True
ntx3-001201-0,g-001201,eng_Latn,MEDIUM,TEMPORAL_SHIFT,month_shift,True,True,True
ntx3-001201-0,g-001201,eng_Latn,MEDIUM,TEMPORAL_SHIFT,scope_broaden,True,False,True
ntx3-001201-0,g-001201,eng_Latn,MEDIUM,TEMPORAL_SHIFT,scope_broaden+vendor_shift,True,True,True
ntx3-001201-1,g-001201,hin_Latn,MEDIUM,TEMPORAL_SHIFT,clean,False,False,False
ntx3-001201-1,g-001201,hin_Latn,MEDIUM,TEMPORAL_SHIFT,vendor_shift,True,True,True
ntx3-001201-1,g-001201,hin_Latn,MEDIUM,TEMPORAL_SHIFT,year_shift,True,True,True
ntx3-001201-1,g-001201,hin_Latn,MEDIUM,TEMPORAL_SHIFT,month_shift,True,True,True
ntx3-001201-1,g-001201,hin_Latn,MEDIUM,TEMPORAL_SHIFT,scope_broaden,True,False,True
ntx3-001201-1,g-001201,hin_Latn,MEDIUM,TEMPORAL_SHIFT,scope_broaden+vendor_shift,True,True,True
ntx3-001201-2,g-001201,tel_Latn,MEDIUM,TEMPORAL_SHIFT,clean,False,False,False
ntx3-001201-2,g-001201,tel_Latn,MEDIUM,TEMPORAL_SHIFT,vendor_shift,True,True,True
ntx3-001201-2,g-001201,tel_Latn,MEDIUM,TEMPORAL_SHIFT,year_shift,True,True,True
ntx3-001201-2,g-001201,tel_Latn,MEDIUM,TEMPORAL_SHIFT,month_shift,True,True,True
ntx3-001201-2,g-001201,tel_Latn,MEDIUM,TEMPORAL_SHIFT,scope_broaden,True,False,True
ntx3-001201-2,g-001201,tel_Latn,MEDIUM,TEMPORAL_SHIFT,scope_broaden+vendor_shift,True,True,True
ntx3-001201-3,g-001201,tel_Telu,MEDIUM,TEMPORAL_SHIFT,clean,False,False,False
ntx3-001201-3,g-001201,tel_Telu,MEDIUM,TEMPORAL_SHIFT,vendor_shift,True,True,True
ntx3-001201-3,g-001201,tel_Telu,MEDIUM,TEMPORAL_SHIFT,year_shift,True,True,True
ntx3-001201-3,g-001201,tel_Telu,MEDIUM,TEMPORAL_SHIFT,month_shift,True,True,True
ntx3-001201-3,g-001201,tel_Telu,MEDIUM,TEMPORAL_SHIFT,scope_broaden,True,False,True
ntx3-001201-3,g-001201,tel_Telu,MEDIUM,TEMPORAL_SHIFT,scope_broaden+vendor_shift,True,True,True
ntx3-001391-0,g-001391,eng_Latn,LOW,TEMPORAL_SHIFT,clean,False,False,False
ntx3-001391-0,g-001391,eng_Latn,LOW,TEMPORAL_SHIFT,vendor_shift,True,True,True
ntx3-001391-0,g-001391,eng_Latn,LOW,TEMPORAL_SHIFT,year_shift,True,True,True
ntx3-001391-0,g-001391,eng_Latn,LOW,TEMPORAL_SHIFT,month_shift,True,True,True
ntx3-001391-0,g-001391,eng_Latn,LOW,TEMPORAL_SHIFT,scope_broaden,True,False,True
ntx3-001391-0,g-001391,eng_Latn,LOW,TEMPORAL_SHIFT,scope_broaden+vendor_shift,True,True,True
ntx3-001391-1,g-001391,hin_Latn,LOW,TEMPORAL_SHIFT,clean,False,False,False
ntx3-001391-1,g-001391,hin_Latn,LOW,TEMPORAL_SHIFT,vendor_shift,True,True,True
ntx3-001391-1,g-001391,hin_Latn,LOW,TEMPORAL_SHIFT,year_shift,True,True,True
ntx3-001391-1,g-001391,hin_Latn,LOW,TEMPORAL_SHIFT,month_shift,True,True,True
ntx3-001391-1,g-001391,hin_Latn,LOW,TEMPORAL_SHIFT,scope_broaden,True,False,True
ntx3-001391-1,g-001391,hin_Latn,LOW,TEMPORAL_SHIFT,scope_broaden+vendor_shift,True,True,True
ntx3-001391-2,g-001391,tel_Latn,LOW,TEMPORAL_SHIFT,clean,False,False,False
ntx3-001391-2,g-001391,tel_Latn,LOW,TEMPORAL_SHIFT,vendor_shift,True,True,True
ntx3-001391-2,g-001391,tel_Latn,LOW,TEMPORAL_SHIFT,year_shift,True,True,True
ntx3-001391-2,g-001391,tel_Latn,LOW,TEMPORAL_SHIFT,month_shift,True,True,True
ntx3-001391-2,g-001391,tel_Latn,LOW,TEMPORAL_SHIFT,scope_broaden,True,False,True
ntx3-001391-2,g-001391,tel_Latn,LOW,TEMPORAL_SHIFT,scope_broaden+vendor_shift,True,True,True
ntx3-001391-3,g-001391,tel_Telu,LOW,TEMPORAL_SHIFT,clean,False,False,False
ntx3-001391-3,g-001391,tel_Telu,LOW,TEMPORAL_SHIFT,vendor_shift,True,True,True
ntx3-001391-3,g-001391,tel_Telu,LOW,TEMPORAL_SHIFT,year_shift,True,True,True
ntx3-001391-3,g-001391,tel_Telu,LOW,TEMPORAL_SHIFT,month_shift,True,True,True
ntx3-001391-3,g-001391,tel_Telu,LOW,TEMPORAL_SHIFT,scope_broaden,True,False,True
ntx3-001391-3,g-001391,tel_Telu,LOW,TEMPORAL_SHIFT,scope_broaden+vendor_shift,True,True,True
ntx3-001141-0,g-001141,eng_Latn,MEDIUM,TEMPORAL_SHIFT,clean,False,False,False
ntx3-001141-0,g-001141,eng_Latn,MEDIUM,TEMPORAL_SHIFT,vendor_shift,True,True,True
ntx3-001141-0,g-001141,eng_Latn,MEDIUM,TEMPORAL_SHIFT,year_shift,True,True,True
ntx3-001141-0,g-001141,eng_Latn,MEDIUM,TEMPORAL_SHIFT,month_shift,True,True,True
ntx3-001141-0,g-001141,eng_Latn,MEDIUM,TEMPORAL_SHIFT,scope_broaden,True,False,True
ntx3-001141-0,g-001141,eng_Latn,MEDIUM,TEMPORAL_SHIFT,scope_broaden+vendor_shift,True,True,True
ntx3-001141-1,g-001141,hin_Latn,MEDIUM,TEMPORAL_SHIFT,clean,False,False,False
ntx3-001141-1,g-001141,hin_Latn,MEDIUM,TEMPORAL_SHIFT,vendor_shift,True,True,True
ntx3-001141-1,g-001141,hin_Latn,MEDIUM,TEMPORAL_SHIFT,year_shift,True,True,True
ntx3-001141-1,g-001141,hin_Latn,MEDIUM,TEMPORAL_SHIFT,month_shift,True,True,True
ntx3-001141-1,g-001141,hin_Latn,MEDIUM,TEMPORAL_SHIFT,scope_broaden,True,False,True
ntx3-001141-1,g-001141,hin_Latn,MEDIUM,TEMPORAL_SHIFT,scope_broaden+vendor_shift,True,True,True
ntx3-001141-2,g-001141,tel_Latn,MEDIUM,TEMPORAL_SHIFT,clean,False,False,False
ntx3-001141-2,g-001141,tel_Latn,MEDIUM,TEMPORAL_SHIFT,vendor_shift,True,True,True
ntx3-001141-2,g-001141,tel_Latn,MEDIUM,TEMPORAL_SHIFT,year_shift,True,True,True
ntx3-001141-2,g-001141,tel_Latn,MEDIUM,TEMPORAL_SHIFT,month_shift,True,True,True
ntx3-001141-2,g-001141,tel_Latn,MEDIUM,TEMPORAL_SHIFT,scope_broaden,True,False,True
ntx3-001141-2,g-001141,tel_Latn,MEDIUM,TEMPORAL_SHIFT,scope_broaden+vendor_shift,True,True,True
ntx3-001141-3,g-001141,tel_Telu,MEDIUM,TEMPORAL_SHIFT,clean,False,False,False
ntx3-001141-3,g-001141,tel_Telu,MEDIUM,TEMPORAL_SHIFT,vendor_shift,True,True,True
ntx3-001141-3,g-001141,tel_Telu,MEDIUM,TEMPORAL_SHIFT,year_shift,True,True,True
ntx3-001141-3,g-001141,tel_Telu,MEDIUM,TEMPORAL_SHIFT,month_shift,True,True,True
ntx3-001141-3,g-001141,tel_Telu,MEDIUM,TEMPORAL_SHIFT,scope_broaden,True,False,True
ntx3-001141-3,g-001141,tel_Telu,MEDIUM,TEMPORAL_SHIFT,scope_broaden+vendor_shift,True,True,True
ntx3-002240-0,g-002240,eng_Latn,MEDIUM,TEMPORAL_SHIFT,clean,False,False,False
ntx3-002240-0,g-002240,eng_Latn,MEDIUM,TEMPORAL_SHIFT,vendor_shift,True,True,True
ntx3-002240-0,g-002240,eng_Latn,MEDIUM,TEMPORAL_SHIFT,year_shift,True,True,True
ntx3-002240-0,g-002240,eng_Latn,MEDIUM,TEMPORAL_SHIFT,month_shift,True,True,True
ntx3-002240-0,g-002240,eng_Latn,MEDIUM,TEMPORAL_SHIFT,scope_broaden,True,False,True
ntx3-002240-0,g-002240,eng_Latn,MEDIUM,TEMPORAL_SHIFT,scope_broaden+vendor_shift,True,True,True
ntx3-002240-1,g-002240,hin_Latn,MEDIUM,TEMPORAL_SHIFT,clean,False,False,False
ntx3-002240-1,g-002240,hin_Latn,MEDIUM,TEMPORAL_SHIFT,vendor_shift,True,True,True
ntx3-002240-1,g-002240,hin_Latn,MEDIUM,TEMPORAL_SHIFT,year_shift,True,True,True
ntx3-002240-1,g-002240,hin_Latn,MEDIUM,TEMPORAL_SHIFT,month_shift,True,True,True
ntx3-002240-1,g-002240,hin_Latn,MEDIUM,TEMPORAL_SHIFT,scope_broaden,True,False,True
ntx3-002240-1,g-002240,hin_Latn,MEDIUM,TEMPORAL_SHIFT,scope_broaden+vendor_shift,True,True,True
ntx3-002240-2,g-002240,tel_Latn,MEDIUM,TEMPORAL_SHIFT,clean,False,False,False
ntx3-002240-2,g-002240,tel_Latn,MEDIUM,TEMPORAL_SHIFT,vendor_shift,True,True,True
ntx3-002240-2,g-002240,tel_Latn,MEDIUM,TEMPORAL_SHIFT,year_shift,True,True,True
ntx3-002240-2,g-002240,tel_Latn,MEDIUM,TEMPORAL_SHIFT,month_shift,True,True,True
ntx3-002240-2,g-002240,tel_Latn,MEDIUM,TEMPORAL_SHIFT,scope_broaden,True,False,True
ntx3-002240-2,g-002240,tel_Latn,MEDIUM,TEMPORAL_SHIFT,scope_broaden+vendor_shift,True,True,True
ntx3-002240-3,g-002240,tel_Telu,MEDIUM,TEMPORAL_SHIFT,clean,False,False,False
ntx3-002240-3,g-002240,tel_Telu,MEDIUM,TEMPORAL_SHIFT,vendor_shift,True,True,True
ntx3-002240-3,g-002240,tel_Telu,MEDIUM,TEMPORAL_SHIFT,year_shift,True,True,True
ntx3-002240-3,g-002240,tel_Telu,MEDIUM,TEMPORAL_SHIFT,month_shift,True,True,True
ntx3-002240-3,g-002240,tel_Telu,MEDIUM,TEMPORAL_SHIFT,scope_broaden,True,False,True
ntx3-002240-3,g-002240,tel_Telu,MEDIUM,TEMPORAL_SHIFT,scope_broaden+vendor_shift,True,True,True
ntx3-000485-0,g-000485,eng_Latn,CRITICAL,TEMPORAL_SHIFT,clean,False,False,False
ntx3-000485-0,g-000485,eng_Latn,CRITICAL,TEMPORAL_SHIFT,vendor_shift,True,True,True
ntx3-000485-0,g-000485,eng_Latn,CRITICAL,TEMPORAL_SHIFT,year_shift,True,True,True
ntx3-000485-0,g-000485,eng_Latn,CRITICAL,TEMPORAL_SHIFT,month_shift,True,True,True
ntx3-000485-0,g-000485,eng_Latn,CRITICAL,TEMPORAL_SHIFT,scope_broaden,True,False,True
ntx3-000485-0,g-000485,eng_Latn,CRITICAL,TEMPORAL_SHIFT,scope_broaden+vendor_shift,True,True,True
ntx3-000485-1,g-000485,hin_Latn,CRITICAL,TEMPORAL_SHIFT,clean,False,False,False
ntx3-000485-1,g-000485,hin_Latn,CRITICAL,TEMPORAL_SHIFT,vendor_shift,True,True,True
ntx3-000485-1,g-000485,hin_Latn,CRITICAL,TEMPORAL_SHIFT,year_shift,True,True,True
ntx3-000485-1,g-000485,hin_Latn,CRITICAL,TEMPORAL_SHIFT,month_shift,True,True,True
ntx3-000485-1,g-000485,hin_Latn,CRITICAL,TEMPORAL_SHIFT,scope_broaden,True,False,True
ntx3-000485-1,g-000485,hin_Latn,CRITICAL,TEMPORAL_SHIFT,scope_broaden+vendor_shift,True,True,True
ntx3-000485-2,g-000485,tel_Latn,CRITICAL,TEMPORAL_SHIFT,clean,False,False,False
ntx3-000485-2,g-000485,tel_Latn,CRITICAL,TEMPORAL_SHIFT,vendor_shift,True,True,True
ntx3-000485-2,g-000485,tel_Latn,CRITICAL,TEMPORAL_SHIFT,year_shift,True,True,True
ntx3-000485-2,g-000485,tel_Latn,CRITICAL,TEMPORAL_SHIFT,month_shift,True,True,True
ntx3-000485-2,g-000485,tel_Latn,CRITICAL,TEMPORAL_SHIFT,scope_broaden,True,False,True
ntx3-000485-2,g-000485,tel_Latn,CRITICAL,TEMPORAL_SHIFT,scope_broaden+vendor_shift,True,True,True
ntx3-000485-3,g-000485,tel_Telu,CRITICAL,TEMPORAL_SHIFT,clean,False,False,False
ntx3-000485-3,g-000485,tel_Telu,CRITICAL,TEMPORAL_SHIFT,vendor_shift,True,True,True
ntx3-000485-3,g-000485,tel_Telu,CRITICAL,TEMPORAL_SHIFT,year_shift,True,True,True
ntx3-000485-3,g-000485,tel_Telu,CRITICAL,TEMPORAL_SHIFT,month_shift,True,True,True
ntx3-000485-3,g-000485,tel_Telu,CRITICAL,TEMPORAL_SHIFT,scope_broaden,True,False,True
ntx3-000485-3,g-000485,tel_Telu,CRITICAL,TEMPORAL_SHIFT,scope_broaden+vendor_shift,True,True,True
ntx3-002430-0,g-002430,eng_Latn,MEDIUM,TEMPORAL_SHIFT,clean,False,False,False
ntx3-002430-0,g-002430,eng_Latn,MEDIUM,TEMPORAL_SHIFT,vendor_shift,True,True,True
ntx3-002430-0,g-002430,eng_Latn,MEDIUM,TEMPORAL_SHIFT,year_shift,True,True,True
ntx3-002430-0,g-002430,eng_Latn,MEDIUM,TEMPORAL_SHIFT,month_shift,True,True,True
ntx3-002430-0,g-002430,eng_Latn,MEDIUM,TEMPORAL_SHIFT,scope_broaden,True,False,True
ntx3-002430-0,g-002430,eng_Latn,MEDIUM,TEMPORAL_SHIFT,scope_broaden+vendor_shift,True,True,True
ntx3-002430-1,g-002430,hin_Latn,MEDIUM,TEMPORAL_SHIFT,clean,False,False,False
ntx3-002430-1,g-002430,hin_Latn,MEDIUM,TEMPORAL_SHIFT,vendor_shift,True,True,True
ntx3-002430-1,g-002430,hin_Latn,MEDIUM,TEMPORAL_SHIFT,year_shift,True,True,True
ntx3-002430-1,g-002430,hin_Latn,MEDIUM,TEMPORAL_SHIFT,month_shift,True,True,True
ntx3-002430-1,g-002430,hin_Latn,MEDIUM,TEMPORAL_SHIFT,scope_broaden,True,False,True
ntx3-002430-1,g-002430,hin_Latn,MEDIUM,TEMPORAL_SHIFT,scope_broaden+vendor_shift,True,True,True
ntx3-002430-2,g-002430,tel_Latn,MEDIUM,TEMPORAL_SHIFT,clean,False,False,False
ntx3-002430-2,g-002430,tel_Latn,MEDIUM,TEMPORAL_SHIFT,vendor_shift,True,True,True
ntx3-002430-2,g-002430,tel_Latn,MEDIUM,TEMPORAL_SHIFT,year_shift,True,True,True
ntx3-002430-2,g-002430,tel_Latn,MEDIUM,TEMPORAL_SHIFT,month_shift,True,True,True
ntx3-002430-2,g-002430,tel_Latn,MEDIUM,TEMPORAL_SHIFT,scope_broaden,True,False,True
ntx3-002430-2,g-002430,tel_Latn,MEDIUM,TEMPORAL_SHIFT,scope_broaden+vendor_shift,True,True,True
ntx3-002430-3,g-002430,tel_Telu,MEDIUM,TEMPORAL_SHIFT,clean,False,False,False
ntx3-002430-3,g-002430,tel_Telu,MEDIUM,TEMPORAL_SHIFT,vendor_shift,True,True,True
ntx3-002430-3,g-002430,tel_Telu,MEDIUM,TEMPORAL_SHIFT,year_shift,True,True,True
ntx3-002430-3,g-002430,tel_Telu,MEDIUM,TEMPORAL_SHIFT,month_shift,True,True,True
ntx3-002430-3,g-002430,tel_Telu,MEDIUM,TEMPORAL_SHIFT,scope_broaden,True,False,True
ntx3-002430-3,g-002430,tel_Telu,MEDIUM,TEMPORAL_SHIFT,scope_broaden+vendor_shift,True,True,True
ntx3-001277-0,g-001277,eng_Latn,MEDIUM,TEMPORAL_SHIFT,clean,False,False,False
ntx3-001277-0,g-001277,eng_Latn,MEDIUM,TEMPORAL_SHIFT,vendor_shift,True,True,True
ntx3-001277-0,g-001277,eng_Latn,MEDIUM,TEMPORAL_SHIFT,year_shift,True,True,True
ntx3-001277-0,g-001277,eng_Latn,MEDIUM,TEMPORAL_SHIFT,month_shift,True,True,True
ntx3-001277-0,g-001277,eng_Latn,MEDIUM,TEMPORAL_SHIFT,scope_broaden,True,False,True
ntx3-001277-0,g-001277,eng_Latn,MEDIUM,TEMPORAL_SHIFT,scope_broaden+vendor_shift,True,True,True
ntx3-001277-1,g-001277,hin_Latn,MEDIUM,TEMPORAL_SHIFT,clean,False,False,False
ntx3-001277-1,g-001277,hin_Latn,MEDIUM,TEMPORAL_SHIFT,vendor_shift,True,True,True
ntx3-001277-1,g-001277,hin_Latn,MEDIUM,TEMPORAL_SHIFT,year_shift,True,True,True
ntx3-001277-1,g-001277,hin_Latn,MEDIUM,TEMPORAL_SHIFT,month_shift,True,True,True
ntx3-001277-1,g-001277,hin_Latn,MEDIUM,TEMPORAL_SHIFT,scope_broaden,True,False,True
ntx3-001277-1,g-001277,hin_Latn,MEDIUM,TEMPORAL_SHIFT,scope_broaden+vendor_shift,True,True,True
ntx3-001277-2,g-001277,tel_Latn,MEDIUM,TEMPORAL_SHIFT,clean,False,False,False
ntx3-001277-2,g-001277,tel_Latn,MEDIUM,TEMPORAL_SHIFT,vendor_shift,True,True,True
ntx3-001277-2,g-001277,tel_Latn,MEDIUM,TEMPORAL_SHIFT,year_shift,True,True,True
ntx3-001277-2,g-001277,tel_Latn,MEDIUM,TEMPORAL_SHIFT,month_shift,True,True,True
ntx3-001277-2,g-001277,tel_Latn,MEDIUM,TEMPORAL_SHIFT,scope_broaden,True,False,True
ntx3-001277-2,g-001277,tel_Latn,MEDIUM,TEMPORAL_SHIFT,scope_broaden+vendor_shift,True,True,True
ntx3-001277-3,g-001277,tel_Telu,MEDIUM,TEMPORAL_SHIFT,clean,False,False,False
ntx3-001277-3,g-001277,tel_Telu,MEDIUM,TEMPORAL_SHIFT,vendor_shift,True,True,True
ntx3-001277-3,g-001277,tel_Telu,MEDIUM,TEMPORAL_SHIFT,year_shift,True,True,True
ntx3-001277-3,g-001277,tel_Telu,MEDIUM,TEMPORAL_SHIFT,month_shift,True,True,True
ntx3-001277-3,g-001277,tel_Telu,MEDIUM,TEMPORAL_SHIFT,scope_broaden,True,False,True
ntx3-001277-3,g-001277,tel_Telu,MEDIUM,TEMPORAL_SHIFT,scope_broaden+vendor_shift,True,True,True
ntx3-002354-0,g-002354,eng_Latn,HIGH,TEMPORAL_SHIFT,clean,False,False,False
ntx3-002354-0,g-002354,eng_Latn,HIGH,TEMPORAL_SHIFT,vendor_shift,True,True,True
ntx3-002354-0,g-002354,eng_Latn,HIGH,TEMPORAL_SHIFT,year_shift,True,True,True
ntx3-002354-0,g-002354,eng_Latn,HIGH,TEMPORAL_SHIFT,month_shift,True,True,True
ntx3-002354-0,g-002354,eng_Latn,HIGH,TEMPORAL_SHIFT,scope_broaden,True,False,True
ntx3-002354-0,g-002354,eng_Latn,HIGH,TEMPORAL_SHIFT,scope_broaden+vendor_shift,True,True,True
ntx3-002354-1,g-002354,hin_Latn,HIGH,TEMPORAL_SHIFT,clean,False,False,False
ntx3-002354-1,g-002354,hin_Latn,HIGH,TEMPORAL_SHIFT,vendor_shift,True,True,True
ntx3-002354-1,g-002354,hin_Latn,HIGH,TEMPORAL_SHIFT,year_shift,True,True,True
ntx3-002354-1,g-002354,hin_Latn,HIGH,TEMPORAL_SHIFT,month_shift,True,True,True
ntx3-002354-1,g-002354,hin_Latn,HIGH,TEMPORAL_SHIFT,scope_broaden,True,False,True
ntx3-002354-1,g-002354,hin_Latn,HIGH,TEMPORAL_SHIFT,scope_broaden+vendor_shift,True,True,True
ntx3-002354-2,g-002354,tel_Latn,HIGH,TEMPORAL_SHIFT,clean,False,False,False
ntx3-002354-2,g-002354,tel_Latn,HIGH,TEMPORAL_SHIFT,vendor_shift,True,True,True
ntx3-002354-2,g-002354,tel_Latn,HIGH,TEMPORAL_SHIFT,year_shift,True,True,True
ntx3-002354-2,g-002354,tel_Latn,HIGH,TEMPORAL_SHIFT,month_shift,True,True,True
ntx3-002354-2,g-002354,tel_Latn,HIGH,TEMPORAL_SHIFT,scope_broaden,True,False,True
ntx3-002354-2,g-002354,tel_Latn,HIGH,TEMPORAL_SHIFT,scope_broaden+vendor_shift,True,True,True
ntx3-002354-3,g-002354,tel_Telu,HIGH,TEMPORAL_SHIFT,clean,False,False,False
ntx3-002354-3,g-002354,tel_Telu,HIGH,TEMPORAL_SHIFT,vendor_shift,True,True,True
ntx3-002354-3,g-002354,tel_Telu,HIGH,TEMPORAL_SHIFT,year_shift,True,True,True
ntx3-002354-3,g-002354,tel_Telu,HIGH,TEMPORAL_SHIFT,month_shift,True,True,True
ntx3-002354-3,g-002354,tel_Telu,HIGH,TEMPORAL_SHIFT,scope_broaden,True,False,True
ntx3-002354-3,g-002354,tel_Telu,HIGH,TEMPORAL_SHIFT,scope_broaden+vendor_shift,True,True,True
ntx3-001915-0,g-001915,eng_Latn,LOW,TEMPORAL_SHIFT,clean,False,False,False
ntx3-001915-0,g-001915,eng_Latn,LOW,TEMPORAL_SHIFT,vendor_shift,True,True,True
ntx3-001915-0,g-001915,eng_Latn,LOW,TEMPORAL_SHIFT,year_shift,True,True,True
ntx3-001915-0,g-001915,eng_Latn,LOW,TEMPORAL_SHIFT,month_shift,True,True,True
ntx3-001915-0,g-001915,eng_Latn,LOW,TEMPORAL_SHIFT,scope_broaden,True,False,True
ntx3-001915-0,g-001915,eng_Latn,LOW,TEMPORAL_SHIFT,scope_broaden+vendor_shift,True,True,True
ntx3-001915-1,g-001915,hin_Latn,LOW,TEMPORAL_SHIFT,clean,False,False,False
ntx3-001915-1,g-001915,hin_Latn,LOW,TEMPORAL_SHIFT,vendor_shift,True,True,True
ntx3-001915-1,g-001915,hin_Latn,LOW,TEMPORAL_SHIFT,year_shift,True,True,True
ntx3-001915-1,g-001915,hin_Latn,LOW,TEMPORAL_SHIFT,month_shift,True,True,True
ntx3-001915-1,g-001915,hin_Latn,LOW,TEMPORAL_SHIFT,scope_broaden,True,False,True
ntx3-001915-1,g-001915,hin_Latn,LOW,TEMPORAL_SHIFT,scope_broaden+vendor_shift,True,True,True
ntx3-001915-2,g-001915,tel_Latn,LOW,TEMPORAL_SHIFT,clean,False,False,False
ntx3-001915-2,g-001915,tel_Latn,LOW,TEMPORAL_SHIFT,vendor_shift,True,True,True
ntx3-001915-2,g-001915,tel_Latn,LOW,TEMPORAL_SHIFT,year_shift,True,True,True
ntx3-001915-2,g-001915,tel_Latn,LOW,TEMPORAL_SHIFT,month_shift,True,True,True
ntx3-001915-2,g-001915,tel_Latn,LOW,TEMPORAL_SHIFT,scope_broaden,True,False,True
ntx3-001915-2,g-001915,tel_Latn,LOW,TEMPORAL_SHIFT,scope_broaden+vendor_shift,True,True,True
ntx3-001915-3,g-001915,tel_Telu,LOW,TEMPORAL_SHIFT,clean,False,False,False
ntx3-001915-3,g-001915,tel_Telu,LOW,TEMPORAL_SHIFT,vendor_shift,True,True,True
ntx3-001915-3,g-001915,tel_Telu,LOW,TEMPORAL_SHIFT,year_shift,True,True,True
ntx3-001915-3,g-001915,tel_Telu,LOW,TEMPORAL_SHIFT,month_shift,True,True,True
ntx3-001915-3,g-001915,tel_Telu,LOW,TEMPORAL_SHIFT,scope_broaden,True,False,True
ntx3-001915-3,g-001915,tel_Telu,LOW,TEMPORAL_SHIFT,scope_broaden+vendor_shift,True,True,True
ntx3-001599-0,g-001599,eng_Latn,CRITICAL,VALUE_SHIFT,clean,False,False,False
ntx3-001599-0,g-001599,eng_Latn,CRITICAL,VALUE_SHIFT,vendor_shift,True,True,True
ntx3-001599-0,g-001599,eng_Latn,CRITICAL,VALUE_SHIFT,year_shift,True,True,True
ntx3-001599-0,g-001599,eng_Latn,CRITICAL,VALUE_SHIFT,month_shift,True,True,True
ntx3-001599-0,g-001599,eng_Latn,CRITICAL,VALUE_SHIFT,scope_broaden,True,False,True
ntx3-001599-0,g-001599,eng_Latn,CRITICAL,VALUE_SHIFT,scope_broaden+vendor_shift,True,True,True
ntx3-001599-0,g-001599,eng_Latn,CRITICAL,VALUE_SHIFT,amount_shift,True,True,True
ntx3-001599-0,g-001599,eng_Latn,CRITICAL,VALUE_SHIFT,currency_shift,True,True,True
ntx3-001599-1,g-001599,hin_Latn,CRITICAL,VALUE_SHIFT,clean,False,False,False
ntx3-001599-1,g-001599,hin_Latn,CRITICAL,VALUE_SHIFT,vendor_shift,True,True,True
ntx3-001599-1,g-001599,hin_Latn,CRITICAL,VALUE_SHIFT,year_shift,True,True,True
ntx3-001599-1,g-001599,hin_Latn,CRITICAL,VALUE_SHIFT,month_shift,True,True,True
ntx3-001599-1,g-001599,hin_Latn,CRITICAL,VALUE_SHIFT,scope_broaden,True,False,True
ntx3-001599-1,g-001599,hin_Latn,CRITICAL,VALUE_SHIFT,scope_broaden+vendor_shift,True,True,True
ntx3-001599-1,g-001599,hin_Latn,CRITICAL,VALUE_SHIFT,amount_shift,True,True,True
ntx3-001599-1,g-001599,hin_Latn,CRITICAL,VALUE_SHIFT,currency_shift,True,True,True
ntx3-001599-2,g-001599,tel_Latn,CRITICAL,VALUE_SHIFT,clean,False,False,False
ntx3-001599-2,g-001599,tel_Latn,CRITICAL,VALUE_SHIFT,vendor_shift,True,True,True
ntx3-001599-2,g-001599,tel_Latn,CRITICAL,VALUE_SHIFT,year_shift,True,True,True
ntx3-001599-2,g-001599,tel_Latn,CRITICAL,VALUE_SHIFT,month_shift,True,True,True
ntx3-001599-2,g-001599,tel_Latn,CRITICAL,VALUE_SHIFT,scope_broaden,True,False,True
ntx3-001599-2,g-001599,tel_Latn,CRITICAL,VALUE_SHIFT,scope_broaden+vendor_shift,True,True,True
ntx3-001599-2,g-001599,tel_Latn,CRITICAL,VALUE_SHIFT,amount_shift,True,True,True
ntx3-001599-2,g-001599,tel_Latn,CRITICAL,VALUE_SHIFT,currency_shift,True,True,True
ntx3-001599-3,g-001599,tel_Telu,CRITICAL,VALUE_SHIFT,clean,False,False,False
ntx3-001599-3,g-001599,tel_Telu,CRITICAL,VALUE_SHIFT,vendor_shift,True,True,True
ntx3-001599-3,g-001599,tel_Telu,CRITICAL,VALUE_SHIFT,year_shift,True,True,True
ntx3-001599-3,g-001599,tel_Telu,CRITICAL,VALUE_SHIFT,month_shift,True,True,True
ntx3-001599-3,g-001599,tel_Telu,CRITICAL,VALUE_SHIFT,scope_broaden,True,False,True
ntx3-001599-3,g-001599,tel_Telu,CRITICAL,VALUE_SHIFT,scope_broaden+vendor_shift,True,True,True
ntx3-001599-3,g-001599,tel_Telu,CRITICAL,VALUE_SHIFT,amount_shift,True,True,True
ntx3-001599-3,g-001599,tel_Telu,CRITICAL,VALUE_SHIFT,currency_shift,True,True,True
ntx3-001555-0,g-001555,eng_Latn,MEDIUM,VALUE_SHIFT,clean,False,False,False
ntx3-001555-0,g-001555,eng_Latn,MEDIUM,VALUE_SHIFT,vendor_shift,True,True,True
ntx3-001555-0,g-001555,eng_Latn,MEDIUM,VALUE_SHIFT,year_shift,True,True,True
ntx3-001555-0,g-001555,eng_Latn,MEDIUM,VALUE_SHIFT,month_shift,True,True,True
ntx3-001555-0,g-001555,eng_Latn,MEDIUM,VALUE_SHIFT,scope_broaden,True,False,True
ntx3-001555-0,g-001555,eng_Latn,MEDIUM,VALUE_SHIFT,scope_broaden+vendor_shift,True,True,True
ntx3-001555-0,g-001555,eng_Latn,MEDIUM,VALUE_SHIFT,amount_shift,True,True,True
ntx3-001555-0,g-001555,eng_Latn,MEDIUM,VALUE_SHIFT,currency_shift,True,True,True
ntx3-001555-1,g-001555,hin_Latn,MEDIUM,VALUE_SHIFT,clean,False,False,False
ntx3-001555-1,g-001555,hin_Latn,MEDIUM,VALUE_SHIFT,vendor_shift,True,True,True
ntx3-001555-1,g-001555,hin_Latn,MEDIUM,VALUE_SHIFT,year_shift,True,True,True
ntx3-001555-1,g-001555,hin_Latn,MEDIUM,VALUE_SHIFT,month_shift,True,True,True
ntx3-001555-1,g-001555,hin_Latn,MEDIUM,VALUE_SHIFT,scope_broaden,True,False,True
ntx3-001555-1,g-001555,hin_Latn,MEDIUM,VALUE_SHIFT,scope_broaden+vendor_shift,True,True,True
ntx3-001555-1,g-001555,hin_Latn,MEDIUM,VALUE_SHIFT,amount_shift,True,True,True
ntx3-001555-1,g-001555,hin_Latn,MEDIUM,VALUE_SHIFT,currency_shift,True,True,True
ntx3-001555-2,g-001555,tel_Latn,MEDIUM,VALUE_SHIFT,clean,False,False,False
ntx3-001555-2,g-001555,tel_Latn,MEDIUM,VALUE_SHIFT,vendor_shift,True,True,True
ntx3-001555-2,g-001555,tel_Latn,MEDIUM,VALUE_SHIFT,year_shift,True,True,True
ntx3-001555-2,g-001555,tel_Latn,MEDIUM,VALUE_SHIFT,month_shift,True,True,True
ntx3-001555-2,g-001555,tel_Latn,MEDIUM,VALUE_SHIFT,scope_broaden,True,False,True
ntx3-001555-2,g-001555,tel_Latn,MEDIUM,VALUE_SHIFT,scope_broaden+vendor_shift,True,True,True
ntx3-001555-2,g-001555,tel_Latn,MEDIUM,VALUE_SHIFT,amount_shift,True,True,True
ntx3-001555-2,g-001555,tel_Latn,MEDIUM,VALUE_SHIFT,currency_shift,True,True,True
ntx3-001555-3,g-001555,tel_Telu,MEDIUM,VALUE_SHIFT,clean,False,False,False
ntx3-001555-3,g-001555,tel_Telu,MEDIUM,VALUE_SHIFT,vendor_shift,True,True,True
ntx3-001555-3,g-001555,tel_Telu,MEDIUM,VALUE_SHIFT,year_shift,True,True,True
ntx3-001555-3,g-001555,tel_Telu,MEDIUM,VALUE_SHIFT,month_shift,True,True,True
ntx3-001555-3,g-001555,tel_Telu,MEDIUM,VALUE_SHIFT,scope_broaden,True,False,True
ntx3-001555-3,g-001555,tel_Telu,MEDIUM,VALUE_SHIFT,scope_broaden+vendor_shift,True,True,True
ntx3-001555-3,g-001555,tel_Telu,MEDIUM,VALUE_SHIFT,amount_shift,True,True,True
ntx3-001555-3,g-001555,tel_Telu,MEDIUM,VALUE_SHIFT,currency_shift,True,True,True
ntx3-001500-0,g-001500,eng_Latn,HIGH,VALUE_SHIFT,clean,False,False,False
ntx3-001500-0,g-001500,eng_Latn,HIGH,VALUE_SHIFT,vendor_shift,True,True,True
ntx3-001500-0,g-001500,eng_Latn,HIGH,VALUE_SHIFT,year_shift,True,True,True
ntx3-001500-0,g-001500,eng_Latn,HIGH,VALUE_SHIFT,month_shift,True,True,True
ntx3-001500-0,g-001500,eng_Latn,HIGH,VALUE_SHIFT,scope_broaden,True,False,True
ntx3-001500-0,g-001500,eng_Latn,HIGH,VALUE_SHIFT,scope_broaden+vendor_shift,True,True,True
ntx3-001500-0,g-001500,eng_Latn,HIGH,VALUE_SHIFT,amount_shift,True,True,True
ntx3-001500-0,g-001500,eng_Latn,HIGH,VALUE_SHIFT,currency_shift,True,True,True
ntx3-001500-1,g-001500,hin_Latn,HIGH,VALUE_SHIFT,clean,False,False,False
ntx3-001500-1,g-001500,hin_Latn,HIGH,VALUE_SHIFT,vendor_shift,True,True,True
ntx3-001500-1,g-001500,hin_Latn,HIGH,VALUE_SHIFT,year_shift,True,True,True
ntx3-001500-1,g-001500,hin_Latn,HIGH,VALUE_SHIFT,month_shift,True,True,True
ntx3-001500-1,g-001500,hin_Latn,HIGH,VALUE_SHIFT,scope_broaden,True,False,True
ntx3-001500-1,g-001500,hin_Latn,HIGH,VALUE_SHIFT,scope_broaden+vendor_shift,True,True,True
ntx3-001500-1,g-001500,hin_Latn,HIGH,VALUE_SHIFT,amount_shift,True,True,True
ntx3-001500-1,g-001500,hin_Latn,HIGH,VALUE_SHIFT,currency_shift,True,True,True
ntx3-001500-2,g-001500,tel_Latn,HIGH,VALUE_SHIFT,clean,False,False,False
ntx3-001500-2,g-001500,tel_Latn,HIGH,VALUE_SHIFT,vendor_shift,True,True,True
ntx3-001500-2,g-001500,tel_Latn,HIGH,VALUE_SHIFT,year_shift,True,True,True
ntx3-001500-2,g-001500,tel_Latn,HIGH,VALUE_SHIFT,month_shift,True,True,True
ntx3-001500-2,g-001500,tel_Latn,HIGH,VALUE_SHIFT,scope_broaden,True,False,True
ntx3-001500-2,g-001500,tel_Latn,HIGH,VALUE_SHIFT,scope_broaden+vendor_shift,True,True,True
ntx3-001500-2,g-001500,tel_Latn,HIGH,VALUE_SHIFT,amount_shift,True,True,True
ntx3-001500-2,g-001500,tel_Latn,HIGH,VALUE_SHIFT,currency_shift,True,True,True
ntx3-001500-3,g-001500,tel_Telu,HIGH,VALUE_SHIFT,clean,False,False,False
ntx3-001500-3,g-001500,tel_Telu,HIGH,VALUE_SHIFT,vendor_shift,True,True,True
ntx3-001500-3,g-001500,tel_Telu,HIGH,VALUE_SHIFT,year_shift,True,True,True
ntx3-001500-3,g-001500,tel_Telu,HIGH,VALUE_SHIFT,month_shift,True,True,True
ntx3-001500-3,g-001500,tel_Telu,HIGH,VALUE_SHIFT,scope_broaden,True,False,True
ntx3-001500-3,g-001500,tel_Telu,HIGH,VALUE_SHIFT,scope_broaden+vendor_shift,True,True,True
ntx3-001500-3,g-001500,tel_Telu,HIGH,VALUE_SHIFT,amount_shift,True,True,True
ntx3-001500-3,g-001500,tel_Telu,HIGH,VALUE_SHIFT,currency_shift,True,True,True
ntx3-001570-0,g-001570,eng_Latn,HIGH,VALUE_SHIFT,clean,False,False,False
ntx3-001570-0,g-001570,eng_Latn,HIGH,VALUE_SHIFT,vendor_shift,True,True,True
ntx3-001570-0,g-001570,eng_Latn,HIGH,VALUE_SHIFT,year_shift,True,True,True
ntx3-001570-0,g-001570,eng_Latn,HIGH,VALUE_SHIFT,month_shift,True,True,True
ntx3-001570-0,g-001570,eng_Latn,HIGH,VALUE_SHIFT,scope_broaden,True,False,True
ntx3-001570-0,g-001570,eng_Latn,HIGH,VALUE_SHIFT,scope_broaden+vendor_shift,True,True,True
ntx3-001570-0,g-001570,eng_Latn,HIGH,VALUE_SHIFT,amount_shift,True,True,True
ntx3-001570-0,g-001570,eng_Latn,HIGH,VALUE_SHIFT,currency_shift,True,True,True
ntx3-001570-1,g-001570,hin_Latn,HIGH,VALUE_SHIFT,clean,False,False,False
ntx3-001570-1,g-001570,hin_Latn,HIGH,VALUE_SHIFT,vendor_shift,True,True,True
ntx3-001570-1,g-001570,hin_Latn,HIGH,VALUE_SHIFT,year_shift,True,True,True
ntx3-001570-1,g-001570,hin_Latn,HIGH,VALUE_SHIFT,month_shift,True,True,True
ntx3-001570-1,g-001570,hin_Latn,HIGH,VALUE_SHIFT,scope_broaden,True,False,True
ntx3-001570-1,g-001570,hin_Latn,HIGH,VALUE_SHIFT,scope_broaden+vendor_shift,True,True,True
ntx3-001570-1,g-001570,hin_Latn,HIGH,VALUE_SHIFT,amount_shift,True,True,True
ntx3-001570-1,g-001570,hin_Latn,HIGH,VALUE_SHIFT,currency_shift,True,True,True
ntx3-001570-2,g-001570,tel_Latn,HIGH,VALUE_SHIFT,clean,False,False,False
ntx3-001570-2,g-001570,tel_Latn,HIGH,VALUE_SHIFT,vendor_shift,True,True,True
ntx3-001570-2,g-001570,tel_Latn,HIGH,VALUE_SHIFT,year_shift,True,True,True
ntx3-001570-2,g-001570,tel_Latn,HIGH,VALUE_SHIFT,month_shift,True,True,True
ntx3-001570-2,g-001570,tel_Latn,HIGH,VALUE_SHIFT,scope_broaden,True,False,True
ntx3-001570-2,g-001570,tel_Latn,HIGH,VALUE_SHIFT,scope_broaden+vendor_shift,True,True,True
ntx3-001570-2,g-001570,tel_Latn,HIGH,VALUE_SHIFT,amount_shift,True,True,True
ntx3-001570-2,g-001570,tel_Latn,HIGH,VALUE_SHIFT,currency_shift,True,True,True
ntx3-001570-3,g-001570,tel_Telu,HIGH,VALUE_SHIFT,clean,False,False,False
ntx3-001570-3,g-001570,tel_Telu,HIGH,VALUE_SHIFT,vendor_shift,True,True,True
ntx3-001570-3,g-001570,tel_Telu,HIGH,VALUE_SHIFT,year_shift,True,True,True
ntx3-001570-3,g-001570,tel_Telu,HIGH,VALUE_SHIFT,month_shift,True,True,True
ntx3-001570-3,g-001570,tel_Telu,HIGH,VALUE_SHIFT,scope_broaden,True,False,True
ntx3-001570-3,g-001570,tel_Telu,HIGH,VALUE_SHIFT,scope_broaden+vendor_shift,True,True,True
ntx3-001570-3,g-001570,tel_Telu,HIGH,VALUE_SHIFT,amount_shift,True,True,True
ntx3-001570-3,g-001570,tel_Telu,HIGH,VALUE_SHIFT,currency_shift,True,True,True
ntx3-001466-0,g-001466,eng_Latn,MEDIUM,VALUE_SHIFT,clean,False,False,False
ntx3-001466-0,g-001466,eng_Latn,MEDIUM,VALUE_SHIFT,vendor_shift,True,True,True
ntx3-001466-0,g-001466,eng_Latn,MEDIUM,VALUE_SHIFT,year_shift,True,True,True
ntx3-001466-0,g-001466,eng_Latn,MEDIUM,VALUE_SHIFT,month_shift,True,True,True
ntx3-001466-0,g-001466,eng_Latn,MEDIUM,VALUE_SHIFT,scope_broaden,True,False,True
ntx3-001466-0,g-001466,eng_Latn,MEDIUM,VALUE_SHIFT,scope_broaden+vendor_shift,True,True,True
ntx3-001466-0,g-001466,eng_Latn,MEDIUM,VALUE_SHIFT,amount_shift,True,True,True
ntx3-001466-0,g-001466,eng_Latn,MEDIUM,VALUE_SHIFT,currency_shift,True,True,True
ntx3-001466-1,g-001466,hin_Latn,MEDIUM,VALUE_SHIFT,clean,False,False,False
ntx3-001466-1,g-001466,hin_Latn,MEDIUM,VALUE_SHIFT,vendor_shift,True,True,True
ntx3-001466-1,g-001466,hin_Latn,MEDIUM,VALUE_SHIFT,year_shift,True,True,True
ntx3-001466-1,g-001466,hin_Latn,MEDIUM,VALUE_SHIFT,month_shift,True,True,True
ntx3-001466-1,g-001466,hin_Latn,MEDIUM,VALUE_SHIFT,scope_broaden,True,False,True
ntx3-001466-1,g-001466,hin_Latn,MEDIUM,VALUE_SHIFT,scope_broaden+vendor_shift,True,True,True
ntx3-001466-1,g-001466,hin_Latn,MEDIUM,VALUE_SHIFT,amount_shift,True,True,True
ntx3-001466-1,g-001466,hin_Latn,MEDIUM,VALUE_SHIFT,currency_shift,True,True,True
ntx3-001466-2,g-001466,tel_Latn,MEDIUM,VALUE_SHIFT,clean,False,False,False
ntx3-001466-2,g-001466,tel_Latn,MEDIUM,VALUE_SHIFT,vendor_shift,True,True,True
ntx3-001466-2,g-001466,tel_Latn,MEDIUM,VALUE_SHIFT,year_shift,True,True,True
ntx3-001466-2,g-001466,tel_Latn,MEDIUM,VALUE_SHIFT,month_shift,True,True,True
ntx3-001466-2,g-001466,tel_Latn,MEDIUM,VALUE_SHIFT,scope_broaden,True,False,True
ntx3-001466-2,g-001466,tel_Latn,MEDIUM,VALUE_SHIFT,scope_broaden+vendor_shift,True,True,True
ntx3-001466-2,g-001466,tel_Latn,MEDIUM,VALUE_SHIFT,amount_shift,True,True,True
ntx3-001466-2,g-001466,tel_Latn,MEDIUM,VALUE_SHIFT,currency_shift,True,True,True
ntx3-001466-3,g-001466,tel_Telu,MEDIUM,VALUE_SHIFT,clean,False,False,False
ntx3-001466-3,g-001466,tel_Telu,MEDIUM,VALUE_SHIFT,vendor_shift,True,True,True
ntx3-001466-3,g-001466,tel_Telu,MEDIUM,VALUE_SHIFT,year_shift,True,True,True
ntx3-001466-3,g-001466,tel_Telu,MEDIUM,VALUE_SHIFT,month_shift,True,True,True
ntx3-001466-3,g-001466,tel_Telu,MEDIUM,VALUE_SHIFT,scope_broaden,True,False,True
ntx3-001466-3,g-001466,tel_Telu,MEDIUM,VALUE_SHIFT,scope_broaden+vendor_shift,True,True,True
ntx3-001466-3,g-001466,tel_Telu,MEDIUM,VALUE_SHIFT,amount_shift,True,True,True
ntx3-001466-3,g-001466,tel_Telu,MEDIUM,VALUE_SHIFT,currency_shift,True,True,True
ntx3-000817-0,g-000817,eng_Latn,MEDIUM,VALUE_SHIFT,clean,False,False,False
ntx3-000817-0,g-000817,eng_Latn,MEDIUM,VALUE_SHIFT,vendor_shift,True,True,True
ntx3-000817-0,g-000817,eng_Latn,MEDIUM,VALUE_SHIFT,year_shift,True,True,True
ntx3-000817-0,g-000817,eng_Latn,MEDIUM,VALUE_SHIFT,month_shift,True,True,True
ntx3-000817-0,g-000817,eng_Latn,MEDIUM,VALUE_SHIFT,scope_broaden,True,False,True
ntx3-000817-0,g-000817,eng_Latn,MEDIUM,VALUE_SHIFT,scope_broaden+vendor_shift,True,True,True
ntx3-000817-0,g-000817,eng_Latn,MEDIUM,VALUE_SHIFT,amount_shift,True,True,True
ntx3-000817-0,g-000817,eng_Latn,MEDIUM,VALUE_SHIFT,currency_shift,True,True,True
ntx3-000817-1,g-000817,hin_Latn,MEDIUM,VALUE_SHIFT,clean,False,False,False
ntx3-000817-1,g-000817,hin_Latn,MEDIUM,VALUE_SHIFT,vendor_shift,True,True,True
ntx3-000817-1,g-000817,hin_Latn,MEDIUM,VALUE_SHIFT,year_shift,True,True,True
ntx3-000817-1,g-000817,hin_Latn,MEDIUM,VALUE_SHIFT,month_shift,True,True,True
ntx3-000817-1,g-000817,hin_Latn,MEDIUM,VALUE_SHIFT,scope_broaden,True,False,True
ntx3-000817-1,g-000817,hin_Latn,MEDIUM,VALUE_SHIFT,scope_broaden+vendor_shift,True,True,True
ntx3-000817-1,g-000817,hin_Latn,MEDIUM,VALUE_SHIFT,amount_shift,True,True,True
ntx3-000817-1,g-000817,hin_Latn,MEDIUM,VALUE_SHIFT,currency_shift,True,True,True
ntx3-000817-2,g-000817,tel_Latn,MEDIUM,VALUE_SHIFT,clean,False,False,False
ntx3-000817-2,g-000817,tel_Latn,MEDIUM,VALUE_SHIFT,vendor_shift,True,True,True
ntx3-000817-2,g-000817,tel_Latn,MEDIUM,VALUE_SHIFT,year_shift,True,True,True
ntx3-000817-2,g-000817,tel_Latn,MEDIUM,VALUE_SHIFT,month_shift,True,True,True
ntx3-000817-2,g-000817,tel_Latn,MEDIUM,VALUE_SHIFT,scope_broaden,True,False,True
ntx3-000817-2,g-000817,tel_Latn,MEDIUM,VALUE_SHIFT,scope_broaden+vendor_shift,True,True,True
ntx3-000817-2,g-000817,tel_Latn,MEDIUM,VALUE_SHIFT,amount_shift,True,True,True
ntx3-000817-2,g-000817,tel_Latn,MEDIUM,VALUE_SHIFT,currency_shift,True,True,True
ntx3-000817-3,g-000817,tel_Telu,MEDIUM,VALUE_SHIFT,clean,False,False,False
ntx3-000817-3,g-000817,tel_Telu,MEDIUM,VALUE_SHIFT,vendor_shift,True,True,True
ntx3-000817-3,g-000817,tel_Telu,MEDIUM,VALUE_SHIFT,year_shift,True,True,True
ntx3-000817-3,g-000817,tel_Telu,MEDIUM,VALUE_SHIFT,month_shift,True,True,True
ntx3-000817-3,g-000817,tel_Telu,MEDIUM,VALUE_SHIFT,scope_broaden,True,False,True
ntx3-000817-3,g-000817,tel_Telu,MEDIUM,VALUE_SHIFT,scope_broaden+vendor_shift,True,True,True
ntx3-000817-3,g-000817,tel_Telu,MEDIUM,VALUE_SHIFT,amount_shift,True,True,True
ntx3-000817-3,g-000817,tel_Telu,MEDIUM,VALUE_SHIFT,currency_shift,True,True,True
ntx3-001653-0,g-001653,eng_Latn,MEDIUM,VALUE_SHIFT,clean,False,False,False
ntx3-001653-0,g-001653,eng_Latn,MEDIUM,VALUE_SHIFT,vendor_shift,True,True,True
ntx3-001653-0,g-001653,eng_Latn,MEDIUM,VALUE_SHIFT,year_shift,True,True,True
ntx3-001653-0,g-001653,eng_Latn,MEDIUM,VALUE_SHIFT,month_shift,True,True,True
ntx3-001653-0,g-001653,eng_Latn,MEDIUM,VALUE_SHIFT,scope_broaden,True,False,True
ntx3-001653-0,g-001653,eng_Latn,MEDIUM,VALUE_SHIFT,scope_broaden+vendor_shift,True,True,True
ntx3-001653-0,g-001653,eng_Latn,MEDIUM,VALUE_SHIFT,amount_shift,True,True,True
ntx3-001653-0,g-001653,eng_Latn,MEDIUM,VALUE_SHIFT,currency_shift,True,True,True
ntx3-001653-1,g-001653,hin_Latn,MEDIUM,VALUE_SHIFT,clean,False,False,False
ntx3-001653-1,g-001653,hin_Latn,MEDIUM,VALUE_SHIFT,vendor_shift,True,True,True
ntx3-001653-1,g-001653,hin_Latn,MEDIUM,VALUE_SHIFT,year_shift,True,True,True
ntx3-001653-1,g-001653,hin_Latn,MEDIUM,VALUE_SHIFT,month_shift,True,True,True
ntx3-001653-1,g-001653,hin_Latn,MEDIUM,VALUE_SHIFT,scope_broaden,True,False,True
ntx3-001653-1,g-001653,hin_Latn,MEDIUM,VALUE_SHIFT,scope_broaden+vendor_shift,True,True,True
ntx3-001653-1,g-001653,hin_Latn,MEDIUM,VALUE_SHIFT,amount_shift,True,True,True
ntx3-001653-1,g-001653,hin_Latn,MEDIUM,VALUE_SHIFT,currency_shift,True,True,True
ntx3-001653-2,g-001653,tel_Latn,MEDIUM,VALUE_SHIFT,clean,False,False,False
ntx3-001653-2,g-001653,tel_Latn,MEDIUM,VALUE_SHIFT,vendor_shift,True,True,True
ntx3-001653-2,g-001653,tel_Latn,MEDIUM,VALUE_SHIFT,year_shift,True,True,True
ntx3-001653-2,g-001653,tel_Latn,MEDIUM,VALUE_SHIFT,month_shift,True,True,True
ntx3-001653-2,g-001653,tel_Latn,MEDIUM,VALUE_SHIFT,scope_broaden,True,False,True
ntx3-001653-2,g-001653,tel_Latn,MEDIUM,VALUE_SHIFT,scope_broaden+vendor_shift,True,True,True
ntx3-001653-2,g-001653,tel_Latn,MEDIUM,VALUE_SHIFT,amount_shift,True,True,True
ntx3-001653-2,g-001653,tel_Latn,MEDIUM,VALUE_SHIFT,currency_shift,True,True,True
ntx3-001653-3,g-001653,tel_Telu,MEDIUM,VALUE_SHIFT,clean,False,False,False
ntx3-001653-3,g-001653,tel_Telu,MEDIUM,VALUE_SHIFT,vendor_shift,True,True,True
ntx3-001653-3,g-001653,tel_Telu,MEDIUM,VALUE_SHIFT,year_shift,True,True,True
ntx3-001653-3,g-001653,tel_Telu,MEDIUM,VALUE_SHIFT,month_shift,True,True,True
ntx3-001653-3,g-001653,tel_Telu,MEDIUM,VALUE_SHIFT,scope_broaden,True,False,True
ntx3-001653-3,g-001653,tel_Telu,MEDIUM,VALUE_SHIFT,scope_broaden+vendor_shift,True,True,True
ntx3-001653-3,g-001653,tel_Telu,MEDIUM,VALUE_SHIFT,amount_shift,True,True,True
ntx3-001653-3,g-001653,tel_Telu,MEDIUM,VALUE_SHIFT,currency_shift,True,True,True
ntx3-001353-0,g-001353,eng_Latn,MEDIUM,VALUE_SHIFT,clean,False,False,False
ntx3-001353-0,g-001353,eng_Latn,MEDIUM,VALUE_SHIFT,vendor_shift,True,True,True
ntx3-001353-0,g-001353,eng_Latn,MEDIUM,VALUE_SHIFT,year_shift,True,True,True
ntx3-001353-0,g-001353,eng_Latn,MEDIUM,VALUE_SHIFT,month_shift,True,True,True
ntx3-001353-0,g-001353,eng_Latn,MEDIUM,VALUE_SHIFT,scope_broaden,True,False,True
ntx3-001353-0,g-001353,eng_Latn,MEDIUM,VALUE_SHIFT,scope_broaden+vendor_shift,True,True,True
ntx3-001353-0,g-001353,eng_Latn,MEDIUM,VALUE_SHIFT,amount_shift,True,True,True
ntx3-001353-0,g-001353,eng_Latn,MEDIUM,VALUE_SHIFT,currency_shift,True,True,True
ntx3-001353-1,g-001353,hin_Latn,MEDIUM,VALUE_SHIFT,clean,False,False,False
ntx3-001353-1,g-001353,hin_Latn,MEDIUM,VALUE_SHIFT,vendor_shift,True,True,True
ntx3-001353-1,g-001353,hin_Latn,MEDIUM,VALUE_SHIFT,year_shift,True,True,True
ntx3-001353-1,g-001353,hin_Latn,MEDIUM,VALUE_SHIFT,month_shift,True,True,True
ntx3-001353-1,g-001353,hin_Latn,MEDIUM,VALUE_SHIFT,scope_broaden,True,False,True
ntx3-001353-1,g-001353,hin_Latn,MEDIUM,VALUE_SHIFT,scope_broaden+vendor_shift,True,True,True
ntx3-001353-1,g-001353,hin_Latn,MEDIUM,VALUE_SHIFT,amount_shift,True,True,True
ntx3-001353-1,g-001353,hin_Latn,MEDIUM,VALUE_SHIFT,currency_shift,True,True,True
ntx3-001353-2,g-001353,tel_Latn,MEDIUM,VALUE_SHIFT,clean,False,False,False
ntx3-001353-2,g-001353,tel_Latn,MEDIUM,VALUE_SHIFT,vendor_shift,True,True,True
ntx3-001353-2,g-001353,tel_Latn,MEDIUM,VALUE_SHIFT,year_shift,True,True,True
ntx3-001353-2,g-001353,tel_Latn,MEDIUM,VALUE_SHIFT,month_shift,True,True,True
ntx3-001353-2,g-001353,tel_Latn,MEDIUM,VALUE_SHIFT,scope_broaden,True,False,True
ntx3-001353-2,g-001353,tel_Latn,MEDIUM,VALUE_SHIFT,scope_broaden+vendor_shift,True,True,True
ntx3-001353-2,g-001353,tel_Latn,MEDIUM,VALUE_SHIFT,amount_shift,True,True,True
ntx3-001353-2,g-001353,tel_Latn,MEDIUM,VALUE_SHIFT,currency_shift,True,True,True
ntx3-001353-3,g-001353,tel_Telu,MEDIUM,VALUE_SHIFT,clean,False,False,False
ntx3-001353-3,g-001353,tel_Telu,MEDIUM,VALUE_SHIFT,vendor_shift,True,True,True
ntx3-001353-3,g-001353,tel_Telu,MEDIUM,VALUE_SHIFT,year_shift,True,True,True
ntx3-001353-3,g-001353,tel_Telu,MEDIUM,VALUE_SHIFT,month_shift,True,True,True
ntx3-001353-3,g-001353,tel_Telu,MEDIUM,VALUE_SHIFT,scope_broaden,True,False,True
ntx3-001353-3,g-001353,tel_Telu,MEDIUM,VALUE_SHIFT,scope_broaden+vendor_shift,True,True,True
ntx3-001353-3,g-001353,tel_Telu,MEDIUM,VALUE_SHIFT,amount_shift,True,True,True
ntx3-001353-3,g-001353,tel_Telu,MEDIUM,VALUE_SHIFT,currency_shift,True,True,True
ntx3-002108-0,g-002108,eng_Latn,MEDIUM,VALUE_SHIFT,clean,False,False,False
ntx3-002108-0,g-002108,eng_Latn,MEDIUM,VALUE_SHIFT,vendor_shift,True,True,True
ntx3-002108-0,g-002108,eng_Latn,MEDIUM,VALUE_SHIFT,year_shift,True,True,True
ntx3-002108-0,g-002108,eng_Latn,MEDIUM,VALUE_SHIFT,month_shift,True,True,True
ntx3-002108-0,g-002108,eng_Latn,MEDIUM,VALUE_SHIFT,scope_broaden,True,False,True
ntx3-002108-0,g-002108,eng_Latn,MEDIUM,VALUE_SHIFT,scope_broaden+vendor_shift,True,True,True
ntx3-002108-0,g-002108,eng_Latn,MEDIUM,VALUE_SHIFT,amount_shift,True,True,True
ntx3-002108-0,g-002108,eng_Latn,MEDIUM,VALUE_SHIFT,currency_shift,True,True,True
ntx3-002108-1,g-002108,hin_Latn,MEDIUM,VALUE_SHIFT,clean,False,False,False
ntx3-002108-1,g-002108,hin_Latn,MEDIUM,VALUE_SHIFT,vendor_shift,True,True,True
ntx3-002108-1,g-002108,hin_Latn,MEDIUM,VALUE_SHIFT,year_shift,True,True,True
ntx3-002108-1,g-002108,hin_Latn,MEDIUM,VALUE_SHIFT,month_shift,True,True,True
ntx3-002108-1,g-002108,hin_Latn,MEDIUM,VALUE_SHIFT,scope_broaden,True,False,True
ntx3-002108-1,g-002108,hin_Latn,MEDIUM,VALUE_SHIFT,scope_broaden+vendor_shift,True,True,True
ntx3-002108-1,g-002108,hin_Latn,MEDIUM,VALUE_SHIFT,amount_shift,True,True,True
ntx3-002108-1,g-002108,hin_Latn,MEDIUM,VALUE_SHIFT,currency_shift,True,True,True
ntx3-002108-2,g-002108,tel_Latn,MEDIUM,VALUE_SHIFT,clean,False,False,False
ntx3-002108-2,g-002108,tel_Latn,MEDIUM,VALUE_SHIFT,vendor_shift,True,True,True
ntx3-002108-2,g-002108,tel_Latn,MEDIUM,VALUE_SHIFT,year_shift,True,True,True
ntx3-002108-2,g-002108,tel_Latn,MEDIUM,VALUE_SHIFT,month_shift,True,True,True
ntx3-002108-2,g-002108,tel_Latn,MEDIUM,VALUE_SHIFT,scope_broaden,True,False,True
ntx3-002108-2,g-002108,tel_Latn,MEDIUM,VALUE_SHIFT,scope_broaden+vendor_shift,True,True,True
ntx3-002108-2,g-002108,tel_Latn,MEDIUM,VALUE_SHIFT,amount_shift,True,True,True
ntx3-002108-2,g-002108,tel_Latn,MEDIUM,VALUE_SHIFT,currency_shift,True,True,True
ntx3-002108-3,g-002108,tel_Telu,MEDIUM,VALUE_SHIFT,clean,False,False,False
ntx3-002108-3,g-002108,tel_Telu,MEDIUM,VALUE_SHIFT,vendor_shift,True,True,True
ntx3-002108-3,g-002108,tel_Telu,MEDIUM,VALUE_SHIFT,year_shift,True,True,True
ntx3-002108-3,g-002108,tel_Telu,MEDIUM,VALUE_SHIFT,month_shift,True,True,True
ntx3-002108-3,g-002108,tel_Telu,MEDIUM,VALUE_SHIFT,scope_broaden,True,False,True
ntx3-002108-3,g-002108,tel_Telu,MEDIUM,VALUE_SHIFT,scope_broaden+vendor_shift,True,True,True
ntx3-002108-3,g-002108,tel_Telu,MEDIUM,VALUE_SHIFT,amount_shift,True,True,True
ntx3-002108-3,g-002108,tel_Telu,MEDIUM,VALUE_SHIFT,currency_shift,True,True,True
ntx3-000868-0,g-000868,eng_Latn,CRITICAL,VALUE_SHIFT,clean,False,False,False
ntx3-000868-0,g-000868,eng_Latn,CRITICAL,VALUE_SHIFT,vendor_shift,True,True,True
ntx3-000868-0,g-000868,eng_Latn,CRITICAL,VALUE_SHIFT,year_shift,True,True,True
ntx3-000868-0,g-000868,eng_Latn,CRITICAL,VALUE_SHIFT,month_shift,True,True,True
ntx3-000868-0,g-000868,eng_Latn,CRITICAL,VALUE_SHIFT,scope_broaden,True,False,True
ntx3-000868-0,g-000868,eng_Latn,CRITICAL,VALUE_SHIFT,scope_broaden+vendor_shift,True,True,True
ntx3-000868-0,g-000868,eng_Latn,CRITICAL,VALUE_SHIFT,amount_shift,True,True,True
ntx3-000868-0,g-000868,eng_Latn,CRITICAL,VALUE_SHIFT,currency_shift,True,True,True
ntx3-000868-1,g-000868,hin_Latn,CRITICAL,VALUE_SHIFT,clean,False,False,False
ntx3-000868-1,g-000868,hin_Latn,CRITICAL,VALUE_SHIFT,vendor_shift,True,True,True
ntx3-000868-1,g-000868,hin_Latn,CRITICAL,VALUE_SHIFT,year_shift,True,True,True
ntx3-000868-1,g-000868,hin_Latn,CRITICAL,VALUE_SHIFT,month_shift,True,True,True
ntx3-000868-1,g-000868,hin_Latn,CRITICAL,VALUE_SHIFT,scope_broaden,True,False,True
ntx3-000868-1,g-000868,hin_Latn,CRITICAL,VALUE_SHIFT,scope_broaden+vendor_shift,True,True,True
ntx3-000868-1,g-000868,hin_Latn,CRITICAL,VALUE_SHIFT,amount_shift,True,True,True
ntx3-000868-1,g-000868,hin_Latn,CRITICAL,VALUE_SHIFT,currency_shift,True,True,True
ntx3-000868-2,g-000868,tel_Latn,CRITICAL,VALUE_SHIFT,clean,False,False,False
ntx3-000868-2,g-000868,tel_Latn,CRITICAL,VALUE_SHIFT,vendor_shift,True,True,True
ntx3-000868-2,g-000868,tel_Latn,CRITICAL,VALUE_SHIFT,year_shift,True,True,True
ntx3-000868-2,g-000868,tel_Latn,CRITICAL,VALUE_SHIFT,month_shift,True,True,True
ntx3-000868-2,g-000868,tel_Latn,CRITICAL,VALUE_SHIFT,scope_broaden,True,False,True
ntx3-000868-2,g-000868,tel_Latn,CRITICAL,VALUE_SHIFT,scope_broaden+vendor_shift,True,True,True
ntx3-000868-2,g-000868,tel_Latn,CRITICAL,VALUE_SHIFT,amount_shift,True,True,True
ntx3-000868-2,g-000868,tel_Latn,CRITICAL,VALUE_SHIFT,currency_shift,True,True,True
ntx3-000868-3,g-000868,tel_Telu,CRITICAL,VALUE_SHIFT,clean,False,False,False
ntx3-000868-3,g-000868,tel_Telu,CRITICAL,VALUE_SHIFT,vendor_shift,True,True,True
ntx3-000868-3,g-000868,tel_Telu,CRITICAL,VALUE_SHIFT,year_shift,True,True,True
ntx3-000868-3,g-000868,tel_Telu,CRITICAL,VALUE_SHIFT,month_shift,True,True,True
ntx3-000868-3,g-000868,tel_Telu,CRITICAL,VALUE_SHIFT,scope_broaden,True,False,True
ntx3-000868-3,g-000868,tel_Telu,CRITICAL,VALUE_SHIFT,scope_broaden+vendor_shift,True,True,True
ntx3-000868-3,g-000868,tel_Telu,CRITICAL,VALUE_SHIFT,amount_shift,True,True,True
ntx3-000868-3,g-000868,tel_Telu,CRITICAL,VALUE_SHIFT,currency_shift,True,True,True
ntx3-000941-0,g-000941,eng_Latn,HIGH,VALUE_SHIFT,clean,False,False,False
ntx3-000941-0,g-000941,eng_Latn,HIGH,VALUE_SHIFT,vendor_shift,True,True,True
ntx3-000941-0,g-000941,eng_Latn,HIGH,VALUE_SHIFT,year_shift,True,True,True
ntx3-000941-0,g-000941,eng_Latn,HIGH,VALUE_SHIFT,month_shift,True,True,True
ntx3-000941-0,g-000941,eng_Latn,HIGH,VALUE_SHIFT,scope_broaden,True,False,True
ntx3-000941-0,g-000941,eng_Latn,HIGH,VALUE_SHIFT,scope_broaden+vendor_shift,True,True,True
ntx3-000941-0,g-000941,eng_Latn,HIGH,VALUE_SHIFT,amount_shift,True,True,True
ntx3-000941-0,g-000941,eng_Latn,HIGH,VALUE_SHIFT,currency_shift,True,True,True
ntx3-000941-1,g-000941,hin_Latn,HIGH,VALUE_SHIFT,clean,False,False,False
ntx3-000941-1,g-000941,hin_Latn,HIGH,VALUE_SHIFT,vendor_shift,True,True,True
ntx3-000941-1,g-000941,hin_Latn,HIGH,VALUE_SHIFT,year_shift,True,True,True
ntx3-000941-1,g-000941,hin_Latn,HIGH,VALUE_SHIFT,month_shift,True,True,True
ntx3-000941-1,g-000941,hin_Latn,HIGH,VALUE_SHIFT,scope_broaden,True,False,True
ntx3-000941-1,g-000941,hin_Latn,HIGH,VALUE_SHIFT,scope_broaden+vendor_shift,True,True,True
ntx3-000941-1,g-000941,hin_Latn,HIGH,VALUE_SHIFT,amount_shift,True,True,True
ntx3-000941-1,g-000941,hin_Latn,HIGH,VALUE_SHIFT,currency_shift,True,True,True
ntx3-000941-2,g-000941,tel_Latn,HIGH,VALUE_SHIFT,clean,False,False,False
ntx3-000941-2,g-000941,tel_Latn,HIGH,VALUE_SHIFT,vendor_shift,True,True,True
ntx3-000941-2,g-000941,tel_Latn,HIGH,VALUE_SHIFT,year_shift,True,True,True
ntx3-000941-2,g-000941,tel_Latn,HIGH,VALUE_SHIFT,month_shift,True,True,True
ntx3-000941-2,g-000941,tel_Latn,HIGH,VALUE_SHIFT,scope_broaden,True,False,True
ntx3-000941-2,g-000941,tel_Latn,HIGH,VALUE_SHIFT,scope_broaden+vendor_shift,True,True,True
ntx3-000941-2,g-000941,tel_Latn,HIGH,VALUE_SHIFT,amount_shift,True,True,True
ntx3-000941-2,g-000941,tel_Latn,HIGH,VALUE_SHIFT,currency_shift,True,True,True
ntx3-000941-3,g-000941,tel_Telu,HIGH,VALUE_SHIFT,clean,False,False,False
ntx3-000941-3,g-000941,tel_Telu,HIGH,VALUE_SHIFT,vendor_shift,True,True,True
ntx3-000941-3,g-000941,tel_Telu,HIGH,VALUE_SHIFT,year_shift,True,True,True
ntx3-000941-3,g-000941,tel_Telu,HIGH,VALUE_SHIFT,month_shift,True,True,True
ntx3-000941-3,g-000941,tel_Telu,HIGH,VALUE_SHIFT,scope_broaden,True,False,True
ntx3-000941-3,g-000941,tel_Telu,HIGH,VALUE_SHIFT,scope_broaden+vendor_shift,True,True,True
ntx3-000941-3,g-000941,tel_Telu,HIGH,VALUE_SHIFT,amount_shift,True,True,True
ntx3-000941-3,g-000941,tel_Telu,HIGH,VALUE_SHIFT,currency_shift,True,True,True
ntx3-002164-0,g-002164,eng_Latn,LOW,VALUE_SHIFT,clean,False,False,False
ntx3-002164-0,g-002164,eng_Latn,LOW,VALUE_SHIFT,vendor_shift,True,True,True
ntx3-002164-0,g-002164,eng_Latn,LOW,VALUE_SHIFT,year_shift,True,True,True
ntx3-002164-0,g-002164,eng_Latn,LOW,VALUE_SHIFT,month_shift,True,True,True
ntx3-002164-0,g-002164,eng_Latn,LOW,VALUE_SHIFT,scope_broaden,True,False,True
ntx3-002164-0,g-002164,eng_Latn,LOW,VALUE_SHIFT,scope_broaden+vendor_shift,True,True,True
ntx3-002164-0,g-002164,eng_Latn,LOW,VALUE_SHIFT,amount_shift,True,True,True
ntx3-002164-0,g-002164,eng_Latn,LOW,VALUE_SHIFT,currency_shift,True,True,True
ntx3-002164-1,g-002164,hin_Latn,LOW,VALUE_SHIFT,clean,False,False,False
ntx3-002164-1,g-002164,hin_Latn,LOW,VALUE_SHIFT,vendor_shift,True,True,True
ntx3-002164-1,g-002164,hin_Latn,LOW,VALUE_SHIFT,year_shift,True,True,True
ntx3-002164-1,g-002164,hin_Latn,LOW,VALUE_SHIFT,month_shift,True,True,True
ntx3-002164-1,g-002164,hin_Latn,LOW,VALUE_SHIFT,scope_broaden,True,False,True
ntx3-002164-1,g-002164,hin_Latn,LOW,VALUE_SHIFT,scope_broaden+vendor_shift,True,True,True
ntx3-002164-1,g-002164,hin_Latn,LOW,VALUE_SHIFT,amount_shift,True,True,True
ntx3-002164-1,g-002164,hin_Latn,LOW,VALUE_SHIFT,currency_shift,True,True,True
ntx3-002164-2,g-002164,tel_Latn,LOW,VALUE_SHIFT,clean,False,False,False
ntx3-002164-2,g-002164,tel_Latn,LOW,VALUE_SHIFT,vendor_shift,True,True,True
ntx3-002164-2,g-002164,tel_Latn,LOW,VALUE_SHIFT,year_shift,True,True,True
ntx3-002164-2,g-002164,tel_Latn,LOW,VALUE_SHIFT,month_shift,True,True,True
ntx3-002164-2,g-002164,tel_Latn,LOW,VALUE_SHIFT,scope_broaden,True,False,True
ntx3-002164-2,g-002164,tel_Latn,LOW,VALUE_SHIFT,scope_broaden+vendor_shift,True,True,True
ntx3-002164-2,g-002164,tel_Latn,LOW,VALUE_SHIFT,amount_shift,True,True,True
ntx3-002164-2,g-002164,tel_Latn,LOW,VALUE_SHIFT,currency_shift,True,True,True
ntx3-002164-3,g-002164,tel_Telu,LOW,VALUE_SHIFT,clean,False,False,False
ntx3-002164-3,g-002164,tel_Telu,LOW,VALUE_SHIFT,vendor_shift,True,True,True
ntx3-002164-3,g-002164,tel_Telu,LOW,VALUE_SHIFT,year_shift,True,True,True
ntx3-002164-3,g-002164,tel_Telu,LOW,VALUE_SHIFT,month_shift,True,True,True
ntx3-002164-3,g-002164,tel_Telu,LOW,VALUE_SHIFT,scope_broaden,True,False,True
ntx3-002164-3,g-002164,tel_Telu,LOW,VALUE_SHIFT,scope_broaden+vendor_shift,True,True,True
ntx3-002164-3,g-002164,tel_Telu,LOW,VALUE_SHIFT,amount_shift,True,True,True
ntx3-002164-3,g-002164,tel_Telu,LOW,VALUE_SHIFT,currency_shift,True,True,True
ntx3-001434-0,g-001434,eng_Latn,MEDIUM,VALUE_SHIFT,clean,False,False,False
ntx3-001434-0,g-001434,eng_Latn,MEDIUM,VALUE_SHIFT,vendor_shift,True,True,True
ntx3-001434-0,g-001434,eng_Latn,MEDIUM,VALUE_SHIFT,year_shift,True,True,True
ntx3-001434-0,g-001434,eng_Latn,MEDIUM,VALUE_SHIFT,month_shift,True,True,True
ntx3-001434-0,g-001434,eng_Latn,MEDIUM,VALUE_SHIFT,scope_broaden,True,False,True
ntx3-001434-0,g-001434,eng_Latn,MEDIUM,VALUE_SHIFT,scope_broaden+vendor_shift,True,True,True
ntx3-001434-0,g-001434,eng_Latn,MEDIUM,VALUE_SHIFT,amount_shift,True,True,True
ntx3-001434-0,g-001434,eng_Latn,MEDIUM,VALUE_SHIFT,currency_shift,True,True,True
ntx3-001434-1,g-001434,hin_Latn,MEDIUM,VALUE_SHIFT,clean,False,False,False
ntx3-001434-1,g-001434,hin_Latn,MEDIUM,VALUE_SHIFT,vendor_shift,True,True,True
ntx3-001434-1,g-001434,hin_Latn,MEDIUM,VALUE_SHIFT,year_shift,True,True,True
ntx3-001434-1,g-001434,hin_Latn,MEDIUM,VALUE_SHIFT,month_shift,True,True,True
ntx3-001434-1,g-001434,hin_Latn,MEDIUM,VALUE_SHIFT,scope_broaden,True,False,True
ntx3-001434-1,g-001434,hin_Latn,MEDIUM,VALUE_SHIFT,scope_broaden+vendor_shift,True,True,True
ntx3-001434-1,g-001434,hin_Latn,MEDIUM,VALUE_SHIFT,amount_shift,True,True,True
ntx3-001434-1,g-001434,hin_Latn,MEDIUM,VALUE_SHIFT,currency_shift,True,True,True
ntx3-001434-2,g-001434,tel_Latn,MEDIUM,VALUE_SHIFT,clean,False,False,False
ntx3-001434-2,g-001434,tel_Latn,MEDIUM,VALUE_SHIFT,vendor_shift,True,True,True
ntx3-001434-2,g-001434,tel_Latn,MEDIUM,VALUE_SHIFT,year_shift,True,True,True
ntx3-001434-2,g-001434,tel_Latn,MEDIUM,VALUE_SHIFT,month_shift,True,True,True
ntx3-001434-2,g-001434,tel_Latn,MEDIUM,VALUE_SHIFT,scope_broaden,True,False,True
ntx3-001434-2,g-001434,tel_Latn,MEDIUM,VALUE_SHIFT,scope_broaden+vendor_shift,True,True,True
ntx3-001434-2,g-001434,tel_Latn,MEDIUM,VALUE_SHIFT,amount_shift,True,True,True
ntx3-001434-2,g-001434,tel_Latn,MEDIUM,VALUE_SHIFT,currency_shift,True,True,True
ntx3-001434-3,g-001434,tel_Telu,MEDIUM,VALUE_SHIFT,clean,False,False,False
ntx3-001434-3,g-001434,tel_Telu,MEDIUM,VALUE_SHIFT,vendor_shift,True,True,True
ntx3-001434-3,g-001434,tel_Telu,MEDIUM,VALUE_SHIFT,year_shift,True,True,True
ntx3-001434-3,g-001434,tel_Telu,MEDIUM,VALUE_SHIFT,month_shift,True,True,True
ntx3-001434-3,g-001434,tel_Telu,MEDIUM,VALUE_SHIFT,scope_broaden,True,False,True
ntx3-001434-3,g-001434,tel_Telu,MEDIUM,VALUE_SHIFT,scope_broaden+vendor_shift,True,True,True
ntx3-001434-3,g-001434,tel_Telu,MEDIUM,VALUE_SHIFT,amount_shift,True,True,True
ntx3-001434-3,g-001434,tel_Telu,MEDIUM,VALUE_SHIFT,currency_shift,True,True,True
ntx3-001103-0,g-001103,eng_Latn,HIGH,VALUE_SHIFT,clean,False,False,False
ntx3-001103-0,g-001103,eng_Latn,HIGH,VALUE_SHIFT,vendor_shift,True,True,True
ntx3-001103-0,g-001103,eng_Latn,HIGH,VALUE_SHIFT,year_shift,True,True,True
ntx3-001103-0,g-001103,eng_Latn,HIGH,VALUE_SHIFT,month_shift,True,True,True
ntx3-001103-0,g-001103,eng_Latn,HIGH,VALUE_SHIFT,scope_broaden,True,False,True
ntx3-001103-0,g-001103,eng_Latn,HIGH,VALUE_SHIFT,scope_broaden+vendor_shift,True,True,True
ntx3-001103-0,g-001103,eng_Latn,HIGH,VALUE_SHIFT,amount_shift,True,True,True
ntx3-001103-0,g-001103,eng_Latn,HIGH,VALUE_SHIFT,currency_shift,True,True,True
ntx3-001103-1,g-001103,hin_Latn,HIGH,VALUE_SHIFT,clean,False,False,False
ntx3-001103-1,g-001103,hin_Latn,HIGH,VALUE_SHIFT,vendor_shift,True,True,True
ntx3-001103-1,g-001103,hin_Latn,HIGH,VALUE_SHIFT,year_shift,True,True,True
ntx3-001103-1,g-001103,hin_Latn,HIGH,VALUE_SHIFT,month_shift,True,True,True
ntx3-001103-1,g-001103,hin_Latn,HIGH,VALUE_SHIFT,scope_broaden,True,False,True
ntx3-001103-1,g-001103,hin_Latn,HIGH,VALUE_SHIFT,scope_broaden+vendor_shift,True,True,True
ntx3-001103-1,g-001103,hin_Latn,HIGH,VALUE_SHIFT,amount_shift,True,True,True
ntx3-001103-1,g-001103,hin_Latn,HIGH,VALUE_SHIFT,currency_shift,True,True,True
ntx3-001103-2,g-001103,tel_Latn,HIGH,VALUE_SHIFT,clean,False,False,False
ntx3-001103-2,g-001103,tel_Latn,HIGH,VALUE_SHIFT,vendor_shift,True,True,True
ntx3-001103-2,g-001103,tel_Latn,HIGH,VALUE_SHIFT,year_shift,True,True,True
ntx3-001103-2,g-001103,tel_Latn,HIGH,VALUE_SHIFT,month_shift,True,True,True
ntx3-001103-2,g-001103,tel_Latn,HIGH,VALUE_SHIFT,scope_broaden,True,False,True
ntx3-001103-2,g-001103,tel_Latn,HIGH,VALUE_SHIFT,scope_broaden+vendor_shift,True,True,True
ntx3-001103-2,g-001103,tel_Latn,HIGH,VALUE_SHIFT,amount_shift,True,True,True
ntx3-001103-2,g-001103,tel_Latn,HIGH,VALUE_SHIFT,currency_shift,True,True,True
ntx3-001103-3,g-001103,tel_Telu,HIGH,VALUE_SHIFT,clean,False,False,False
ntx3-001103-3,g-001103,tel_Telu,HIGH,VALUE_SHIFT,vendor_shift,True,True,True
ntx3-001103-3,g-001103,tel_Telu,HIGH,VALUE_SHIFT,year_shift,True,True,True
ntx3-001103-3,g-001103,tel_Telu,HIGH,VALUE_SHIFT,month_shift,True,True,True
ntx3-001103-3,g-001103,tel_Telu,HIGH,VALUE_SHIFT,scope_broaden,True,False,True
ntx3-001103-3,g-001103,tel_Telu,HIGH,VALUE_SHIFT,scope_broaden+vendor_shift,True,True,True
ntx3-001103-3,g-001103,tel_Telu,HIGH,VALUE_SHIFT,amount_shift,True,True,True
ntx3-001103-3,g-001103,tel_Telu,HIGH,VALUE_SHIFT,currency_shift,True,True,True
ntx3-000741-0,g-000741,eng_Latn,MEDIUM,VALUE_SHIFT,clean,False,False,False
ntx3-000741-0,g-000741,eng_Latn,MEDIUM,VALUE_SHIFT,vendor_shift,True,True,True
ntx3-000741-0,g-000741,eng_Latn,MEDIUM,VALUE_SHIFT,year_shift,True,True,True
ntx3-000741-0,g-000741,eng_Latn,MEDIUM,VALUE_SHIFT,month_shift,True,True,True
ntx3-000741-0,g-000741,eng_Latn,MEDIUM,VALUE_SHIFT,scope_broaden,True,False,True
ntx3-000741-0,g-000741,eng_Latn,MEDIUM,VALUE_SHIFT,scope_broaden+vendor_shift,True,True,True
ntx3-000741-0,g-000741,eng_Latn,MEDIUM,VALUE_SHIFT,amount_shift,True,True,True
ntx3-000741-0,g-000741,eng_Latn,MEDIUM,VALUE_SHIFT,currency_shift,True,True,True
ntx3-000741-1,g-000741,hin_Latn,MEDIUM,VALUE_SHIFT,clean,False,False,False
ntx3-000741-1,g-000741,hin_Latn,MEDIUM,VALUE_SHIFT,vendor_shift,True,True,True
ntx3-000741-1,g-000741,hin_Latn,MEDIUM,VALUE_SHIFT,year_shift,True,True,True
ntx3-000741-1,g-000741,hin_Latn,MEDIUM,VALUE_SHIFT,month_shift,True,True,True
ntx3-000741-1,g-000741,hin_Latn,MEDIUM,VALUE_SHIFT,scope_broaden,True,False,True
ntx3-000741-1,g-000741,hin_Latn,MEDIUM,VALUE_SHIFT,scope_broaden+vendor_shift,True,True,True
ntx3-000741-1,g-000741,hin_Latn,MEDIUM,VALUE_SHIFT,amount_shift,True,True,True
ntx3-000741-1,g-000741,hin_Latn,MEDIUM,VALUE_SHIFT,currency_shift,True,True,True
ntx3-000741-2,g-000741,tel_Latn,MEDIUM,VALUE_SHIFT,clean,False,False,False
ntx3-000741-2,g-000741,tel_Latn,MEDIUM,VALUE_SHIFT,vendor_shift,True,True,True
ntx3-000741-2,g-000741,tel_Latn,MEDIUM,VALUE_SHIFT,year_shift,True,True,True
ntx3-000741-2,g-000741,tel_Latn,MEDIUM,VALUE_SHIFT,month_shift,True,True,True
ntx3-000741-2,g-000741,tel_Latn,MEDIUM,VALUE_SHIFT,scope_broaden,True,False,True
ntx3-000741-2,g-000741,tel_Latn,MEDIUM,VALUE_SHIFT,scope_broaden+vendor_shift,True,True,True
ntx3-000741-2,g-000741,tel_Latn,MEDIUM,VALUE_SHIFT,amount_shift,True,True,True
ntx3-000741-2,g-000741,tel_Latn,MEDIUM,VALUE_SHIFT,currency_shift,True,True,True
ntx3-000741-3,g-000741,tel_Telu,MEDIUM,VALUE_SHIFT,clean,False,False,False
ntx3-000741-3,g-000741,tel_Telu,MEDIUM,VALUE_SHIFT,vendor_shift,True,True,True
ntx3-000741-3,g-000741,tel_Telu,MEDIUM,VALUE_SHIFT,year_shift,True,True,True
ntx3-000741-3,g-000741,tel_Telu,MEDIUM,VALUE_SHIFT,month_shift,True,True,True
ntx3-000741-3,g-000741,tel_Telu,MEDIUM,VALUE_SHIFT,scope_broaden,True,False,True
ntx3-000741-3,g-000741,tel_Telu,MEDIUM,VALUE_SHIFT,scope_broaden+vendor_shift,True,True,True
ntx3-000741-3,g-000741,tel_Telu,MEDIUM,VALUE_SHIFT,amount_shift,True,True,True
ntx3-000741-3,g-000741,tel_Telu,MEDIUM,VALUE_SHIFT,currency_shift,True,True,True
ntx3-000805-0,g-000805,eng_Latn,CRITICAL,VALUE_SHIFT,clean,False,False,False
ntx3-000805-0,g-000805,eng_Latn,CRITICAL,VALUE_SHIFT,vendor_shift,True,True,True
ntx3-000805-0,g-000805,eng_Latn,CRITICAL,VALUE_SHIFT,year_shift,True,True,True
ntx3-000805-0,g-000805,eng_Latn,CRITICAL,VALUE_SHIFT,month_shift,True,True,True
ntx3-000805-0,g-000805,eng_Latn,CRITICAL,VALUE_SHIFT,scope_broaden,True,False,True
ntx3-000805-0,g-000805,eng_Latn,CRITICAL,VALUE_SHIFT,scope_broaden+vendor_shift,True,True,True
ntx3-000805-0,g-000805,eng_Latn,CRITICAL,VALUE_SHIFT,amount_shift,True,True,True
ntx3-000805-0,g-000805,eng_Latn,CRITICAL,VALUE_SHIFT,currency_shift,True,True,True
ntx3-000805-1,g-000805,hin_Latn,CRITICAL,VALUE_SHIFT,clean,False,False,False
ntx3-000805-1,g-000805,hin_Latn,CRITICAL,VALUE_SHIFT,vendor_shift,True,True,True
ntx3-000805-1,g-000805,hin_Latn,CRITICAL,VALUE_SHIFT,year_shift,True,True,True
ntx3-000805-1,g-000805,hin_Latn,CRITICAL,VALUE_SHIFT,month_shift,True,True,True
ntx3-000805-1,g-000805,hin_Latn,CRITICAL,VALUE_SHIFT,scope_broaden,True,False,True
ntx3-000805-1,g-000805,hin_Latn,CRITICAL,VALUE_SHIFT,scope_broaden+vendor_shift,True,True,True
ntx3-000805-1,g-000805,hin_Latn,CRITICAL,VALUE_SHIFT,amount_shift,True,True,True
ntx3-000805-1,g-000805,hin_Latn,CRITICAL,VALUE_SHIFT,currency_shift,True,True,True
ntx3-000805-2,g-000805,tel_Latn,CRITICAL,VALUE_SHIFT,clean,False,False,False
ntx3-000805-2,g-000805,tel_Latn,CRITICAL,VALUE_SHIFT,vendor_shift,True,True,True
ntx3-000805-2,g-000805,tel_Latn,CRITICAL,VALUE_SHIFT,year_shift,True,True,True
ntx3-000805-2,g-000805,tel_Latn,CRITICAL,VALUE_SHIFT,month_shift,True,True,True
ntx3-000805-2,g-000805,tel_Latn,CRITICAL,VALUE_SHIFT,scope_broaden,True,False,True
ntx3-000805-2,g-000805,tel_Latn,CRITICAL,VALUE_SHIFT,scope_broaden+vendor_shift,True,True,True
ntx3-000805-2,g-000805,tel_Latn,CRITICAL,VALUE_SHIFT,amount_shift,True,True,True
ntx3-000805-2,g-000805,tel_Latn,CRITICAL,VALUE_SHIFT,currency_shift,True,True,True
ntx3-000805-3,g-000805,tel_Telu,CRITICAL,VALUE_SHIFT,clean,False,False,False
ntx3-000805-3,g-000805,tel_Telu,CRITICAL,VALUE_SHIFT,vendor_shift,True,True,True
ntx3-000805-3,g-000805,tel_Telu,CRITICAL,VALUE_SHIFT,year_shift,True,True,True
ntx3-000805-3,g-000805,tel_Telu,CRITICAL,VALUE_SHIFT,month_shift,True,True,True
ntx3-000805-3,g-000805,tel_Telu,CRITICAL,VALUE_SHIFT,scope_broaden,True,False,True
ntx3-000805-3,g-000805,tel_Telu,CRITICAL,VALUE_SHIFT,scope_broaden+vendor_shift,True,True,True
ntx3-000805-3,g-000805,tel_Telu,CRITICAL,VALUE_SHIFT,amount_shift,True,True,True
ntx3-000805-3,g-000805,tel_Telu,CRITICAL,VALUE_SHIFT,currency_shift,True,True,True
ntx3-000513-0,g-000513,eng_Latn,HIGH,VALUE_SHIFT,clean,False,False,False
ntx3-000513-0,g-000513,eng_Latn,HIGH,VALUE_SHIFT,vendor_shift,True,True,True
ntx3-000513-0,g-000513,eng_Latn,HIGH,VALUE_SHIFT,year_shift,True,True,True
ntx3-000513-0,g-000513,eng_Latn,HIGH,VALUE_SHIFT,month_shift,True,True,True
ntx3-000513-0,g-000513,eng_Latn,HIGH,VALUE_SHIFT,scope_broaden,True,False,True
ntx3-000513-0,g-000513,eng_Latn,HIGH,VALUE_SHIFT,scope_broaden+vendor_shift,True,True,True
ntx3-000513-0,g-000513,eng_Latn,HIGH,VALUE_SHIFT,amount_shift,True,True,True
ntx3-000513-0,g-000513,eng_Latn,HIGH,VALUE_SHIFT,currency_shift,True,True,True
ntx3-000513-1,g-000513,hin_Latn,HIGH,VALUE_SHIFT,clean,False,False,False
ntx3-000513-1,g-000513,hin_Latn,HIGH,VALUE_SHIFT,vendor_shift,True,True,True
ntx3-000513-1,g-000513,hin_Latn,HIGH,VALUE_SHIFT,year_shift,True,True,True
ntx3-000513-1,g-000513,hin_Latn,HIGH,VALUE_SHIFT,month_shift,True,True,True
ntx3-000513-1,g-000513,hin_Latn,HIGH,VALUE_SHIFT,scope_broaden,True,False,True
ntx3-000513-1,g-000513,hin_Latn,HIGH,VALUE_SHIFT,scope_broaden+vendor_shift,True,True,True
ntx3-000513-1,g-000513,hin_Latn,HIGH,VALUE_SHIFT,amount_shift,True,True,True
ntx3-000513-1,g-000513,hin_Latn,HIGH,VALUE_SHIFT,currency_shift,True,True,True
ntx3-000513-2,g-000513,tel_Latn,HIGH,VALUE_SHIFT,clean,False,False,False
ntx3-000513-2,g-000513,tel_Latn,HIGH,VALUE_SHIFT,vendor_shift,True,True,True
ntx3-000513-2,g-000513,tel_Latn,HIGH,VALUE_SHIFT,year_shift,True,True,True
ntx3-000513-2,g-000513,tel_Latn,HIGH,VALUE_SHIFT,month_shift,True,True,True
ntx3-000513-2,g-000513,tel_Latn,HIGH,VALUE_SHIFT,scope_broaden,True,False,True
ntx3-000513-2,g-000513,tel_Latn,HIGH,VALUE_SHIFT,scope_broaden+vendor_shift,True,True,True
ntx3-000513-2,g-000513,tel_Latn,HIGH,VALUE_SHIFT,amount_shift,True,True,True
ntx3-000513-2,g-000513,tel_Latn,HIGH,VALUE_SHIFT,currency_shift,True,True,True
ntx3-000513-3,g-000513,tel_Telu,HIGH,VALUE_SHIFT,clean,False,False,False
ntx3-000513-3,g-000513,tel_Telu,HIGH,VALUE_SHIFT,vendor_shift,True,True,True
ntx3-000513-3,g-000513,tel_Telu,HIGH,VALUE_SHIFT,year_shift,True,True,True
ntx3-000513-3,g-000513,tel_Telu,HIGH,VALUE_SHIFT,month_shift,True,True,True
ntx3-000513-3,g-000513,tel_Telu,HIGH,VALUE_SHIFT,scope_broaden,True,False,True
ntx3-000513-3,g-000513,tel_Telu,HIGH,VALUE_SHIFT,scope_broaden+vendor_shift,True,True,True
ntx3-000513-3,g-000513,tel_Telu,HIGH,VALUE_SHIFT,amount_shift,True,True,True
ntx3-000513-3,g-000513,tel_Telu,HIGH,VALUE_SHIFT,currency_shift,True,True,True
ntx3-001491-0,g-001491,eng_Latn,HIGH,VALUE_SHIFT,clean,False,False,False
ntx3-001491-0,g-001491,eng_Latn,HIGH,VALUE_SHIFT,vendor_shift,True,True,True
ntx3-001491-0,g-001491,eng_Latn,HIGH,VALUE_SHIFT,year_shift,True,True,True
ntx3-001491-0,g-001491,eng_Latn,HIGH,VALUE_SHIFT,month_shift,True,True,True
ntx3-001491-0,g-001491,eng_Latn,HIGH,VALUE_SHIFT,scope_broaden,True,False,True
ntx3-001491-0,g-001491,eng_Latn,HIGH,VALUE_SHIFT,scope_broaden+vendor_shift,True,True,True
ntx3-001491-0,g-001491,eng_Latn,HIGH,VALUE_SHIFT,amount_shift,True,True,True
ntx3-001491-0,g-001491,eng_Latn,HIGH,VALUE_SHIFT,currency_shift,True,True,True
ntx3-001491-1,g-001491,hin_Latn,HIGH,VALUE_SHIFT,clean,False,False,False
ntx3-001491-1,g-001491,hin_Latn,HIGH,VALUE_SHIFT,vendor_shift,True,True,True
ntx3-001491-1,g-001491,hin_Latn,HIGH,VALUE_SHIFT,year_shift,True,True,True
ntx3-001491-1,g-001491,hin_Latn,HIGH,VALUE_SHIFT,month_shift,True,True,True
ntx3-001491-1,g-001491,hin_Latn,HIGH,VALUE_SHIFT,scope_broaden,True,False,True
ntx3-001491-1,g-001491,hin_Latn,HIGH,VALUE_SHIFT,scope_broaden+vendor_shift,True,True,True
ntx3-001491-1,g-001491,hin_Latn,HIGH,VALUE_SHIFT,amount_shift,True,True,True
ntx3-001491-1,g-001491,hin_Latn,HIGH,VALUE_SHIFT,currency_shift,True,True,True
ntx3-001491-2,g-001491,tel_Latn,HIGH,VALUE_SHIFT,clean,False,False,False
ntx3-001491-2,g-001491,tel_Latn,HIGH,VALUE_SHIFT,vendor_shift,True,True,True
ntx3-001491-2,g-001491,tel_Latn,HIGH,VALUE_SHIFT,year_shift,True,True,True
ntx3-001491-2,g-001491,tel_Latn,HIGH,VALUE_SHIFT,month_shift,True,True,True
ntx3-001491-2,g-001491,tel_Latn,HIGH,VALUE_SHIFT,scope_broaden,True,False,True
ntx3-001491-2,g-001491,tel_Latn,HIGH,VALUE_SHIFT,scope_broaden+vendor_shift,True,True,True
ntx3-001491-2,g-001491,tel_Latn,HIGH,VALUE_SHIFT,amount_shift,True,True,True
ntx3-001491-2,g-001491,tel_Latn,HIGH,VALUE_SHIFT,currency_shift,True,True,True
ntx3-001491-3,g-001491,tel_Telu,HIGH,VALUE_SHIFT,clean,False,False,False
ntx3-001491-3,g-001491,tel_Telu,HIGH,VALUE_SHIFT,vendor_shift,True,True,True
ntx3-001491-3,g-001491,tel_Telu,HIGH,VALUE_SHIFT,year_shift,True,True,True
ntx3-001491-3,g-001491,tel_Telu,HIGH,VALUE_SHIFT,month_shift,True,True,True
ntx3-001491-3,g-001491,tel_Telu,HIGH,VALUE_SHIFT,scope_broaden,True,False,True
ntx3-001491-3,g-001491,tel_Telu,HIGH,VALUE_SHIFT,scope_broaden+vendor_shift,True,True,True
ntx3-001491-3,g-001491,tel_Telu,HIGH,VALUE_SHIFT,amount_shift,True,True,True
ntx3-001491-3,g-001491,tel_Telu,HIGH,VALUE_SHIFT,currency_shift,True,True,True
ntx3-000840-0,g-000840,eng_Latn,MEDIUM,VALUE_SHIFT,clean,False,False,False
ntx3-000840-0,g-000840,eng_Latn,MEDIUM,VALUE_SHIFT,vendor_shift,True,True,True
ntx3-000840-0,g-000840,eng_Latn,MEDIUM,VALUE_SHIFT,year_shift,True,True,True
ntx3-000840-0,g-000840,eng_Latn,MEDIUM,VALUE_SHIFT,month_shift,True,True,True
ntx3-000840-0,g-000840,eng_Latn,MEDIUM,VALUE_SHIFT,scope_broaden,True,False,True
ntx3-000840-0,g-000840,eng_Latn,MEDIUM,VALUE_SHIFT,scope_broaden+vendor_shift,True,True,True
ntx3-000840-0,g-000840,eng_Latn,MEDIUM,VALUE_SHIFT,amount_shift,True,True,True
ntx3-000840-0,g-000840,eng_Latn,MEDIUM,VALUE_SHIFT,currency_shift,True,True,True
ntx3-000840-1,g-000840,hin_Latn,MEDIUM,VALUE_SHIFT,clean,False,False,False
ntx3-000840-1,g-000840,hin_Latn,MEDIUM,VALUE_SHIFT,vendor_shift,True,True,True
ntx3-000840-1,g-000840,hin_Latn,MEDIUM,VALUE_SHIFT,year_shift,True,True,True
ntx3-000840-1,g-000840,hin_Latn,MEDIUM,VALUE_SHIFT,month_shift,True,True,True
ntx3-000840-1,g-000840,hin_Latn,MEDIUM,VALUE_SHIFT,scope_broaden,True,False,True
ntx3-000840-1,g-000840,hin_Latn,MEDIUM,VALUE_SHIFT,scope_broaden+vendor_shift,True,True,True
ntx3-000840-1,g-000840,hin_Latn,MEDIUM,VALUE_SHIFT,amount_shift,True,True,True
ntx3-000840-1,g-000840,hin_Latn,MEDIUM,VALUE_SHIFT,currency_shift,True,True,True
ntx3-000840-2,g-000840,tel_Latn,MEDIUM,VALUE_SHIFT,clean,False,False,False
ntx3-000840-2,g-000840,tel_Latn,MEDIUM,VALUE_SHIFT,vendor_shift,True,True,True
ntx3-000840-2,g-000840,tel_Latn,MEDIUM,VALUE_SHIFT,year_shift,True,True,True
ntx3-000840-2,g-000840,tel_Latn,MEDIUM,VALUE_SHIFT,month_shift,True,True,True
ntx3-000840-2,g-000840,tel_Latn,MEDIUM,VALUE_SHIFT,scope_broaden,True,False,True
ntx3-000840-2,g-000840,tel_Latn,MEDIUM,VALUE_SHIFT,scope_broaden+vendor_shift,True,True,True
ntx3-000840-2,g-000840,tel_Latn,MEDIUM,VALUE_SHIFT,amount_shift,True,True,True
ntx3-000840-2,g-000840,tel_Latn,MEDIUM,VALUE_SHIFT,currency_shift,True,True,True
ntx3-000840-3,g-000840,tel_Telu,MEDIUM,VALUE_SHIFT,clean,False,False,False
ntx3-000840-3,g-000840,tel_Telu,MEDIUM,VALUE_SHIFT,vendor_shift,True,True,True
ntx3-000840-3,g-000840,tel_Telu,MEDIUM,VALUE_SHIFT,year_shift,True,True,True
ntx3-000840-3,g-000840,tel_Telu,MEDIUM,VALUE_SHIFT,month_shift,True,True,True
ntx3-000840-3,g-000840,tel_Telu,MEDIUM,VALUE_SHIFT,scope_broaden,True,False,True
ntx3-000840-3,g-000840,tel_Telu,MEDIUM,VALUE_SHIFT,scope_broaden+vendor_shift,True,True,True
ntx3-000840-3,g-000840,tel_Telu,MEDIUM,VALUE_SHIFT,amount_shift,True,True,True
ntx3-000840-3,g-000840,tel_Telu,MEDIUM,VALUE_SHIFT,currency_shift,True,True,True
ntx3-001613-0,g-001613,eng_Latn,HIGH,VALUE_SHIFT,clean,False,False,False
ntx3-001613-0,g-001613,eng_Latn,HIGH,VALUE_SHIFT,vendor_shift,True,True,True
ntx3-001613-0,g-001613,eng_Latn,HIGH,VALUE_SHIFT,year_shift,True,True,True
ntx3-001613-0,g-001613,eng_Latn,HIGH,VALUE_SHIFT,month_shift,True,True,True
ntx3-001613-0,g-001613,eng_Latn,HIGH,VALUE_SHIFT,scope_broaden,True,False,True
ntx3-001613-0,g-001613,eng_Latn,HIGH,VALUE_SHIFT,scope_broaden+vendor_shift,True,True,True
ntx3-001613-0,g-001613,eng_Latn,HIGH,VALUE_SHIFT,amount_shift,True,True,True
ntx3-001613-0,g-001613,eng_Latn,HIGH,VALUE_SHIFT,currency_shift,True,True,True
ntx3-001613-1,g-001613,hin_Latn,HIGH,VALUE_SHIFT,clean,False,False,False
ntx3-001613-1,g-001613,hin_Latn,HIGH,VALUE_SHIFT,vendor_shift,True,True,True
ntx3-001613-1,g-001613,hin_Latn,HIGH,VALUE_SHIFT,year_shift,True,True,True
ntx3-001613-1,g-001613,hin_Latn,HIGH,VALUE_SHIFT,month_shift,True,True,True
ntx3-001613-1,g-001613,hin_Latn,HIGH,VALUE_SHIFT,scope_broaden,True,False,True
ntx3-001613-1,g-001613,hin_Latn,HIGH,VALUE_SHIFT,scope_broaden+vendor_shift,True,True,True
ntx3-001613-1,g-001613,hin_Latn,HIGH,VALUE_SHIFT,amount_shift,True,True,True
ntx3-001613-1,g-001613,hin_Latn,HIGH,VALUE_SHIFT,currency_shift,True,True,True
ntx3-001613-2,g-001613,tel_Latn,HIGH,VALUE_SHIFT,clean,False,False,False
ntx3-001613-2,g-001613,tel_Latn,HIGH,VALUE_SHIFT,vendor_shift,True,True,True
ntx3-001613-2,g-001613,tel_Latn,HIGH,VALUE_SHIFT,year_shift,True,True,True
ntx3-001613-2,g-001613,tel_Latn,HIGH,VALUE_SHIFT,month_shift,True,True,True
ntx3-001613-2,g-001613,tel_Latn,HIGH,VALUE_SHIFT,scope_broaden,True,False,True
ntx3-001613-2,g-001613,tel_Latn,HIGH,VALUE_SHIFT,scope_broaden+vendor_shift,True,True,True
ntx3-001613-2,g-001613,tel_Latn,HIGH,VALUE_SHIFT,amount_shift,True,True,True
ntx3-001613-2,g-001613,tel_Latn,HIGH,VALUE_SHIFT,currency_shift,True,True,True
ntx3-001613-3,g-001613,tel_Telu,HIGH,VALUE_SHIFT,clean,False,False,False
ntx3-001613-3,g-001613,tel_Telu,HIGH,VALUE_SHIFT,vendor_shift,True,True,True
ntx3-001613-3,g-001613,tel_Telu,HIGH,VALUE_SHIFT,year_shift,True,True,True
ntx3-001613-3,g-001613,tel_Telu,HIGH,VALUE_SHIFT,month_shift,True,True,True
ntx3-001613-3,g-001613,tel_Telu,HIGH,VALUE_SHIFT,scope_broaden,True,False,True
ntx3-001613-3,g-001613,tel_Telu,HIGH,VALUE_SHIFT,scope_broaden+vendor_shift,True,True,True
ntx3-001613-3,g-001613,tel_Telu,HIGH,VALUE_SHIFT,amount_shift,True,True,True
ntx3-001613-3,g-001613,tel_Telu,HIGH,VALUE_SHIFT,currency_shift,True,True,True
ntx3-000844-0,g-000844,eng_Latn,MEDIUM,VALUE_SHIFT,clean,False,False,False
ntx3-000844-0,g-000844,eng_Latn,MEDIUM,VALUE_SHIFT,vendor_shift,True,True,True
ntx3-000844-0,g-000844,eng_Latn,MEDIUM,VALUE_SHIFT,year_shift,True,True,True
ntx3-000844-0,g-000844,eng_Latn,MEDIUM,VALUE_SHIFT,month_shift,True,True,True
ntx3-000844-0,g-000844,eng_Latn,MEDIUM,VALUE_SHIFT,scope_broaden,True,False,True
ntx3-000844-0,g-000844,eng_Latn,MEDIUM,VALUE_SHIFT,scope_broaden+vendor_shift,True,True,True
ntx3-000844-0,g-000844,eng_Latn,MEDIUM,VALUE_SHIFT,amount_shift,True,True,True
ntx3-000844-0,g-000844,eng_Latn,MEDIUM,VALUE_SHIFT,currency_shift,True,True,True
ntx3-000844-1,g-000844,hin_Latn,MEDIUM,VALUE_SHIFT,clean,False,False,False
ntx3-000844-1,g-000844,hin_Latn,MEDIUM,VALUE_SHIFT,vendor_shift,True,True,True
ntx3-000844-1,g-000844,hin_Latn,MEDIUM,VALUE_SHIFT,year_shift,True,True,True
ntx3-000844-1,g-000844,hin_Latn,MEDIUM,VALUE_SHIFT,month_shift,True,True,True
ntx3-000844-1,g-000844,hin_Latn,MEDIUM,VALUE_SHIFT,scope_broaden,True,False,True
ntx3-000844-1,g-000844,hin_Latn,MEDIUM,VALUE_SHIFT,scope_broaden+vendor_shift,True,True,True
ntx3-000844-1,g-000844,hin_Latn,MEDIUM,VALUE_SHIFT,amount_shift,True,True,True
ntx3-000844-1,g-000844,hin_Latn,MEDIUM,VALUE_SHIFT,currency_shift,True,True,True
ntx3-000844-2,g-000844,tel_Latn,MEDIUM,VALUE_SHIFT,clean,False,False,False
ntx3-000844-2,g-000844,tel_Latn,MEDIUM,VALUE_SHIFT,vendor_shift,True,True,True
ntx3-000844-2,g-000844,tel_Latn,MEDIUM,VALUE_SHIFT,year_shift,True,True,True
ntx3-000844-2,g-000844,tel_Latn,MEDIUM,VALUE_SHIFT,month_shift,True,True,True
ntx3-000844-2,g-000844,tel_Latn,MEDIUM,VALUE_SHIFT,scope_broaden,True,False,True
ntx3-000844-2,g-000844,tel_Latn,MEDIUM,VALUE_SHIFT,scope_broaden+vendor_shift,True,True,True
ntx3-000844-2,g-000844,tel_Latn,MEDIUM,VALUE_SHIFT,amount_shift,True,True,True
ntx3-000844-2,g-000844,tel_Latn,MEDIUM,VALUE_SHIFT,currency_shift,True,True,True
ntx3-000844-3,g-000844,tel_Telu,MEDIUM,VALUE_SHIFT,clean,False,False,False
ntx3-000844-3,g-000844,tel_Telu,MEDIUM,VALUE_SHIFT,vendor_shift,True,True,True
ntx3-000844-3,g-000844,tel_Telu,MEDIUM,VALUE_SHIFT,year_shift,True,True,True
ntx3-000844-3,g-000844,tel_Telu,MEDIUM,VALUE_SHIFT,month_shift,True,True,True
ntx3-000844-3,g-000844,tel_Telu,MEDIUM,VALUE_SHIFT,scope_broaden,True,False,True
ntx3-000844-3,g-000844,tel_Telu,MEDIUM,VALUE_SHIFT,scope_broaden+vendor_shift,True,True,True
ntx3-000844-3,g-000844,tel_Telu,MEDIUM,VALUE_SHIFT,amount_shift,True,True,True
ntx3-000844-3,g-000844,tel_Telu,MEDIUM,VALUE_SHIFT,currency_shift,True,True,True
ntx3-002230-0,g-002230,eng_Latn,CRITICAL,VALUE_SHIFT,clean,False,False,False
ntx3-002230-0,g-002230,eng_Latn,CRITICAL,VALUE_SHIFT,vendor_shift,True,True,True
ntx3-002230-0,g-002230,eng_Latn,CRITICAL,VALUE_SHIFT,year_shift,True,True,True
ntx3-002230-0,g-002230,eng_Latn,CRITICAL,VALUE_SHIFT,month_shift,True,True,True
ntx3-002230-0,g-002230,eng_Latn,CRITICAL,VALUE_SHIFT,scope_broaden,True,False,True
ntx3-002230-0,g-002230,eng_Latn,CRITICAL,VALUE_SHIFT,scope_broaden+vendor_shift,True,True,True
ntx3-002230-0,g-002230,eng_Latn,CRITICAL,VALUE_SHIFT,amount_shift,True,True,True
ntx3-002230-0,g-002230,eng_Latn,CRITICAL,VALUE_SHIFT,currency_shift,True,True,True
ntx3-002230-1,g-002230,hin_Latn,CRITICAL,VALUE_SHIFT,clean,False,False,False
ntx3-002230-1,g-002230,hin_Latn,CRITICAL,VALUE_SHIFT,vendor_shift,True,True,True
ntx3-002230-1,g-002230,hin_Latn,CRITICAL,VALUE_SHIFT,year_shift,True,True,True
ntx3-002230-1,g-002230,hin_Latn,CRITICAL,VALUE_SHIFT,month_shift,True,True,True
ntx3-002230-1,g-002230,hin_Latn,CRITICAL,VALUE_SHIFT,scope_broaden,True,False,True
ntx3-002230-1,g-002230,hin_Latn,CRITICAL,VALUE_SHIFT,scope_broaden+vendor_shift,True,True,True
ntx3-002230-1,g-002230,hin_Latn,CRITICAL,VALUE_SHIFT,amount_shift,True,True,True
ntx3-002230-1,g-002230,hin_Latn,CRITICAL,VALUE_SHIFT,currency_shift,True,True,True
ntx3-002230-2,g-002230,tel_Latn,CRITICAL,VALUE_SHIFT,clean,False,False,False
ntx3-002230-2,g-002230,tel_Latn,CRITICAL,VALUE_SHIFT,vendor_shift,True,True,True
ntx3-002230-2,g-002230,tel_Latn,CRITICAL,VALUE_SHIFT,year_shift,True,True,True
ntx3-002230-2,g-002230,tel_Latn,CRITICAL,VALUE_SHIFT,month_shift,True,True,True
ntx3-002230-2,g-002230,tel_Latn,CRITICAL,VALUE_SHIFT,scope_broaden,True,False,True
ntx3-002230-2,g-002230,tel_Latn,CRITICAL,VALUE_SHIFT,scope_broaden+vendor_shift,True,True,True
ntx3-002230-2,g-002230,tel_Latn,CRITICAL,VALUE_SHIFT,amount_shift,True,True,True
ntx3-002230-2,g-002230,tel_Latn,CRITICAL,VALUE_SHIFT,currency_shift,True,True,True
ntx3-002230-3,g-002230,tel_Telu,CRITICAL,VALUE_SHIFT,clean,False,False,False
ntx3-002230-3,g-002230,tel_Telu,CRITICAL,VALUE_SHIFT,vendor_shift,True,True,True
ntx3-002230-3,g-002230,tel_Telu,CRITICAL,VALUE_SHIFT,year_shift,True,True,True
ntx3-002230-3,g-002230,tel_Telu,CRITICAL,VALUE_SHIFT,month_shift,True,True,True
ntx3-002230-3,g-002230,tel_Telu,CRITICAL,VALUE_SHIFT,scope_broaden,True,False,True
ntx3-002230-3,g-002230,tel_Telu,CRITICAL,VALUE_SHIFT,scope_broaden+vendor_shift,True,True,True
ntx3-002230-3,g-002230,tel_Telu,CRITICAL,VALUE_SHIFT,amount_shift,True,True,True
ntx3-002230-3,g-002230,tel_Telu,CRITICAL,VALUE_SHIFT,currency_shift,True,True,True
ntx3-000589-0,g-000589,eng_Latn,MEDIUM,VALUE_SHIFT,clean,False,False,False
ntx3-000589-0,g-000589,eng_Latn,MEDIUM,VALUE_SHIFT,vendor_shift,True,True,True
ntx3-000589-0,g-000589,eng_Latn,MEDIUM,VALUE_SHIFT,year_shift,True,True,True
ntx3-000589-0,g-000589,eng_Latn,MEDIUM,VALUE_SHIFT,month_shift,True,True,True
ntx3-000589-0,g-000589,eng_Latn,MEDIUM,VALUE_SHIFT,scope_broaden,True,False,True
ntx3-000589-0,g-000589,eng_Latn,MEDIUM,VALUE_SHIFT,scope_broaden+vendor_shift,True,True,True
ntx3-000589-0,g-000589,eng_Latn,MEDIUM,VALUE_SHIFT,amount_shift,True,True,True
ntx3-000589-0,g-000589,eng_Latn,MEDIUM,VALUE_SHIFT,currency_shift,True,True,True
ntx3-000589-1,g-000589,hin_Latn,MEDIUM,VALUE_SHIFT,clean,False,False,False
ntx3-000589-1,g-000589,hin_Latn,MEDIUM,VALUE_SHIFT,vendor_shift,True,True,True
ntx3-000589-1,g-000589,hin_Latn,MEDIUM,VALUE_SHIFT,year_shift,True,True,True
ntx3-000589-1,g-000589,hin_Latn,MEDIUM,VALUE_SHIFT,month_shift,True,True,True
ntx3-000589-1,g-000589,hin_Latn,MEDIUM,VALUE_SHIFT,scope_broaden,True,False,True
ntx3-000589-1,g-000589,hin_Latn,MEDIUM,VALUE_SHIFT,scope_broaden+vendor_shift,True,True,True
ntx3-000589-1,g-000589,hin_Latn,MEDIUM,VALUE_SHIFT,amount_shift,True,True,True
ntx3-000589-1,g-000589,hin_Latn,MEDIUM,VALUE_SHIFT,currency_shift,True,True,True
ntx3-000589-2,g-000589,tel_Latn,MEDIUM,VALUE_SHIFT,clean,False,False,False
ntx3-000589-2,g-000589,tel_Latn,MEDIUM,VALUE_SHIFT,vendor_shift,True,True,True
ntx3-000589-2,g-000589,tel_Latn,MEDIUM,VALUE_SHIFT,year_shift,True,True,True
ntx3-000589-2,g-000589,tel_Latn,MEDIUM,VALUE_SHIFT,month_shift,True,True,True
ntx3-000589-2,g-000589,tel_Latn,MEDIUM,VALUE_SHIFT,scope_broaden,True,False,True
ntx3-000589-2,g-000589,tel_Latn,MEDIUM,VALUE_SHIFT,scope_broaden+vendor_shift,True,True,True
ntx3-000589-2,g-000589,tel_Latn,MEDIUM,VALUE_SHIFT,amount_shift,True,True,True
ntx3-000589-2,g-000589,tel_Latn,MEDIUM,VALUE_SHIFT,currency_shift,True,True,True
ntx3-000589-3,g-000589,tel_Telu,MEDIUM,VALUE_SHIFT,clean,False,False,False
ntx3-000589-3,g-000589,tel_Telu,MEDIUM,VALUE_SHIFT,vendor_shift,True,True,True
ntx3-000589-3,g-000589,tel_Telu,MEDIUM,VALUE_SHIFT,year_shift,True,True,True
ntx3-000589-3,g-000589,tel_Telu,MEDIUM,VALUE_SHIFT,month_shift,True,True,True
ntx3-000589-3,g-000589,tel_Telu,MEDIUM,VALUE_SHIFT,scope_broaden,True,False,True
ntx3-000589-3,g-000589,tel_Telu,MEDIUM,VALUE_SHIFT,scope_broaden+vendor_shift,True,True,True
ntx3-000589-3,g-000589,tel_Telu,MEDIUM,VALUE_SHIFT,amount_shift,True,True,True
ntx3-000589-3,g-000589,tel_Telu,MEDIUM,VALUE_SHIFT,currency_shift,True,True,True
ntx3-002260-0,g-002260,eng_Latn,HIGH,VALUE_SHIFT,clean,False,False,False
ntx3-002260-0,g-002260,eng_Latn,HIGH,VALUE_SHIFT,vendor_shift,True,True,True
ntx3-002260-0,g-002260,eng_Latn,HIGH,VALUE_SHIFT,year_shift,True,True,True
ntx3-002260-0,g-002260,eng_Latn,HIGH,VALUE_SHIFT,month_shift,True,True,True
ntx3-002260-0,g-002260,eng_Latn,HIGH,VALUE_SHIFT,scope_broaden,True,False,True
ntx3-002260-0,g-002260,eng_Latn,HIGH,VALUE_SHIFT,scope_broaden+vendor_shift,True,True,True
ntx3-002260-0,g-002260,eng_Latn,HIGH,VALUE_SHIFT,amount_shift,True,True,True
ntx3-002260-0,g-002260,eng_Latn,HIGH,VALUE_SHIFT,currency_shift,True,True,True
ntx3-002260-1,g-002260,hin_Latn,HIGH,VALUE_SHIFT,clean,False,False,False
ntx3-002260-1,g-002260,hin_Latn,HIGH,VALUE_SHIFT,vendor_shift,True,True,True
ntx3-002260-1,g-002260,hin_Latn,HIGH,VALUE_SHIFT,year_shift,True,True,True
ntx3-002260-1,g-002260,hin_Latn,HIGH,VALUE_SHIFT,month_shift,True,True,True
ntx3-002260-1,g-002260,hin_Latn,HIGH,VALUE_SHIFT,scope_broaden,True,False,True
ntx3-002260-1,g-002260,hin_Latn,HIGH,VALUE_SHIFT,scope_broaden+vendor_shift,True,True,True
ntx3-002260-1,g-002260,hin_Latn,HIGH,VALUE_SHIFT,amount_shift,True,True,True
ntx3-002260-1,g-002260,hin_Latn,HIGH,VALUE_SHIFT,currency_shift,True,True,True
ntx3-002260-2,g-002260,tel_Latn,HIGH,VALUE_SHIFT,clean,False,False,False
ntx3-002260-2,g-002260,tel_Latn,HIGH,VALUE_SHIFT,vendor_shift,True,True,True
ntx3-002260-2,g-002260,tel_Latn,HIGH,VALUE_SHIFT,year_shift,True,True,True
ntx3-002260-2,g-002260,tel_Latn,HIGH,VALUE_SHIFT,month_shift,True,True,True
ntx3-002260-2,g-002260,tel_Latn,HIGH,VALUE_SHIFT,scope_broaden,True,False,True
ntx3-002260-2,g-002260,tel_Latn,HIGH,VALUE_SHIFT,scope_broaden+vendor_shift,True,True,True
ntx3-002260-2,g-002260,tel_Latn,HIGH,VALUE_SHIFT,amount_shift,True,True,True
ntx3-002260-2,g-002260,tel_Latn,HIGH,VALUE_SHIFT,currency_shift,True,True,True
ntx3-002260-3,g-002260,tel_Telu,HIGH,VALUE_SHIFT,clean,False,False,False
ntx3-002260-3,g-002260,tel_Telu,HIGH,VALUE_SHIFT,vendor_shift,True,True,True
ntx3-002260-3,g-002260,tel_Telu,HIGH,VALUE_SHIFT,year_shift,True,True,True
ntx3-002260-3,g-002260,tel_Telu,HIGH,VALUE_SHIFT,month_shift,True,True,True
ntx3-002260-3,g-002260,tel_Telu,HIGH,VALUE_SHIFT,scope_broaden,True,False,True
ntx3-002260-3,g-002260,tel_Telu,HIGH,VALUE_SHIFT,scope_broaden+vendor_shift,True,True,True
ntx3-002260-3,g-002260,tel_Telu,HIGH,VALUE_SHIFT,amount_shift,True,True,True
ntx3-002260-3,g-002260,tel_Telu,HIGH,VALUE_SHIFT,currency_shift,True,True,True
ntx3-000689-0,g-000689,eng_Latn,MEDIUM,VALUE_SHIFT,clean,False,False,False
ntx3-000689-0,g-000689,eng_Latn,MEDIUM,VALUE_SHIFT,vendor_shift,True,True,True
ntx3-000689-0,g-000689,eng_Latn,MEDIUM,VALUE_SHIFT,year_shift,True,True,True
ntx3-000689-0,g-000689,eng_Latn,MEDIUM,VALUE_SHIFT,month_shift,True,True,True
ntx3-000689-0,g-000689,eng_Latn,MEDIUM,VALUE_SHIFT,scope_broaden,True,False,True
ntx3-000689-0,g-000689,eng_Latn,MEDIUM,VALUE_SHIFT,scope_broaden+vendor_shift,True,True,True
ntx3-000689-0,g-000689,eng_Latn,MEDIUM,VALUE_SHIFT,amount_shift,True,True,True
ntx3-000689-0,g-000689,eng_Latn,MEDIUM,VALUE_SHIFT,currency_shift,True,True,True
ntx3-000689-1,g-000689,hin_Latn,MEDIUM,VALUE_SHIFT,clean,False,False,False
ntx3-000689-1,g-000689,hin_Latn,MEDIUM,VALUE_SHIFT,vendor_shift,True,True,True
ntx3-000689-1,g-000689,hin_Latn,MEDIUM,VALUE_SHIFT,year_shift,True,True,True
ntx3-000689-1,g-000689,hin_Latn,MEDIUM,VALUE_SHIFT,month_shift,True,True,True
ntx3-000689-1,g-000689,hin_Latn,MEDIUM,VALUE_SHIFT,scope_broaden,True,False,True
ntx3-000689-1,g-000689,hin_Latn,MEDIUM,VALUE_SHIFT,scope_broaden+vendor_shift,True,True,True
ntx3-000689-1,g-000689,hin_Latn,MEDIUM,VALUE_SHIFT,amount_shift,True,True,True
ntx3-000689-1,g-000689,hin_Latn,MEDIUM,VALUE_SHIFT,currency_shift,True,True,True
ntx3-000689-2,g-000689,tel_Latn,MEDIUM,VALUE_SHIFT,clean,False,False,False
ntx3-000689-2,g-000689,tel_Latn,MEDIUM,VALUE_SHIFT,vendor_shift,True,True,True
ntx3-000689-2,g-000689,tel_Latn,MEDIUM,VALUE_SHIFT,year_shift,True,True,True
ntx3-000689-2,g-000689,tel_Latn,MEDIUM,VALUE_SHIFT,month_shift,True,True,True
ntx3-000689-2,g-000689,tel_Latn,MEDIUM,VALUE_SHIFT,scope_broaden,True,False,True
ntx3-000689-2,g-000689,tel_Latn,MEDIUM,VALUE_SHIFT,scope_broaden+vendor_shift,True,True,True
ntx3-000689-2,g-000689,tel_Latn,MEDIUM,VALUE_SHIFT,amount_shift,True,True,True
ntx3-000689-2,g-000689,tel_Latn,MEDIUM,VALUE_SHIFT,currency_shift,True,True,True
ntx3-000689-3,g-000689,tel_Telu,MEDIUM,VALUE_SHIFT,clean,False,False,False
ntx3-000689-3,g-000689,tel_Telu,MEDIUM,VALUE_SHIFT,vendor_shift,True,True,True
ntx3-000689-3,g-000689,tel_Telu,MEDIUM,VALUE_SHIFT,year_shift,True,True,True
ntx3-000689-3,g-000689,tel_Telu,MEDIUM,VALUE_SHIFT,month_shift,True,True,True
ntx3-000689-3,g-000689,tel_Telu,MEDIUM,VALUE_SHIFT,scope_broaden,True,False,True
ntx3-000689-3,g-000689,tel_Telu,MEDIUM,VALUE_SHIFT,scope_broaden+vendor_shift,True,True,True
ntx3-000689-3,g-000689,tel_Telu,MEDIUM,VALUE_SHIFT,amount_shift,True,True,True
ntx3-000689-3,g-000689,tel_Telu,MEDIUM,VALUE_SHIFT,currency_shift,True,True,True
ntx3-002304-0,g-002304,eng_Latn,HIGH,VALUE_SHIFT,clean,False,False,False
ntx3-002304-0,g-002304,eng_Latn,HIGH,VALUE_SHIFT,vendor_shift,True,True,True
ntx3-002304-0,g-002304,eng_Latn,HIGH,VALUE_SHIFT,year_shift,True,True,True
ntx3-002304-0,g-002304,eng_Latn,HIGH,VALUE_SHIFT,month_shift,True,True,True
ntx3-002304-0,g-002304,eng_Latn,HIGH,VALUE_SHIFT,scope_broaden,True,False,True
ntx3-002304-0,g-002304,eng_Latn,HIGH,VALUE_SHIFT,scope_broaden+vendor_shift,True,True,True
ntx3-002304-0,g-002304,eng_Latn,HIGH,VALUE_SHIFT,amount_shift,True,True,True
ntx3-002304-0,g-002304,eng_Latn,HIGH,VALUE_SHIFT,currency_shift,True,True,True
ntx3-002304-1,g-002304,hin_Latn,HIGH,VALUE_SHIFT,clean,False,False,False
ntx3-002304-1,g-002304,hin_Latn,HIGH,VALUE_SHIFT,vendor_shift,True,True,True
ntx3-002304-1,g-002304,hin_Latn,HIGH,VALUE_SHIFT,year_shift,True,True,True
ntx3-002304-1,g-002304,hin_Latn,HIGH,VALUE_SHIFT,month_shift,True,True,True
ntx3-002304-1,g-002304,hin_Latn,HIGH,VALUE_SHIFT,scope_broaden,True,False,True
ntx3-002304-1,g-002304,hin_Latn,HIGH,VALUE_SHIFT,scope_broaden+vendor_shift,True,True,True
ntx3-002304-1,g-002304,hin_Latn,HIGH,VALUE_SHIFT,amount_shift,True,True,True
ntx3-002304-1,g-002304,hin_Latn,HIGH,VALUE_SHIFT,currency_shift,True,True,True
ntx3-002304-2,g-002304,tel_Latn,HIGH,VALUE_SHIFT,clean,False,False,False
ntx3-002304-2,g-002304,tel_Latn,HIGH,VALUE_SHIFT,vendor_shift,True,True,True
ntx3-002304-2,g-002304,tel_Latn,HIGH,VALUE_SHIFT,year_shift,True,True,True
ntx3-002304-2,g-002304,tel_Latn,HIGH,VALUE_SHIFT,month_shift,True,True,True
ntx3-002304-2,g-002304,tel_Latn,HIGH,VALUE_SHIFT,scope_broaden,True,False,True
ntx3-002304-2,g-002304,tel_Latn,HIGH,VALUE_SHIFT,scope_broaden+vendor_shift,True,True,True
ntx3-002304-2,g-002304,tel_Latn,HIGH,VALUE_SHIFT,amount_shift,True,True,True
ntx3-002304-2,g-002304,tel_Latn,HIGH,VALUE_SHIFT,currency_shift,True,True,True
ntx3-002304-3,g-002304,tel_Telu,HIGH,VALUE_SHIFT,clean,False,False,False
ntx3-002304-3,g-002304,tel_Telu,HIGH,VALUE_SHIFT,vendor_shift,True,True,True
ntx3-002304-3,g-002304,tel_Telu,HIGH,VALUE_SHIFT,year_shift,True,True,True
ntx3-002304-3,g-002304,tel_Telu,HIGH,VALUE_SHIFT,month_shift,True,True,True
ntx3-002304-3,g-002304,tel_Telu,HIGH,VALUE_SHIFT,scope_broaden,True,False,True
ntx3-002304-3,g-002304,tel_Telu,HIGH,VALUE_SHIFT,scope_broaden+vendor_shift,True,True,True
ntx3-002304-3,g-002304,tel_Telu,HIGH,VALUE_SHIFT,amount_shift,True,True,True
ntx3-002304-3,g-002304,tel_Telu,HIGH,VALUE_SHIFT,currency_shift,True,True,True
ntx3-001399-0,g-001399,eng_Latn,HIGH,VALUE_SHIFT,clean,False,False,False
ntx3-001399-0,g-001399,eng_Latn,HIGH,VALUE_SHIFT,vendor_shift,True,True,True
ntx3-001399-0,g-001399,eng_Latn,HIGH,VALUE_SHIFT,year_shift,True,True,True
ntx3-001399-0,g-001399,eng_Latn,HIGH,VALUE_SHIFT,month_shift,True,True,True
ntx3-001399-0,g-001399,eng_Latn,HIGH,VALUE_SHIFT,scope_broaden,True,False,True
ntx3-001399-0,g-001399,eng_Latn,HIGH,VALUE_SHIFT,scope_broaden+vendor_shift,True,True,True
ntx3-001399-0,g-001399,eng_Latn,HIGH,VALUE_SHIFT,amount_shift,True,True,True
ntx3-001399-0,g-001399,eng_Latn,HIGH,VALUE_SHIFT,currency_shift,True,True,True
ntx3-001399-1,g-001399,hin_Latn,HIGH,VALUE_SHIFT,clean,False,False,False
ntx3-001399-1,g-001399,hin_Latn,HIGH,VALUE_SHIFT,vendor_shift,True,True,True
ntx3-001399-1,g-001399,hin_Latn,HIGH,VALUE_SHIFT,year_shift,True,True,True
ntx3-001399-1,g-001399,hin_Latn,HIGH,VALUE_SHIFT,month_shift,True,True,True
ntx3-001399-1,g-001399,hin_Latn,HIGH,VALUE_SHIFT,scope_broaden,True,False,True
ntx3-001399-1,g-001399,hin_Latn,HIGH,VALUE_SHIFT,scope_broaden+vendor_shift,True,True,True
ntx3-001399-1,g-001399,hin_Latn,HIGH,VALUE_SHIFT,amount_shift,True,True,True
ntx3-001399-1,g-001399,hin_Latn,HIGH,VALUE_SHIFT,currency_shift,True,True,True
ntx3-001399-2,g-001399,tel_Latn,HIGH,VALUE_SHIFT,clean,False,False,False
ntx3-001399-2,g-001399,tel_Latn,HIGH,VALUE_SHIFT,vendor_shift,True,True,True
ntx3-001399-2,g-001399,tel_Latn,HIGH,VALUE_SHIFT,year_shift,True,True,True
ntx3-001399-2,g-001399,tel_Latn,HIGH,VALUE_SHIFT,month_shift,True,True,True
ntx3-001399-2,g-001399,tel_Latn,HIGH,VALUE_SHIFT,scope_broaden,True,False,True
ntx3-001399-2,g-001399,tel_Latn,HIGH,VALUE_SHIFT,scope_broaden+vendor_shift,True,True,True
ntx3-001399-2,g-001399,tel_Latn,HIGH,VALUE_SHIFT,amount_shift,True,True,True
ntx3-001399-2,g-001399,tel_Latn,HIGH,VALUE_SHIFT,currency_shift,True,True,True
ntx3-001399-3,g-001399,tel_Telu,HIGH,VALUE_SHIFT,clean,False,False,False
ntx3-001399-3,g-001399,tel_Telu,HIGH,VALUE_SHIFT,vendor_shift,True,True,True
ntx3-001399-3,g-001399,tel_Telu,HIGH,VALUE_SHIFT,year_shift,True,True,True
ntx3-001399-3,g-001399,tel_Telu,HIGH,VALUE_SHIFT,month_shift,True,True,True
ntx3-001399-3,g-001399,tel_Telu,HIGH,VALUE_SHIFT,scope_broaden,True,False,True
ntx3-001399-3,g-001399,tel_Telu,HIGH,VALUE_SHIFT,scope_broaden+vendor_shift,True,True,True
ntx3-001399-3,g-001399,tel_Telu,HIGH,VALUE_SHIFT,amount_shift,True,True,True
ntx3-001399-3,g-001399,tel_Telu,HIGH,VALUE_SHIFT,currency_shift,True,True,True
ntx3-001288-0,g-001288,eng_Latn,HIGH,VALUE_SHIFT,clean,False,False,False
ntx3-001288-0,g-001288,eng_Latn,HIGH,VALUE_SHIFT,vendor_shift,True,True,True
ntx3-001288-0,g-001288,eng_Latn,HIGH,VALUE_SHIFT,year_shift,True,True,True
ntx3-001288-0,g-001288,eng_Latn,HIGH,VALUE_SHIFT,month_shift,True,True,True
ntx3-001288-0,g-001288,eng_Latn,HIGH,VALUE_SHIFT,scope_broaden,True,False,True
ntx3-001288-0,g-001288,eng_Latn,HIGH,VALUE_SHIFT,scope_broaden+vendor_shift,True,True,True
ntx3-001288-0,g-001288,eng_Latn,HIGH,VALUE_SHIFT,amount_shift,True,True,True
ntx3-001288-0,g-001288,eng_Latn,HIGH,VALUE_SHIFT,currency_shift,True,True,True
ntx3-001288-1,g-001288,hin_Latn,HIGH,VALUE_SHIFT,clean,False,False,False
ntx3-001288-1,g-001288,hin_Latn,HIGH,VALUE_SHIFT,vendor_shift,True,True,True
ntx3-001288-1,g-001288,hin_Latn,HIGH,VALUE_SHIFT,year_shift,True,True,True
ntx3-001288-1,g-001288,hin_Latn,HIGH,VALUE_SHIFT,month_shift,True,True,True
ntx3-001288-1,g-001288,hin_Latn,HIGH,VALUE_SHIFT,scope_broaden,True,False,True
ntx3-001288-1,g-001288,hin_Latn,HIGH,VALUE_SHIFT,scope_broaden+vendor_shift,True,True,True
ntx3-001288-1,g-001288,hin_Latn,HIGH,VALUE_SHIFT,amount_shift,True,True,True
ntx3-001288-1,g-001288,hin_Latn,HIGH,VALUE_SHIFT,currency_shift,True,True,True
ntx3-001288-2,g-001288,tel_Latn,HIGH,VALUE_SHIFT,clean,False,False,False
ntx3-001288-2,g-001288,tel_Latn,HIGH,VALUE_SHIFT,vendor_shift,True,True,True
ntx3-001288-2,g-001288,tel_Latn,HIGH,VALUE_SHIFT,year_shift,True,True,True
ntx3-001288-2,g-001288,tel_Latn,HIGH,VALUE_SHIFT,month_shift,True,True,True
ntx3-001288-2,g-001288,tel_Latn,HIGH,VALUE_SHIFT,scope_broaden,True,False,True
ntx3-001288-2,g-001288,tel_Latn,HIGH,VALUE_SHIFT,scope_broaden+vendor_shift,True,True,True
ntx3-001288-2,g-001288,tel_Latn,HIGH,VALUE_SHIFT,amount_shift,True,True,True
ntx3-001288-2,g-001288,tel_Latn,HIGH,VALUE_SHIFT,currency_shift,True,True,True
ntx3-001288-3,g-001288,tel_Telu,HIGH,VALUE_SHIFT,clean,False,False,False
ntx3-001288-3,g-001288,tel_Telu,HIGH,VALUE_SHIFT,vendor_shift,True,True,True
ntx3-001288-3,g-001288,tel_Telu,HIGH,VALUE_SHIFT,year_shift,True,True,True
ntx3-001288-3,g-001288,tel_Telu,HIGH,VALUE_SHIFT,month_shift,True,True,True
ntx3-001288-3,g-001288,tel_Telu,HIGH,VALUE_SHIFT,scope_broaden,True,False,True
ntx3-001288-3,g-001288,tel_Telu,HIGH,VALUE_SHIFT,scope_broaden+vendor_shift,True,True,True
ntx3-001288-3,g-001288,tel_Telu,HIGH,VALUE_SHIFT,amount_shift,True,True,True
ntx3-001288-3,g-001288,tel_Telu,HIGH,VALUE_SHIFT,currency_shift,True,True,True
ntx3-002474-0,g-002474,eng_Latn,HIGH,VALUE_SHIFT,clean,False,False,False
ntx3-002474-0,g-002474,eng_Latn,HIGH,VALUE_SHIFT,vendor_shift,True,True,True
ntx3-002474-0,g-002474,eng_Latn,HIGH,VALUE_SHIFT,year_shift,True,True,True
ntx3-002474-0,g-002474,eng_Latn,HIGH,VALUE_SHIFT,month_shift,True,True,True
ntx3-002474-0,g-002474,eng_Latn,HIGH,VALUE_SHIFT,scope_broaden,True,False,True
ntx3-002474-0,g-002474,eng_Latn,HIGH,VALUE_SHIFT,scope_broaden+vendor_shift,True,True,True
ntx3-002474-0,g-002474,eng_Latn,HIGH,VALUE_SHIFT,amount_shift,True,True,True
ntx3-002474-0,g-002474,eng_Latn,HIGH,VALUE_SHIFT,currency_shift,True,True,True
ntx3-002474-1,g-002474,hin_Latn,HIGH,VALUE_SHIFT,clean,False,False,False
ntx3-002474-1,g-002474,hin_Latn,HIGH,VALUE_SHIFT,vendor_shift,True,True,True
ntx3-002474-1,g-002474,hin_Latn,HIGH,VALUE_SHIFT,year_shift,True,True,True
ntx3-002474-1,g-002474,hin_Latn,HIGH,VALUE_SHIFT,month_shift,True,True,True
ntx3-002474-1,g-002474,hin_Latn,HIGH,VALUE_SHIFT,scope_broaden,True,False,True
ntx3-002474-1,g-002474,hin_Latn,HIGH,VALUE_SHIFT,scope_broaden+vendor_shift,True,True,True
ntx3-002474-1,g-002474,hin_Latn,HIGH,VALUE_SHIFT,amount_shift,True,True,True
ntx3-002474-1,g-002474,hin_Latn,HIGH,VALUE_SHIFT,currency_shift,True,True,True
ntx3-002474-2,g-002474,tel_Latn,HIGH,VALUE_SHIFT,clean,False,False,False
ntx3-002474-2,g-002474,tel_Latn,HIGH,VALUE_SHIFT,vendor_shift,True,True,True
ntx3-002474-2,g-002474,tel_Latn,HIGH,VALUE_SHIFT,year_shift,True,True,True
ntx3-002474-2,g-002474,tel_Latn,HIGH,VALUE_SHIFT,month_shift,True,True,True
ntx3-002474-2,g-002474,tel_Latn,HIGH,VALUE_SHIFT,scope_broaden,True,False,True
ntx3-002474-2,g-002474,tel_Latn,HIGH,VALUE_SHIFT,scope_broaden+vendor_shift,True,True,True
ntx3-002474-2,g-002474,tel_Latn,HIGH,VALUE_SHIFT,amount_shift,True,True,True
ntx3-002474-2,g-002474,tel_Latn,HIGH,VALUE_SHIFT,currency_shift,True,True,True
ntx3-002474-3,g-002474,tel_Telu,HIGH,VALUE_SHIFT,clean,False,False,False
ntx3-002474-3,g-002474,tel_Telu,HIGH,VALUE_SHIFT,vendor_shift,True,True,True
ntx3-002474-3,g-002474,tel_Telu,HIGH,VALUE_SHIFT,year_shift,True,True,True
ntx3-002474-3,g-002474,tel_Telu,HIGH,VALUE_SHIFT,month_shift,True,True,True
ntx3-002474-3,g-002474,tel_Telu,HIGH,VALUE_SHIFT,scope_broaden,True,False,True
ntx3-002474-3,g-002474,tel_Telu,HIGH,VALUE_SHIFT,scope_broaden+vendor_shift,True,True,True
ntx3-002474-3,g-002474,tel_Telu,HIGH,VALUE_SHIFT,amount_shift,True,True,True
ntx3-002474-3,g-002474,tel_Telu,HIGH,VALUE_SHIFT,currency_shift,True,True,True
ntx3-002197-0,g-002197,eng_Latn,CRITICAL,VALUE_SHIFT,clean,False,False,False
ntx3-002197-0,g-002197,eng_Latn,CRITICAL,VALUE_SHIFT,vendor_shift,True,True,True
ntx3-002197-0,g-002197,eng_Latn,CRITICAL,VALUE_SHIFT,year_shift,True,True,True
ntx3-002197-0,g-002197,eng_Latn,CRITICAL,VALUE_SHIFT,month_shift,True,True,True
ntx3-002197-0,g-002197,eng_Latn,CRITICAL,VALUE_SHIFT,scope_broaden,True,False,True
ntx3-002197-0,g-002197,eng_Latn,CRITICAL,VALUE_SHIFT,scope_broaden+vendor_shift,True,True,True
ntx3-002197-0,g-002197,eng_Latn,CRITICAL,VALUE_SHIFT,amount_shift,True,True,True
ntx3-002197-0,g-002197,eng_Latn,CRITICAL,VALUE_SHIFT,currency_shift,True,True,True
ntx3-002197-1,g-002197,hin_Latn,CRITICAL,VALUE_SHIFT,clean,False,False,False
ntx3-002197-1,g-002197,hin_Latn,CRITICAL,VALUE_SHIFT,vendor_shift,True,True,True
ntx3-002197-1,g-002197,hin_Latn,CRITICAL,VALUE_SHIFT,year_shift,True,True,True
ntx3-002197-1,g-002197,hin_Latn,CRITICAL,VALUE_SHIFT,month_shift,True,True,True
ntx3-002197-1,g-002197,hin_Latn,CRITICAL,VALUE_SHIFT,scope_broaden,True,False,True
ntx3-002197-1,g-002197,hin_Latn,CRITICAL,VALUE_SHIFT,scope_broaden+vendor_shift,True,True,True
ntx3-002197-1,g-002197,hin_Latn,CRITICAL,VALUE_SHIFT,amount_shift,True,True,True
ntx3-002197-1,g-002197,hin_Latn,CRITICAL,VALUE_SHIFT,currency_shift,True,True,True
ntx3-002197-2,g-002197,tel_Latn,CRITICAL,VALUE_SHIFT,clean,False,False,False
ntx3-002197-2,g-002197,tel_Latn,CRITICAL,VALUE_SHIFT,vendor_shift,True,True,True
ntx3-002197-2,g-002197,tel_Latn,CRITICAL,VALUE_SHIFT,year_shift,True,True,True
ntx3-002197-2,g-002197,tel_Latn,CRITICAL,VALUE_SHIFT,month_shift,True,True,True
ntx3-002197-2,g-002197,tel_Latn,CRITICAL,VALUE_SHIFT,scope_broaden,True,False,True
ntx3-002197-2,g-002197,tel_Latn,CRITICAL,VALUE_SHIFT,scope_broaden+vendor_shift,True,True,True
ntx3-002197-2,g-002197,tel_Latn,CRITICAL,VALUE_SHIFT,amount_shift,True,True,True
ntx3-002197-2,g-002197,tel_Latn,CRITICAL,VALUE_SHIFT,currency_shift,True,True,True
ntx3-002197-3,g-002197,tel_Telu,CRITICAL,VALUE_SHIFT,clean,False,False,False
ntx3-002197-3,g-002197,tel_Telu,CRITICAL,VALUE_SHIFT,vendor_shift,True,True,True
ntx3-002197-3,g-002197,tel_Telu,CRITICAL,VALUE_SHIFT,year_shift,True,True,True
ntx3-002197-3,g-002197,tel_Telu,CRITICAL,VALUE_SHIFT,month_shift,True,True,True
ntx3-002197-3,g-002197,tel_Telu,CRITICAL,VALUE_SHIFT,scope_broaden,True,False,True
ntx3-002197-3,g-002197,tel_Telu,CRITICAL,VALUE_SHIFT,scope_broaden+vendor_shift,True,True,True
ntx3-002197-3,g-002197,tel_Telu,CRITICAL,VALUE_SHIFT,amount_shift,True,True,True
ntx3-002197-3,g-002197,tel_Telu,CRITICAL,VALUE_SHIFT,currency_shift,True,True,True
ntx3-002210-0,g-002210,eng_Latn,MEDIUM,VALUE_SHIFT,clean,False,False,False
ntx3-002210-0,g-002210,eng_Latn,MEDIUM,VALUE_SHIFT,vendor_shift,True,True,True
ntx3-002210-0,g-002210,eng_Latn,MEDIUM,VALUE_SHIFT,year_shift,True,True,True
ntx3-002210-0,g-002210,eng_Latn,MEDIUM,VALUE_SHIFT,month_shift,True,True,True
ntx3-002210-0,g-002210,eng_Latn,MEDIUM,VALUE_SHIFT,scope_broaden,True,False,True
ntx3-002210-0,g-002210,eng_Latn,MEDIUM,VALUE_SHIFT,scope_broaden+vendor_shift,True,True,True
ntx3-002210-0,g-002210,eng_Latn,MEDIUM,VALUE_SHIFT,amount_shift,True,True,True
ntx3-002210-0,g-002210,eng_Latn,MEDIUM,VALUE_SHIFT,currency_shift,True,True,True
ntx3-002210-1,g-002210,hin_Latn,MEDIUM,VALUE_SHIFT,clean,False,False,False
ntx3-002210-1,g-002210,hin_Latn,MEDIUM,VALUE_SHIFT,vendor_shift,True,True,True
ntx3-002210-1,g-002210,hin_Latn,MEDIUM,VALUE_SHIFT,year_shift,True,True,True
ntx3-002210-1,g-002210,hin_Latn,MEDIUM,VALUE_SHIFT,month_shift,True,True,True
ntx3-002210-1,g-002210,hin_Latn,MEDIUM,VALUE_SHIFT,scope_broaden,True,False,True
ntx3-002210-1,g-002210,hin_Latn,MEDIUM,VALUE_SHIFT,scope_broaden+vendor_shift,True,True,True
ntx3-002210-1,g-002210,hin_Latn,MEDIUM,VALUE_SHIFT,amount_shift,True,True,True
ntx3-002210-1,g-002210,hin_Latn,MEDIUM,VALUE_SHIFT,currency_shift,True,True,True
ntx3-002210-2,g-002210,tel_Latn,MEDIUM,VALUE_SHIFT,clean,False,False,False
ntx3-002210-2,g-002210,tel_Latn,MEDIUM,VALUE_SHIFT,vendor_shift,True,True,True
ntx3-002210-2,g-002210,tel_Latn,MEDIUM,VALUE_SHIFT,year_shift,True,True,True
ntx3-002210-2,g-002210,tel_Latn,MEDIUM,VALUE_SHIFT,month_shift,True,True,True
ntx3-002210-2,g-002210,tel_Latn,MEDIUM,VALUE_SHIFT,scope_broaden,True,False,True
ntx3-002210-2,g-002210,tel_Latn,MEDIUM,VALUE_SHIFT,scope_broaden+vendor_shift,True,True,True
ntx3-002210-2,g-002210,tel_Latn,MEDIUM,VALUE_SHIFT,amount_shift,True,True,True
ntx3-002210-2,g-002210,tel_Latn,MEDIUM,VALUE_SHIFT,currency_shift,True,True,True
ntx3-002210-3,g-002210,tel_Telu,MEDIUM,VALUE_SHIFT,clean,False,False,False
ntx3-002210-3,g-002210,tel_Telu,MEDIUM,VALUE_SHIFT,vendor_shift,True,True,True
ntx3-002210-3,g-002210,tel_Telu,MEDIUM,VALUE_SHIFT,year_shift,True,True,True
ntx3-002210-3,g-002210,tel_Telu,MEDIUM,VALUE_SHIFT,month_shift,True,True,True
ntx3-002210-3,g-002210,tel_Telu,MEDIUM,VALUE_SHIFT,scope_broaden,True,False,True
ntx3-002210-3,g-002210,tel_Telu,MEDIUM,VALUE_SHIFT,scope_broaden+vendor_shift,True,True,True
ntx3-002210-3,g-002210,tel_Telu,MEDIUM,VALUE_SHIFT,amount_shift,True,True,True
ntx3-002210-3,g-002210,tel_Telu,MEDIUM,VALUE_SHIFT,currency_shift,True,True,True
ntx3-002046-0,g-002046,eng_Latn,LOW,VALUE_SHIFT,clean,False,False,False
ntx3-002046-0,g-002046,eng_Latn,LOW,VALUE_SHIFT,vendor_shift,True,True,True
ntx3-002046-0,g-002046,eng_Latn,LOW,VALUE_SHIFT,year_shift,True,True,True
ntx3-002046-0,g-002046,eng_Latn,LOW,VALUE_SHIFT,month_shift,True,True,True
ntx3-002046-0,g-002046,eng_Latn,LOW,VALUE_SHIFT,scope_broaden,True,False,True
ntx3-002046-0,g-002046,eng_Latn,LOW,VALUE_SHIFT,scope_broaden+vendor_shift,True,True,True
ntx3-002046-0,g-002046,eng_Latn,LOW,VALUE_SHIFT,amount_shift,True,True,True
ntx3-002046-0,g-002046,eng_Latn,LOW,VALUE_SHIFT,currency_shift,True,True,True
ntx3-002046-1,g-002046,hin_Latn,LOW,VALUE_SHIFT,clean,False,False,False
ntx3-002046-1,g-002046,hin_Latn,LOW,VALUE_SHIFT,vendor_shift,True,True,True
ntx3-002046-1,g-002046,hin_Latn,LOW,VALUE_SHIFT,year_shift,True,True,True
ntx3-002046-1,g-002046,hin_Latn,LOW,VALUE_SHIFT,month_shift,True,True,True
ntx3-002046-1,g-002046,hin_Latn,LOW,VALUE_SHIFT,scope_broaden,True,False,True
ntx3-002046-1,g-002046,hin_Latn,LOW,VALUE_SHIFT,scope_broaden+vendor_shift,True,True,True
ntx3-002046-1,g-002046,hin_Latn,LOW,VALUE_SHIFT,amount_shift,True,True,True
ntx3-002046-1,g-002046,hin_Latn,LOW,VALUE_SHIFT,currency_shift,True,True,True
ntx3-002046-2,g-002046,tel_Latn,LOW,VALUE_SHIFT,clean,False,False,False
ntx3-002046-2,g-002046,tel_Latn,LOW,VALUE_SHIFT,vendor_shift,True,True,True
ntx3-002046-2,g-002046,tel_Latn,LOW,VALUE_SHIFT,year_shift,True,True,True
ntx3-002046-2,g-002046,tel_Latn,LOW,VALUE_SHIFT,month_shift,True,True,True
ntx3-002046-2,g-002046,tel_Latn,LOW,VALUE_SHIFT,scope_broaden,True,False,True
ntx3-002046-2,g-002046,tel_Latn,LOW,VALUE_SHIFT,scope_broaden+vendor_shift,True,True,True
ntx3-002046-2,g-002046,tel_Latn,LOW,VALUE_SHIFT,amount_shift,True,True,True
ntx3-002046-2,g-002046,tel_Latn,LOW,VALUE_SHIFT,currency_shift,True,True,True
ntx3-002046-3,g-002046,tel_Telu,LOW,VALUE_SHIFT,clean,False,False,False
ntx3-002046-3,g-002046,tel_Telu,LOW,VALUE_SHIFT,vendor_shift,True,True,True
ntx3-002046-3,g-002046,tel_Telu,LOW,VALUE_SHIFT,year_shift,True,True,True
ntx3-002046-3,g-002046,tel_Telu,LOW,VALUE_SHIFT,month_shift,True,True,True
ntx3-002046-3,g-002046,tel_Telu,LOW,VALUE_SHIFT,scope_broaden,True,False,True
ntx3-002046-3,g-002046,tel_Telu,LOW,VALUE_SHIFT,scope_broaden+vendor_shift,True,True,True
ntx3-002046-3,g-002046,tel_Telu,LOW,VALUE_SHIFT,amount_shift,True,True,True
ntx3-002046-3,g-002046,tel_Telu,LOW,VALUE_SHIFT,currency_shift,True,True,True
ntx3-002426-0,g-002426,eng_Latn,LOW,VALUE_SHIFT,clean,False,False,False
ntx3-002426-0,g-002426,eng_Latn,LOW,VALUE_SHIFT,vendor_shift,True,True,True
ntx3-002426-0,g-002426,eng_Latn,LOW,VALUE_SHIFT,year_shift,True,True,True
ntx3-002426-0,g-002426,eng_Latn,LOW,VALUE_SHIFT,month_shift,True,True,True
ntx3-002426-0,g-002426,eng_Latn,LOW,VALUE_SHIFT,scope_broaden,True,False,True
ntx3-002426-0,g-002426,eng_Latn,LOW,VALUE_SHIFT,scope_broaden+vendor_shift,True,True,True
ntx3-002426-0,g-002426,eng_Latn,LOW,VALUE_SHIFT,amount_shift,True,True,True
ntx3-002426-0,g-002426,eng_Latn,LOW,VALUE_SHIFT,currency_shift,True,True,True
ntx3-002426-1,g-002426,hin_Latn,LOW,VALUE_SHIFT,clean,False,False,False
ntx3-002426-1,g-002426,hin_Latn,LOW,VALUE_SHIFT,vendor_shift,True,True,True
ntx3-002426-1,g-002426,hin_Latn,LOW,VALUE_SHIFT,year_shift,True,True,True
ntx3-002426-1,g-002426,hin_Latn,LOW,VALUE_SHIFT,month_shift,True,True,True
ntx3-002426-1,g-002426,hin_Latn,LOW,VALUE_SHIFT,scope_broaden,True,False,True
ntx3-002426-1,g-002426,hin_Latn,LOW,VALUE_SHIFT,scope_broaden+vendor_shift,True,True,True
ntx3-002426-1,g-002426,hin_Latn,LOW,VALUE_SHIFT,amount_shift,True,True,True
ntx3-002426-1,g-002426,hin_Latn,LOW,VALUE_SHIFT,currency_shift,True,True,True
ntx3-002426-2,g-002426,tel_Latn,LOW,VALUE_SHIFT,clean,False,False,False
ntx3-002426-2,g-002426,tel_Latn,LOW,VALUE_SHIFT,vendor_shift,True,True,True
ntx3-002426-2,g-002426,tel_Latn,LOW,VALUE_SHIFT,year_shift,True,True,True
ntx3-002426-2,g-002426,tel_Latn,LOW,VALUE_SHIFT,month_shift,True,True,True
ntx3-002426-2,g-002426,tel_Latn,LOW,VALUE_SHIFT,scope_broaden,True,False,True
ntx3-002426-2,g-002426,tel_Latn,LOW,VALUE_SHIFT,scope_broaden+vendor_shift,True,True,True
ntx3-002426-2,g-002426,tel_Latn,LOW,VALUE_SHIFT,amount_shift,True,True,True
ntx3-002426-2,g-002426,tel_Latn,LOW,VALUE_SHIFT,currency_shift,True,True,True
ntx3-002426-3,g-002426,tel_Telu,LOW,VALUE_SHIFT,clean,False,False,False
ntx3-002426-3,g-002426,tel_Telu,LOW,VALUE_SHIFT,vendor_shift,True,True,True
ntx3-002426-3,g-002426,tel_Telu,LOW,VALUE_SHIFT,year_shift,True,True,True
ntx3-002426-3,g-002426,tel_Telu,LOW,VALUE_SHIFT,month_shift,True,True,True
ntx3-002426-3,g-002426,tel_Telu,LOW,VALUE_SHIFT,scope_broaden,True,False,True
ntx3-002426-3,g-002426,tel_Telu,LOW,VALUE_SHIFT,scope_broaden+vendor_shift,True,True,True
ntx3-002426-3,g-002426,tel_Telu,LOW,VALUE_SHIFT,amount_shift,True,True,True
ntx3-002426-3,g-002426,tel_Telu,LOW,VALUE_SHIFT,currency_shift,True,True,True
ntx3-002255-0,g-002255,eng_Latn,LOW,VALUE_SHIFT,clean,False,False,False
ntx3-002255-0,g-002255,eng_Latn,LOW,VALUE_SHIFT,vendor_shift,True,True,True
ntx3-002255-0,g-002255,eng_Latn,LOW,VALUE_SHIFT,year_shift,True,True,True
ntx3-002255-0,g-002255,eng_Latn,LOW,VALUE_SHIFT,month_shift,True,True,True
ntx3-002255-0,g-002255,eng_Latn,LOW,VALUE_SHIFT,scope_broaden,True,False,True
ntx3-002255-0,g-002255,eng_Latn,LOW,VALUE_SHIFT,scope_broaden+vendor_shift,True,True,True
ntx3-002255-0,g-002255,eng_Latn,LOW,VALUE_SHIFT,amount_shift,True,True,True
ntx3-002255-0,g-002255,eng_Latn,LOW,VALUE_SHIFT,currency_shift,True,True,True
ntx3-002255-1,g-002255,hin_Latn,LOW,VALUE_SHIFT,clean,False,False,False
ntx3-002255-1,g-002255,hin_Latn,LOW,VALUE_SHIFT,vendor_shift,True,True,True
ntx3-002255-1,g-002255,hin_Latn,LOW,VALUE_SHIFT,year_shift,True,True,True
ntx3-002255-1,g-002255,hin_Latn,LOW,VALUE_SHIFT,month_shift,True,True,True
ntx3-002255-1,g-002255,hin_Latn,LOW,VALUE_SHIFT,scope_broaden,True,False,True
ntx3-002255-1,g-002255,hin_Latn,LOW,VALUE_SHIFT,scope_broaden+vendor_shift,True,True,True
ntx3-002255-1,g-002255,hin_Latn,LOW,VALUE_SHIFT,amount_shift,True,True,True
ntx3-002255-1,g-002255,hin_Latn,LOW,VALUE_SHIFT,currency_shift,True,True,True
ntx3-002255-2,g-002255,tel_Latn,LOW,VALUE_SHIFT,clean,False,False,False
ntx3-002255-2,g-002255,tel_Latn,LOW,VALUE_SHIFT,vendor_shift,True,True,True
ntx3-002255-2,g-002255,tel_Latn,LOW,VALUE_SHIFT,year_shift,True,True,True
ntx3-002255-2,g-002255,tel_Latn,LOW,VALUE_SHIFT,month_shift,True,True,True
ntx3-002255-2,g-002255,tel_Latn,LOW,VALUE_SHIFT,scope_broaden,True,False,True
ntx3-002255-2,g-002255,tel_Latn,LOW,VALUE_SHIFT,scope_broaden+vendor_shift,True,True,True
ntx3-002255-2,g-002255,tel_Latn,LOW,VALUE_SHIFT,amount_shift,True,True,True
ntx3-002255-2,g-002255,tel_Latn,LOW,VALUE_SHIFT,currency_shift,True,True,True
ntx3-002255-3,g-002255,tel_Telu,LOW,VALUE_SHIFT,clean,False,False,False
ntx3-002255-3,g-002255,tel_Telu,LOW,VALUE_SHIFT,vendor_shift,True,True,True
ntx3-002255-3,g-002255,tel_Telu,LOW,VALUE_SHIFT,year_shift,True,True,True
ntx3-002255-3,g-002255,tel_Telu,LOW,VALUE_SHIFT,month_shift,True,True,True
ntx3-002255-3,g-002255,tel_Telu,LOW,VALUE_SHIFT,scope_broaden,True,False,True
ntx3-002255-3,g-002255,tel_Telu,LOW,VALUE_SHIFT,scope_broaden+vendor_shift,True,True,True
ntx3-002255-3,g-002255,tel_Telu,LOW,VALUE_SHIFT,amount_shift,True,True,True
ntx3-002255-3,g-002255,tel_Telu,LOW,VALUE_SHIFT,currency_shift,True,True,True
ntx3-001191-0,g-001191,eng_Latn,CRITICAL,VALUE_SHIFT,clean,False,False,False
ntx3-001191-0,g-001191,eng_Latn,CRITICAL,VALUE_SHIFT,vendor_shift,True,True,True
ntx3-001191-0,g-001191,eng_Latn,CRITICAL,VALUE_SHIFT,year_shift,True,True,True
ntx3-001191-0,g-001191,eng_Latn,CRITICAL,VALUE_SHIFT,month_shift,True,True,True
ntx3-001191-0,g-001191,eng_Latn,CRITICAL,VALUE_SHIFT,scope_broaden,True,False,True
ntx3-001191-0,g-001191,eng_Latn,CRITICAL,VALUE_SHIFT,scope_broaden+vendor_shift,True,True,True
ntx3-001191-0,g-001191,eng_Latn,CRITICAL,VALUE_SHIFT,amount_shift,True,True,True
ntx3-001191-0,g-001191,eng_Latn,CRITICAL,VALUE_SHIFT,currency_shift,True,True,True
ntx3-001191-1,g-001191,hin_Latn,CRITICAL,VALUE_SHIFT,clean,False,False,False
ntx3-001191-1,g-001191,hin_Latn,CRITICAL,VALUE_SHIFT,vendor_shift,True,True,True
ntx3-001191-1,g-001191,hin_Latn,CRITICAL,VALUE_SHIFT,year_shift,True,True,True
ntx3-001191-1,g-001191,hin_Latn,CRITICAL,VALUE_SHIFT,month_shift,True,True,True
ntx3-001191-1,g-001191,hin_Latn,CRITICAL,VALUE_SHIFT,scope_broaden,True,False,True
ntx3-001191-1,g-001191,hin_Latn,CRITICAL,VALUE_SHIFT,scope_broaden+vendor_shift,True,True,True
ntx3-001191-1,g-001191,hin_Latn,CRITICAL,VALUE_SHIFT,amount_shift,True,True,True
ntx3-001191-1,g-001191,hin_Latn,CRITICAL,VALUE_SHIFT,currency_shift,True,True,True
ntx3-001191-2,g-001191,tel_Latn,CRITICAL,VALUE_SHIFT,clean,False,False,False
ntx3-001191-2,g-001191,tel_Latn,CRITICAL,VALUE_SHIFT,vendor_shift,True,True,True
ntx3-001191-2,g-001191,tel_Latn,CRITICAL,VALUE_SHIFT,year_shift,True,True,True
ntx3-001191-2,g-001191,tel_Latn,CRITICAL,VALUE_SHIFT,month_shift,True,True,True
ntx3-001191-2,g-001191,tel_Latn,CRITICAL,VALUE_SHIFT,scope_broaden,True,False,True
ntx3-001191-2,g-001191,tel_Latn,CRITICAL,VALUE_SHIFT,scope_broaden+vendor_shift,True,True,True
ntx3-001191-2,g-001191,tel_Latn,CRITICAL,VALUE_SHIFT,amount_shift,True,True,True
ntx3-001191-2,g-001191,tel_Latn,CRITICAL,VALUE_SHIFT,currency_shift,True,True,True
ntx3-001191-3,g-001191,tel_Telu,CRITICAL,VALUE_SHIFT,clean,False,False,False
ntx3-001191-3,g-001191,tel_Telu,CRITICAL,VALUE_SHIFT,vendor_shift,True,True,True
ntx3-001191-3,g-001191,tel_Telu,CRITICAL,VALUE_SHIFT,year_shift,True,True,True
ntx3-001191-3,g-001191,tel_Telu,CRITICAL,VALUE_SHIFT,month_shift,True,True,True
ntx3-001191-3,g-001191,tel_Telu,CRITICAL,VALUE_SHIFT,scope_broaden,True,False,True
ntx3-001191-3,g-001191,tel_Telu,CRITICAL,VALUE_SHIFT,scope_broaden+vendor_shift,True,True,True
ntx3-001191-3,g-001191,tel_Telu,CRITICAL,VALUE_SHIFT,amount_shift,True,True,True
ntx3-001191-3,g-001191,tel_Telu,CRITICAL,VALUE_SHIFT,currency_shift,True,True,True
ntx3-001370-0,g-001370,eng_Latn,MEDIUM,VALUE_SHIFT,clean,False,False,False
ntx3-001370-0,g-001370,eng_Latn,MEDIUM,VALUE_SHIFT,vendor_shift,True,True,True
ntx3-001370-0,g-001370,eng_Latn,MEDIUM,VALUE_SHIFT,year_shift,True,True,True
ntx3-001370-0,g-001370,eng_Latn,MEDIUM,VALUE_SHIFT,month_shift,True,True,True
ntx3-001370-0,g-001370,eng_Latn,MEDIUM,VALUE_SHIFT,scope_broaden,True,False,True
ntx3-001370-0,g-001370,eng_Latn,MEDIUM,VALUE_SHIFT,scope_broaden+vendor_shift,True,True,True
ntx3-001370-0,g-001370,eng_Latn,MEDIUM,VALUE_SHIFT,amount_shift,True,True,True
ntx3-001370-0,g-001370,eng_Latn,MEDIUM,VALUE_SHIFT,currency_shift,True,True,True
ntx3-001370-1,g-001370,hin_Latn,MEDIUM,VALUE_SHIFT,clean,False,False,False
ntx3-001370-1,g-001370,hin_Latn,MEDIUM,VALUE_SHIFT,vendor_shift,True,True,True
ntx3-001370-1,g-001370,hin_Latn,MEDIUM,VALUE_SHIFT,year_shift,True,True,True
ntx3-001370-1,g-001370,hin_Latn,MEDIUM,VALUE_SHIFT,month_shift,True,True,True
ntx3-001370-1,g-001370,hin_Latn,MEDIUM,VALUE_SHIFT,scope_broaden,True,False,True
ntx3-001370-1,g-001370,hin_Latn,MEDIUM,VALUE_SHIFT,scope_broaden+vendor_shift,True,True,True
ntx3-001370-1,g-001370,hin_Latn,MEDIUM,VALUE_SHIFT,amount_shift,True,True,True
ntx3-001370-1,g-001370,hin_Latn,MEDIUM,VALUE_SHIFT,currency_shift,True,True,True
ntx3-001370-2,g-001370,tel_Latn,MEDIUM,VALUE_SHIFT,clean,False,False,False
ntx3-001370-2,g-001370,tel_Latn,MEDIUM,VALUE_SHIFT,vendor_shift,True,True,True
ntx3-001370-2,g-001370,tel_Latn,MEDIUM,VALUE_SHIFT,year_shift,True,True,True
ntx3-001370-2,g-001370,tel_Latn,MEDIUM,VALUE_SHIFT,month_shift,True,True,True
ntx3-001370-2,g-001370,tel_Latn,MEDIUM,VALUE_SHIFT,scope_broaden,True,False,True
ntx3-001370-2,g-001370,tel_Latn,MEDIUM,VALUE_SHIFT,scope_broaden+vendor_shift,True,True,True
ntx3-001370-2,g-001370,tel_Latn,MEDIUM,VALUE_SHIFT,amount_shift,True,True,True
ntx3-001370-2,g-001370,tel_Latn,MEDIUM,VALUE_SHIFT,currency_shift,True,True,True
ntx3-001370-3,g-001370,tel_Telu,MEDIUM,VALUE_SHIFT,clean,False,False,False
ntx3-001370-3,g-001370,tel_Telu,MEDIUM,VALUE_SHIFT,vendor_shift,True,True,True
ntx3-001370-3,g-001370,tel_Telu,MEDIUM,VALUE_SHIFT,year_shift,True,True,True
ntx3-001370-3,g-001370,tel_Telu,MEDIUM,VALUE_SHIFT,month_shift,True,True,True
ntx3-001370-3,g-001370,tel_Telu,MEDIUM,VALUE_SHIFT,scope_broaden,True,False,True
ntx3-001370-3,g-001370,tel_Telu,MEDIUM,VALUE_SHIFT,scope_broaden+vendor_shift,True,True,True
ntx3-001370-3,g-001370,tel_Telu,MEDIUM,VALUE_SHIFT,amount_shift,True,True,True
ntx3-001370-3,g-001370,tel_Telu,MEDIUM,VALUE_SHIFT,currency_shift,True,True,True
ntx3-001763-0,g-001763,eng_Latn,HIGH,VALUE_SHIFT,clean,False,False,False
ntx3-001763-0,g-001763,eng_Latn,HIGH,VALUE_SHIFT,vendor_shift,True,True,True
ntx3-001763-0,g-001763,eng_Latn,HIGH,VALUE_SHIFT,year_shift,True,True,True
ntx3-001763-0,g-001763,eng_Latn,HIGH,VALUE_SHIFT,month_shift,True,True,True
ntx3-001763-0,g-001763,eng_Latn,HIGH,VALUE_SHIFT,scope_broaden,True,False,True
ntx3-001763-0,g-001763,eng_Latn,HIGH,VALUE_SHIFT,scope_broaden+vendor_shift,True,True,True
ntx3-001763-0,g-001763,eng_Latn,HIGH,VALUE_SHIFT,amount_shift,True,True,True
ntx3-001763-0,g-001763,eng_Latn,HIGH,VALUE_SHIFT,currency_shift,True,True,True
ntx3-001763-1,g-001763,hin_Latn,HIGH,VALUE_SHIFT,clean,False,False,False
ntx3-001763-1,g-001763,hin_Latn,HIGH,VALUE_SHIFT,vendor_shift,True,True,True
ntx3-001763-1,g-001763,hin_Latn,HIGH,VALUE_SHIFT,year_shift,True,True,True
ntx3-001763-1,g-001763,hin_Latn,HIGH,VALUE_SHIFT,month_shift,True,True,True
ntx3-001763-1,g-001763,hin_Latn,HIGH,VALUE_SHIFT,scope_broaden,True,False,True
ntx3-001763-1,g-001763,hin_Latn,HIGH,VALUE_SHIFT,scope_broaden+vendor_shift,True,True,True
ntx3-001763-1,g-001763,hin_Latn,HIGH,VALUE_SHIFT,amount_shift,True,True,True
ntx3-001763-1,g-001763,hin_Latn,HIGH,VALUE_SHIFT,currency_shift,True,True,True
ntx3-001763-2,g-001763,tel_Latn,HIGH,VALUE_SHIFT,clean,False,False,False
ntx3-001763-2,g-001763,tel_Latn,HIGH,VALUE_SHIFT,vendor_shift,True,True,True
ntx3-001763-2,g-001763,tel_Latn,HIGH,VALUE_SHIFT,year_shift,True,True,True
ntx3-001763-2,g-001763,tel_Latn,HIGH,VALUE_SHIFT,month_shift,True,True,True
ntx3-001763-2,g-001763,tel_Latn,HIGH,VALUE_SHIFT,scope_broaden,True,False,True
ntx3-001763-2,g-001763,tel_Latn,HIGH,VALUE_SHIFT,scope_broaden+vendor_shift,True,True,True
ntx3-001763-2,g-001763,tel_Latn,HIGH,VALUE_SHIFT,amount_shift,True,True,True
ntx3-001763-2,g-001763,tel_Latn,HIGH,VALUE_SHIFT,currency_shift,True,True,True
ntx3-001763-3,g-001763,tel_Telu,HIGH,VALUE_SHIFT,clean,False,False,False
ntx3-001763-3,g-001763,tel_Telu,HIGH,VALUE_SHIFT,vendor_shift,True,True,True
ntx3-001763-3,g-001763,tel_Telu,HIGH,VALUE_SHIFT,year_shift,True,True,True
ntx3-001763-3,g-001763,tel_Telu,HIGH,VALUE_SHIFT,month_shift,True,True,True
ntx3-001763-3,g-001763,tel_Telu,HIGH,VALUE_SHIFT,scope_broaden,True,False,True
ntx3-001763-3,g-001763,tel_Telu,HIGH,VALUE_SHIFT,scope_broaden+vendor_shift,True,True,True
ntx3-001763-3,g-001763,tel_Telu,HIGH,VALUE_SHIFT,amount_shift,True,True,True
ntx3-001763-3,g-001763,tel_Telu,HIGH,VALUE_SHIFT,currency_shift,True,True,True
ntx3-000765-0,g-000765,eng_Latn,LOW,VALUE_SHIFT,clean,False,False,False
ntx3-000765-0,g-000765,eng_Latn,LOW,VALUE_SHIFT,vendor_shift,True,True,True
ntx3-000765-0,g-000765,eng_Latn,LOW,VALUE_SHIFT,year_shift,True,True,True
ntx3-000765-0,g-000765,eng_Latn,LOW,VALUE_SHIFT,month_shift,True,True,True
ntx3-000765-0,g-000765,eng_Latn,LOW,VALUE_SHIFT,scope_broaden,True,False,True
ntx3-000765-0,g-000765,eng_Latn,LOW,VALUE_SHIFT,scope_broaden+vendor_shift,True,True,True
ntx3-000765-0,g-000765,eng_Latn,LOW,VALUE_SHIFT,amount_shift,True,True,True
ntx3-000765-0,g-000765,eng_Latn,LOW,VALUE_SHIFT,currency_shift,True,True,True
ntx3-000765-1,g-000765,hin_Latn,LOW,VALUE_SHIFT,clean,False,False,False
ntx3-000765-1,g-000765,hin_Latn,LOW,VALUE_SHIFT,vendor_shift,True,True,True
ntx3-000765-1,g-000765,hin_Latn,LOW,VALUE_SHIFT,year_shift,True,True,True
ntx3-000765-1,g-000765,hin_Latn,LOW,VALUE_SHIFT,month_shift,True,True,True
ntx3-000765-1,g-000765,hin_Latn,LOW,VALUE_SHIFT,scope_broaden,True,False,True
ntx3-000765-1,g-000765,hin_Latn,LOW,VALUE_SHIFT,scope_broaden+vendor_shift,True,True,True
ntx3-000765-1,g-000765,hin_Latn,LOW,VALUE_SHIFT,amount_shift,True,True,True
ntx3-000765-1,g-000765,hin_Latn,LOW,VALUE_SHIFT,currency_shift,True,True,True
ntx3-000765-2,g-000765,tel_Latn,LOW,VALUE_SHIFT,clean,False,False,False
ntx3-000765-2,g-000765,tel_Latn,LOW,VALUE_SHIFT,vendor_shift,True,True,True
ntx3-000765-2,g-000765,tel_Latn,LOW,VALUE_SHIFT,year_shift,True,True,True
ntx3-000765-2,g-000765,tel_Latn,LOW,VALUE_SHIFT,month_shift,True,True,True
ntx3-000765-2,g-000765,tel_Latn,LOW,VALUE_SHIFT,scope_broaden,True,False,True
ntx3-000765-2,g-000765,tel_Latn,LOW,VALUE_SHIFT,scope_broaden+vendor_shift,True,True,True
ntx3-000765-2,g-000765,tel_Latn,LOW,VALUE_SHIFT,amount_shift,True,True,True
ntx3-000765-2,g-000765,tel_Latn,LOW,VALUE_SHIFT,currency_shift,True,True,True
ntx3-000765-3,g-000765,tel_Telu,LOW,VALUE_SHIFT,clean,False,False,False
ntx3-000765-3,g-000765,tel_Telu,LOW,VALUE_SHIFT,vendor_shift,True,True,True
ntx3-000765-3,g-000765,tel_Telu,LOW,VALUE_SHIFT,year_shift,True,True,True
ntx3-000765-3,g-000765,tel_Telu,LOW,VALUE_SHIFT,month_shift,True,True,True
ntx3-000765-3,g-000765,tel_Telu,LOW,VALUE_SHIFT,scope_broaden,True,False,True
ntx3-000765-3,g-000765,tel_Telu,LOW,VALUE_SHIFT,scope_broaden+vendor_shift,True,True,True
ntx3-000765-3,g-000765,tel_Telu,LOW,VALUE_SHIFT,amount_shift,True,True,True
ntx3-000765-3,g-000765,tel_Telu,LOW,VALUE_SHIFT,currency_shift,True,True,True
ntx3-001244-0,g-001244,eng_Latn,HIGH,VALUE_SHIFT,clean,False,False,False
ntx3-001244-0,g-001244,eng_Latn,HIGH,VALUE_SHIFT,vendor_shift,True,True,True
ntx3-001244-0,g-001244,eng_Latn,HIGH,VALUE_SHIFT,year_shift,True,True,True
ntx3-001244-0,g-001244,eng_Latn,HIGH,VALUE_SHIFT,month_shift,True,True,True
ntx3-001244-0,g-001244,eng_Latn,HIGH,VALUE_SHIFT,scope_broaden,True,False,True
ntx3-001244-0,g-001244,eng_Latn,HIGH,VALUE_SHIFT,scope_broaden+vendor_shift,True,True,True
ntx3-001244-0,g-001244,eng_Latn,HIGH,VALUE_SHIFT,amount_shift,True,True,True
ntx3-001244-0,g-001244,eng_Latn,HIGH,VALUE_SHIFT,currency_shift,True,True,True
ntx3-001244-1,g-001244,hin_Latn,HIGH,VALUE_SHIFT,clean,False,False,False
ntx3-001244-1,g-001244,hin_Latn,HIGH,VALUE_SHIFT,vendor_shift,True,True,True
ntx3-001244-1,g-001244,hin_Latn,HIGH,VALUE_SHIFT,year_shift,True,True,True
ntx3-001244-1,g-001244,hin_Latn,HIGH,VALUE_SHIFT,month_shift,True,True,True
ntx3-001244-1,g-001244,hin_Latn,HIGH,VALUE_SHIFT,scope_broaden,True,False,True
ntx3-001244-1,g-001244,hin_Latn,HIGH,VALUE_SHIFT,scope_broaden+vendor_shift,True,True,True
ntx3-001244-1,g-001244,hin_Latn,HIGH,VALUE_SHIFT,amount_shift,True,True,True
ntx3-001244-1,g-001244,hin_Latn,HIGH,VALUE_SHIFT,currency_shift,True,True,True
ntx3-001244-2,g-001244,tel_Latn,HIGH,VALUE_SHIFT,clean,False,False,False
ntx3-001244-2,g-001244,tel_Latn,HIGH,VALUE_SHIFT,vendor_shift,True,True,True
ntx3-001244-2,g-001244,tel_Latn,HIGH,VALUE_SHIFT,year_shift,True,True,True
ntx3-001244-2,g-001244,tel_Latn,HIGH,VALUE_SHIFT,month_shift,True,True,True
ntx3-001244-2,g-001244,tel_Latn,HIGH,VALUE_SHIFT,scope_broaden,True,False,True
ntx3-001244-2,g-001244,tel_Latn,HIGH,VALUE_SHIFT,scope_broaden+vendor_shift,True,True,True
ntx3-001244-2,g-001244,tel_Latn,HIGH,VALUE_SHIFT,amount_shift,True,True,True
ntx3-001244-2,g-001244,tel_Latn,HIGH,VALUE_SHIFT,currency_shift,True,True,True
ntx3-001244-3,g-001244,tel_Telu,HIGH,VALUE_SHIFT,clean,False,False,False
ntx3-001244-3,g-001244,tel_Telu,HIGH,VALUE_SHIFT,vendor_shift,True,True,True
ntx3-001244-3,g-001244,tel_Telu,HIGH,VALUE_SHIFT,year_shift,True,True,True
ntx3-001244-3,g-001244,tel_Telu,HIGH,VALUE_SHIFT,month_shift,True,True,True
ntx3-001244-3,g-001244,tel_Telu,HIGH,VALUE_SHIFT,scope_broaden,True,False,True
ntx3-001244-3,g-001244,tel_Telu,HIGH,VALUE_SHIFT,scope_broaden+vendor_shift,True,True,True
ntx3-001244-3,g-001244,tel_Telu,HIGH,VALUE_SHIFT,amount_shift,True,True,True
ntx3-001244-3,g-001244,tel_Telu,HIGH,VALUE_SHIFT,currency_shift,True,True,True
ntx3-000776-0,g-000776,eng_Latn,MEDIUM,VALUE_SHIFT,clean,False,False,False
ntx3-000776-0,g-000776,eng_Latn,MEDIUM,VALUE_SHIFT,vendor_shift,True,True,True
ntx3-000776-0,g-000776,eng_Latn,MEDIUM,VALUE_SHIFT,year_shift,True,True,True
ntx3-000776-0,g-000776,eng_Latn,MEDIUM,VALUE_SHIFT,month_shift,True,True,True
ntx3-000776-0,g-000776,eng_Latn,MEDIUM,VALUE_SHIFT,scope_broaden,True,False,True
ntx3-000776-0,g-000776,eng_Latn,MEDIUM,VALUE_SHIFT,scope_broaden+vendor_shift,True,True,True
ntx3-000776-0,g-000776,eng_Latn,MEDIUM,VALUE_SHIFT,amount_shift,True,True,True
ntx3-000776-0,g-000776,eng_Latn,MEDIUM,VALUE_SHIFT,currency_shift,True,True,True
ntx3-000776-1,g-000776,hin_Latn,MEDIUM,VALUE_SHIFT,clean,False,False,False
ntx3-000776-1,g-000776,hin_Latn,MEDIUM,VALUE_SHIFT,vendor_shift,True,True,True
ntx3-000776-1,g-000776,hin_Latn,MEDIUM,VALUE_SHIFT,year_shift,True,True,True
ntx3-000776-1,g-000776,hin_Latn,MEDIUM,VALUE_SHIFT,month_shift,True,True,True
ntx3-000776-1,g-000776,hin_Latn,MEDIUM,VALUE_SHIFT,scope_broaden,True,False,True
ntx3-000776-1,g-000776,hin_Latn,MEDIUM,VALUE_SHIFT,scope_broaden+vendor_shift,True,True,True
ntx3-000776-1,g-000776,hin_Latn,MEDIUM,VALUE_SHIFT,amount_shift,True,True,True
ntx3-000776-1,g-000776,hin_Latn,MEDIUM,VALUE_SHIFT,currency_shift,True,True,True
ntx3-000776-2,g-000776,tel_Latn,MEDIUM,VALUE_SHIFT,clean,False,False,False
ntx3-000776-2,g-000776,tel_Latn,MEDIUM,VALUE_SHIFT,vendor_shift,True,True,True
ntx3-000776-2,g-000776,tel_Latn,MEDIUM,VALUE_SHIFT,year_shift,True,True,True
ntx3-000776-2,g-000776,tel_Latn,MEDIUM,VALUE_SHIFT,month_shift,True,True,True
ntx3-000776-2,g-000776,tel_Latn,MEDIUM,VALUE_SHIFT,scope_broaden,True,False,True
ntx3-000776-2,g-000776,tel_Latn,MEDIUM,VALUE_SHIFT,scope_broaden+vendor_shift,True,True,True
ntx3-000776-2,g-000776,tel_Latn,MEDIUM,VALUE_SHIFT,amount_shift,True,True,True
ntx3-000776-2,g-000776,tel_Latn,MEDIUM,VALUE_SHIFT,currency_shift,True,True,True
ntx3-000776-3,g-000776,tel_Telu,MEDIUM,VALUE_SHIFT,clean,False,False,False
ntx3-000776-3,g-000776,tel_Telu,MEDIUM,VALUE_SHIFT,vendor_shift,True,True,True
ntx3-000776-3,g-000776,tel_Telu,MEDIUM,VALUE_SHIFT,year_shift,True,True,True
ntx3-000776-3,g-000776,tel_Telu,MEDIUM,VALUE_SHIFT,month_shift,True,True,True
ntx3-000776-3,g-000776,tel_Telu,MEDIUM,VALUE_SHIFT,scope_broaden,True,False,True
ntx3-000776-3,g-000776,tel_Telu,MEDIUM,VALUE_SHIFT,scope_broaden+vendor_shift,True,True,True
ntx3-000776-3,g-000776,tel_Telu,MEDIUM,VALUE_SHIFT,amount_shift,True,True,True
ntx3-000776-3,g-000776,tel_Telu,MEDIUM,VALUE_SHIFT,currency_shift,True,True,True
ntx3-002129-0,g-002129,eng_Latn,CRITICAL,VALUE_SHIFT,clean,False,False,False
ntx3-002129-0,g-002129,eng_Latn,CRITICAL,VALUE_SHIFT,vendor_shift,True,True,True
ntx3-002129-0,g-002129,eng_Latn,CRITICAL,VALUE_SHIFT,year_shift,True,True,True
ntx3-002129-0,g-002129,eng_Latn,CRITICAL,VALUE_SHIFT,month_shift,True,True,True
ntx3-002129-0,g-002129,eng_Latn,CRITICAL,VALUE_SHIFT,scope_broaden,True,False,True
ntx3-002129-0,g-002129,eng_Latn,CRITICAL,VALUE_SHIFT,scope_broaden+vendor_shift,True,True,True
ntx3-002129-0,g-002129,eng_Latn,CRITICAL,VALUE_SHIFT,amount_shift,True,True,True
ntx3-002129-0,g-002129,eng_Latn,CRITICAL,VALUE_SHIFT,currency_shift,True,True,True
ntx3-002129-1,g-002129,hin_Latn,CRITICAL,VALUE_SHIFT,clean,False,False,False
ntx3-002129-1,g-002129,hin_Latn,CRITICAL,VALUE_SHIFT,vendor_shift,True,True,True
ntx3-002129-1,g-002129,hin_Latn,CRITICAL,VALUE_SHIFT,year_shift,True,True,True
ntx3-002129-1,g-002129,hin_Latn,CRITICAL,VALUE_SHIFT,month_shift,True,True,True
ntx3-002129-1,g-002129,hin_Latn,CRITICAL,VALUE_SHIFT,scope_broaden,True,False,True
ntx3-002129-1,g-002129,hin_Latn,CRITICAL,VALUE_SHIFT,scope_broaden+vendor_shift,True,True,True
ntx3-002129-1,g-002129,hin_Latn,CRITICAL,VALUE_SHIFT,amount_shift,True,True,True
ntx3-002129-1,g-002129,hin_Latn,CRITICAL,VALUE_SHIFT,currency_shift,True,True,True
ntx3-002129-2,g-002129,tel_Latn,CRITICAL,VALUE_SHIFT,clean,False,False,False
ntx3-002129-2,g-002129,tel_Latn,CRITICAL,VALUE_SHIFT,vendor_shift,True,True,True
ntx3-002129-2,g-002129,tel_Latn,CRITICAL,VALUE_SHIFT,year_shift,True,True,True
ntx3-002129-2,g-002129,tel_Latn,CRITICAL,VALUE_SHIFT,month_shift,True,True,True
ntx3-002129-2,g-002129,tel_Latn,CRITICAL,VALUE_SHIFT,scope_broaden,True,False,True
ntx3-002129-2,g-002129,tel_Latn,CRITICAL,VALUE_SHIFT,scope_broaden+vendor_shift,True,True,True
ntx3-002129-2,g-002129,tel_Latn,CRITICAL,VALUE_SHIFT,amount_shift,True,True,True
ntx3-002129-2,g-002129,tel_Latn,CRITICAL,VALUE_SHIFT,currency_shift,True,True,True
ntx3-002129-3,g-002129,tel_Telu,CRITICAL,VALUE_SHIFT,clean,False,False,False
ntx3-002129-3,g-002129,tel_Telu,CRITICAL,VALUE_SHIFT,vendor_shift,True,True,True
ntx3-002129-3,g-002129,tel_Telu,CRITICAL,VALUE_SHIFT,year_shift,True,True,True
ntx3-002129-3,g-002129,tel_Telu,CRITICAL,VALUE_SHIFT,month_shift,True,True,True
ntx3-002129-3,g-002129,tel_Telu,CRITICAL,VALUE_SHIFT,scope_broaden,True,False,True
ntx3-002129-3,g-002129,tel_Telu,CRITICAL,VALUE_SHIFT,scope_broaden+vendor_shift,True,True,True
ntx3-002129-3,g-002129,tel_Telu,CRITICAL,VALUE_SHIFT,amount_shift,True,True,True
ntx3-002129-3,g-002129,tel_Telu,CRITICAL,VALUE_SHIFT,currency_shift,True,True,True
ntx3-001930-0,g-001930,eng_Latn,LOW,VALUE_SHIFT,clean,False,False,False
ntx3-001930-0,g-001930,eng_Latn,LOW,VALUE_SHIFT,vendor_shift,True,True,True
ntx3-001930-0,g-001930,eng_Latn,LOW,VALUE_SHIFT,year_shift,True,True,True
ntx3-001930-0,g-001930,eng_Latn,LOW,VALUE_SHIFT,month_shift,True,True,True
ntx3-001930-0,g-001930,eng_Latn,LOW,VALUE_SHIFT,scope_broaden,True,False,True
ntx3-001930-0,g-001930,eng_Latn,LOW,VALUE_SHIFT,scope_broaden+vendor_shift,True,True,True
ntx3-001930-0,g-001930,eng_Latn,LOW,VALUE_SHIFT,amount_shift,True,True,True
ntx3-001930-0,g-001930,eng_Latn,LOW,VALUE_SHIFT,currency_shift,True,True,True
ntx3-001930-1,g-001930,hin_Latn,LOW,VALUE_SHIFT,clean,False,False,False
ntx3-001930-1,g-001930,hin_Latn,LOW,VALUE_SHIFT,vendor_shift,True,True,True
ntx3-001930-1,g-001930,hin_Latn,LOW,VALUE_SHIFT,year_shift,True,True,True
ntx3-001930-1,g-001930,hin_Latn,LOW,VALUE_SHIFT,month_shift,True,True,True
ntx3-001930-1,g-001930,hin_Latn,LOW,VALUE_SHIFT,scope_broaden,True,False,True
ntx3-001930-1,g-001930,hin_Latn,LOW,VALUE_SHIFT,scope_broaden+vendor_shift,True,True,True
ntx3-001930-1,g-001930,hin_Latn,LOW,VALUE_SHIFT,amount_shift,True,True,True
ntx3-001930-1,g-001930,hin_Latn,LOW,VALUE_SHIFT,currency_shift,True,True,True
ntx3-001930-2,g-001930,tel_Latn,LOW,VALUE_SHIFT,clean,False,False,False
ntx3-001930-2,g-001930,tel_Latn,LOW,VALUE_SHIFT,vendor_shift,True,True,True
ntx3-001930-2,g-001930,tel_Latn,LOW,VALUE_SHIFT,year_shift,True,True,True
ntx3-001930-2,g-001930,tel_Latn,LOW,VALUE_SHIFT,month_shift,True,True,True
ntx3-001930-2,g-001930,tel_Latn,LOW,VALUE_SHIFT,scope_broaden,True,False,True
ntx3-001930-2,g-001930,tel_Latn,LOW,VALUE_SHIFT,scope_broaden+vendor_shift,True,True,True
ntx3-001930-2,g-001930,tel_Latn,LOW,VALUE_SHIFT,amount_shift,True,True,True
ntx3-001930-2,g-001930,tel_Latn,LOW,VALUE_SHIFT,currency_shift,True,True,True
ntx3-001930-3,g-001930,tel_Telu,LOW,VALUE_SHIFT,clean,False,False,False
ntx3-001930-3,g-001930,tel_Telu,LOW,VALUE_SHIFT,vendor_shift,True,True,True
ntx3-001930-3,g-001930,tel_Telu,LOW,VALUE_SHIFT,year_shift,True,True,True
ntx3-001930-3,g-001930,tel_Telu,LOW,VALUE_SHIFT,month_shift,True,True,True
ntx3-001930-3,g-001930,tel_Telu,LOW,VALUE_SHIFT,scope_broaden,True,False,True
ntx3-001930-3,g-001930,tel_Telu,LOW,VALUE_SHIFT,scope_broaden+vendor_shift,True,True,True
ntx3-001930-3,g-001930,tel_Telu,LOW,VALUE_SHIFT,amount_shift,True,True,True
ntx3-001930-3,g-001930,tel_Telu,LOW,VALUE_SHIFT,currency_shift,True,True,True
ntx3-000607-0,g-000607,eng_Latn,MEDIUM,VALUE_SHIFT,clean,False,False,False
ntx3-000607-0,g-000607,eng_Latn,MEDIUM,VALUE_SHIFT,vendor_shift,True,True,True
ntx3-000607-0,g-000607,eng_Latn,MEDIUM,VALUE_SHIFT,year_shift,True,True,True
ntx3-000607-0,g-000607,eng_Latn,MEDIUM,VALUE_SHIFT,month_shift,True,True,True
ntx3-000607-0,g-000607,eng_Latn,MEDIUM,VALUE_SHIFT,scope_broaden,True,False,True
ntx3-000607-0,g-000607,eng_Latn,MEDIUM,VALUE_SHIFT,scope_broaden+vendor_shift,True,True,True
ntx3-000607-0,g-000607,eng_Latn,MEDIUM,VALUE_SHIFT,amount_shift,True,True,True
ntx3-000607-0,g-000607,eng_Latn,MEDIUM,VALUE_SHIFT,currency_shift,True,True,True
ntx3-000607-1,g-000607,hin_Latn,MEDIUM,VALUE_SHIFT,clean,False,False,False
ntx3-000607-1,g-000607,hin_Latn,MEDIUM,VALUE_SHIFT,vendor_shift,True,True,True
ntx3-000607-1,g-000607,hin_Latn,MEDIUM,VALUE_SHIFT,year_shift,True,True,True
ntx3-000607-1,g-000607,hin_Latn,MEDIUM,VALUE_SHIFT,month_shift,True,True,True
ntx3-000607-1,g-000607,hin_Latn,MEDIUM,VALUE_SHIFT,scope_broaden,True,False,True
ntx3-000607-1,g-000607,hin_Latn,MEDIUM,VALUE_SHIFT,scope_broaden+vendor_shift,True,True,True
ntx3-000607-1,g-000607,hin_Latn,MEDIUM,VALUE_SHIFT,amount_shift,True,True,True
ntx3-000607-1,g-000607,hin_Latn,MEDIUM,VALUE_SHIFT,currency_shift,True,True,True
ntx3-000607-2,g-000607,tel_Latn,MEDIUM,VALUE_SHIFT,clean,False,False,False
ntx3-000607-2,g-000607,tel_Latn,MEDIUM,VALUE_SHIFT,vendor_shift,True,True,True
ntx3-000607-2,g-000607,tel_Latn,MEDIUM,VALUE_SHIFT,year_shift,True,True,True
ntx3-000607-2,g-000607,tel_Latn,MEDIUM,VALUE_SHIFT,month_shift,True,True,True
ntx3-000607-2,g-000607,tel_Latn,MEDIUM,VALUE_SHIFT,scope_broaden,True,False,True
ntx3-000607-2,g-000607,tel_Latn,MEDIUM,VALUE_SHIFT,scope_broaden+vendor_shift,True,True,True
ntx3-000607-2,g-000607,tel_Latn,MEDIUM,VALUE_SHIFT,amount_shift,True,True,True
ntx3-000607-2,g-000607,tel_Latn,MEDIUM,VALUE_SHIFT,currency_shift,True,True,True
ntx3-000607-3,g-000607,tel_Telu,MEDIUM,VALUE_SHIFT,clean,False,False,False
ntx3-000607-3,g-000607,tel_Telu,MEDIUM,VALUE_SHIFT,vendor_shift,True,True,True
ntx3-000607-3,g-000607,tel_Telu,MEDIUM,VALUE_SHIFT,year_shift,True,True,True
ntx3-000607-3,g-000607,tel_Telu,MEDIUM,VALUE_SHIFT,month_shift,True,True,True
ntx3-000607-3,g-000607,tel_Telu,MEDIUM,VALUE_SHIFT,scope_broaden,True,False,True
ntx3-000607-3,g-000607,tel_Telu,MEDIUM,VALUE_SHIFT,scope_broaden+vendor_shift,True,True,True
ntx3-000607-3,g-000607,tel_Telu,MEDIUM,VALUE_SHIFT,amount_shift,True,True,True
ntx3-000607-3,g-000607,tel_Telu,MEDIUM,VALUE_SHIFT,currency_shift,True,True,True
ntx3-002229-0,g-002229,eng_Latn,MEDIUM,VALUE_SHIFT,clean,False,False,False
ntx3-002229-0,g-002229,eng_Latn,MEDIUM,VALUE_SHIFT,vendor_shift,True,True,True
ntx3-002229-0,g-002229,eng_Latn,MEDIUM,VALUE_SHIFT,year_shift,True,True,True
ntx3-002229-0,g-002229,eng_Latn,MEDIUM,VALUE_SHIFT,month_shift,True,True,True
ntx3-002229-0,g-002229,eng_Latn,MEDIUM,VALUE_SHIFT,scope_broaden,True,False,True
ntx3-002229-0,g-002229,eng_Latn,MEDIUM,VALUE_SHIFT,scope_broaden+vendor_shift,True,True,True
ntx3-002229-0,g-002229,eng_Latn,MEDIUM,VALUE_SHIFT,amount_shift,True,True,True
ntx3-002229-0,g-002229,eng_Latn,MEDIUM,VALUE_SHIFT,currency_shift,True,True,True
ntx3-002229-1,g-002229,hin_Latn,MEDIUM,VALUE_SHIFT,clean,False,False,False
ntx3-002229-1,g-002229,hin_Latn,MEDIUM,VALUE_SHIFT,vendor_shift,True,True,True
ntx3-002229-1,g-002229,hin_Latn,MEDIUM,VALUE_SHIFT,year_shift,True,True,True
ntx3-002229-1,g-002229,hin_Latn,MEDIUM,VALUE_SHIFT,month_shift,True,True,True
ntx3-002229-1,g-002229,hin_Latn,MEDIUM,VALUE_SHIFT,scope_broaden,True,False,True
ntx3-002229-1,g-002229,hin_Latn,MEDIUM,VALUE_SHIFT,scope_broaden+vendor_shift,True,True,True
ntx3-002229-1,g-002229,hin_Latn,MEDIUM,VALUE_SHIFT,amount_shift,True,True,True
ntx3-002229-1,g-002229,hin_Latn,MEDIUM,VALUE_SHIFT,currency_shift,True,True,True
ntx3-002229-2,g-002229,tel_Latn,MEDIUM,VALUE_SHIFT,clean,False,False,False
ntx3-002229-2,g-002229,tel_Latn,MEDIUM,VALUE_SHIFT,vendor_shift,True,True,True
ntx3-002229-2,g-002229,tel_Latn,MEDIUM,VALUE_SHIFT,year_shift,True,True,True
ntx3-002229-2,g-002229,tel_Latn,MEDIUM,VALUE_SHIFT,month_shift,True,True,True
ntx3-002229-2,g-002229,tel_Latn,MEDIUM,VALUE_SHIFT,scope_broaden,True,False,True
ntx3-002229-2,g-002229,tel_Latn,MEDIUM,VALUE_SHIFT,scope_broaden+vendor_shift,True,True,True
ntx3-002229-2,g-002229,tel_Latn,MEDIUM,VALUE_SHIFT,amount_shift,True,True,True
ntx3-002229-2,g-002229,tel_Latn,MEDIUM,VALUE_SHIFT,currency_shift,True,True,True
ntx3-002229-3,g-002229,tel_Telu,MEDIUM,VALUE_SHIFT,clean,False,False,False
ntx3-002229-3,g-002229,tel_Telu,MEDIUM,VALUE_SHIFT,vendor_shift,True,True,True
ntx3-002229-3,g-002229,tel_Telu,MEDIUM,VALUE_SHIFT,year_shift,True,True,True
ntx3-002229-3,g-002229,tel_Telu,MEDIUM,VALUE_SHIFT,month_shift,True,True,True
ntx3-002229-3,g-002229,tel_Telu,MEDIUM,VALUE_SHIFT,scope_broaden,True,False,True
ntx3-002229-3,g-002229,tel_Telu,MEDIUM,VALUE_SHIFT,scope_broaden+vendor_shift,True,True,True
ntx3-002229-3,g-002229,tel_Telu,MEDIUM,VALUE_SHIFT,amount_shift,True,True,True
ntx3-002229-3,g-002229,tel_Telu,MEDIUM,VALUE_SHIFT,currency_shift,True,True,True
ntx3-001475-0,g-001475,eng_Latn,HIGH,VALUE_SHIFT,clean,False,False,False
ntx3-001475-0,g-001475,eng_Latn,HIGH,VALUE_SHIFT,vendor_shift,True,True,True
ntx3-001475-0,g-001475,eng_Latn,HIGH,VALUE_SHIFT,year_shift,True,True,True
ntx3-001475-0,g-001475,eng_Latn,HIGH,VALUE_SHIFT,month_shift,True,True,True
ntx3-001475-0,g-001475,eng_Latn,HIGH,VALUE_SHIFT,scope_broaden,True,False,True
ntx3-001475-0,g-001475,eng_Latn,HIGH,VALUE_SHIFT,scope_broaden+vendor_shift,True,True,True
ntx3-001475-0,g-001475,eng_Latn,HIGH,VALUE_SHIFT,amount_shift,True,True,True
ntx3-001475-0,g-001475,eng_Latn,HIGH,VALUE_SHIFT,currency_shift,True,True,True
ntx3-001475-1,g-001475,hin_Latn,HIGH,VALUE_SHIFT,clean,False,False,False
ntx3-001475-1,g-001475,hin_Latn,HIGH,VALUE_SHIFT,vendor_shift,True,True,True
ntx3-001475-1,g-001475,hin_Latn,HIGH,VALUE_SHIFT,year_shift,True,True,True
ntx3-001475-1,g-001475,hin_Latn,HIGH,VALUE_SHIFT,month_shift,True,True,True
ntx3-001475-1,g-001475,hin_Latn,HIGH,VALUE_SHIFT,scope_broaden,True,False,True
ntx3-001475-1,g-001475,hin_Latn,HIGH,VALUE_SHIFT,scope_broaden+vendor_shift,True,True,True
ntx3-001475-1,g-001475,hin_Latn,HIGH,VALUE_SHIFT,amount_shift,True,True,True
ntx3-001475-1,g-001475,hin_Latn,HIGH,VALUE_SHIFT,currency_shift,True,True,True
ntx3-001475-2,g-001475,tel_Latn,HIGH,VALUE_SHIFT,clean,False,False,False
ntx3-001475-2,g-001475,tel_Latn,HIGH,VALUE_SHIFT,vendor_shift,True,True,True
ntx3-001475-2,g-001475,tel_Latn,HIGH,VALUE_SHIFT,year_shift,True,True,True
ntx3-001475-2,g-001475,tel_Latn,HIGH,VALUE_SHIFT,month_shift,True,True,True
ntx3-001475-2,g-001475,tel_Latn,HIGH,VALUE_SHIFT,scope_broaden,True,False,True
ntx3-001475-2,g-001475,tel_Latn,HIGH,VALUE_SHIFT,scope_broaden+vendor_shift,True,True,True
ntx3-001475-2,g-001475,tel_Latn,HIGH,VALUE_SHIFT,amount_shift,True,True,True
ntx3-001475-2,g-001475,tel_Latn,HIGH,VALUE_SHIFT,currency_shift,True,True,True
ntx3-001475-3,g-001475,tel_Telu,HIGH,VALUE_SHIFT,clean,False,False,False
ntx3-001475-3,g-001475,tel_Telu,HIGH,VALUE_SHIFT,vendor_shift,True,True,True
ntx3-001475-3,g-001475,tel_Telu,HIGH,VALUE_SHIFT,year_shift,True,True,True
ntx3-001475-3,g-001475,tel_Telu,HIGH,VALUE_SHIFT,month_shift,True,True,True
ntx3-001475-3,g-001475,tel_Telu,HIGH,VALUE_SHIFT,scope_broaden,True,False,True
ntx3-001475-3,g-001475,tel_Telu,HIGH,VALUE_SHIFT,scope_broaden+vendor_shift,True,True,True
ntx3-001475-3,g-001475,tel_Telu,HIGH,VALUE_SHIFT,amount_shift,True,True,True
ntx3-001475-3,g-001475,tel_Telu,HIGH,VALUE_SHIFT,currency_shift,True,True,True
ntx3-001051-0,g-001051,eng_Latn,LOW,VALUE_SHIFT,clean,False,False,False
ntx3-001051-0,g-001051,eng_Latn,LOW,VALUE_SHIFT,vendor_shift,True,True,True
ntx3-001051-0,g-001051,eng_Latn,LOW,VALUE_SHIFT,year_shift,True,True,True
ntx3-001051-0,g-001051,eng_Latn,LOW,VALUE_SHIFT,month_shift,True,True,True
ntx3-001051-0,g-001051,eng_Latn,LOW,VALUE_SHIFT,scope_broaden,True,False,True
ntx3-001051-0,g-001051,eng_Latn,LOW,VALUE_SHIFT,scope_broaden+vendor_shift,True,True,True
ntx3-001051-0,g-001051,eng_Latn,LOW,VALUE_SHIFT,amount_shift,True,True,True
ntx3-001051-0,g-001051,eng_Latn,LOW,VALUE_SHIFT,currency_shift,True,True,True
ntx3-001051-1,g-001051,hin_Latn,LOW,VALUE_SHIFT,clean,False,False,False
ntx3-001051-1,g-001051,hin_Latn,LOW,VALUE_SHIFT,vendor_shift,True,True,True
ntx3-001051-1,g-001051,hin_Latn,LOW,VALUE_SHIFT,year_shift,True,True,True
ntx3-001051-1,g-001051,hin_Latn,LOW,VALUE_SHIFT,month_shift,True,True,True
ntx3-001051-1,g-001051,hin_Latn,LOW,VALUE_SHIFT,scope_broaden,True,False,True
ntx3-001051-1,g-001051,hin_Latn,LOW,VALUE_SHIFT,scope_broaden+vendor_shift,True,True,True
ntx3-001051-1,g-001051,hin_Latn,LOW,VALUE_SHIFT,amount_shift,True,True,True
ntx3-001051-1,g-001051,hin_Latn,LOW,VALUE_SHIFT,currency_shift,True,True,True
ntx3-001051-2,g-001051,tel_Latn,LOW,VALUE_SHIFT,clean,False,False,False
ntx3-001051-2,g-001051,tel_Latn,LOW,VALUE_SHIFT,vendor_shift,True,True,True
ntx3-001051-2,g-001051,tel_Latn,LOW,VALUE_SHIFT,year_shift,True,True,True
ntx3-001051-2,g-001051,tel_Latn,LOW,VALUE_SHIFT,month_shift,True,True,True
ntx3-001051-2,g-001051,tel_Latn,LOW,VALUE_SHIFT,scope_broaden,True,False,True
ntx3-001051-2,g-001051,tel_Latn,LOW,VALUE_SHIFT,scope_broaden+vendor_shift,True,True,True
ntx3-001051-2,g-001051,tel_Latn,LOW,VALUE_SHIFT,amount_shift,True,True,True
ntx3-001051-2,g-001051,tel_Latn,LOW,VALUE_SHIFT,currency_shift,True,True,True
ntx3-001051-3,g-001051,tel_Telu,LOW,VALUE_SHIFT,clean,False,False,False
ntx3-001051-3,g-001051,tel_Telu,LOW,VALUE_SHIFT,vendor_shift,True,True,True
ntx3-001051-3,g-001051,tel_Telu,LOW,VALUE_SHIFT,year_shift,True,True,True
ntx3-001051-3,g-001051,tel_Telu,LOW,VALUE_SHIFT,month_shift,True,True,True
ntx3-001051-3,g-001051,tel_Telu,LOW,VALUE_SHIFT,scope_broaden,True,False,True
ntx3-001051-3,g-001051,tel_Telu,LOW,VALUE_SHIFT,scope_broaden+vendor_shift,True,True,True
ntx3-001051-3,g-001051,tel_Telu,LOW,VALUE_SHIFT,amount_shift,True,True,True
ntx3-001051-3,g-001051,tel_Telu,LOW,VALUE_SHIFT,currency_shift,True,True,True
ntx3-001284-0,g-001284,eng_Latn,HIGH,VALUE_SHIFT,clean,False,False,False
ntx3-001284-0,g-001284,eng_Latn,HIGH,VALUE_SHIFT,vendor_shift,True,True,True
ntx3-001284-0,g-001284,eng_Latn,HIGH,VALUE_SHIFT,year_shift,True,True,True
ntx3-001284-0,g-001284,eng_Latn,HIGH,VALUE_SHIFT,month_shift,True,True,True
ntx3-001284-0,g-001284,eng_Latn,HIGH,VALUE_SHIFT,scope_broaden,True,False,True
ntx3-001284-0,g-001284,eng_Latn,HIGH,VALUE_SHIFT,scope_broaden+vendor_shift,True,True,True
ntx3-001284-0,g-001284,eng_Latn,HIGH,VALUE_SHIFT,amount_shift,True,True,True
ntx3-001284-0,g-001284,eng_Latn,HIGH,VALUE_SHIFT,currency_shift,True,True,True
ntx3-001284-1,g-001284,hin_Latn,HIGH,VALUE_SHIFT,clean,False,False,False
ntx3-001284-1,g-001284,hin_Latn,HIGH,VALUE_SHIFT,vendor_shift,True,True,True
ntx3-001284-1,g-001284,hin_Latn,HIGH,VALUE_SHIFT,year_shift,True,True,True
ntx3-001284-1,g-001284,hin_Latn,HIGH,VALUE_SHIFT,month_shift,True,True,True
ntx3-001284-1,g-001284,hin_Latn,HIGH,VALUE_SHIFT,scope_broaden,True,False,True
ntx3-001284-1,g-001284,hin_Latn,HIGH,VALUE_SHIFT,scope_broaden+vendor_shift,True,True,True
ntx3-001284-1,g-001284,hin_Latn,HIGH,VALUE_SHIFT,amount_shift,True,True,True
ntx3-001284-1,g-001284,hin_Latn,HIGH,VALUE_SHIFT,currency_shift,True,True,True
ntx3-001284-2,g-001284,tel_Latn,HIGH,VALUE_SHIFT,clean,False,False,False
ntx3-001284-2,g-001284,tel_Latn,HIGH,VALUE_SHIFT,vendor_shift,True,True,True
ntx3-001284-2,g-001284,tel_Latn,HIGH,VALUE_SHIFT,year_shift,True,True,True
ntx3-001284-2,g-001284,tel_Latn,HIGH,VALUE_SHIFT,month_shift,True,True,True
ntx3-001284-2,g-001284,tel_Latn,HIGH,VALUE_SHIFT,scope_broaden,True,False,True
ntx3-001284-2,g-001284,tel_Latn,HIGH,VALUE_SHIFT,scope_broaden+vendor_shift,True,True,True
ntx3-001284-2,g-001284,tel_Latn,HIGH,VALUE_SHIFT,amount_shift,True,True,True
ntx3-001284-2,g-001284,tel_Latn,HIGH,VALUE_SHIFT,currency_shift,True,True,True
ntx3-001284-3,g-001284,tel_Telu,HIGH,VALUE_SHIFT,clean,False,False,False
ntx3-001284-3,g-001284,tel_Telu,HIGH,VALUE_SHIFT,vendor_shift,True,True,True
ntx3-001284-3,g-001284,tel_Telu,HIGH,VALUE_SHIFT,year_shift,True,True,True
ntx3-001284-3,g-001284,tel_Telu,HIGH,VALUE_SHIFT,month_shift,True,True,True
ntx3-001284-3,g-001284,tel_Telu,HIGH,VALUE_SHIFT,scope_broaden,True,False,True
ntx3-001284-3,g-001284,tel_Telu,HIGH,VALUE_SHIFT,scope_broaden+vendor_shift,True,True,True
ntx3-001284-3,g-001284,tel_Telu,HIGH,VALUE_SHIFT,amount_shift,True,True,True
ntx3-001284-3,g-001284,tel_Telu,HIGH,VALUE_SHIFT,currency_shift,True,True,True
ntx3-001852-0,g-001852,eng_Latn,HIGH,VALUE_SHIFT,clean,False,False,False
ntx3-001852-0,g-001852,eng_Latn,HIGH,VALUE_SHIFT,vendor_shift,True,True,True
ntx3-001852-0,g-001852,eng_Latn,HIGH,VALUE_SHIFT,year_shift,True,True,True
ntx3-001852-0,g-001852,eng_Latn,HIGH,VALUE_SHIFT,month_shift,True,True,True
ntx3-001852-0,g-001852,eng_Latn,HIGH,VALUE_SHIFT,scope_broaden,True,False,True
ntx3-001852-0,g-001852,eng_Latn,HIGH,VALUE_SHIFT,scope_broaden+vendor_shift,True,True,True
ntx3-001852-0,g-001852,eng_Latn,HIGH,VALUE_SHIFT,amount_shift,True,True,True
ntx3-001852-0,g-001852,eng_Latn,HIGH,VALUE_SHIFT,currency_shift,True,True,True
ntx3-001852-1,g-001852,hin_Latn,HIGH,VALUE_SHIFT,clean,False,False,False
ntx3-001852-1,g-001852,hin_Latn,HIGH,VALUE_SHIFT,vendor_shift,True,True,True
ntx3-001852-1,g-001852,hin_Latn,HIGH,VALUE_SHIFT,year_shift,True,True,True
ntx3-001852-1,g-001852,hin_Latn,HIGH,VALUE_SHIFT,month_shift,True,True,True
ntx3-001852-1,g-001852,hin_Latn,HIGH,VALUE_SHIFT,scope_broaden,True,False,True
ntx3-001852-1,g-001852,hin_Latn,HIGH,VALUE_SHIFT,scope_broaden+vendor_shift,True,True,True
ntx3-001852-1,g-001852,hin_Latn,HIGH,VALUE_SHIFT,amount_shift,True,True,True
ntx3-001852-1,g-001852,hin_Latn,HIGH,VALUE_SHIFT,currency_shift,True,True,True
ntx3-001852-2,g-001852,tel_Latn,HIGH,VALUE_SHIFT,clean,False,False,False
ntx3-001852-2,g-001852,tel_Latn,HIGH,VALUE_SHIFT,vendor_shift,True,True,True
ntx3-001852-2,g-001852,tel_Latn,HIGH,VALUE_SHIFT,year_shift,True,True,True
ntx3-001852-2,g-001852,tel_Latn,HIGH,VALUE_SHIFT,month_shift,True,True,True
ntx3-001852-2,g-001852,tel_Latn,HIGH,VALUE_SHIFT,scope_broaden,True,False,True
ntx3-001852-2,g-001852,tel_Latn,HIGH,VALUE_SHIFT,scope_broaden+vendor_shift,True,True,True
ntx3-001852-2,g-001852,tel_Latn,HIGH,VALUE_SHIFT,amount_shift,True,True,True
ntx3-001852-2,g-001852,tel_Latn,HIGH,VALUE_SHIFT,currency_shift,True,True,True
ntx3-001852-3,g-001852,tel_Telu,HIGH,VALUE_SHIFT,clean,False,False,False
ntx3-001852-3,g-001852,tel_Telu,HIGH,VALUE_SHIFT,vendor_shift,True,True,True
ntx3-001852-3,g-001852,tel_Telu,HIGH,VALUE_SHIFT,year_shift,True,True,True
ntx3-001852-3,g-001852,tel_Telu,HIGH,VALUE_SHIFT,month_shift,True,True,True
ntx3-001852-3,g-001852,tel_Telu,HIGH,VALUE_SHIFT,scope_broaden,True,False,True
ntx3-001852-3,g-001852,tel_Telu,HIGH,VALUE_SHIFT,scope_broaden+vendor_shift,True,True,True
ntx3-001852-3,g-001852,tel_Telu,HIGH,VALUE_SHIFT,amount_shift,True,True,True
ntx3-001852-3,g-001852,tel_Telu,HIGH,VALUE_SHIFT,currency_shift,True,True,True
ntx3-002249-0,g-002249,eng_Latn,CRITICAL,VALUE_SHIFT,clean,False,False,False
ntx3-002249-0,g-002249,eng_Latn,CRITICAL,VALUE_SHIFT,vendor_shift,True,True,True
ntx3-002249-0,g-002249,eng_Latn,CRITICAL,VALUE_SHIFT,year_shift,True,True,True
ntx3-002249-0,g-002249,eng_Latn,CRITICAL,VALUE_SHIFT,month_shift,True,True,True
ntx3-002249-0,g-002249,eng_Latn,CRITICAL,VALUE_SHIFT,scope_broaden,True,False,True
ntx3-002249-0,g-002249,eng_Latn,CRITICAL,VALUE_SHIFT,scope_broaden+vendor_shift,True,True,True
ntx3-002249-0,g-002249,eng_Latn,CRITICAL,VALUE_SHIFT,amount_shift,True,True,True
ntx3-002249-0,g-002249,eng_Latn,CRITICAL,VALUE_SHIFT,currency_shift,True,True,True
ntx3-002249-1,g-002249,hin_Latn,CRITICAL,VALUE_SHIFT,clean,False,False,False
ntx3-002249-1,g-002249,hin_Latn,CRITICAL,VALUE_SHIFT,vendor_shift,True,True,True
ntx3-002249-1,g-002249,hin_Latn,CRITICAL,VALUE_SHIFT,year_shift,True,True,True
ntx3-002249-1,g-002249,hin_Latn,CRITICAL,VALUE_SHIFT,month_shift,True,True,True
ntx3-002249-1,g-002249,hin_Latn,CRITICAL,VALUE_SHIFT,scope_broaden,True,False,True
ntx3-002249-1,g-002249,hin_Latn,CRITICAL,VALUE_SHIFT,scope_broaden+vendor_shift,True,True,True
ntx3-002249-1,g-002249,hin_Latn,CRITICAL,VALUE_SHIFT,amount_shift,True,True,True
ntx3-002249-1,g-002249,hin_Latn,CRITICAL,VALUE_SHIFT,currency_shift,True,True,True
ntx3-002249-2,g-002249,tel_Latn,CRITICAL,VALUE_SHIFT,clean,False,False,False
ntx3-002249-2,g-002249,tel_Latn,CRITICAL,VALUE_SHIFT,vendor_shift,True,True,True
ntx3-002249-2,g-002249,tel_Latn,CRITICAL,VALUE_SHIFT,year_shift,True,True,True
ntx3-002249-2,g-002249,tel_Latn,CRITICAL,VALUE_SHIFT,month_shift,True,True,True
ntx3-002249-2,g-002249,tel_Latn,CRITICAL,VALUE_SHIFT,scope_broaden,True,False,True
ntx3-002249-2,g-002249,tel_Latn,CRITICAL,VALUE_SHIFT,scope_broaden+vendor_shift,True,True,True
ntx3-002249-2,g-002249,tel_Latn,CRITICAL,VALUE_SHIFT,amount_shift,True,True,True
ntx3-002249-2,g-002249,tel_Latn,CRITICAL,VALUE_SHIFT,currency_shift,True,True,True
ntx3-002249-3,g-002249,tel_Telu,CRITICAL,VALUE_SHIFT,clean,False,False,False
ntx3-002249-3,g-002249,tel_Telu,CRITICAL,VALUE_SHIFT,vendor_shift,True,True,True
ntx3-002249-3,g-002249,tel_Telu,CRITICAL,VALUE_SHIFT,year_shift,True,True,True
ntx3-002249-3,g-002249,tel_Telu,CRITICAL,VALUE_SHIFT,month_shift,True,True,True
ntx3-002249-3,g-002249,tel_Telu,CRITICAL,VALUE_SHIFT,scope_broaden,True,False,True
ntx3-002249-3,g-002249,tel_Telu,CRITICAL,VALUE_SHIFT,scope_broaden+vendor_shift,True,True,True
ntx3-002249-3,g-002249,tel_Telu,CRITICAL,VALUE_SHIFT,amount_shift,True,True,True
ntx3-002249-3,g-002249,tel_Telu,CRITICAL,VALUE_SHIFT,currency_shift,True,True,True
ntx3-002098-0,g-002098,eng_Latn,MEDIUM,VALUE_SHIFT,clean,False,False,False
ntx3-002098-0,g-002098,eng_Latn,MEDIUM,VALUE_SHIFT,vendor_shift,True,True,True
ntx3-002098-0,g-002098,eng_Latn,MEDIUM,VALUE_SHIFT,year_shift,True,True,True
ntx3-002098-0,g-002098,eng_Latn,MEDIUM,VALUE_SHIFT,month_shift,True,True,True
ntx3-002098-0,g-002098,eng_Latn,MEDIUM,VALUE_SHIFT,scope_broaden,True,False,True
ntx3-002098-0,g-002098,eng_Latn,MEDIUM,VALUE_SHIFT,scope_broaden+vendor_shift,True,True,True
ntx3-002098-0,g-002098,eng_Latn,MEDIUM,VALUE_SHIFT,amount_shift,True,True,True
ntx3-002098-0,g-002098,eng_Latn,MEDIUM,VALUE_SHIFT,currency_shift,True,True,True
ntx3-002098-1,g-002098,hin_Latn,MEDIUM,VALUE_SHIFT,clean,False,False,False
ntx3-002098-1,g-002098,hin_Latn,MEDIUM,VALUE_SHIFT,vendor_shift,True,True,True
ntx3-002098-1,g-002098,hin_Latn,MEDIUM,VALUE_SHIFT,year_shift,True,True,True
ntx3-002098-1,g-002098,hin_Latn,MEDIUM,VALUE_SHIFT,month_shift,True,True,True
ntx3-002098-1,g-002098,hin_Latn,MEDIUM,VALUE_SHIFT,scope_broaden,True,False,True
ntx3-002098-1,g-002098,hin_Latn,MEDIUM,VALUE_SHIFT,scope_broaden+vendor_shift,True,True,True
ntx3-002098-1,g-002098,hin_Latn,MEDIUM,VALUE_SHIFT,amount_shift,True,True,True
ntx3-002098-1,g-002098,hin_Latn,MEDIUM,VALUE_SHIFT,currency_shift,True,True,True
ntx3-002098-2,g-002098,tel_Latn,MEDIUM,VALUE_SHIFT,clean,False,False,False
ntx3-002098-2,g-002098,tel_Latn,MEDIUM,VALUE_SHIFT,vendor_shift,True,True,True
ntx3-002098-2,g-002098,tel_Latn,MEDIUM,VALUE_SHIFT,year_shift,True,True,True
ntx3-002098-2,g-002098,tel_Latn,MEDIUM,VALUE_SHIFT,month_shift,True,True,True
ntx3-002098-2,g-002098,tel_Latn,MEDIUM,VALUE_SHIFT,scope_broaden,True,False,True
ntx3-002098-2,g-002098,tel_Latn,MEDIUM,VALUE_SHIFT,scope_broaden+vendor_shift,True,True,True
ntx3-002098-2,g-002098,tel_Latn,MEDIUM,VALUE_SHIFT,amount_shift,True,True,True
ntx3-002098-2,g-002098,tel_Latn,MEDIUM,VALUE_SHIFT,currency_shift,True,True,True
ntx3-002098-3,g-002098,tel_Telu,MEDIUM,VALUE_SHIFT,clean,False,False,False
ntx3-002098-3,g-002098,tel_Telu,MEDIUM,VALUE_SHIFT,vendor_shift,True,True,True
ntx3-002098-3,g-002098,tel_Telu,MEDIUM,VALUE_SHIFT,year_shift,True,True,True
ntx3-002098-3,g-002098,tel_Telu,MEDIUM,VALUE_SHIFT,month_shift,True,True,True
ntx3-002098-3,g-002098,tel_Telu,MEDIUM,VALUE_SHIFT,scope_broaden,True,False,True
ntx3-002098-3,g-002098,tel_Telu,MEDIUM,VALUE_SHIFT,scope_broaden+vendor_shift,True,True,True
ntx3-002098-3,g-002098,tel_Telu,MEDIUM,VALUE_SHIFT,amount_shift,True,True,True
ntx3-002098-3,g-002098,tel_Telu,MEDIUM,VALUE_SHIFT,currency_shift,True,True,True
ntx3-001566-0,g-001566,eng_Latn,LOW,VALUE_SHIFT,clean,False,False,False
ntx3-001566-0,g-001566,eng_Latn,LOW,VALUE_SHIFT,vendor_shift,True,True,True
ntx3-001566-0,g-001566,eng_Latn,LOW,VALUE_SHIFT,year_shift,True,True,True
ntx3-001566-0,g-001566,eng_Latn,LOW,VALUE_SHIFT,month_shift,True,True,True
ntx3-001566-0,g-001566,eng_Latn,LOW,VALUE_SHIFT,scope_broaden,True,False,True
ntx3-001566-0,g-001566,eng_Latn,LOW,VALUE_SHIFT,scope_broaden+vendor_shift,True,True,True
ntx3-001566-0,g-001566,eng_Latn,LOW,VALUE_SHIFT,amount_shift,True,True,True
ntx3-001566-0,g-001566,eng_Latn,LOW,VALUE_SHIFT,currency_shift,True,True,True
ntx3-001566-1,g-001566,hin_Latn,LOW,VALUE_SHIFT,clean,False,False,False
ntx3-001566-1,g-001566,hin_Latn,LOW,VALUE_SHIFT,vendor_shift,True,True,True
ntx3-001566-1,g-001566,hin_Latn,LOW,VALUE_SHIFT,year_shift,True,True,True
ntx3-001566-1,g-001566,hin_Latn,LOW,VALUE_SHIFT,month_shift,True,True,True
ntx3-001566-1,g-001566,hin_Latn,LOW,VALUE_SHIFT,scope_broaden,True,False,True
ntx3-001566-1,g-001566,hin_Latn,LOW,VALUE_SHIFT,scope_broaden+vendor_shift,True,True,True
ntx3-001566-1,g-001566,hin_Latn,LOW,VALUE_SHIFT,amount_shift,True,True,True
ntx3-001566-1,g-001566,hin_Latn,LOW,VALUE_SHIFT,currency_shift,True,True,True
ntx3-001566-2,g-001566,tel_Latn,LOW,VALUE_SHIFT,clean,False,False,False
ntx3-001566-2,g-001566,tel_Latn,LOW,VALUE_SHIFT,vendor_shift,True,True,True
ntx3-001566-2,g-001566,tel_Latn,LOW,VALUE_SHIFT,year_shift,True,True,True
ntx3-001566-2,g-001566,tel_Latn,LOW,VALUE_SHIFT,month_shift,True,True,True
ntx3-001566-2,g-001566,tel_Latn,LOW,VALUE_SHIFT,scope_broaden,True,False,True
ntx3-001566-2,g-001566,tel_Latn,LOW,VALUE_SHIFT,scope_broaden+vendor_shift,True,True,True
ntx3-001566-2,g-001566,tel_Latn,LOW,VALUE_SHIFT,amount_shift,True,True,True
ntx3-001566-2,g-001566,tel_Latn,LOW,VALUE_SHIFT,currency_shift,True,True,True
ntx3-001566-3,g-001566,tel_Telu,LOW,VALUE_SHIFT,clean,False,False,False
ntx3-001566-3,g-001566,tel_Telu,LOW,VALUE_SHIFT,vendor_shift,True,True,True
ntx3-001566-3,g-001566,tel_Telu,LOW,VALUE_SHIFT,year_shift,True,True,True
ntx3-001566-3,g-001566,tel_Telu,LOW,VALUE_SHIFT,month_shift,True,True,True
ntx3-001566-3,g-001566,tel_Telu,LOW,VALUE_SHIFT,scope_broaden,True,False,True
ntx3-001566-3,g-001566,tel_Telu,LOW,VALUE_SHIFT,scope_broaden+vendor_shift,True,True,True
ntx3-001566-3,g-001566,tel_Telu,LOW,VALUE_SHIFT,amount_shift,True,True,True
ntx3-001566-3,g-001566,tel_Telu,LOW,VALUE_SHIFT,currency_shift,True,True,True
ntx3-002456-0,g-002456,eng_Latn,HIGH,VALUE_SHIFT,clean,False,False,False
ntx3-002456-0,g-002456,eng_Latn,HIGH,VALUE_SHIFT,vendor_shift,True,True,True
ntx3-002456-0,g-002456,eng_Latn,HIGH,VALUE_SHIFT,year_shift,True,True,True
ntx3-002456-0,g-002456,eng_Latn,HIGH,VALUE_SHIFT,month_shift,True,True,True
ntx3-002456-0,g-002456,eng_Latn,HIGH,VALUE_SHIFT,scope_broaden,True,False,True
ntx3-002456-0,g-002456,eng_Latn,HIGH,VALUE_SHIFT,scope_broaden+vendor_shift,True,True,True
ntx3-002456-0,g-002456,eng_Latn,HIGH,VALUE_SHIFT,amount_shift,True,True,True
ntx3-002456-0,g-002456,eng_Latn,HIGH,VALUE_SHIFT,currency_shift,True,True,True
ntx3-002456-1,g-002456,hin_Latn,HIGH,VALUE_SHIFT,clean,False,False,False
ntx3-002456-1,g-002456,hin_Latn,HIGH,VALUE_SHIFT,vendor_shift,True,True,True
ntx3-002456-1,g-002456,hin_Latn,HIGH,VALUE_SHIFT,year_shift,True,True,True
ntx3-002456-1,g-002456,hin_Latn,HIGH,VALUE_SHIFT,month_shift,True,True,True
ntx3-002456-1,g-002456,hin_Latn,HIGH,VALUE_SHIFT,scope_broaden,True,False,True
ntx3-002456-1,g-002456,hin_Latn,HIGH,VALUE_SHIFT,scope_broaden+vendor_shift,True,True,True
ntx3-002456-1,g-002456,hin_Latn,HIGH,VALUE_SHIFT,amount_shift,True,True,True
ntx3-002456-1,g-002456,hin_Latn,HIGH,VALUE_SHIFT,currency_shift,True,True,True
ntx3-002456-2,g-002456,tel_Latn,HIGH,VALUE_SHIFT,clean,False,False,False
ntx3-002456-2,g-002456,tel_Latn,HIGH,VALUE_SHIFT,vendor_shift,True,True,True
ntx3-002456-2,g-002456,tel_Latn,HIGH,VALUE_SHIFT,year_shift,True,True,True
ntx3-002456-2,g-002456,tel_Latn,HIGH,VALUE_SHIFT,month_shift,True,True,True
ntx3-002456-2,g-002456,tel_Latn,HIGH,VALUE_SHIFT,scope_broaden,True,False,True
ntx3-002456-2,g-002456,tel_Latn,HIGH,VALUE_SHIFT,scope_broaden+vendor_shift,True,True,True
ntx3-002456-2,g-002456,tel_Latn,HIGH,VALUE_SHIFT,amount_shift,True,True,True
ntx3-002456-2,g-002456,tel_Latn,HIGH,VALUE_SHIFT,currency_shift,True,True,True
ntx3-002456-3,g-002456,tel_Telu,HIGH,VALUE_SHIFT,clean,False,False,False
ntx3-002456-3,g-002456,tel_Telu,HIGH,VALUE_SHIFT,vendor_shift,True,True,True
ntx3-002456-3,g-002456,tel_Telu,HIGH,VALUE_SHIFT,year_shift,True,True,True
ntx3-002456-3,g-002456,tel_Telu,HIGH,VALUE_SHIFT,month_shift,True,True,True
ntx3-002456-3,g-002456,tel_Telu,HIGH,VALUE_SHIFT,scope_broaden,True,False,True
ntx3-002456-3,g-002456,tel_Telu,HIGH,VALUE_SHIFT,scope_broaden+vendor_shift,True,True,True
ntx3-002456-3,g-002456,tel_Telu,HIGH,VALUE_SHIFT,amount_shift,True,True,True
ntx3-002456-3,g-002456,tel_Telu,HIGH,VALUE_SHIFT,currency_shift,True,True,True
ntx3-001892-0,g-001892,eng_Latn,MEDIUM,VALUE_SHIFT,clean,False,False,False
ntx3-001892-0,g-001892,eng_Latn,MEDIUM,VALUE_SHIFT,vendor_shift,True,True,True
ntx3-001892-0,g-001892,eng_Latn,MEDIUM,VALUE_SHIFT,year_shift,True,True,True
ntx3-001892-0,g-001892,eng_Latn,MEDIUM,VALUE_SHIFT,month_shift,True,True,True
ntx3-001892-0,g-001892,eng_Latn,MEDIUM,VALUE_SHIFT,scope_broaden,True,False,True
ntx3-001892-0,g-001892,eng_Latn,MEDIUM,VALUE_SHIFT,scope_broaden+vendor_shift,True,True,True
ntx3-001892-0,g-001892,eng_Latn,MEDIUM,VALUE_SHIFT,amount_shift,True,True,True
ntx3-001892-0,g-001892,eng_Latn,MEDIUM,VALUE_SHIFT,currency_shift,True,True,True
ntx3-001892-1,g-001892,hin_Latn,MEDIUM,VALUE_SHIFT,clean,False,False,False
ntx3-001892-1,g-001892,hin_Latn,MEDIUM,VALUE_SHIFT,vendor_shift,True,True,True
ntx3-001892-1,g-001892,hin_Latn,MEDIUM,VALUE_SHIFT,year_shift,True,True,True
ntx3-001892-1,g-001892,hin_Latn,MEDIUM,VALUE_SHIFT,month_shift,True,True,True
ntx3-001892-1,g-001892,hin_Latn,MEDIUM,VALUE_SHIFT,scope_broaden,True,False,True
ntx3-001892-1,g-001892,hin_Latn,MEDIUM,VALUE_SHIFT,scope_broaden+vendor_shift,True,True,True
ntx3-001892-1,g-001892,hin_Latn,MEDIUM,VALUE_SHIFT,amount_shift,True,True,True
ntx3-001892-1,g-001892,hin_Latn,MEDIUM,VALUE_SHIFT,currency_shift,True,True,True
ntx3-001892-2,g-001892,tel_Latn,MEDIUM,VALUE_SHIFT,clean,False,False,False
ntx3-001892-2,g-001892,tel_Latn,MEDIUM,VALUE_SHIFT,vendor_shift,True,True,True
ntx3-001892-2,g-001892,tel_Latn,MEDIUM,VALUE_SHIFT,year_shift,True,True,True
ntx3-001892-2,g-001892,tel_Latn,MEDIUM,VALUE_SHIFT,month_shift,True,True,True
ntx3-001892-2,g-001892,tel_Latn,MEDIUM,VALUE_SHIFT,scope_broaden,True,False,True
ntx3-001892-2,g-001892,tel_Latn,MEDIUM,VALUE_SHIFT,scope_broaden+vendor_shift,True,True,True
ntx3-001892-2,g-001892,tel_Latn,MEDIUM,VALUE_SHIFT,amount_shift,True,True,True
ntx3-001892-2,g-001892,tel_Latn,MEDIUM,VALUE_SHIFT,currency_shift,True,True,True
ntx3-001892-3,g-001892,tel_Telu,MEDIUM,VALUE_SHIFT,clean,False,False,False
ntx3-001892-3,g-001892,tel_Telu,MEDIUM,VALUE_SHIFT,vendor_shift,True,True,True
ntx3-001892-3,g-001892,tel_Telu,MEDIUM,VALUE_SHIFT,year_shift,True,True,True
ntx3-001892-3,g-001892,tel_Telu,MEDIUM,VALUE_SHIFT,month_shift,True,True,True
ntx3-001892-3,g-001892,tel_Telu,MEDIUM,VALUE_SHIFT,scope_broaden,True,False,True
ntx3-001892-3,g-001892,tel_Telu,MEDIUM,VALUE_SHIFT,scope_broaden+vendor_shift,True,True,True
ntx3-001892-3,g-001892,tel_Telu,MEDIUM,VALUE_SHIFT,amount_shift,True,True,True
ntx3-001892-3,g-001892,tel_Telu,MEDIUM,VALUE_SHIFT,currency_shift,True,True,True
ntx3-002367-0,g-002367,eng_Latn,CRITICAL,VALUE_SHIFT,clean,False,False,False
ntx3-002367-0,g-002367,eng_Latn,CRITICAL,VALUE_SHIFT,vendor_shift,True,True,True
ntx3-002367-0,g-002367,eng_Latn,CRITICAL,VALUE_SHIFT,year_shift,True,True,True
ntx3-002367-0,g-002367,eng_Latn,CRITICAL,VALUE_SHIFT,month_shift,True,True,True
ntx3-002367-0,g-002367,eng_Latn,CRITICAL,VALUE_SHIFT,scope_broaden,True,False,True
ntx3-002367-0,g-002367,eng_Latn,CRITICAL,VALUE_SHIFT,scope_broaden+vendor_shift,True,True,True
ntx3-002367-0,g-002367,eng_Latn,CRITICAL,VALUE_SHIFT,amount_shift,True,True,True
ntx3-002367-0,g-002367,eng_Latn,CRITICAL,VALUE_SHIFT,currency_shift,True,True,True
ntx3-002367-1,g-002367,hin_Latn,CRITICAL,VALUE_SHIFT,clean,False,False,False
ntx3-002367-1,g-002367,hin_Latn,CRITICAL,VALUE_SHIFT,vendor_shift,True,True,True
ntx3-002367-1,g-002367,hin_Latn,CRITICAL,VALUE_SHIFT,year_shift,True,True,True
ntx3-002367-1,g-002367,hin_Latn,CRITICAL,VALUE_SHIFT,month_shift,True,True,True
ntx3-002367-1,g-002367,hin_Latn,CRITICAL,VALUE_SHIFT,scope_broaden,True,False,True
ntx3-002367-1,g-002367,hin_Latn,CRITICAL,VALUE_SHIFT,scope_broaden+vendor_shift,True,True,True
ntx3-002367-1,g-002367,hin_Latn,CRITICAL,VALUE_SHIFT,amount_shift,True,True,True
ntx3-002367-1,g-002367,hin_Latn,CRITICAL,VALUE_SHIFT,currency_shift,True,True,True
ntx3-002367-2,g-002367,tel_Latn,CRITICAL,VALUE_SHIFT,clean,False,False,False
ntx3-002367-2,g-002367,tel_Latn,CRITICAL,VALUE_SHIFT,vendor_shift,True,True,True
ntx3-002367-2,g-002367,tel_Latn,CRITICAL,VALUE_SHIFT,year_shift,True,True,True
ntx3-002367-2,g-002367,tel_Latn,CRITICAL,VALUE_SHIFT,month_shift,True,True,True
ntx3-002367-2,g-002367,tel_Latn,CRITICAL,VALUE_SHIFT,scope_broaden,True,False,True
ntx3-002367-2,g-002367,tel_Latn,CRITICAL,VALUE_SHIFT,scope_broaden+vendor_shift,True,True,True
ntx3-002367-2,g-002367,tel_Latn,CRITICAL,VALUE_SHIFT,amount_shift,True,True,True
ntx3-002367-2,g-002367,tel_Latn,CRITICAL,VALUE_SHIFT,currency_shift,True,True,True
ntx3-002367-3,g-002367,tel_Telu,CRITICAL,VALUE_SHIFT,clean,False,False,False
ntx3-002367-3,g-002367,tel_Telu,CRITICAL,VALUE_SHIFT,vendor_shift,True,True,True
ntx3-002367-3,g-002367,tel_Telu,CRITICAL,VALUE_SHIFT,year_shift,True,True,True
ntx3-002367-3,g-002367,tel_Telu,CRITICAL,VALUE_SHIFT,month_shift,True,True,True
ntx3-002367-3,g-002367,tel_Telu,CRITICAL,VALUE_SHIFT,scope_broaden,True,False,True
ntx3-002367-3,g-002367,tel_Telu,CRITICAL,VALUE_SHIFT,scope_broaden+vendor_shift,True,True,True
ntx3-002367-3,g-002367,tel_Telu,CRITICAL,VALUE_SHIFT,amount_shift,True,True,True
ntx3-002367-3,g-002367,tel_Telu,CRITICAL,VALUE_SHIFT,currency_shift,True,True,True
ntx3-000759-0,g-000759,eng_Latn,MEDIUM,VALUE_SHIFT,clean,False,False,False
ntx3-000759-0,g-000759,eng_Latn,MEDIUM,VALUE_SHIFT,vendor_shift,True,True,True
ntx3-000759-0,g-000759,eng_Latn,MEDIUM,VALUE_SHIFT,year_shift,True,True,True
ntx3-000759-0,g-000759,eng_Latn,MEDIUM,VALUE_SHIFT,month_shift,True,True,True
ntx3-000759-0,g-000759,eng_Latn,MEDIUM,VALUE_SHIFT,scope_broaden,True,False,True
ntx3-000759-0,g-000759,eng_Latn,MEDIUM,VALUE_SHIFT,scope_broaden+vendor_shift,True,True,True
ntx3-000759-0,g-000759,eng_Latn,MEDIUM,VALUE_SHIFT,amount_shift,True,True,True
ntx3-000759-0,g-000759,eng_Latn,MEDIUM,VALUE_SHIFT,currency_shift,True,True,True
ntx3-000759-1,g-000759,hin_Latn,MEDIUM,VALUE_SHIFT,clean,False,False,False
ntx3-000759-1,g-000759,hin_Latn,MEDIUM,VALUE_SHIFT,vendor_shift,True,True,True
ntx3-000759-1,g-000759,hin_Latn,MEDIUM,VALUE_SHIFT,year_shift,True,True,True
ntx3-000759-1,g-000759,hin_Latn,MEDIUM,VALUE_SHIFT,month_shift,True,True,True
ntx3-000759-1,g-000759,hin_Latn,MEDIUM,VALUE_SHIFT,scope_broaden,True,False,True
ntx3-000759-1,g-000759,hin_Latn,MEDIUM,VALUE_SHIFT,scope_broaden+vendor_shift,True,True,True
ntx3-000759-1,g-000759,hin_Latn,MEDIUM,VALUE_SHIFT,amount_shift,True,True,True
ntx3-000759-1,g-000759,hin_Latn,MEDIUM,VALUE_SHIFT,currency_shift,True,True,True
ntx3-000759-2,g-000759,tel_Latn,MEDIUM,VALUE_SHIFT,clean,False,False,False
ntx3-000759-2,g-000759,tel_Latn,MEDIUM,VALUE_SHIFT,vendor_shift,True,True,True
ntx3-000759-2,g-000759,tel_Latn,MEDIUM,VALUE_SHIFT,year_shift,True,True,True
ntx3-000759-2,g-000759,tel_Latn,MEDIUM,VALUE_SHIFT,month_shift,True,True,True
ntx3-000759-2,g-000759,tel_Latn,MEDIUM,VALUE_SHIFT,scope_broaden,True,False,True
ntx3-000759-2,g-000759,tel_Latn,MEDIUM,VALUE_SHIFT,scope_broaden+vendor_shift,True,True,True
ntx3-000759-2,g-000759,tel_Latn,MEDIUM,VALUE_SHIFT,amount_shift,True,True,True
ntx3-000759-2,g-000759,tel_Latn,MEDIUM,VALUE_SHIFT,currency_shift,True,True,True
ntx3-000759-3,g-000759,tel_Telu,MEDIUM,VALUE_SHIFT,clean,False,False,False
ntx3-000759-3,g-000759,tel_Telu,MEDIUM,VALUE_SHIFT,vendor_shift,True,True,True
ntx3-000759-3,g-000759,tel_Telu,MEDIUM,VALUE_SHIFT,year_shift,True,True,True
ntx3-000759-3,g-000759,tel_Telu,MEDIUM,VALUE_SHIFT,month_shift,True,True,True
ntx3-000759-3,g-000759,tel_Telu,MEDIUM,VALUE_SHIFT,scope_broaden,True,False,True
ntx3-000759-3,g-000759,tel_Telu,MEDIUM,VALUE_SHIFT,scope_broaden+vendor_shift,True,True,True
ntx3-000759-3,g-000759,tel_Telu,MEDIUM,VALUE_SHIFT,amount_shift,True,True,True
ntx3-000759-3,g-000759,tel_Telu,MEDIUM,VALUE_SHIFT,currency_shift,True,True,True
ntx3-000762-0,g-000762,eng_Latn,HIGH,VALUE_SHIFT,clean,False,False,False
ntx3-000762-0,g-000762,eng_Latn,HIGH,VALUE_SHIFT,vendor_shift,True,True,True
ntx3-000762-0,g-000762,eng_Latn,HIGH,VALUE_SHIFT,year_shift,True,True,True
ntx3-000762-0,g-000762,eng_Latn,HIGH,VALUE_SHIFT,month_shift,True,True,True
ntx3-000762-0,g-000762,eng_Latn,HIGH,VALUE_SHIFT,scope_broaden,True,False,True
ntx3-000762-0,g-000762,eng_Latn,HIGH,VALUE_SHIFT,scope_broaden+vendor_shift,True,True,True
ntx3-000762-0,g-000762,eng_Latn,HIGH,VALUE_SHIFT,amount_shift,True,True,True
ntx3-000762-0,g-000762,eng_Latn,HIGH,VALUE_SHIFT,currency_shift,True,True,True
ntx3-000762-1,g-000762,hin_Latn,HIGH,VALUE_SHIFT,clean,False,False,False
ntx3-000762-1,g-000762,hin_Latn,HIGH,VALUE_SHIFT,vendor_shift,True,True,True
ntx3-000762-1,g-000762,hin_Latn,HIGH,VALUE_SHIFT,year_shift,True,True,True
ntx3-000762-1,g-000762,hin_Latn,HIGH,VALUE_SHIFT,month_shift,True,True,True
ntx3-000762-1,g-000762,hin_Latn,HIGH,VALUE_SHIFT,scope_broaden,True,False,True
ntx3-000762-1,g-000762,hin_Latn,HIGH,VALUE_SHIFT,scope_broaden+vendor_shift,True,True,True
ntx3-000762-1,g-000762,hin_Latn,HIGH,VALUE_SHIFT,amount_shift,True,True,True
ntx3-000762-1,g-000762,hin_Latn,HIGH,VALUE_SHIFT,currency_shift,True,True,True
ntx3-000762-2,g-000762,tel_Latn,HIGH,VALUE_SHIFT,clean,False,False,False
ntx3-000762-2,g-000762,tel_Latn,HIGH,VALUE_SHIFT,vendor_shift,True,True,True
ntx3-000762-2,g-000762,tel_Latn,HIGH,VALUE_SHIFT,year_shift,True,True,True
ntx3-000762-2,g-000762,tel_Latn,HIGH,VALUE_SHIFT,month_shift,True,True,True
ntx3-000762-2,g-000762,tel_Latn,HIGH,VALUE_SHIFT,scope_broaden,True,False,True
ntx3-000762-2,g-000762,tel_Latn,HIGH,VALUE_SHIFT,scope_broaden+vendor_shift,True,True,True
ntx3-000762-2,g-000762,tel_Latn,HIGH,VALUE_SHIFT,amount_shift,True,True,True
ntx3-000762-2,g-000762,tel_Latn,HIGH,VALUE_SHIFT,currency_shift,True,True,True
ntx3-000762-3,g-000762,tel_Telu,HIGH,VALUE_SHIFT,clean,False,False,False
ntx3-000762-3,g-000762,tel_Telu,HIGH,VALUE_SHIFT,vendor_shift,True,True,True
ntx3-000762-3,g-000762,tel_Telu,HIGH,VALUE_SHIFT,year_shift,True,True,True
ntx3-000762-3,g-000762,tel_Telu,HIGH,VALUE_SHIFT,month_shift,True,True,True
ntx3-000762-3,g-000762,tel_Telu,HIGH,VALUE_SHIFT,scope_broaden,True,False,True
ntx3-000762-3,g-000762,tel_Telu,HIGH,VALUE_SHIFT,scope_broaden+vendor_shift,True,True,True
ntx3-000762-3,g-000762,tel_Telu,HIGH,VALUE_SHIFT,amount_shift,True,True,True
ntx3-000762-3,g-000762,tel_Telu,HIGH,VALUE_SHIFT,currency_shift,True,True,True
ntx3-001487-0,g-001487,eng_Latn,HIGH,VALUE_SHIFT,clean,False,False,False
ntx3-001487-0,g-001487,eng_Latn,HIGH,VALUE_SHIFT,vendor_shift,True,True,True
ntx3-001487-0,g-001487,eng_Latn,HIGH,VALUE_SHIFT,year_shift,True,True,True
ntx3-001487-0,g-001487,eng_Latn,HIGH,VALUE_SHIFT,month_shift,True,True,True
ntx3-001487-0,g-001487,eng_Latn,HIGH,VALUE_SHIFT,scope_broaden,True,False,True
ntx3-001487-0,g-001487,eng_Latn,HIGH,VALUE_SHIFT,scope_broaden+vendor_shift,True,True,True
ntx3-001487-0,g-001487,eng_Latn,HIGH,VALUE_SHIFT,amount_shift,True,True,True
ntx3-001487-0,g-001487,eng_Latn,HIGH,VALUE_SHIFT,currency_shift,True,True,True
ntx3-001487-1,g-001487,hin_Latn,HIGH,VALUE_SHIFT,clean,False,False,False
ntx3-001487-1,g-001487,hin_Latn,HIGH,VALUE_SHIFT,vendor_shift,True,True,True
ntx3-001487-1,g-001487,hin_Latn,HIGH,VALUE_SHIFT,year_shift,True,True,True
ntx3-001487-1,g-001487,hin_Latn,HIGH,VALUE_SHIFT,month_shift,True,True,True
ntx3-001487-1,g-001487,hin_Latn,HIGH,VALUE_SHIFT,scope_broaden,True,False,True
ntx3-001487-1,g-001487,hin_Latn,HIGH,VALUE_SHIFT,scope_broaden+vendor_shift,True,True,True
ntx3-001487-1,g-001487,hin_Latn,HIGH,VALUE_SHIFT,amount_shift,True,True,True
ntx3-001487-1,g-001487,hin_Latn,HIGH,VALUE_SHIFT,currency_shift,True,True,True
ntx3-001487-2,g-001487,tel_Latn,HIGH,VALUE_SHIFT,clean,False,False,False
ntx3-001487-2,g-001487,tel_Latn,HIGH,VALUE_SHIFT,vendor_shift,True,True,True
ntx3-001487-2,g-001487,tel_Latn,HIGH,VALUE_SHIFT,year_shift,True,True,True
ntx3-001487-2,g-001487,tel_Latn,HIGH,VALUE_SHIFT,month_shift,True,True,True
ntx3-001487-2,g-001487,tel_Latn,HIGH,VALUE_SHIFT,scope_broaden,True,False,True
ntx3-001487-2,g-001487,tel_Latn,HIGH,VALUE_SHIFT,scope_broaden+vendor_shift,True,True,True
ntx3-001487-2,g-001487,tel_Latn,HIGH,VALUE_SHIFT,amount_shift,True,True,True
ntx3-001487-2,g-001487,tel_Latn,HIGH,VALUE_SHIFT,currency_shift,True,True,True
ntx3-001487-3,g-001487,tel_Telu,HIGH,VALUE_SHIFT,clean,False,False,False
ntx3-001487-3,g-001487,tel_Telu,HIGH,VALUE_SHIFT,vendor_shift,True,True,True
ntx3-001487-3,g-001487,tel_Telu,HIGH,VALUE_SHIFT,year_shift,True,True,True
ntx3-001487-3,g-001487,tel_Telu,HIGH,VALUE_SHIFT,month_shift,True,True,True
ntx3-001487-3,g-001487,tel_Telu,HIGH,VALUE_SHIFT,scope_broaden,True,False,True
ntx3-001487-3,g-001487,tel_Telu,HIGH,VALUE_SHIFT,scope_broaden+vendor_shift,True,True,True
ntx3-001487-3,g-001487,tel_Telu,HIGH,VALUE_SHIFT,amount_shift,True,True,True
ntx3-001487-3,g-001487,tel_Telu,HIGH,VALUE_SHIFT,currency_shift,True,True,True
ntx3-001779-0,g-001779,eng_Latn,CRITICAL,VALUE_SHIFT,clean,False,False,False
ntx3-001779-0,g-001779,eng_Latn,CRITICAL,VALUE_SHIFT,vendor_shift,True,True,True
ntx3-001779-0,g-001779,eng_Latn,CRITICAL,VALUE_SHIFT,year_shift,True,True,True
ntx3-001779-0,g-001779,eng_Latn,CRITICAL,VALUE_SHIFT,month_shift,True,True,True
ntx3-001779-0,g-001779,eng_Latn,CRITICAL,VALUE_SHIFT,scope_broaden,True,False,True
ntx3-001779-0,g-001779,eng_Latn,CRITICAL,VALUE_SHIFT,scope_broaden+vendor_shift,True,True,True
ntx3-001779-0,g-001779,eng_Latn,CRITICAL,VALUE_SHIFT,amount_shift,True,True,True
ntx3-001779-0,g-001779,eng_Latn,CRITICAL,VALUE_SHIFT,currency_shift,True,True,True
ntx3-001779-1,g-001779,hin_Latn,CRITICAL,VALUE_SHIFT,clean,False,False,False
ntx3-001779-1,g-001779,hin_Latn,CRITICAL,VALUE_SHIFT,vendor_shift,True,True,True
ntx3-001779-1,g-001779,hin_Latn,CRITICAL,VALUE_SHIFT,year_shift,True,True,True
ntx3-001779-1,g-001779,hin_Latn,CRITICAL,VALUE_SHIFT,month_shift,True,True,True
ntx3-001779-1,g-001779,hin_Latn,CRITICAL,VALUE_SHIFT,scope_broaden,True,False,True
ntx3-001779-1,g-001779,hin_Latn,CRITICAL,VALUE_SHIFT,scope_broaden+vendor_shift,True,True,True
ntx3-001779-1,g-001779,hin_Latn,CRITICAL,VALUE_SHIFT,amount_shift,True,True,True
ntx3-001779-1,g-001779,hin_Latn,CRITICAL,VALUE_SHIFT,currency_shift,True,True,True
ntx3-001779-2,g-001779,tel_Latn,CRITICAL,VALUE_SHIFT,clean,False,False,False
ntx3-001779-2,g-001779,tel_Latn,CRITICAL,VALUE_SHIFT,vendor_shift,True,True,True
ntx3-001779-2,g-001779,tel_Latn,CRITICAL,VALUE_SHIFT,year_shift,True,True,True
ntx3-001779-2,g-001779,tel_Latn,CRITICAL,VALUE_SHIFT,month_shift,True,True,True
ntx3-001779-2,g-001779,tel_Latn,CRITICAL,VALUE_SHIFT,scope_broaden,True,False,True
ntx3-001779-2,g-001779,tel_Latn,CRITICAL,VALUE_SHIFT,scope_broaden+vendor_shift,True,True,True
ntx3-001779-2,g-001779,tel_Latn,CRITICAL,VALUE_SHIFT,amount_shift,True,True,True
ntx3-001779-2,g-001779,tel_Latn,CRITICAL,VALUE_SHIFT,currency_shift,True,True,True
ntx3-001779-3,g-001779,tel_Telu,CRITICAL,VALUE_SHIFT,clean,False,False,False
ntx3-001779-3,g-001779,tel_Telu,CRITICAL,VALUE_SHIFT,vendor_shift,True,True,True
ntx3-001779-3,g-001779,tel_Telu,CRITICAL,VALUE_SHIFT,year_shift,True,True,True
ntx3-001779-3,g-001779,tel_Telu,CRITICAL,VALUE_SHIFT,month_shift,True,True,True
ntx3-001779-3,g-001779,tel_Telu,CRITICAL,VALUE_SHIFT,scope_broaden,True,False,True
ntx3-001779-3,g-001779,tel_Telu,CRITICAL,VALUE_SHIFT,scope_broaden+vendor_shift,True,True,True
ntx3-001779-3,g-001779,tel_Telu,CRITICAL,VALUE_SHIFT,amount_shift,True,True,True
ntx3-001779-3,g-001779,tel_Telu,CRITICAL,VALUE_SHIFT,currency_shift,True,True,True
ntx3-002460-0,g-002460,eng_Latn,HIGH,VALUE_SHIFT,clean,False,False,False
ntx3-002460-0,g-002460,eng_Latn,HIGH,VALUE_SHIFT,vendor_shift,True,True,True
ntx3-002460-0,g-002460,eng_Latn,HIGH,VALUE_SHIFT,year_shift,True,True,True
ntx3-002460-0,g-002460,eng_Latn,HIGH,VALUE_SHIFT,month_shift,True,True,True
ntx3-002460-0,g-002460,eng_Latn,HIGH,VALUE_SHIFT,scope_broaden,True,False,True
ntx3-002460-0,g-002460,eng_Latn,HIGH,VALUE_SHIFT,scope_broaden+vendor_shift,True,True,True
ntx3-002460-0,g-002460,eng_Latn,HIGH,VALUE_SHIFT,amount_shift,True,True,True
ntx3-002460-0,g-002460,eng_Latn,HIGH,VALUE_SHIFT,currency_shift,True,True,True
ntx3-002460-1,g-002460,hin_Latn,HIGH,VALUE_SHIFT,clean,False,False,False
ntx3-002460-1,g-002460,hin_Latn,HIGH,VALUE_SHIFT,vendor_shift,True,True,True
ntx3-002460-1,g-002460,hin_Latn,HIGH,VALUE_SHIFT,year_shift,True,True,True
ntx3-002460-1,g-002460,hin_Latn,HIGH,VALUE_SHIFT,month_shift,True,True,True
ntx3-002460-1,g-002460,hin_Latn,HIGH,VALUE_SHIFT,scope_broaden,True,False,True
ntx3-002460-1,g-002460,hin_Latn,HIGH,VALUE_SHIFT,scope_broaden+vendor_shift,True,True,True
ntx3-002460-1,g-002460,hin_Latn,HIGH,VALUE_SHIFT,amount_shift,True,True,True
ntx3-002460-1,g-002460,hin_Latn,HIGH,VALUE_SHIFT,currency_shift,True,True,True
ntx3-002460-2,g-002460,tel_Latn,HIGH,VALUE_SHIFT,clean,False,False,False
ntx3-002460-2,g-002460,tel_Latn,HIGH,VALUE_SHIFT,vendor_shift,True,True,True
ntx3-002460-2,g-002460,tel_Latn,HIGH,VALUE_SHIFT,year_shift,True,True,True
ntx3-002460-2,g-002460,tel_Latn,HIGH,VALUE_SHIFT,month_shift,True,True,True
ntx3-002460-2,g-002460,tel_Latn,HIGH,VALUE_SHIFT,scope_broaden,True,False,True
ntx3-002460-2,g-002460,tel_Latn,HIGH,VALUE_SHIFT,scope_broaden+vendor_shift,True,True,True
ntx3-002460-2,g-002460,tel_Latn,HIGH,VALUE_SHIFT,amount_shift,True,True,True
ntx3-002460-2,g-002460,tel_Latn,HIGH,VALUE_SHIFT,currency_shift,True,True,True
ntx3-002460-3,g-002460,tel_Telu,HIGH,VALUE_SHIFT,clean,False,False,False
ntx3-002460-3,g-002460,tel_Telu,HIGH,VALUE_SHIFT,vendor_shift,True,True,True
ntx3-002460-3,g-002460,tel_Telu,HIGH,VALUE_SHIFT,year_shift,True,True,True
ntx3-002460-3,g-002460,tel_Telu,HIGH,VALUE_SHIFT,month_shift,True,True,True
ntx3-002460-3,g-002460,tel_Telu,HIGH,VALUE_SHIFT,scope_broaden,True,False,True
ntx3-002460-3,g-002460,tel_Telu,HIGH,VALUE_SHIFT,scope_broaden+vendor_shift,True,True,True
ntx3-002460-3,g-002460,tel_Telu,HIGH,VALUE_SHIFT,amount_shift,True,True,True
ntx3-002460-3,g-002460,tel_Telu,HIGH,VALUE_SHIFT,currency_shift,True,True,True
ntx3-002185-0,g-002185,eng_Latn,MEDIUM,VALUE_SHIFT,clean,False,False,False
ntx3-002185-0,g-002185,eng_Latn,MEDIUM,VALUE_SHIFT,vendor_shift,True,True,True
ntx3-002185-0,g-002185,eng_Latn,MEDIUM,VALUE_SHIFT,year_shift,True,True,True
ntx3-002185-0,g-002185,eng_Latn,MEDIUM,VALUE_SHIFT,month_shift,True,True,True
ntx3-002185-0,g-002185,eng_Latn,MEDIUM,VALUE_SHIFT,scope_broaden,True,False,True
ntx3-002185-0,g-002185,eng_Latn,MEDIUM,VALUE_SHIFT,scope_broaden+vendor_shift,True,True,True
ntx3-002185-0,g-002185,eng_Latn,MEDIUM,VALUE_SHIFT,amount_shift,True,True,True
ntx3-002185-0,g-002185,eng_Latn,MEDIUM,VALUE_SHIFT,currency_shift,True,True,True
ntx3-002185-1,g-002185,hin_Latn,MEDIUM,VALUE_SHIFT,clean,False,False,False
ntx3-002185-1,g-002185,hin_Latn,MEDIUM,VALUE_SHIFT,vendor_shift,True,True,True
ntx3-002185-1,g-002185,hin_Latn,MEDIUM,VALUE_SHIFT,year_shift,True,True,True
ntx3-002185-1,g-002185,hin_Latn,MEDIUM,VALUE_SHIFT,month_shift,True,True,True
ntx3-002185-1,g-002185,hin_Latn,MEDIUM,VALUE_SHIFT,scope_broaden,True,False,True
ntx3-002185-1,g-002185,hin_Latn,MEDIUM,VALUE_SHIFT,scope_broaden+vendor_shift,True,True,True
ntx3-002185-1,g-002185,hin_Latn,MEDIUM,VALUE_SHIFT,amount_shift,True,True,True
ntx3-002185-1,g-002185,hin_Latn,MEDIUM,VALUE_SHIFT,currency_shift,True,True,True
ntx3-002185-2,g-002185,tel_Latn,MEDIUM,VALUE_SHIFT,clean,False,False,False
ntx3-002185-2,g-002185,tel_Latn,MEDIUM,VALUE_SHIFT,vendor_shift,True,True,True
ntx3-002185-2,g-002185,tel_Latn,MEDIUM,VALUE_SHIFT,year_shift,True,True,True
ntx3-002185-2,g-002185,tel_Latn,MEDIUM,VALUE_SHIFT,month_shift,True,True,True
ntx3-002185-2,g-002185,tel_Latn,MEDIUM,VALUE_SHIFT,scope_broaden,True,False,True
ntx3-002185-2,g-002185,tel_Latn,MEDIUM,VALUE_SHIFT,scope_broaden+vendor_shift,True,True,True
ntx3-002185-2,g-002185,tel_Latn,MEDIUM,VALUE_SHIFT,amount_shift,True,True,True
ntx3-002185-2,g-002185,tel_Latn,MEDIUM,VALUE_SHIFT,currency_shift,True,True,True
ntx3-002185-3,g-002185,tel_Telu,MEDIUM,VALUE_SHIFT,clean,False,False,False
ntx3-002185-3,g-002185,tel_Telu,MEDIUM,VALUE_SHIFT,vendor_shift,True,True,True
ntx3-002185-3,g-002185,tel_Telu,MEDIUM,VALUE_SHIFT,year_shift,True,True,True
ntx3-002185-3,g-002185,tel_Telu,MEDIUM,VALUE_SHIFT,month_shift,True,True,True
ntx3-002185-3,g-002185,tel_Telu,MEDIUM,VALUE_SHIFT,scope_broaden,True,False,True
ntx3-002185-3,g-002185,tel_Telu,MEDIUM,VALUE_SHIFT,scope_broaden+vendor_shift,True,True,True
ntx3-002185-3,g-002185,tel_Telu,MEDIUM,VALUE_SHIFT,amount_shift,True,True,True
ntx3-002185-3,g-002185,tel_Telu,MEDIUM,VALUE_SHIFT,currency_shift,True,True,True
ntx3-002357-0,g-002357,eng_Latn,LOW,VALUE_SHIFT,clean,False,False,False
ntx3-002357-0,g-002357,eng_Latn,LOW,VALUE_SHIFT,vendor_shift,True,True,True
ntx3-002357-0,g-002357,eng_Latn,LOW,VALUE_SHIFT,year_shift,True,True,True
ntx3-002357-0,g-002357,eng_Latn,LOW,VALUE_SHIFT,month_shift,True,True,True
ntx3-002357-0,g-002357,eng_Latn,LOW,VALUE_SHIFT,scope_broaden,True,False,True
ntx3-002357-0,g-002357,eng_Latn,LOW,VALUE_SHIFT,scope_broaden+vendor_shift,True,True,True
ntx3-002357-0,g-002357,eng_Latn,LOW,VALUE_SHIFT,amount_shift,True,True,True
ntx3-002357-0,g-002357,eng_Latn,LOW,VALUE_SHIFT,currency_shift,True,True,True
ntx3-002357-1,g-002357,hin_Latn,LOW,VALUE_SHIFT,clean,False,False,False
ntx3-002357-1,g-002357,hin_Latn,LOW,VALUE_SHIFT,vendor_shift,True,True,True
ntx3-002357-1,g-002357,hin_Latn,LOW,VALUE_SHIFT,year_shift,True,True,True
ntx3-002357-1,g-002357,hin_Latn,LOW,VALUE_SHIFT,month_shift,True,True,True
ntx3-002357-1,g-002357,hin_Latn,LOW,VALUE_SHIFT,scope_broaden,True,False,True
ntx3-002357-1,g-002357,hin_Latn,LOW,VALUE_SHIFT,scope_broaden+vendor_shift,True,True,True
ntx3-002357-1,g-002357,hin_Latn,LOW,VALUE_SHIFT,amount_shift,True,True,True
ntx3-002357-1,g-002357,hin_Latn,LOW,VALUE_SHIFT,currency_shift,True,True,True
ntx3-002357-2,g-002357,tel_Latn,LOW,VALUE_SHIFT,clean,False,False,False
ntx3-002357-2,g-002357,tel_Latn,LOW,VALUE_SHIFT,vendor_shift,True,True,True
ntx3-002357-2,g-002357,tel_Latn,LOW,VALUE_SHIFT,year_shift,True,True,True
ntx3-002357-2,g-002357,tel_Latn,LOW,VALUE_SHIFT,month_shift,True,True,True
ntx3-002357-2,g-002357,tel_Latn,LOW,VALUE_SHIFT,scope_broaden,True,False,True
ntx3-002357-2,g-002357,tel_Latn,LOW,VALUE_SHIFT,scope_broaden+vendor_shift,True,True,True
ntx3-002357-2,g-002357,tel_Latn,LOW,VALUE_SHIFT,amount_shift,True,True,True
ntx3-002357-2,g-002357,tel_Latn,LOW,VALUE_SHIFT,currency_shift,True,True,True
ntx3-002357-3,g-002357,tel_Telu,LOW,VALUE_SHIFT,clean,False,False,False
ntx3-002357-3,g-002357,tel_Telu,LOW,VALUE_SHIFT,vendor_shift,True,True,True
ntx3-002357-3,g-002357,tel_Telu,LOW,VALUE_SHIFT,year_shift,True,True,True
ntx3-002357-3,g-002357,tel_Telu,LOW,VALUE_SHIFT,month_shift,True,True,True
ntx3-002357-3,g-002357,tel_Telu,LOW,VALUE_SHIFT,scope_broaden,True,False,True
ntx3-002357-3,g-002357,tel_Telu,LOW,VALUE_SHIFT,scope_broaden+vendor_shift,True,True,True
ntx3-002357-3,g-002357,tel_Telu,LOW,VALUE_SHIFT,amount_shift,True,True,True
ntx3-002357-3,g-002357,tel_Telu,LOW,VALUE_SHIFT,currency_shift,True,True,True
ntx3-002054-0,g-002054,eng_Latn,MEDIUM,VALUE_SHIFT,clean,False,False,False
ntx3-002054-0,g-002054,eng_Latn,MEDIUM,VALUE_SHIFT,vendor_shift,True,True,True
ntx3-002054-0,g-002054,eng_Latn,MEDIUM,VALUE_SHIFT,year_shift,True,True,True
ntx3-002054-0,g-002054,eng_Latn,MEDIUM,VALUE_SHIFT,month_shift,True,True,True
ntx3-002054-0,g-002054,eng_Latn,MEDIUM,VALUE_SHIFT,scope_broaden,True,False,True
ntx3-002054-0,g-002054,eng_Latn,MEDIUM,VALUE_SHIFT,scope_broaden+vendor_shift,True,True,True
ntx3-002054-0,g-002054,eng_Latn,MEDIUM,VALUE_SHIFT,amount_shift,True,True,True
ntx3-002054-0,g-002054,eng_Latn,MEDIUM,VALUE_SHIFT,currency_shift,True,True,True
ntx3-002054-1,g-002054,hin_Latn,MEDIUM,VALUE_SHIFT,clean,False,False,False
ntx3-002054-1,g-002054,hin_Latn,MEDIUM,VALUE_SHIFT,vendor_shift,True,True,True
ntx3-002054-1,g-002054,hin_Latn,MEDIUM,VALUE_SHIFT,year_shift,True,True,True
ntx3-002054-1,g-002054,hin_Latn,MEDIUM,VALUE_SHIFT,month_shift,True,True,True
ntx3-002054-1,g-002054,hin_Latn,MEDIUM,VALUE_SHIFT,scope_broaden,True,False,True
ntx3-002054-1,g-002054,hin_Latn,MEDIUM,VALUE_SHIFT,scope_broaden+vendor_shift,True,True,True
ntx3-002054-1,g-002054,hin_Latn,MEDIUM,VALUE_SHIFT,amount_shift,True,True,True
ntx3-002054-1,g-002054,hin_Latn,MEDIUM,VALUE_SHIFT,currency_shift,True,True,True
ntx3-002054-2,g-002054,tel_Latn,MEDIUM,VALUE_SHIFT,clean,False,False,False
ntx3-002054-2,g-002054,tel_Latn,MEDIUM,VALUE_SHIFT,vendor_shift,True,True,True
ntx3-002054-2,g-002054,tel_Latn,MEDIUM,VALUE_SHIFT,year_shift,True,True,True
ntx3-002054-2,g-002054,tel_Latn,MEDIUM,VALUE_SHIFT,month_shift,True,True,True
ntx3-002054-2,g-002054,tel_Latn,MEDIUM,VALUE_SHIFT,scope_broaden,True,False,True
ntx3-002054-2,g-002054,tel_Latn,MEDIUM,VALUE_SHIFT,scope_broaden+vendor_shift,True,True,True
ntx3-002054-2,g-002054,tel_Latn,MEDIUM,VALUE_SHIFT,amount_shift,True,True,True
ntx3-002054-2,g-002054,tel_Latn,MEDIUM,VALUE_SHIFT,currency_shift,True,True,True
ntx3-002054-3,g-002054,tel_Telu,MEDIUM,VALUE_SHIFT,clean,False,False,False
ntx3-002054-3,g-002054,tel_Telu,MEDIUM,VALUE_SHIFT,vendor_shift,True,True,True
ntx3-002054-3,g-002054,tel_Telu,MEDIUM,VALUE_SHIFT,year_shift,True,True,True
ntx3-002054-3,g-002054,tel_Telu,MEDIUM,VALUE_SHIFT,month_shift,True,True,True
ntx3-002054-3,g-002054,tel_Telu,MEDIUM,VALUE_SHIFT,scope_broaden,True,False,True
ntx3-002054-3,g-002054,tel_Telu,MEDIUM,VALUE_SHIFT,scope_broaden+vendor_shift,True,True,True
ntx3-002054-3,g-002054,tel_Telu,MEDIUM,VALUE_SHIFT,amount_shift,True,True,True
ntx3-002054-3,g-002054,tel_Telu,MEDIUM,VALUE_SHIFT,currency_shift,True,True,True
ntx3-000246-0,g-000246,eng_Latn,MEDIUM,AMBIGUOUS,clean,False,False,False
ntx3-000246-0,g-000246,eng_Latn,MEDIUM,AMBIGUOUS,vendor_shift,True,True,True
ntx3-000246-0,g-000246,eng_Latn,MEDIUM,AMBIGUOUS,month_shift,True,True,True
ntx3-000246-0,g-000246,eng_Latn,MEDIUM,AMBIGUOUS,scope_broaden,True,False,True
ntx3-000246-0,g-000246,eng_Latn,MEDIUM,AMBIGUOUS,scope_broaden+vendor_shift,True,True,True
ntx3-000246-1,g-000246,hin_Latn,MEDIUM,AMBIGUOUS,clean,False,False,False
ntx3-000246-1,g-000246,hin_Latn,MEDIUM,AMBIGUOUS,vendor_shift,True,True,True
ntx3-000246-1,g-000246,hin_Latn,MEDIUM,AMBIGUOUS,month_shift,True,True,True
ntx3-000246-1,g-000246,hin_Latn,MEDIUM,AMBIGUOUS,scope_broaden,True,False,True
ntx3-000246-1,g-000246,hin_Latn,MEDIUM,AMBIGUOUS,scope_broaden+vendor_shift,True,True,True
ntx3-000246-2,g-000246,tel_Latn,MEDIUM,AMBIGUOUS,clean,False,False,False
ntx3-000246-2,g-000246,tel_Latn,MEDIUM,AMBIGUOUS,vendor_shift,True,True,True
ntx3-000246-2,g-000246,tel_Latn,MEDIUM,AMBIGUOUS,month_shift,True,True,True
ntx3-000246-2,g-000246,tel_Latn,MEDIUM,AMBIGUOUS,scope_broaden,True,False,True
ntx3-000246-2,g-000246,tel_Latn,MEDIUM,AMBIGUOUS,scope_broaden+vendor_shift,True,True,True
ntx3-000246-3,g-000246,tel_Telu,MEDIUM,AMBIGUOUS,clean,False,False,False
ntx3-000246-3,g-000246,tel_Telu,MEDIUM,AMBIGUOUS,vendor_shift,True,True,True
ntx3-000246-3,g-000246,tel_Telu,MEDIUM,AMBIGUOUS,month_shift,True,True,True
ntx3-000246-3,g-000246,tel_Telu,MEDIUM,AMBIGUOUS,scope_broaden,True,False,True
ntx3-000246-3,g-000246,tel_Telu,MEDIUM,AMBIGUOUS,scope_broaden+vendor_shift,True,True,True
ntx3-000469-0,g-000469,eng_Latn,HIGH,AMBIGUOUS,clean,False,False,False
ntx3-000469-0,g-000469,eng_Latn,HIGH,AMBIGUOUS,vendor_shift,True,True,True
ntx3-000469-0,g-000469,eng_Latn,HIGH,AMBIGUOUS,month_shift,True,True,True
ntx3-000469-0,g-000469,eng_Latn,HIGH,AMBIGUOUS,scope_broaden,True,False,True
ntx3-000469-0,g-000469,eng_Latn,HIGH,AMBIGUOUS,scope_broaden+vendor_shift,True,True,True
ntx3-000469-1,g-000469,hin_Latn,HIGH,AMBIGUOUS,clean,False,False,False
ntx3-000469-1,g-000469,hin_Latn,HIGH,AMBIGUOUS,vendor_shift,True,True,True
ntx3-000469-1,g-000469,hin_Latn,HIGH,AMBIGUOUS,month_shift,True,True,True
ntx3-000469-1,g-000469,hin_Latn,HIGH,AMBIGUOUS,scope_broaden,True,False,True
ntx3-000469-1,g-000469,hin_Latn,HIGH,AMBIGUOUS,scope_broaden+vendor_shift,True,True,True
ntx3-000469-2,g-000469,tel_Latn,HIGH,AMBIGUOUS,clean,False,False,False
ntx3-000469-2,g-000469,tel_Latn,HIGH,AMBIGUOUS,vendor_shift,True,True,True
ntx3-000469-2,g-000469,tel_Latn,HIGH,AMBIGUOUS,month_shift,True,True,True
ntx3-000469-2,g-000469,tel_Latn,HIGH,AMBIGUOUS,scope_broaden,True,False,True
ntx3-000469-2,g-000469,tel_Latn,HIGH,AMBIGUOUS,scope_broaden+vendor_shift,True,True,True
ntx3-000469-3,g-000469,tel_Telu,HIGH,AMBIGUOUS,clean,False,False,False
ntx3-000469-3,g-000469,tel_Telu,HIGH,AMBIGUOUS,vendor_shift,True,True,True
ntx3-000469-3,g-000469,tel_Telu,HIGH,AMBIGUOUS,month_shift,True,True,True
ntx3-000469-3,g-000469,tel_Telu,HIGH,AMBIGUOUS,scope_broaden,True,False,True
ntx3-000469-3,g-000469,tel_Telu,HIGH,AMBIGUOUS,scope_broaden+vendor_shift,True,True,True
ntx3-001694-0,g-001694,eng_Latn,CRITICAL,AMBIGUOUS,clean,False,False,False
ntx3-001694-0,g-001694,eng_Latn,CRITICAL,AMBIGUOUS,vendor_shift,True,True,True
ntx3-001694-0,g-001694,eng_Latn,CRITICAL,AMBIGUOUS,month_shift,True,True,True
ntx3-001694-0,g-001694,eng_Latn,CRITICAL,AMBIGUOUS,scope_broaden,True,False,True
ntx3-001694-0,g-001694,eng_Latn,CRITICAL,AMBIGUOUS,scope_broaden+vendor_shift,True,True,True
ntx3-001694-1,g-001694,hin_Latn,CRITICAL,AMBIGUOUS,clean,False,False,False
ntx3-001694-1,g-001694,hin_Latn,CRITICAL,AMBIGUOUS,vendor_shift,True,True,True
ntx3-001694-1,g-001694,hin_Latn,CRITICAL,AMBIGUOUS,month_shift,True,True,True
ntx3-001694-1,g-001694,hin_Latn,CRITICAL,AMBIGUOUS,scope_broaden,True,False,True
ntx3-001694-1,g-001694,hin_Latn,CRITICAL,AMBIGUOUS,scope_broaden+vendor_shift,True,True,True
ntx3-001694-2,g-001694,tel_Latn,CRITICAL,AMBIGUOUS,clean,False,False,False
ntx3-001694-2,g-001694,tel_Latn,CRITICAL,AMBIGUOUS,vendor_shift,True,True,True
ntx3-001694-2,g-001694,tel_Latn,CRITICAL,AMBIGUOUS,month_shift,True,True,True
ntx3-001694-2,g-001694,tel_Latn,CRITICAL,AMBIGUOUS,scope_broaden,True,False,True
ntx3-001694-2,g-001694,tel_Latn,CRITICAL,AMBIGUOUS,scope_broaden+vendor_shift,True,True,True
ntx3-001694-3,g-001694,tel_Telu,CRITICAL,AMBIGUOUS,clean,False,False,False
ntx3-001694-3,g-001694,tel_Telu,CRITICAL,AMBIGUOUS,vendor_shift,True,True,True
ntx3-001694-3,g-001694,tel_Telu,CRITICAL,AMBIGUOUS,month_shift,True,True,True
ntx3-001694-3,g-001694,tel_Telu,CRITICAL,AMBIGUOUS,scope_broaden,True,False,True
ntx3-001694-3,g-001694,tel_Telu,CRITICAL,AMBIGUOUS,scope_broaden+vendor_shift,True,True,True
ntx3-000516-0,g-000516,eng_Latn,HIGH,AMBIGUOUS,clean,False,False,False
ntx3-000516-0,g-000516,eng_Latn,HIGH,AMBIGUOUS,vendor_shift,True,True,True
ntx3-000516-0,g-000516,eng_Latn,HIGH,AMBIGUOUS,month_shift,True,True,True
ntx3-000516-0,g-000516,eng_Latn,HIGH,AMBIGUOUS,scope_broaden,True,False,True
ntx3-000516-0,g-000516,eng_Latn,HIGH,AMBIGUOUS,scope_broaden+vendor_shift,True,True,True
ntx3-000516-1,g-000516,hin_Latn,HIGH,AMBIGUOUS,clean,False,False,False
ntx3-000516-1,g-000516,hin_Latn,HIGH,AMBIGUOUS,vendor_shift,True,True,True
ntx3-000516-1,g-000516,hin_Latn,HIGH,AMBIGUOUS,month_shift,True,True,True
ntx3-000516-1,g-000516,hin_Latn,HIGH,AMBIGUOUS,scope_broaden,True,False,True
ntx3-000516-1,g-000516,hin_Latn,HIGH,AMBIGUOUS,scope_broaden+vendor_shift,True,True,True
ntx3-000516-2,g-000516,tel_Latn,HIGH,AMBIGUOUS,clean,False,False,False
ntx3-000516-2,g-000516,tel_Latn,HIGH,AMBIGUOUS,vendor_shift,True,True,True
ntx3-000516-2,g-000516,tel_Latn,HIGH,AMBIGUOUS,month_shift,True,True,True
ntx3-000516-2,g-000516,tel_Latn,HIGH,AMBIGUOUS,scope_broaden,True,False,True
ntx3-000516-2,g-000516,tel_Latn,HIGH,AMBIGUOUS,scope_broaden+vendor_shift,True,True,True
ntx3-000516-3,g-000516,tel_Telu,HIGH,AMBIGUOUS,clean,False,False,False
ntx3-000516-3,g-000516,tel_Telu,HIGH,AMBIGUOUS,vendor_shift,True,True,True
ntx3-000516-3,g-000516,tel_Telu,HIGH,AMBIGUOUS,month_shift,True,True,True
ntx3-000516-3,g-000516,tel_Telu,HIGH,AMBIGUOUS,scope_broaden,True,False,True
ntx3-000516-3,g-000516,tel_Telu,HIGH,AMBIGUOUS,scope_broaden+vendor_shift,True,True,True
ntx3-000514-0,g-000514,eng_Latn,MEDIUM,AMBIGUOUS,clean,False,False,False
ntx3-000514-0,g-000514,eng_Latn,MEDIUM,AMBIGUOUS,vendor_shift,True,True,True
ntx3-000514-0,g-000514,eng_Latn,MEDIUM,AMBIGUOUS,month_shift,True,True,True
ntx3-000514-0,g-000514,eng_Latn,MEDIUM,AMBIGUOUS,scope_broaden,True,False,True
ntx3-000514-0,g-000514,eng_Latn,MEDIUM,AMBIGUOUS,scope_broaden+vendor_shift,True,True,True
ntx3-000514-1,g-000514,hin_Latn,MEDIUM,AMBIGUOUS,clean,False,False,False
ntx3-000514-1,g-000514,hin_Latn,MEDIUM,AMBIGUOUS,vendor_shift,True,True,True
ntx3-000514-1,g-000514,hin_Latn,MEDIUM,AMBIGUOUS,month_shift,True,True,True
ntx3-000514-1,g-000514,hin_Latn,MEDIUM,AMBIGUOUS,scope_broaden,True,False,True
ntx3-000514-1,g-000514,hin_Latn,MEDIUM,AMBIGUOUS,scope_broaden+vendor_shift,True,True,True
ntx3-000514-2,g-000514,tel_Latn,MEDIUM,AMBIGUOUS,clean,False,False,False
ntx3-000514-2,g-000514,tel_Latn,MEDIUM,AMBIGUOUS,vendor_shift,True,True,True
ntx3-000514-2,g-000514,tel_Latn,MEDIUM,AMBIGUOUS,month_shift,True,True,True
ntx3-000514-2,g-000514,tel_Latn,MEDIUM,AMBIGUOUS,scope_broaden,True,False,True
ntx3-000514-2,g-000514,tel_Latn,MEDIUM,AMBIGUOUS,scope_broaden+vendor_shift,True,True,True
ntx3-000514-3,g-000514,tel_Telu,MEDIUM,AMBIGUOUS,clean,False,False,False
ntx3-000514-3,g-000514,tel_Telu,MEDIUM,AMBIGUOUS,vendor_shift,True,True,True
ntx3-000514-3,g-000514,tel_Telu,MEDIUM,AMBIGUOUS,month_shift,True,True,True
ntx3-000514-3,g-000514,tel_Telu,MEDIUM,AMBIGUOUS,scope_broaden,True,False,True
ntx3-000514-3,g-000514,tel_Telu,MEDIUM,AMBIGUOUS,scope_broaden+vendor_shift,True,True,True
ntx3-001625-0,g-001625,eng_Latn,HIGH,AMBIGUOUS,clean,False,False,False
ntx3-001625-0,g-001625,eng_Latn,HIGH,AMBIGUOUS,vendor_shift,True,True,True
ntx3-001625-0,g-001625,eng_Latn,HIGH,AMBIGUOUS,month_shift,True,True,True
ntx3-001625-0,g-001625,eng_Latn,HIGH,AMBIGUOUS,scope_broaden,True,False,True
ntx3-001625-0,g-001625,eng_Latn,HIGH,AMBIGUOUS,scope_broaden+vendor_shift,True,True,True
ntx3-001625-1,g-001625,hin_Latn,HIGH,AMBIGUOUS,clean,False,False,False
ntx3-001625-1,g-001625,hin_Latn,HIGH,AMBIGUOUS,vendor_shift,True,True,True
ntx3-001625-1,g-001625,hin_Latn,HIGH,AMBIGUOUS,month_shift,True,True,True
ntx3-001625-1,g-001625,hin_Latn,HIGH,AMBIGUOUS,scope_broaden,True,False,True
ntx3-001625-1,g-001625,hin_Latn,HIGH,AMBIGUOUS,scope_broaden+vendor_shift,True,True,True
ntx3-001625-2,g-001625,tel_Latn,HIGH,AMBIGUOUS,clean,False,False,False
ntx3-001625-2,g-001625,tel_Latn,HIGH,AMBIGUOUS,vendor_shift,True,True,True
ntx3-001625-2,g-001625,tel_Latn,HIGH,AMBIGUOUS,month_shift,True,True,True
ntx3-001625-2,g-001625,tel_Latn,HIGH,AMBIGUOUS,scope_broaden,True,False,True
ntx3-001625-2,g-001625,tel_Latn,HIGH,AMBIGUOUS,scope_broaden+vendor_shift,True,True,True
ntx3-001625-3,g-001625,tel_Telu,HIGH,AMBIGUOUS,clean,False,False,False
ntx3-001625-3,g-001625,tel_Telu,HIGH,AMBIGUOUS,vendor_shift,True,True,True
ntx3-001625-3,g-001625,tel_Telu,HIGH,AMBIGUOUS,month_shift,True,True,True
ntx3-001625-3,g-001625,tel_Telu,HIGH,AMBIGUOUS,scope_broaden,True,False,True
ntx3-001625-3,g-001625,tel_Telu,HIGH,AMBIGUOUS,scope_broaden+vendor_shift,True,True,True
ntx3-002236-0,g-002236,eng_Latn,HIGH,AMBIGUOUS,clean,False,False,False
ntx3-002236-0,g-002236,eng_Latn,HIGH,AMBIGUOUS,vendor_shift,True,True,True
ntx3-002236-0,g-002236,eng_Latn,HIGH,AMBIGUOUS,month_shift,True,True,True
ntx3-002236-0,g-002236,eng_Latn,HIGH,AMBIGUOUS,scope_broaden,True,False,True
ntx3-002236-0,g-002236,eng_Latn,HIGH,AMBIGUOUS,scope_broaden+vendor_shift,True,True,True
ntx3-002236-1,g-002236,hin_Latn,HIGH,AMBIGUOUS,clean,False,False,False
ntx3-002236-1,g-002236,hin_Latn,HIGH,AMBIGUOUS,vendor_shift,True,True,True
ntx3-002236-1,g-002236,hin_Latn,HIGH,AMBIGUOUS,month_shift,True,True,True
ntx3-002236-1,g-002236,hin_Latn,HIGH,AMBIGUOUS,scope_broaden,True,False,True
ntx3-002236-1,g-002236,hin_Latn,HIGH,AMBIGUOUS,scope_broaden+vendor_shift,True,True,True
ntx3-002236-2,g-002236,tel_Latn,HIGH,AMBIGUOUS,clean,False,False,False
ntx3-002236-2,g-002236,tel_Latn,HIGH,AMBIGUOUS,vendor_shift,True,True,True
ntx3-002236-2,g-002236,tel_Latn,HIGH,AMBIGUOUS,month_shift,True,True,True
ntx3-002236-2,g-002236,tel_Latn,HIGH,AMBIGUOUS,scope_broaden,True,False,True
ntx3-002236-2,g-002236,tel_Latn,HIGH,AMBIGUOUS,scope_broaden+vendor_shift,True,True,True
ntx3-002236-3,g-002236,tel_Telu,HIGH,AMBIGUOUS,clean,False,False,False
ntx3-002236-3,g-002236,tel_Telu,HIGH,AMBIGUOUS,vendor_shift,True,True,True
ntx3-002236-3,g-002236,tel_Telu,HIGH,AMBIGUOUS,month_shift,True,True,True
ntx3-002236-3,g-002236,tel_Telu,HIGH,AMBIGUOUS,scope_broaden,True,False,True
ntx3-002236-3,g-002236,tel_Telu,HIGH,AMBIGUOUS,scope_broaden+vendor_shift,True,True,True
ntx3-001352-0,g-001352,eng_Latn,MEDIUM,AMBIGUOUS,clean,False,False,False
ntx3-001352-0,g-001352,eng_Latn,MEDIUM,AMBIGUOUS,vendor_shift,True,True,True
ntx3-001352-0,g-001352,eng_Latn,MEDIUM,AMBIGUOUS,month_shift,True,True,True
ntx3-001352-0,g-001352,eng_Latn,MEDIUM,AMBIGUOUS,scope_broaden,True,False,True
ntx3-001352-0,g-001352,eng_Latn,MEDIUM,AMBIGUOUS,scope_broaden+vendor_shift,True,True,True
ntx3-001352-1,g-001352,hin_Latn,MEDIUM,AMBIGUOUS,clean,False,False,False
ntx3-001352-1,g-001352,hin_Latn,MEDIUM,AMBIGUOUS,vendor_shift,True,True,True
ntx3-001352-1,g-001352,hin_Latn,MEDIUM,AMBIGUOUS,month_shift,True,True,True
ntx3-001352-1,g-001352,hin_Latn,MEDIUM,AMBIGUOUS,scope_broaden,True,False,True
ntx3-001352-1,g-001352,hin_Latn,MEDIUM,AMBIGUOUS,scope_broaden+vendor_shift,True,True,True
ntx3-001352-2,g-001352,tel_Latn,MEDIUM,AMBIGUOUS,clean,False,False,False
ntx3-001352-2,g-001352,tel_Latn,MEDIUM,AMBIGUOUS,vendor_shift,True,True,True
ntx3-001352-2,g-001352,tel_Latn,MEDIUM,AMBIGUOUS,month_shift,True,True,True
ntx3-001352-2,g-001352,tel_Latn,MEDIUM,AMBIGUOUS,scope_broaden,True,False,True
ntx3-001352-2,g-001352,tel_Latn,MEDIUM,AMBIGUOUS,scope_broaden+vendor_shift,True,True,True
ntx3-001352-3,g-001352,tel_Telu,MEDIUM,AMBIGUOUS,clean,False,False,False
ntx3-001352-3,g-001352,tel_Telu,MEDIUM,AMBIGUOUS,vendor_shift,True,True,True
ntx3-001352-3,g-001352,tel_Telu,MEDIUM,AMBIGUOUS,month_shift,True,True,True
ntx3-001352-3,g-001352,tel_Telu,MEDIUM,AMBIGUOUS,scope_broaden,True,False,True
ntx3-001352-3,g-001352,tel_Telu,MEDIUM,AMBIGUOUS,scope_broaden+vendor_shift,True,True,True
ntx3-000698-0,g-000698,eng_Latn,MEDIUM,AMBIGUOUS,clean,False,False,False
ntx3-000698-0,g-000698,eng_Latn,MEDIUM,AMBIGUOUS,vendor_shift,True,True,True
ntx3-000698-0,g-000698,eng_Latn,MEDIUM,AMBIGUOUS,month_shift,True,True,True
ntx3-000698-0,g-000698,eng_Latn,MEDIUM,AMBIGUOUS,scope_broaden,True,False,True
ntx3-000698-0,g-000698,eng_Latn,MEDIUM,AMBIGUOUS,scope_broaden+vendor_shift,True,True,True
ntx3-000698-1,g-000698,hin_Latn,MEDIUM,AMBIGUOUS,clean,False,False,False
ntx3-000698-1,g-000698,hin_Latn,MEDIUM,AMBIGUOUS,vendor_shift,True,True,True
ntx3-000698-1,g-000698,hin_Latn,MEDIUM,AMBIGUOUS,month_shift,True,True,True
ntx3-000698-1,g-000698,hin_Latn,MEDIUM,AMBIGUOUS,scope_broaden,True,False,True
ntx3-000698-1,g-000698,hin_Latn,MEDIUM,AMBIGUOUS,scope_broaden+vendor_shift,True,True,True
ntx3-000698-2,g-000698,tel_Latn,MEDIUM,AMBIGUOUS,clean,False,False,False
ntx3-000698-2,g-000698,tel_Latn,MEDIUM,AMBIGUOUS,vendor_shift,True,True,True
ntx3-000698-2,g-000698,tel_Latn,MEDIUM,AMBIGUOUS,month_shift,True,True,True
ntx3-000698-2,g-000698,tel_Latn,MEDIUM,AMBIGUOUS,scope_broaden,True,False,True
ntx3-000698-2,g-000698,tel_Latn,MEDIUM,AMBIGUOUS,scope_broaden+vendor_shift,True,True,True
ntx3-000698-3,g-000698,tel_Telu,MEDIUM,AMBIGUOUS,clean,False,False,False
ntx3-000698-3,g-000698,tel_Telu,MEDIUM,AMBIGUOUS,vendor_shift,True,True,True
ntx3-000698-3,g-000698,tel_Telu,MEDIUM,AMBIGUOUS,month_shift,True,True,True
ntx3-000698-3,g-000698,tel_Telu,MEDIUM,AMBIGUOUS,scope_broaden,True,False,True
ntx3-000698-3,g-000698,tel_Telu,MEDIUM,AMBIGUOUS,scope_broaden+vendor_shift,True,True,True
ntx3-001735-0,g-001735,eng_Latn,LOW,AMBIGUOUS,clean,False,False,False
ntx3-001735-0,g-001735,eng_Latn,LOW,AMBIGUOUS,vendor_shift,True,True,True
ntx3-001735-0,g-001735,eng_Latn,LOW,AMBIGUOUS,month_shift,True,True,True
ntx3-001735-0,g-001735,eng_Latn,LOW,AMBIGUOUS,scope_broaden,True,False,True
ntx3-001735-0,g-001735,eng_Latn,LOW,AMBIGUOUS,scope_broaden+vendor_shift,True,True,True
ntx3-001735-1,g-001735,hin_Latn,LOW,AMBIGUOUS,clean,False,False,False
ntx3-001735-1,g-001735,hin_Latn,LOW,AMBIGUOUS,vendor_shift,True,True,True
ntx3-001735-1,g-001735,hin_Latn,LOW,AMBIGUOUS,month_shift,True,True,True
ntx3-001735-1,g-001735,hin_Latn,LOW,AMBIGUOUS,scope_broaden,True,False,True
ntx3-001735-1,g-001735,hin_Latn,LOW,AMBIGUOUS,scope_broaden+vendor_shift,True,True,True
ntx3-001735-2,g-001735,tel_Latn,LOW,AMBIGUOUS,clean,False,False,False
ntx3-001735-2,g-001735,tel_Latn,LOW,AMBIGUOUS,vendor_shift,True,True,True
ntx3-001735-2,g-001735,tel_Latn,LOW,AMBIGUOUS,month_shift,True,True,True
ntx3-001735-2,g-001735,tel_Latn,LOW,AMBIGUOUS,scope_broaden,True,False,True
ntx3-001735-2,g-001735,tel_Latn,LOW,AMBIGUOUS,scope_broaden+vendor_shift,True,True,True
ntx3-001735-3,g-001735,tel_Telu,LOW,AMBIGUOUS,clean,False,False,False
ntx3-001735-3,g-001735,tel_Telu,LOW,AMBIGUOUS,vendor_shift,True,True,True
ntx3-001735-3,g-001735,tel_Telu,LOW,AMBIGUOUS,month_shift,True,True,True
ntx3-001735-3,g-001735,tel_Telu,LOW,AMBIGUOUS,scope_broaden,True,False,True
ntx3-001735-3,g-001735,tel_Telu,LOW,AMBIGUOUS,scope_broaden+vendor_shift,True,True,True
ntx3-001059-0,g-001059,eng_Latn,MEDIUM,AMBIGUOUS,clean,False,False,False
ntx3-001059-0,g-001059,eng_Latn,MEDIUM,AMBIGUOUS,vendor_shift,True,True,True
ntx3-001059-0,g-001059,eng_Latn,MEDIUM,AMBIGUOUS,month_shift,True,True,True
ntx3-001059-0,g-001059,eng_Latn,MEDIUM,AMBIGUOUS,scope_broaden,True,False,True
ntx3-001059-0,g-001059,eng_Latn,MEDIUM,AMBIGUOUS,scope_broaden+vendor_shift,True,True,True
ntx3-001059-1,g-001059,hin_Latn,MEDIUM,AMBIGUOUS,clean,False,False,False
ntx3-001059-1,g-001059,hin_Latn,MEDIUM,AMBIGUOUS,vendor_shift,True,True,True
ntx3-001059-1,g-001059,hin_Latn,MEDIUM,AMBIGUOUS,month_shift,True,True,True
ntx3-001059-1,g-001059,hin_Latn,MEDIUM,AMBIGUOUS,scope_broaden,True,False,True
ntx3-001059-1,g-001059,hin_Latn,MEDIUM,AMBIGUOUS,scope_broaden+vendor_shift,True,True,True
ntx3-001059-2,g-001059,tel_Latn,MEDIUM,AMBIGUOUS,clean,False,False,False
ntx3-001059-2,g-001059,tel_Latn,MEDIUM,AMBIGUOUS,vendor_shift,True,True,True
ntx3-001059-2,g-001059,tel_Latn,MEDIUM,AMBIGUOUS,month_shift,True,True,True
ntx3-001059-2,g-001059,tel_Latn,MEDIUM,AMBIGUOUS,scope_broaden,True,False,True
ntx3-001059-2,g-001059,tel_Latn,MEDIUM,AMBIGUOUS,scope_broaden+vendor_shift,True,True,True
ntx3-001059-3,g-001059,tel_Telu,MEDIUM,AMBIGUOUS,clean,False,False,False
ntx3-001059-3,g-001059,tel_Telu,MEDIUM,AMBIGUOUS,vendor_shift,True,True,True
ntx3-001059-3,g-001059,tel_Telu,MEDIUM,AMBIGUOUS,month_shift,True,True,True
ntx3-001059-3,g-001059,tel_Telu,MEDIUM,AMBIGUOUS,scope_broaden,True,False,True
ntx3-001059-3,g-001059,tel_Telu,MEDIUM,AMBIGUOUS,scope_broaden+vendor_shift,True,True,True
ntx3-002141-0,g-002141,eng_Latn,MEDIUM,AMBIGUOUS,clean,False,False,False
ntx3-002141-0,g-002141,eng_Latn,MEDIUM,AMBIGUOUS,vendor_shift,True,True,True
ntx3-002141-0,g-002141,eng_Latn,MEDIUM,AMBIGUOUS,month_shift,True,True,True
ntx3-002141-0,g-002141,eng_Latn,MEDIUM,AMBIGUOUS,scope_broaden,True,False,True
ntx3-002141-0,g-002141,eng_Latn,MEDIUM,AMBIGUOUS,scope_broaden+vendor_shift,True,True,True
ntx3-002141-1,g-002141,hin_Latn,MEDIUM,AMBIGUOUS,clean,False,False,False
ntx3-002141-1,g-002141,hin_Latn,MEDIUM,AMBIGUOUS,vendor_shift,True,True,True
ntx3-002141-1,g-002141,hin_Latn,MEDIUM,AMBIGUOUS,month_shift,True,True,True
ntx3-002141-1,g-002141,hin_Latn,MEDIUM,AMBIGUOUS,scope_broaden,True,False,True
ntx3-002141-1,g-002141,hin_Latn,MEDIUM,AMBIGUOUS,scope_broaden+vendor_shift,True,True,True
ntx3-002141-2,g-002141,tel_Latn,MEDIUM,AMBIGUOUS,clean,False,False,False
ntx3-002141-2,g-002141,tel_Latn,MEDIUM,AMBIGUOUS,vendor_shift,True,True,True
ntx3-002141-2,g-002141,tel_Latn,MEDIUM,AMBIGUOUS,month_shift,True,True,True
ntx3-002141-2,g-002141,tel_Latn,MEDIUM,AMBIGUOUS,scope_broaden,True,False,True
ntx3-002141-2,g-002141,tel_Latn,MEDIUM,AMBIGUOUS,scope_broaden+vendor_shift,True,True,True
ntx3-002141-3,g-002141,tel_Telu,MEDIUM,AMBIGUOUS,clean,False,False,False
ntx3-002141-3,g-002141,tel_Telu,MEDIUM,AMBIGUOUS,vendor_shift,True,True,True
ntx3-002141-3,g-002141,tel_Telu,MEDIUM,AMBIGUOUS,month_shift,True,True,True
ntx3-002141-3,g-002141,tel_Telu,MEDIUM,AMBIGUOUS,scope_broaden,True,False,True
ntx3-002141-3,g-002141,tel_Telu,MEDIUM,AMBIGUOUS,scope_broaden+vendor_shift,True,True,True
ntx3-001497-0,g-001497,eng_Latn,MEDIUM,AMBIGUOUS,clean,False,False,False
ntx3-001497-0,g-001497,eng_Latn,MEDIUM,AMBIGUOUS,vendor_shift,True,True,True
ntx3-001497-0,g-001497,eng_Latn,MEDIUM,AMBIGUOUS,month_shift,True,True,True
ntx3-001497-0,g-001497,eng_Latn,MEDIUM,AMBIGUOUS,scope_broaden,True,False,True
ntx3-001497-0,g-001497,eng_Latn,MEDIUM,AMBIGUOUS,scope_broaden+vendor_shift,True,True,True
ntx3-001497-1,g-001497,hin_Latn,MEDIUM,AMBIGUOUS,clean,False,False,False
ntx3-001497-1,g-001497,hin_Latn,MEDIUM,AMBIGUOUS,vendor_shift,True,True,True
ntx3-001497-1,g-001497,hin_Latn,MEDIUM,AMBIGUOUS,month_shift,True,True,True
ntx3-001497-1,g-001497,hin_Latn,MEDIUM,AMBIGUOUS,scope_broaden,True,False,True
ntx3-001497-1,g-001497,hin_Latn,MEDIUM,AMBIGUOUS,scope_broaden+vendor_shift,True,True,True
ntx3-001497-2,g-001497,tel_Latn,MEDIUM,AMBIGUOUS,clean,False,False,False
ntx3-001497-2,g-001497,tel_Latn,MEDIUM,AMBIGUOUS,vendor_shift,True,True,True
ntx3-001497-2,g-001497,tel_Latn,MEDIUM,AMBIGUOUS,month_shift,True,True,True
ntx3-001497-2,g-001497,tel_Latn,MEDIUM,AMBIGUOUS,scope_broaden,True,False,True
ntx3-001497-2,g-001497,tel_Latn,MEDIUM,AMBIGUOUS,scope_broaden+vendor_shift,True,True,True
ntx3-001497-3,g-001497,tel_Telu,MEDIUM,AMBIGUOUS,clean,False,False,False
ntx3-001497-3,g-001497,tel_Telu,MEDIUM,AMBIGUOUS,vendor_shift,True,True,True
ntx3-001497-3,g-001497,tel_Telu,MEDIUM,AMBIGUOUS,month_shift,True,True,True
ntx3-001497-3,g-001497,tel_Telu,MEDIUM,AMBIGUOUS,scope_broaden,True,False,True
ntx3-001497-3,g-001497,tel_Telu,MEDIUM,AMBIGUOUS,scope_broaden+vendor_shift,True,True,True
ntx3-001321-0,g-001321,eng_Latn,CRITICAL,AMBIGUOUS,clean,False,False,False
ntx3-001321-0,g-001321,eng_Latn,CRITICAL,AMBIGUOUS,vendor_shift,True,True,True
ntx3-001321-0,g-001321,eng_Latn,CRITICAL,AMBIGUOUS,month_shift,True,True,True
ntx3-001321-0,g-001321,eng_Latn,CRITICAL,AMBIGUOUS,scope_broaden,True,False,True
ntx3-001321-0,g-001321,eng_Latn,CRITICAL,AMBIGUOUS,scope_broaden+vendor_shift,True,True,True
ntx3-001321-1,g-001321,hin_Latn,CRITICAL,AMBIGUOUS,clean,False,False,False
ntx3-001321-1,g-001321,hin_Latn,CRITICAL,AMBIGUOUS,vendor_shift,True,True,True
ntx3-001321-1,g-001321,hin_Latn,CRITICAL,AMBIGUOUS,month_shift,True,True,True
ntx3-001321-1,g-001321,hin_Latn,CRITICAL,AMBIGUOUS,scope_broaden,True,False,True
ntx3-001321-1,g-001321,hin_Latn,CRITICAL,AMBIGUOUS,scope_broaden+vendor_shift,True,True,True
ntx3-001321-2,g-001321,tel_Latn,CRITICAL,AMBIGUOUS,clean,False,False,False
ntx3-001321-2,g-001321,tel_Latn,CRITICAL,AMBIGUOUS,vendor_shift,True,True,True
ntx3-001321-2,g-001321,tel_Latn,CRITICAL,AMBIGUOUS,month_shift,True,True,True
ntx3-001321-2,g-001321,tel_Latn,CRITICAL,AMBIGUOUS,scope_broaden,True,False,True
ntx3-001321-2,g-001321,tel_Latn,CRITICAL,AMBIGUOUS,scope_broaden+vendor_shift,True,True,True
ntx3-001321-3,g-001321,tel_Telu,CRITICAL,AMBIGUOUS,clean,False,False,False
ntx3-001321-3,g-001321,tel_Telu,CRITICAL,AMBIGUOUS,vendor_shift,True,True,True
ntx3-001321-3,g-001321,tel_Telu,CRITICAL,AMBIGUOUS,month_shift,True,True,True
ntx3-001321-3,g-001321,tel_Telu,CRITICAL,AMBIGUOUS,scope_broaden,True,False,True
ntx3-001321-3,g-001321,tel_Telu,CRITICAL,AMBIGUOUS,scope_broaden+vendor_shift,True,True,True
ntx3-002334-0,g-002334,eng_Latn,HIGH,AMBIGUOUS,clean,False,False,False
ntx3-002334-0,g-002334,eng_Latn,HIGH,AMBIGUOUS,vendor_shift,True,True,True
ntx3-002334-0,g-002334,eng_Latn,HIGH,AMBIGUOUS,month_shift,True,True,True
ntx3-002334-0,g-002334,eng_Latn,HIGH,AMBIGUOUS,scope_broaden,True,False,True
ntx3-002334-0,g-002334,eng_Latn,HIGH,AMBIGUOUS,scope_broaden+vendor_shift,True,True,True
ntx3-002334-1,g-002334,hin_Latn,HIGH,AMBIGUOUS,clean,False,False,False
ntx3-002334-1,g-002334,hin_Latn,HIGH,AMBIGUOUS,vendor_shift,True,True,True
ntx3-002334-1,g-002334,hin_Latn,HIGH,AMBIGUOUS,month_shift,True,True,True
ntx3-002334-1,g-002334,hin_Latn,HIGH,AMBIGUOUS,scope_broaden,True,False,True
ntx3-002334-1,g-002334,hin_Latn,HIGH,AMBIGUOUS,scope_broaden+vendor_shift,True,True,True
ntx3-002334-2,g-002334,tel_Latn,HIGH,AMBIGUOUS,clean,False,False,False
ntx3-002334-2,g-002334,tel_Latn,HIGH,AMBIGUOUS,vendor_shift,True,True,True
ntx3-002334-2,g-002334,tel_Latn,HIGH,AMBIGUOUS,month_shift,True,True,True
ntx3-002334-2,g-002334,tel_Latn,HIGH,AMBIGUOUS,scope_broaden,True,False,True
ntx3-002334-2,g-002334,tel_Latn,HIGH,AMBIGUOUS,scope_broaden+vendor_shift,True,True,True
ntx3-002334-3,g-002334,tel_Telu,HIGH,AMBIGUOUS,clean,False,False,False
ntx3-002334-3,g-002334,tel_Telu,HIGH,AMBIGUOUS,vendor_shift,True,True,True
ntx3-002334-3,g-002334,tel_Telu,HIGH,AMBIGUOUS,month_shift,True,True,True
ntx3-002334-3,g-002334,tel_Telu,HIGH,AMBIGUOUS,scope_broaden,True,False,True
ntx3-002334-3,g-002334,tel_Telu,HIGH,AMBIGUOUS,scope_broaden+vendor_shift,True,True,True
ntx3-001567-0,g-001567,eng_Latn,MEDIUM,AMBIGUOUS,clean,False,False,False
ntx3-001567-0,g-001567,eng_Latn,MEDIUM,AMBIGUOUS,vendor_shift,True,True,True
ntx3-001567-0,g-001567,eng_Latn,MEDIUM,AMBIGUOUS,month_shift,True,True,True
ntx3-001567-0,g-001567,eng_Latn,MEDIUM,AMBIGUOUS,scope_broaden,True,False,True
ntx3-001567-0,g-001567,eng_Latn,MEDIUM,AMBIGUOUS,scope_broaden+vendor_shift,True,True,True
ntx3-001567-1,g-001567,hin_Latn,MEDIUM,AMBIGUOUS,clean,False,False,False
ntx3-001567-1,g-001567,hin_Latn,MEDIUM,AMBIGUOUS,vendor_shift,True,True,True
ntx3-001567-1,g-001567,hin_Latn,MEDIUM,AMBIGUOUS,month_shift,True,True,True
ntx3-001567-1,g-001567,hin_Latn,MEDIUM,AMBIGUOUS,scope_broaden,True,False,True
ntx3-001567-1,g-001567,hin_Latn,MEDIUM,AMBIGUOUS,scope_broaden+vendor_shift,True,True,True
ntx3-001567-2,g-001567,tel_Latn,MEDIUM,AMBIGUOUS,clean,False,False,False
ntx3-001567-2,g-001567,tel_Latn,MEDIUM,AMBIGUOUS,vendor_shift,True,True,True
ntx3-001567-2,g-001567,tel_Latn,MEDIUM,AMBIGUOUS,month_shift,True,True,True
ntx3-001567-2,g-001567,tel_Latn,MEDIUM,AMBIGUOUS,scope_broaden,True,False,True
ntx3-001567-2,g-001567,tel_Latn,MEDIUM,AMBIGUOUS,scope_broaden+vendor_shift,True,True,True
ntx3-001567-3,g-001567,tel_Telu,MEDIUM,AMBIGUOUS,clean,False,False,False
ntx3-001567-3,g-001567,tel_Telu,MEDIUM,AMBIGUOUS,vendor_shift,True,True,True
ntx3-001567-3,g-001567,tel_Telu,MEDIUM,AMBIGUOUS,month_shift,True,True,True
ntx3-001567-3,g-001567,tel_Telu,MEDIUM,AMBIGUOUS,scope_broaden,True,False,True
ntx3-001567-3,g-001567,tel_Telu,MEDIUM,AMBIGUOUS,scope_broaden+vendor_shift,True,True,True
ntx3-000584-0,g-000584,eng_Latn,HIGH,AMBIGUOUS,clean,False,False,False
ntx3-000584-0,g-000584,eng_Latn,HIGH,AMBIGUOUS,vendor_shift,True,True,True
ntx3-000584-0,g-000584,eng_Latn,HIGH,AMBIGUOUS,month_shift,True,True,True
ntx3-000584-0,g-000584,eng_Latn,HIGH,AMBIGUOUS,scope_broaden,True,False,True
ntx3-000584-0,g-000584,eng_Latn,HIGH,AMBIGUOUS,scope_broaden+vendor_shift,True,True,True
ntx3-000584-1,g-000584,hin_Latn,HIGH,AMBIGUOUS,clean,False,False,False
ntx3-000584-1,g-000584,hin_Latn,HIGH,AMBIGUOUS,vendor_shift,True,True,True
ntx3-000584-1,g-000584,hin_Latn,HIGH,AMBIGUOUS,month_shift,True,True,True
ntx3-000584-1,g-000584,hin_Latn,HIGH,AMBIGUOUS,scope_broaden,True,False,True
ntx3-000584-1,g-000584,hin_Latn,HIGH,AMBIGUOUS,scope_broaden+vendor_shift,True,True,True
ntx3-000584-2,g-000584,tel_Latn,HIGH,AMBIGUOUS,clean,False,False,False
ntx3-000584-2,g-000584,tel_Latn,HIGH,AMBIGUOUS,vendor_shift,True,True,True
ntx3-000584-2,g-000584,tel_Latn,HIGH,AMBIGUOUS,month_shift,True,True,True
ntx3-000584-2,g-000584,tel_Latn,HIGH,AMBIGUOUS,scope_broaden,True,False,True
ntx3-000584-2,g-000584,tel_Latn,HIGH,AMBIGUOUS,scope_broaden+vendor_shift,True,True,True
ntx3-000584-3,g-000584,tel_Telu,HIGH,AMBIGUOUS,clean,False,False,False
ntx3-000584-3,g-000584,tel_Telu,HIGH,AMBIGUOUS,vendor_shift,True,True,True
ntx3-000584-3,g-000584,tel_Telu,HIGH,AMBIGUOUS,month_shift,True,True,True
ntx3-000584-3,g-000584,tel_Telu,HIGH,AMBIGUOUS,scope_broaden,True,False,True
ntx3-000584-3,g-000584,tel_Telu,HIGH,AMBIGUOUS,scope_broaden+vendor_shift,True,True,True
ntx3-002026-0,g-002026,eng_Latn,LOW,AMBIGUOUS,clean,False,False,False
ntx3-002026-0,g-002026,eng_Latn,LOW,AMBIGUOUS,vendor_shift,True,True,True
ntx3-002026-0,g-002026,eng_Latn,LOW,AMBIGUOUS,month_shift,True,True,True
ntx3-002026-0,g-002026,eng_Latn,LOW,AMBIGUOUS,scope_broaden,True,False,True
ntx3-002026-0,g-002026,eng_Latn,LOW,AMBIGUOUS,scope_broaden+vendor_shift,True,True,True
ntx3-002026-1,g-002026,hin_Latn,LOW,AMBIGUOUS,clean,False,False,False
ntx3-002026-1,g-002026,hin_Latn,LOW,AMBIGUOUS,vendor_shift,True,True,True
ntx3-002026-1,g-002026,hin_Latn,LOW,AMBIGUOUS,month_shift,True,True,True
ntx3-002026-1,g-002026,hin_Latn,LOW,AMBIGUOUS,scope_broaden,True,False,True
ntx3-002026-1,g-002026,hin_Latn,LOW,AMBIGUOUS,scope_broaden+vendor_shift,True,True,True
ntx3-002026-2,g-002026,tel_Latn,LOW,AMBIGUOUS,clean,False,False,False
ntx3-002026-2,g-002026,tel_Latn,LOW,AMBIGUOUS,vendor_shift,True,True,True
ntx3-002026-2,g-002026,tel_Latn,LOW,AMBIGUOUS,month_shift,True,True,True
ntx3-002026-2,g-002026,tel_Latn,LOW,AMBIGUOUS,scope_broaden,True,False,True
ntx3-002026-2,g-002026,tel_Latn,LOW,AMBIGUOUS,scope_broaden+vendor_shift,True,True,True
ntx3-002026-3,g-002026,tel_Telu,LOW,AMBIGUOUS,clean,False,False,False
ntx3-002026-3,g-002026,tel_Telu,LOW,AMBIGUOUS,vendor_shift,True,True,True
ntx3-002026-3,g-002026,tel_Telu,LOW,AMBIGUOUS,month_shift,True,True,True
ntx3-002026-3,g-002026,tel_Telu,LOW,AMBIGUOUS,scope_broaden,True,False,True
ntx3-002026-3,g-002026,tel_Telu,LOW,AMBIGUOUS,scope_broaden+vendor_shift,True,True,True
ntx3-002406-0,g-002406,eng_Latn,MEDIUM,AMBIGUOUS,clean,False,False,False
ntx3-002406-0,g-002406,eng_Latn,MEDIUM,AMBIGUOUS,vendor_shift,True,True,True
ntx3-002406-0,g-002406,eng_Latn,MEDIUM,AMBIGUOUS,month_shift,True,True,True
ntx3-002406-0,g-002406,eng_Latn,MEDIUM,AMBIGUOUS,scope_broaden,True,False,True
ntx3-002406-0,g-002406,eng_Latn,MEDIUM,AMBIGUOUS,scope_broaden+vendor_shift,True,True,True
ntx3-002406-1,g-002406,hin_Latn,MEDIUM,AMBIGUOUS,clean,False,False,False
ntx3-002406-1,g-002406,hin_Latn,MEDIUM,AMBIGUOUS,vendor_shift,True,True,True
ntx3-002406-1,g-002406,hin_Latn,MEDIUM,AMBIGUOUS,month_shift,True,True,True
ntx3-002406-1,g-002406,hin_Latn,MEDIUM,AMBIGUOUS,scope_broaden,True,False,True
ntx3-002406-1,g-002406,hin_Latn,MEDIUM,AMBIGUOUS,scope_broaden+vendor_shift,True,True,True
ntx3-002406-2,g-002406,tel_Latn,MEDIUM,AMBIGUOUS,clean,False,False,False
ntx3-002406-2,g-002406,tel_Latn,MEDIUM,AMBIGUOUS,vendor_shift,True,True,True
ntx3-002406-2,g-002406,tel_Latn,MEDIUM,AMBIGUOUS,month_shift,True,True,True
ntx3-002406-2,g-002406,tel_Latn,MEDIUM,AMBIGUOUS,scope_broaden,True,False,True
ntx3-002406-2,g-002406,tel_Latn,MEDIUM,AMBIGUOUS,scope_broaden+vendor_shift,True,True,True
ntx3-002406-3,g-002406,tel_Telu,MEDIUM,AMBIGUOUS,clean,False,False,False
ntx3-002406-3,g-002406,tel_Telu,MEDIUM,AMBIGUOUS,vendor_shift,True,True,True
ntx3-002406-3,g-002406,tel_Telu,MEDIUM,AMBIGUOUS,month_shift,True,True,True
ntx3-002406-3,g-002406,tel_Telu,MEDIUM,AMBIGUOUS,scope_broaden,True,False,True
ntx3-002406-3,g-002406,tel_Telu,MEDIUM,AMBIGUOUS,scope_broaden+vendor_shift,True,True,True
ntx3-001950-0,g-001950,eng_Latn,MEDIUM,AMBIGUOUS,clean,False,False,False
ntx3-001950-0,g-001950,eng_Latn,MEDIUM,AMBIGUOUS,vendor_shift,True,True,True
ntx3-001950-0,g-001950,eng_Latn,MEDIUM,AMBIGUOUS,month_shift,True,True,True
ntx3-001950-0,g-001950,eng_Latn,MEDIUM,AMBIGUOUS,scope_broaden,True,False,True
ntx3-001950-0,g-001950,eng_Latn,MEDIUM,AMBIGUOUS,scope_broaden+vendor_shift,True,True,True
ntx3-001950-1,g-001950,hin_Latn,MEDIUM,AMBIGUOUS,clean,False,False,False
ntx3-001950-1,g-001950,hin_Latn,MEDIUM,AMBIGUOUS,vendor_shift,True,True,True
ntx3-001950-1,g-001950,hin_Latn,MEDIUM,AMBIGUOUS,month_shift,True,True,True
ntx3-001950-1,g-001950,hin_Latn,MEDIUM,AMBIGUOUS,scope_broaden,True,False,True
ntx3-001950-1,g-001950,hin_Latn,MEDIUM,AMBIGUOUS,scope_broaden+vendor_shift,True,True,True
ntx3-001950-2,g-001950,tel_Latn,MEDIUM,AMBIGUOUS,clean,False,False,False
ntx3-001950-2,g-001950,tel_Latn,MEDIUM,AMBIGUOUS,vendor_shift,True,True,True
ntx3-001950-2,g-001950,tel_Latn,MEDIUM,AMBIGUOUS,month_shift,True,True,True
ntx3-001950-2,g-001950,tel_Latn,MEDIUM,AMBIGUOUS,scope_broaden,True,False,True
ntx3-001950-2,g-001950,tel_Latn,MEDIUM,AMBIGUOUS,scope_broaden+vendor_shift,True,True,True
ntx3-001950-3,g-001950,tel_Telu,MEDIUM,AMBIGUOUS,clean,False,False,False
ntx3-001950-3,g-001950,tel_Telu,MEDIUM,AMBIGUOUS,vendor_shift,True,True,True
ntx3-001950-3,g-001950,tel_Telu,MEDIUM,AMBIGUOUS,month_shift,True,True,True
ntx3-001950-3,g-001950,tel_Telu,MEDIUM,AMBIGUOUS,scope_broaden,True,False,True
ntx3-001950-3,g-001950,tel_Telu,MEDIUM,AMBIGUOUS,scope_broaden+vendor_shift,True,True,True
ntx3-002055-0,g-002055,eng_Latn,MEDIUM,AMBIGUOUS,clean,False,False,False
ntx3-002055-0,g-002055,eng_Latn,MEDIUM,AMBIGUOUS,vendor_shift,True,True,True
ntx3-002055-0,g-002055,eng_Latn,MEDIUM,AMBIGUOUS,month_shift,True,True,True
ntx3-002055-0,g-002055,eng_Latn,MEDIUM,AMBIGUOUS,scope_broaden,True,False,True
ntx3-002055-0,g-002055,eng_Latn,MEDIUM,AMBIGUOUS,scope_broaden+vendor_shift,True,True,True
ntx3-002055-1,g-002055,hin_Latn,MEDIUM,AMBIGUOUS,clean,False,False,False
ntx3-002055-1,g-002055,hin_Latn,MEDIUM,AMBIGUOUS,vendor_shift,True,True,True
ntx3-002055-1,g-002055,hin_Latn,MEDIUM,AMBIGUOUS,month_shift,True,True,True
ntx3-002055-1,g-002055,hin_Latn,MEDIUM,AMBIGUOUS,scope_broaden,True,False,True
ntx3-002055-1,g-002055,hin_Latn,MEDIUM,AMBIGUOUS,scope_broaden+vendor_shift,True,True,True
ntx3-002055-2,g-002055,tel_Latn,MEDIUM,AMBIGUOUS,clean,False,False,False
ntx3-002055-2,g-002055,tel_Latn,MEDIUM,AMBIGUOUS,vendor_shift,True,True,True
ntx3-002055-2,g-002055,tel_Latn,MEDIUM,AMBIGUOUS,month_shift,True,True,True
ntx3-002055-2,g-002055,tel_Latn,MEDIUM,AMBIGUOUS,scope_broaden,True,False,True
ntx3-002055-2,g-002055,tel_Latn,MEDIUM,AMBIGUOUS,scope_broaden+vendor_shift,True,True,True
ntx3-002055-3,g-002055,tel_Telu,MEDIUM,AMBIGUOUS,clean,False,False,False
ntx3-002055-3,g-002055,tel_Telu,MEDIUM,AMBIGUOUS,vendor_shift,True,True,True
ntx3-002055-3,g-002055,tel_Telu,MEDIUM,AMBIGUOUS,month_shift,True,True,True
ntx3-002055-3,g-002055,tel_Telu,MEDIUM,AMBIGUOUS,scope_broaden,True,False,True
ntx3-002055-3,g-002055,tel_Telu,MEDIUM,AMBIGUOUS,scope_broaden+vendor_shift,True,True,True
ntx3-000746-0,g-000746,eng_Latn,LOW,AMBIGUOUS,clean,False,False,False
ntx3-000746-0,g-000746,eng_Latn,LOW,AMBIGUOUS,vendor_shift,True,True,True
ntx3-000746-0,g-000746,eng_Latn,LOW,AMBIGUOUS,month_shift,True,True,True
ntx3-000746-0,g-000746,eng_Latn,LOW,AMBIGUOUS,scope_broaden,True,False,True
ntx3-000746-0,g-000746,eng_Latn,LOW,AMBIGUOUS,scope_broaden+vendor_shift,True,True,True
ntx3-000746-1,g-000746,hin_Latn,LOW,AMBIGUOUS,clean,False,False,False
ntx3-000746-1,g-000746,hin_Latn,LOW,AMBIGUOUS,vendor_shift,True,True,True
ntx3-000746-1,g-000746,hin_Latn,LOW,AMBIGUOUS,month_shift,True,True,True
ntx3-000746-1,g-000746,hin_Latn,LOW,AMBIGUOUS,scope_broaden,True,False,True
ntx3-000746-1,g-000746,hin_Latn,LOW,AMBIGUOUS,scope_broaden+vendor_shift,True,True,True
ntx3-000746-2,g-000746,tel_Latn,LOW,AMBIGUOUS,clean,False,False,False
ntx3-000746-2,g-000746,tel_Latn,LOW,AMBIGUOUS,vendor_shift,True,True,True
ntx3-000746-2,g-000746,tel_Latn,LOW,AMBIGUOUS,month_shift,True,True,True
ntx3-000746-2,g-000746,tel_Latn,LOW,AMBIGUOUS,scope_broaden,True,False,True
ntx3-000746-2,g-000746,tel_Latn,LOW,AMBIGUOUS,scope_broaden+vendor_shift,True,True,True
ntx3-000746-3,g-000746,tel_Telu,LOW,AMBIGUOUS,clean,False,False,False
ntx3-000746-3,g-000746,tel_Telu,LOW,AMBIGUOUS,vendor_shift,True,True,True
ntx3-000746-3,g-000746,tel_Telu,LOW,AMBIGUOUS,month_shift,True,True,True
ntx3-000746-3,g-000746,tel_Telu,LOW,AMBIGUOUS,scope_broaden,True,False,True
ntx3-000746-3,g-000746,tel_Telu,LOW,AMBIGUOUS,scope_broaden+vendor_shift,True,True,True
ntx3-001033-0,g-001033,eng_Latn,MEDIUM,AMBIGUOUS,clean,False,False,False
ntx3-001033-0,g-001033,eng_Latn,MEDIUM,AMBIGUOUS,vendor_shift,True,True,True
ntx3-001033-0,g-001033,eng_Latn,MEDIUM,AMBIGUOUS,month_shift,True,True,True
ntx3-001033-0,g-001033,eng_Latn,MEDIUM,AMBIGUOUS,scope_broaden,True,False,True
ntx3-001033-0,g-001033,eng_Latn,MEDIUM,AMBIGUOUS,scope_broaden+vendor_shift,True,True,True
ntx3-001033-1,g-001033,hin_Latn,MEDIUM,AMBIGUOUS,clean,False,False,False
ntx3-001033-1,g-001033,hin_Latn,MEDIUM,AMBIGUOUS,vendor_shift,True,True,True
ntx3-001033-1,g-001033,hin_Latn,MEDIUM,AMBIGUOUS,month_shift,True,True,True
ntx3-001033-1,g-001033,hin_Latn,MEDIUM,AMBIGUOUS,scope_broaden,True,False,True
ntx3-001033-1,g-001033,hin_Latn,MEDIUM,AMBIGUOUS,scope_broaden+vendor_shift,True,True,True
ntx3-001033-2,g-001033,tel_Latn,MEDIUM,AMBIGUOUS,clean,False,False,False
ntx3-001033-2,g-001033,tel_Latn,MEDIUM,AMBIGUOUS,vendor_shift,True,True,True
ntx3-001033-2,g-001033,tel_Latn,MEDIUM,AMBIGUOUS,month_shift,True,True,True
ntx3-001033-2,g-001033,tel_Latn,MEDIUM,AMBIGUOUS,scope_broaden,True,False,True
ntx3-001033-2,g-001033,tel_Latn,MEDIUM,AMBIGUOUS,scope_broaden+vendor_shift,True,True,True
ntx3-001033-3,g-001033,tel_Telu,MEDIUM,AMBIGUOUS,clean,False,False,False
ntx3-001033-3,g-001033,tel_Telu,MEDIUM,AMBIGUOUS,vendor_shift,True,True,True
ntx3-001033-3,g-001033,tel_Telu,MEDIUM,AMBIGUOUS,month_shift,True,True,True
ntx3-001033-3,g-001033,tel_Telu,MEDIUM,AMBIGUOUS,scope_broaden,True,False,True
ntx3-001033-3,g-001033,tel_Telu,MEDIUM,AMBIGUOUS,scope_broaden+vendor_shift,True,True,True
ntx3-002459-0,g-002459,eng_Latn,MEDIUM,AMBIGUOUS,clean,False,False,False
ntx3-002459-0,g-002459,eng_Latn,MEDIUM,AMBIGUOUS,vendor_shift,True,True,True
ntx3-002459-0,g-002459,eng_Latn,MEDIUM,AMBIGUOUS,month_shift,True,True,True
ntx3-002459-0,g-002459,eng_Latn,MEDIUM,AMBIGUOUS,scope_broaden,True,False,True
ntx3-002459-0,g-002459,eng_Latn,MEDIUM,AMBIGUOUS,scope_broaden+vendor_shift,True,True,True
ntx3-002459-1,g-002459,hin_Latn,MEDIUM,AMBIGUOUS,clean,False,False,False
ntx3-002459-1,g-002459,hin_Latn,MEDIUM,AMBIGUOUS,vendor_shift,True,True,True
ntx3-002459-1,g-002459,hin_Latn,MEDIUM,AMBIGUOUS,month_shift,True,True,True
ntx3-002459-1,g-002459,hin_Latn,MEDIUM,AMBIGUOUS,scope_broaden,True,False,True
ntx3-002459-1,g-002459,hin_Latn,MEDIUM,AMBIGUOUS,scope_broaden+vendor_shift,True,True,True
ntx3-002459-2,g-002459,tel_Latn,MEDIUM,AMBIGUOUS,clean,False,False,False
ntx3-002459-2,g-002459,tel_Latn,MEDIUM,AMBIGUOUS,vendor_shift,True,True,True
ntx3-002459-2,g-002459,tel_Latn,MEDIUM,AMBIGUOUS,month_shift,True,True,True
ntx3-002459-2,g-002459,tel_Latn,MEDIUM,AMBIGUOUS,scope_broaden,True,False,True
ntx3-002459-2,g-002459,tel_Latn,MEDIUM,AMBIGUOUS,scope_broaden+vendor_shift,True,True,True
ntx3-002459-3,g-002459,tel_Telu,MEDIUM,AMBIGUOUS,clean,False,False,False
ntx3-002459-3,g-002459,tel_Telu,MEDIUM,AMBIGUOUS,vendor_shift,True,True,True
ntx3-002459-3,g-002459,tel_Telu,MEDIUM,AMBIGUOUS,month_shift,True,True,True
ntx3-002459-3,g-002459,tel_Telu,MEDIUM,AMBIGUOUS,scope_broaden,True,False,True
ntx3-002459-3,g-002459,tel_Telu,MEDIUM,AMBIGUOUS,scope_broaden+vendor_shift,True,True,True
ntx3-000254-0,g-000254,eng_Latn,CRITICAL,AMBIGUOUS,clean,False,False,False
ntx3-000254-0,g-000254,eng_Latn,CRITICAL,AMBIGUOUS,vendor_shift,True,True,True
ntx3-000254-0,g-000254,eng_Latn,CRITICAL,AMBIGUOUS,month_shift,True,True,True
ntx3-000254-0,g-000254,eng_Latn,CRITICAL,AMBIGUOUS,scope_broaden,True,False,True
ntx3-000254-0,g-000254,eng_Latn,CRITICAL,AMBIGUOUS,scope_broaden+vendor_shift,True,True,True
ntx3-000254-1,g-000254,hin_Latn,CRITICAL,AMBIGUOUS,clean,False,False,False
ntx3-000254-1,g-000254,hin_Latn,CRITICAL,AMBIGUOUS,vendor_shift,True,True,True
ntx3-000254-1,g-000254,hin_Latn,CRITICAL,AMBIGUOUS,month_shift,True,True,True
ntx3-000254-1,g-000254,hin_Latn,CRITICAL,AMBIGUOUS,scope_broaden,True,False,True
ntx3-000254-1,g-000254,hin_Latn,CRITICAL,AMBIGUOUS,scope_broaden+vendor_shift,True,True,True
ntx3-000254-2,g-000254,tel_Latn,CRITICAL,AMBIGUOUS,clean,False,False,False
ntx3-000254-2,g-000254,tel_Latn,CRITICAL,AMBIGUOUS,vendor_shift,True,True,True
ntx3-000254-2,g-000254,tel_Latn,CRITICAL,AMBIGUOUS,month_shift,True,True,True
ntx3-000254-2,g-000254,tel_Latn,CRITICAL,AMBIGUOUS,scope_broaden,True,False,True
ntx3-000254-2,g-000254,tel_Latn,CRITICAL,AMBIGUOUS,scope_broaden+vendor_shift,True,True,True
ntx3-000254-3,g-000254,tel_Telu,CRITICAL,AMBIGUOUS,clean,False,False,False
ntx3-000254-3,g-000254,tel_Telu,CRITICAL,AMBIGUOUS,vendor_shift,True,True,True
ntx3-000254-3,g-000254,tel_Telu,CRITICAL,AMBIGUOUS,month_shift,True,True,True
ntx3-000254-3,g-000254,tel_Telu,CRITICAL,AMBIGUOUS,scope_broaden,True,False,True
ntx3-000254-3,g-000254,tel_Telu,CRITICAL,AMBIGUOUS,scope_broaden+vendor_shift,True,True,True
ntx3-000888-0,g-000888,eng_Latn,CRITICAL,AMBIGUOUS,clean,False,False,False
ntx3-000888-0,g-000888,eng_Latn,CRITICAL,AMBIGUOUS,vendor_shift,True,True,True
ntx3-000888-0,g-000888,eng_Latn,CRITICAL,AMBIGUOUS,month_shift,True,True,True
ntx3-000888-0,g-000888,eng_Latn,CRITICAL,AMBIGUOUS,scope_broaden,True,False,True
ntx3-000888-0,g-000888,eng_Latn,CRITICAL,AMBIGUOUS,scope_broaden+vendor_shift,True,True,True
ntx3-000888-1,g-000888,hin_Latn,CRITICAL,AMBIGUOUS,clean,False,False,False
ntx3-000888-1,g-000888,hin_Latn,CRITICAL,AMBIGUOUS,vendor_shift,True,True,True
ntx3-000888-1,g-000888,hin_Latn,CRITICAL,AMBIGUOUS,month_shift,True,True,True
ntx3-000888-1,g-000888,hin_Latn,CRITICAL,AMBIGUOUS,scope_broaden,True,False,True
ntx3-000888-1,g-000888,hin_Latn,CRITICAL,AMBIGUOUS,scope_broaden+vendor_shift,True,True,True
ntx3-000888-2,g-000888,tel_Latn,CRITICAL,AMBIGUOUS,clean,False,False,False
ntx3-000888-2,g-000888,tel_Latn,CRITICAL,AMBIGUOUS,vendor_shift,True,True,True
ntx3-000888-2,g-000888,tel_Latn,CRITICAL,AMBIGUOUS,month_shift,True,True,True
ntx3-000888-2,g-000888,tel_Latn,CRITICAL,AMBIGUOUS,scope_broaden,True,False,True
ntx3-000888-2,g-000888,tel_Latn,CRITICAL,AMBIGUOUS,scope_broaden+vendor_shift,True,True,True
ntx3-000888-3,g-000888,tel_Telu,CRITICAL,AMBIGUOUS,clean,False,False,False
ntx3-000888-3,g-000888,tel_Telu,CRITICAL,AMBIGUOUS,vendor_shift,True,True,True
ntx3-000888-3,g-000888,tel_Telu,CRITICAL,AMBIGUOUS,month_shift,True,True,True
ntx3-000888-3,g-000888,tel_Telu,CRITICAL,AMBIGUOUS,scope_broaden,True,False,True
ntx3-000888-3,g-000888,tel_Telu,CRITICAL,AMBIGUOUS,scope_broaden+vendor_shift,True,True,True
ntx3-001457-0,g-001457,eng_Latn,HIGH,AMBIGUOUS,clean,False,False,False
ntx3-001457-0,g-001457,eng_Latn,HIGH,AMBIGUOUS,vendor_shift,True,True,True
ntx3-001457-0,g-001457,eng_Latn,HIGH,AMBIGUOUS,month_shift,True,True,True
ntx3-001457-0,g-001457,eng_Latn,HIGH,AMBIGUOUS,scope_broaden,True,False,True
ntx3-001457-0,g-001457,eng_Latn,HIGH,AMBIGUOUS,scope_broaden+vendor_shift,True,True,True
ntx3-001457-1,g-001457,hin_Latn,HIGH,AMBIGUOUS,clean,False,False,False
ntx3-001457-1,g-001457,hin_Latn,HIGH,AMBIGUOUS,vendor_shift,True,True,True
ntx3-001457-1,g-001457,hin_Latn,HIGH,AMBIGUOUS,month_shift,True,True,True
ntx3-001457-1,g-001457,hin_Latn,HIGH,AMBIGUOUS,scope_broaden,True,False,True
ntx3-001457-1,g-001457,hin_Latn,HIGH,AMBIGUOUS,scope_broaden+vendor_shift,True,True,True
ntx3-001457-2,g-001457,tel_Latn,HIGH,AMBIGUOUS,clean,False,False,False
ntx3-001457-2,g-001457,tel_Latn,HIGH,AMBIGUOUS,vendor_shift,True,True,True
ntx3-001457-2,g-001457,tel_Latn,HIGH,AMBIGUOUS,month_shift,True,True,True
ntx3-001457-2,g-001457,tel_Latn,HIGH,AMBIGUOUS,scope_broaden,True,False,True
ntx3-001457-2,g-001457,tel_Latn,HIGH,AMBIGUOUS,scope_broaden+vendor_shift,True,True,True
ntx3-001457-3,g-001457,tel_Telu,HIGH,AMBIGUOUS,clean,False,False,False
ntx3-001457-3,g-001457,tel_Telu,HIGH,AMBIGUOUS,vendor_shift,True,True,True
ntx3-001457-3,g-001457,tel_Telu,HIGH,AMBIGUOUS,month_shift,True,True,True
ntx3-001457-3,g-001457,tel_Telu,HIGH,AMBIGUOUS,scope_broaden,True,False,True
ntx3-001457-3,g-001457,tel_Telu,HIGH,AMBIGUOUS,scope_broaden+vendor_shift,True,True,True
ntx3-001384-0,g-001384,eng_Latn,LOW,AMBIGUOUS,clean,False,False,False
ntx3-001384-0,g-001384,eng_Latn,LOW,AMBIGUOUS,vendor_shift,True,True,True
ntx3-001384-0,g-001384,eng_Latn,LOW,AMBIGUOUS,month_shift,True,True,True
ntx3-001384-0,g-001384,eng_Latn,LOW,AMBIGUOUS,scope_broaden,True,False,True
ntx3-001384-0,g-001384,eng_Latn,LOW,AMBIGUOUS,scope_broaden+vendor_shift,True,True,True
ntx3-001384-1,g-001384,hin_Latn,LOW,AMBIGUOUS,clean,False,False,False
ntx3-001384-1,g-001384,hin_Latn,LOW,AMBIGUOUS,vendor_shift,True,True,True
ntx3-001384-1,g-001384,hin_Latn,LOW,AMBIGUOUS,month_shift,True,True,True
ntx3-001384-1,g-001384,hin_Latn,LOW,AMBIGUOUS,scope_broaden,True,False,True
ntx3-001384-1,g-001384,hin_Latn,LOW,AMBIGUOUS,scope_broaden+vendor_shift,True,True,True
ntx3-001384-2,g-001384,tel_Latn,LOW,AMBIGUOUS,clean,False,False,False
ntx3-001384-2,g-001384,tel_Latn,LOW,AMBIGUOUS,vendor_shift,True,True,True
ntx3-001384-2,g-001384,tel_Latn,LOW,AMBIGUOUS,month_shift,True,True,True
ntx3-001384-2,g-001384,tel_Latn,LOW,AMBIGUOUS,scope_broaden,True,False,True
ntx3-001384-2,g-001384,tel_Latn,LOW,AMBIGUOUS,scope_broaden+vendor_shift,True,True,True
ntx3-001384-3,g-001384,tel_Telu,LOW,AMBIGUOUS,clean,False,False,False
ntx3-001384-3,g-001384,tel_Telu,LOW,AMBIGUOUS,vendor_shift,True,True,True
ntx3-001384-3,g-001384,tel_Telu,LOW,AMBIGUOUS,month_shift,True,True,True
ntx3-001384-3,g-001384,tel_Telu,LOW,AMBIGUOUS,scope_broaden,True,False,True
ntx3-001384-3,g-001384,tel_Telu,LOW,AMBIGUOUS,scope_broaden+vendor_shift,True,True,True
ntx3-002117-0,g-002117,eng_Latn,MEDIUM,AMBIGUOUS,clean,False,False,False
ntx3-002117-0,g-002117,eng_Latn,MEDIUM,AMBIGUOUS,vendor_shift,True,True,True
ntx3-002117-0,g-002117,eng_Latn,MEDIUM,AMBIGUOUS,month_shift,True,True,True
ntx3-002117-0,g-002117,eng_Latn,MEDIUM,AMBIGUOUS,scope_broaden,True,False,True
ntx3-002117-0,g-002117,eng_Latn,MEDIUM,AMBIGUOUS,scope_broaden+vendor_shift,True,True,True
ntx3-002117-1,g-002117,hin_Latn,MEDIUM,AMBIGUOUS,clean,False,False,False
ntx3-002117-1,g-002117,hin_Latn,MEDIUM,AMBIGUOUS,vendor_shift,True,True,True
ntx3-002117-1,g-002117,hin_Latn,MEDIUM,AMBIGUOUS,month_shift,True,True,True
ntx3-002117-1,g-002117,hin_Latn,MEDIUM,AMBIGUOUS,scope_broaden,True,False,True
ntx3-002117-1,g-002117,hin_Latn,MEDIUM,AMBIGUOUS,scope_broaden+vendor_shift,True,True,True
ntx3-002117-2,g-002117,tel_Latn,MEDIUM,AMBIGUOUS,clean,False,False,False
ntx3-002117-2,g-002117,tel_Latn,MEDIUM,AMBIGUOUS,vendor_shift,True,True,True
ntx3-002117-2,g-002117,tel_Latn,MEDIUM,AMBIGUOUS,month_shift,True,True,True
ntx3-002117-2,g-002117,tel_Latn,MEDIUM,AMBIGUOUS,scope_broaden,True,False,True
ntx3-002117-2,g-002117,tel_Latn,MEDIUM,AMBIGUOUS,scope_broaden+vendor_shift,True,True,True
ntx3-002117-3,g-002117,tel_Telu,MEDIUM,AMBIGUOUS,clean,False,False,False
ntx3-002117-3,g-002117,tel_Telu,MEDIUM,AMBIGUOUS,vendor_shift,True,True,True
ntx3-002117-3,g-002117,tel_Telu,MEDIUM,AMBIGUOUS,month_shift,True,True,True
ntx3-002117-3,g-002117,tel_Telu,MEDIUM,AMBIGUOUS,scope_broaden,True,False,True
ntx3-002117-3,g-002117,tel_Telu,MEDIUM,AMBIGUOUS,scope_broaden+vendor_shift,True,True,True
ntx3-001836-0,g-001836,eng_Latn,MEDIUM,AMBIGUOUS,clean,False,False,False
ntx3-001836-0,g-001836,eng_Latn,MEDIUM,AMBIGUOUS,vendor_shift,True,True,True
ntx3-001836-0,g-001836,eng_Latn,MEDIUM,AMBIGUOUS,month_shift,True,True,True
ntx3-001836-0,g-001836,eng_Latn,MEDIUM,AMBIGUOUS,scope_broaden,True,False,True
ntx3-001836-0,g-001836,eng_Latn,MEDIUM,AMBIGUOUS,scope_broaden+vendor_shift,True,True,True
ntx3-001836-1,g-001836,hin_Latn,MEDIUM,AMBIGUOUS,clean,False,False,False
ntx3-001836-1,g-001836,hin_Latn,MEDIUM,AMBIGUOUS,vendor_shift,True,True,True
ntx3-001836-1,g-001836,hin_Latn,MEDIUM,AMBIGUOUS,month_shift,True,True,True
ntx3-001836-1,g-001836,hin_Latn,MEDIUM,AMBIGUOUS,scope_broaden,True,False,True
ntx3-001836-1,g-001836,hin_Latn,MEDIUM,AMBIGUOUS,scope_broaden+vendor_shift,True,True,True
ntx3-001836-2,g-001836,tel_Latn,MEDIUM,AMBIGUOUS,clean,False,False,False
ntx3-001836-2,g-001836,tel_Latn,MEDIUM,AMBIGUOUS,vendor_shift,True,True,True
ntx3-001836-2,g-001836,tel_Latn,MEDIUM,AMBIGUOUS,month_shift,True,True,True
ntx3-001836-2,g-001836,tel_Latn,MEDIUM,AMBIGUOUS,scope_broaden,True,False,True
ntx3-001836-2,g-001836,tel_Latn,MEDIUM,AMBIGUOUS,scope_broaden+vendor_shift,True,True,True
ntx3-001836-3,g-001836,tel_Telu,MEDIUM,AMBIGUOUS,clean,False,False,False
ntx3-001836-3,g-001836,tel_Telu,MEDIUM,AMBIGUOUS,vendor_shift,True,True,True
ntx3-001836-3,g-001836,tel_Telu,MEDIUM,AMBIGUOUS,month_shift,True,True,True
ntx3-001836-3,g-001836,tel_Telu,MEDIUM,AMBIGUOUS,scope_broaden,True,False,True
ntx3-001836-3,g-001836,tel_Telu,MEDIUM,AMBIGUOUS,scope_broaden+vendor_shift,True,True,True
ntx3-001932-0,g-001932,eng_Latn,HIGH,AMBIGUOUS,clean,False,False,False
ntx3-001932-0,g-001932,eng_Latn,HIGH,AMBIGUOUS,vendor_shift,True,True,True
ntx3-001932-0,g-001932,eng_Latn,HIGH,AMBIGUOUS,month_shift,True,True,True
ntx3-001932-0,g-001932,eng_Latn,HIGH,AMBIGUOUS,scope_broaden,True,False,True
ntx3-001932-0,g-001932,eng_Latn,HIGH,AMBIGUOUS,scope_broaden+vendor_shift,True,True,True
ntx3-001932-1,g-001932,hin_Latn,HIGH,AMBIGUOUS,clean,False,False,False
ntx3-001932-1,g-001932,hin_Latn,HIGH,AMBIGUOUS,vendor_shift,True,True,True
ntx3-001932-1,g-001932,hin_Latn,HIGH,AMBIGUOUS,month_shift,True,True,True
ntx3-001932-1,g-001932,hin_Latn,HIGH,AMBIGUOUS,scope_broaden,True,False,True
ntx3-001932-1,g-001932,hin_Latn,HIGH,AMBIGUOUS,scope_broaden+vendor_shift,True,True,True
ntx3-001932-2,g-001932,tel_Latn,HIGH,AMBIGUOUS,clean,False,False,False
ntx3-001932-2,g-001932,tel_Latn,HIGH,AMBIGUOUS,vendor_shift,True,True,True
ntx3-001932-2,g-001932,tel_Latn,HIGH,AMBIGUOUS,month_shift,True,True,True
ntx3-001932-2,g-001932,tel_Latn,HIGH,AMBIGUOUS,scope_broaden,True,False,True
ntx3-001932-2,g-001932,tel_Latn,HIGH,AMBIGUOUS,scope_broaden+vendor_shift,True,True,True
ntx3-001932-3,g-001932,tel_Telu,HIGH,AMBIGUOUS,clean,False,False,False
ntx3-001932-3,g-001932,tel_Telu,HIGH,AMBIGUOUS,vendor_shift,True,True,True
ntx3-001932-3,g-001932,tel_Telu,HIGH,AMBIGUOUS,month_shift,True,True,True
ntx3-001932-3,g-001932,tel_Telu,HIGH,AMBIGUOUS,scope_broaden,True,False,True
ntx3-001932-3,g-001932,tel_Telu,HIGH,AMBIGUOUS,scope_broaden+vendor_shift,True,True,True
ntx3-000152-0,g-000152,eng_Latn,HIGH,AMBIGUOUS,clean,False,False,False
ntx3-000152-0,g-000152,eng_Latn,HIGH,AMBIGUOUS,vendor_shift,True,True,True
ntx3-000152-0,g-000152,eng_Latn,HIGH,AMBIGUOUS,month_shift,True,True,True
ntx3-000152-0,g-000152,eng_Latn,HIGH,AMBIGUOUS,scope_broaden,True,False,True
ntx3-000152-0,g-000152,eng_Latn,HIGH,AMBIGUOUS,scope_broaden+vendor_shift,True,True,True
ntx3-000152-1,g-000152,hin_Latn,HIGH,AMBIGUOUS,clean,False,False,False
ntx3-000152-1,g-000152,hin_Latn,HIGH,AMBIGUOUS,vendor_shift,True,True,True
ntx3-000152-1,g-000152,hin_Latn,HIGH,AMBIGUOUS,month_shift,True,True,True
ntx3-000152-1,g-000152,hin_Latn,HIGH,AMBIGUOUS,scope_broaden,True,False,True
ntx3-000152-1,g-000152,hin_Latn,HIGH,AMBIGUOUS,scope_broaden+vendor_shift,True,True,True
ntx3-000152-2,g-000152,tel_Latn,HIGH,AMBIGUOUS,clean,False,False,False
ntx3-000152-2,g-000152,tel_Latn,HIGH,AMBIGUOUS,vendor_shift,True,True,True
ntx3-000152-2,g-000152,tel_Latn,HIGH,AMBIGUOUS,month_shift,True,True,True
ntx3-000152-2,g-000152,tel_Latn,HIGH,AMBIGUOUS,scope_broaden,True,False,True
ntx3-000152-2,g-000152,tel_Latn,HIGH,AMBIGUOUS,scope_broaden+vendor_shift,True,True,True
ntx3-000152-3,g-000152,tel_Telu,HIGH,AMBIGUOUS,clean,False,False,False
ntx3-000152-3,g-000152,tel_Telu,HIGH,AMBIGUOUS,vendor_shift,True,True,True
ntx3-000152-3,g-000152,tel_Telu,HIGH,AMBIGUOUS,month_shift,True,True,True
ntx3-000152-3,g-000152,tel_Telu,HIGH,AMBIGUOUS,scope_broaden,True,False,True
ntx3-000152-3,g-000152,tel_Telu,HIGH,AMBIGUOUS,scope_broaden+vendor_shift,True,True,True
ntx3-001931-0,g-001931,eng_Latn,MEDIUM,AMBIGUOUS,clean,False,False,False
ntx3-001931-0,g-001931,eng_Latn,MEDIUM,AMBIGUOUS,vendor_shift,True,True,True
ntx3-001931-0,g-001931,eng_Latn,MEDIUM,AMBIGUOUS,month_shift,True,True,True
ntx3-001931-0,g-001931,eng_Latn,MEDIUM,AMBIGUOUS,scope_broaden,True,False,True
ntx3-001931-0,g-001931,eng_Latn,MEDIUM,AMBIGUOUS,scope_broaden+vendor_shift,True,True,True
ntx3-001931-1,g-001931,hin_Latn,MEDIUM,AMBIGUOUS,clean,False,False,False
ntx3-001931-1,g-001931,hin_Latn,MEDIUM,AMBIGUOUS,vendor_shift,True,True,True
ntx3-001931-1,g-001931,hin_Latn,MEDIUM,AMBIGUOUS,month_shift,True,True,True
ntx3-001931-1,g-001931,hin_Latn,MEDIUM,AMBIGUOUS,scope_broaden,True,False,True
ntx3-001931-1,g-001931,hin_Latn,MEDIUM,AMBIGUOUS,scope_broaden+vendor_shift,True,True,True
ntx3-001931-2,g-001931,tel_Latn,MEDIUM,AMBIGUOUS,clean,False,False,False
ntx3-001931-2,g-001931,tel_Latn,MEDIUM,AMBIGUOUS,vendor_shift,True,True,True
ntx3-001931-2,g-001931,tel_Latn,MEDIUM,AMBIGUOUS,month_shift,True,True,True
ntx3-001931-2,g-001931,tel_Latn,MEDIUM,AMBIGUOUS,scope_broaden,True,False,True
ntx3-001931-2,g-001931,tel_Latn,MEDIUM,AMBIGUOUS,scope_broaden+vendor_shift,True,True,True
ntx3-001931-3,g-001931,tel_Telu,MEDIUM,AMBIGUOUS,clean,False,False,False
ntx3-001931-3,g-001931,tel_Telu,MEDIUM,AMBIGUOUS,vendor_shift,True,True,True
ntx3-001931-3,g-001931,tel_Telu,MEDIUM,AMBIGUOUS,month_shift,True,True,True
ntx3-001931-3,g-001931,tel_Telu,MEDIUM,AMBIGUOUS,scope_broaden,True,False,True
ntx3-001931-3,g-001931,tel_Telu,MEDIUM,AMBIGUOUS,scope_broaden+vendor_shift,True,True,True
ntx3-000518-0,g-000518,eng_Latn,HIGH,AMBIGUOUS,clean,False,False,False
ntx3-000518-0,g-000518,eng_Latn,HIGH,AMBIGUOUS,vendor_shift,True,True,True
ntx3-000518-0,g-000518,eng_Latn,HIGH,AMBIGUOUS,month_shift,True,True,True
ntx3-000518-0,g-000518,eng_Latn,HIGH,AMBIGUOUS,scope_broaden,True,False,True
ntx3-000518-0,g-000518,eng_Latn,HIGH,AMBIGUOUS,scope_broaden+vendor_shift,True,True,True
ntx3-000518-1,g-000518,hin_Latn,HIGH,AMBIGUOUS,clean,False,False,False
ntx3-000518-1,g-000518,hin_Latn,HIGH,AMBIGUOUS,vendor_shift,True,True,True
ntx3-000518-1,g-000518,hin_Latn,HIGH,AMBIGUOUS,month_shift,True,True,True
ntx3-000518-1,g-000518,hin_Latn,HIGH,AMBIGUOUS,scope_broaden,True,False,True
ntx3-000518-1,g-000518,hin_Latn,HIGH,AMBIGUOUS,scope_broaden+vendor_shift,True,True,True
ntx3-000518-2,g-000518,tel_Latn,HIGH,AMBIGUOUS,clean,False,False,False
ntx3-000518-2,g-000518,tel_Latn,HIGH,AMBIGUOUS,vendor_shift,True,True,True
ntx3-000518-2,g-000518,tel_Latn,HIGH,AMBIGUOUS,month_shift,True,True,True
ntx3-000518-2,g-000518,tel_Latn,HIGH,AMBIGUOUS,scope_broaden,True,False,True
ntx3-000518-2,g-000518,tel_Latn,HIGH,AMBIGUOUS,scope_broaden+vendor_shift,True,True,True
ntx3-000518-3,g-000518,tel_Telu,HIGH,AMBIGUOUS,clean,False,False,False
ntx3-000518-3,g-000518,tel_Telu,HIGH,AMBIGUOUS,vendor_shift,True,True,True
ntx3-000518-3,g-000518,tel_Telu,HIGH,AMBIGUOUS,month_shift,True,True,True
ntx3-000518-3,g-000518,tel_Telu,HIGH,AMBIGUOUS,scope_broaden,True,False,True
ntx3-000518-3,g-000518,tel_Telu,HIGH,AMBIGUOUS,scope_broaden+vendor_shift,True,True,True
ntx3-001465-0,g-001465,eng_Latn,CRITICAL,AMBIGUOUS,clean,False,False,False
ntx3-001465-0,g-001465,eng_Latn,CRITICAL,AMBIGUOUS,vendor_shift,True,True,True
ntx3-001465-0,g-001465,eng_Latn,CRITICAL,AMBIGUOUS,month_shift,True,True,True
ntx3-001465-0,g-001465,eng_Latn,CRITICAL,AMBIGUOUS,scope_broaden,True,False,True
ntx3-001465-0,g-001465,eng_Latn,CRITICAL,AMBIGUOUS,scope_broaden+vendor_shift,True,True,True
ntx3-001465-1,g-001465,hin_Latn,CRITICAL,AMBIGUOUS,clean,False,False,False
ntx3-001465-1,g-001465,hin_Latn,CRITICAL,AMBIGUOUS,vendor_shift,True,True,True
ntx3-001465-1,g-001465,hin_Latn,CRITICAL,AMBIGUOUS,month_shift,True,True,True
ntx3-001465-1,g-001465,hin_Latn,CRITICAL,AMBIGUOUS,scope_broaden,True,False,True
ntx3-001465-1,g-001465,hin_Latn,CRITICAL,AMBIGUOUS,scope_broaden+vendor_shift,True,True,True
ntx3-001465-2,g-001465,tel_Latn,CRITICAL,AMBIGUOUS,clean,False,False,False
ntx3-001465-2,g-001465,tel_Latn,CRITICAL,AMBIGUOUS,vendor_shift,True,True,True
ntx3-001465-2,g-001465,tel_Latn,CRITICAL,AMBIGUOUS,month_shift,True,True,True
ntx3-001465-2,g-001465,tel_Latn,CRITICAL,AMBIGUOUS,scope_broaden,True,False,True
ntx3-001465-2,g-001465,tel_Latn,CRITICAL,AMBIGUOUS,scope_broaden+vendor_shift,True,True,True
ntx3-001465-3,g-001465,tel_Telu,CRITICAL,AMBIGUOUS,clean,False,False,False
ntx3-001465-3,g-001465,tel_Telu,CRITICAL,AMBIGUOUS,vendor_shift,True,True,True
ntx3-001465-3,g-001465,tel_Telu,CRITICAL,AMBIGUOUS,month_shift,True,True,True
ntx3-001465-3,g-001465,tel_Telu,CRITICAL,AMBIGUOUS,scope_broaden,True,False,True
ntx3-001465-3,g-001465,tel_Telu,CRITICAL,AMBIGUOUS,scope_broaden+vendor_shift,True,True,True
ntx3-000659-0,g-000659,eng_Latn,MEDIUM,AMBIGUOUS,clean,False,False,False
ntx3-000659-0,g-000659,eng_Latn,MEDIUM,AMBIGUOUS,vendor_shift,True,True,True
ntx3-000659-0,g-000659,eng_Latn,MEDIUM,AMBIGUOUS,month_shift,True,True,True
ntx3-000659-0,g-000659,eng_Latn,MEDIUM,AMBIGUOUS,scope_broaden,True,False,True
ntx3-000659-0,g-000659,eng_Latn,MEDIUM,AMBIGUOUS,scope_broaden+vendor_shift,True,True,True
ntx3-000659-1,g-000659,hin_Latn,MEDIUM,AMBIGUOUS,clean,False,False,False
ntx3-000659-1,g-000659,hin_Latn,MEDIUM,AMBIGUOUS,vendor_shift,True,True,True
ntx3-000659-1,g-000659,hin_Latn,MEDIUM,AMBIGUOUS,month_shift,True,True,True
ntx3-000659-1,g-000659,hin_Latn,MEDIUM,AMBIGUOUS,scope_broaden,True,False,True
ntx3-000659-1,g-000659,hin_Latn,MEDIUM,AMBIGUOUS,scope_broaden+vendor_shift,True,True,True
ntx3-000659-2,g-000659,tel_Latn,MEDIUM,AMBIGUOUS,clean,False,False,False
ntx3-000659-2,g-000659,tel_Latn,MEDIUM,AMBIGUOUS,vendor_shift,True,True,True
ntx3-000659-2,g-000659,tel_Latn,MEDIUM,AMBIGUOUS,month_shift,True,True,True
ntx3-000659-2,g-000659,tel_Latn,MEDIUM,AMBIGUOUS,scope_broaden,True,False,True
ntx3-000659-2,g-000659,tel_Latn,MEDIUM,AMBIGUOUS,scope_broaden+vendor_shift,True,True,True
ntx3-000659-3,g-000659,tel_Telu,MEDIUM,AMBIGUOUS,clean,False,False,False
ntx3-000659-3,g-000659,tel_Telu,MEDIUM,AMBIGUOUS,vendor_shift,True,True,True
ntx3-000659-3,g-000659,tel_Telu,MEDIUM,AMBIGUOUS,month_shift,True,True,True
ntx3-000659-3,g-000659,tel_Telu,MEDIUM,AMBIGUOUS,scope_broaden,True,False,True
ntx3-000659-3,g-000659,tel_Telu,MEDIUM,AMBIGUOUS,scope_broaden+vendor_shift,True,True,True
ntx3-000740-0,g-000740,eng_Latn,CRITICAL,AMBIGUOUS,clean,False,False,False
ntx3-000740-0,g-000740,eng_Latn,CRITICAL,AMBIGUOUS,vendor_shift,True,True,True
ntx3-000740-0,g-000740,eng_Latn,CRITICAL,AMBIGUOUS,month_shift,True,True,True
ntx3-000740-0,g-000740,eng_Latn,CRITICAL,AMBIGUOUS,scope_broaden,True,False,True
ntx3-000740-0,g-000740,eng_Latn,CRITICAL,AMBIGUOUS,scope_broaden+vendor_shift,True,True,True
ntx3-000740-1,g-000740,hin_Latn,CRITICAL,AMBIGUOUS,clean,False,False,False
ntx3-000740-1,g-000740,hin_Latn,CRITICAL,AMBIGUOUS,vendor_shift,True,True,True
ntx3-000740-1,g-000740,hin_Latn,CRITICAL,AMBIGUOUS,month_shift,True,True,True
ntx3-000740-1,g-000740,hin_Latn,CRITICAL,AMBIGUOUS,scope_broaden,True,False,True
ntx3-000740-1,g-000740,hin_Latn,CRITICAL,AMBIGUOUS,scope_broaden+vendor_shift,True,True,True
ntx3-000740-2,g-000740,tel_Latn,CRITICAL,AMBIGUOUS,clean,False,False,False
ntx3-000740-2,g-000740,tel_Latn,CRITICAL,AMBIGUOUS,vendor_shift,True,True,True
ntx3-000740-2,g-000740,tel_Latn,CRITICAL,AMBIGUOUS,month_shift,True,True,True
ntx3-000740-2,g-000740,tel_Latn,CRITICAL,AMBIGUOUS,scope_broaden,True,False,True
ntx3-000740-2,g-000740,tel_Latn,CRITICAL,AMBIGUOUS,scope_broaden+vendor_shift,True,True,True
ntx3-000740-3,g-000740,tel_Telu,CRITICAL,AMBIGUOUS,clean,False,False,False
ntx3-000740-3,g-000740,tel_Telu,CRITICAL,AMBIGUOUS,vendor_shift,True,True,True
ntx3-000740-3,g-000740,tel_Telu,CRITICAL,AMBIGUOUS,month_shift,True,True,True
ntx3-000740-3,g-000740,tel_Telu,CRITICAL,AMBIGUOUS,scope_broaden,True,False,True
ntx3-000740-3,g-000740,tel_Telu,CRITICAL,AMBIGUOUS,scope_broaden+vendor_shift,True,True,True
ntx3-000884-0,g-000884,eng_Latn,MEDIUM,AMBIGUOUS,clean,False,False,False
ntx3-000884-0,g-000884,eng_Latn,MEDIUM,AMBIGUOUS,vendor_shift,True,True,True
ntx3-000884-0,g-000884,eng_Latn,MEDIUM,AMBIGUOUS,month_shift,True,True,True
ntx3-000884-0,g-000884,eng_Latn,MEDIUM,AMBIGUOUS,scope_broaden,True,False,True
ntx3-000884-0,g-000884,eng_Latn,MEDIUM,AMBIGUOUS,scope_broaden+vendor_shift,True,True,True
ntx3-000884-1,g-000884,hin_Latn,MEDIUM,AMBIGUOUS,clean,False,False,False
ntx3-000884-1,g-000884,hin_Latn,MEDIUM,AMBIGUOUS,vendor_shift,True,True,True
ntx3-000884-1,g-000884,hin_Latn,MEDIUM,AMBIGUOUS,month_shift,True,True,True
ntx3-000884-1,g-000884,hin_Latn,MEDIUM,AMBIGUOUS,scope_broaden,True,False,True
ntx3-000884-1,g-000884,hin_Latn,MEDIUM,AMBIGUOUS,scope_broaden+vendor_shift,True,True,True
ntx3-000884-2,g-000884,tel_Latn,MEDIUM,AMBIGUOUS,clean,False,False,False
ntx3-000884-2,g-000884,tel_Latn,MEDIUM,AMBIGUOUS,vendor_shift,True,True,True
ntx3-000884-2,g-000884,tel_Latn,MEDIUM,AMBIGUOUS,month_shift,True,True,True
ntx3-000884-2,g-000884,tel_Latn,MEDIUM,AMBIGUOUS,scope_broaden,True,False,True
ntx3-000884-2,g-000884,tel_Latn,MEDIUM,AMBIGUOUS,scope_broaden+vendor_shift,True,True,True
ntx3-000884-3,g-000884,tel_Telu,MEDIUM,AMBIGUOUS,clean,False,False,False
ntx3-000884-3,g-000884,tel_Telu,MEDIUM,AMBIGUOUS,vendor_shift,True,True,True
ntx3-000884-3,g-000884,tel_Telu,MEDIUM,AMBIGUOUS,month_shift,True,True,True
ntx3-000884-3,g-000884,tel_Telu,MEDIUM,AMBIGUOUS,scope_broaden,True,False,True
ntx3-000884-3,g-000884,tel_Telu,MEDIUM,AMBIGUOUS,scope_broaden+vendor_shift,True,True,True
ntx3-002221-0,g-002221,eng_Latn,MEDIUM,AMBIGUOUS,clean,False,False,False
ntx3-002221-0,g-002221,eng_Latn,MEDIUM,AMBIGUOUS,vendor_shift,True,True,True
ntx3-002221-0,g-002221,eng_Latn,MEDIUM,AMBIGUOUS,month_shift,True,True,True
ntx3-002221-0,g-002221,eng_Latn,MEDIUM,AMBIGUOUS,scope_broaden,True,False,True
ntx3-002221-0,g-002221,eng_Latn,MEDIUM,AMBIGUOUS,scope_broaden+vendor_shift,True,True,True
ntx3-002221-1,g-002221,hin_Latn,MEDIUM,AMBIGUOUS,clean,False,False,False
ntx3-002221-1,g-002221,hin_Latn,MEDIUM,AMBIGUOUS,vendor_shift,True,True,True
ntx3-002221-1,g-002221,hin_Latn,MEDIUM,AMBIGUOUS,month_shift,True,True,True
ntx3-002221-1,g-002221,hin_Latn,MEDIUM,AMBIGUOUS,scope_broaden,True,False,True
ntx3-002221-1,g-002221,hin_Latn,MEDIUM,AMBIGUOUS,scope_broaden+vendor_shift,True,True,True
ntx3-002221-2,g-002221,tel_Latn,MEDIUM,AMBIGUOUS,clean,False,False,False
ntx3-002221-2,g-002221,tel_Latn,MEDIUM,AMBIGUOUS,vendor_shift,True,True,True
ntx3-002221-2,g-002221,tel_Latn,MEDIUM,AMBIGUOUS,month_shift,True,True,True
ntx3-002221-2,g-002221,tel_Latn,MEDIUM,AMBIGUOUS,scope_broaden,True,False,True
ntx3-002221-2,g-002221,tel_Latn,MEDIUM,AMBIGUOUS,scope_broaden+vendor_shift,True,True,True
ntx3-002221-3,g-002221,tel_Telu,MEDIUM,AMBIGUOUS,clean,False,False,False
ntx3-002221-3,g-002221,tel_Telu,MEDIUM,AMBIGUOUS,vendor_shift,True,True,True
ntx3-002221-3,g-002221,tel_Telu,MEDIUM,AMBIGUOUS,month_shift,True,True,True
ntx3-002221-3,g-002221,tel_Telu,MEDIUM,AMBIGUOUS,scope_broaden,True,False,True
ntx3-002221-3,g-002221,tel_Telu,MEDIUM,AMBIGUOUS,scope_broaden+vendor_shift,True,True,True
ntx3-001551-0,g-001551,eng_Latn,CRITICAL,AMBIGUOUS,clean,False,False,False
ntx3-001551-0,g-001551,eng_Latn,CRITICAL,AMBIGUOUS,vendor_shift,True,True,True
ntx3-001551-0,g-001551,eng_Latn,CRITICAL,AMBIGUOUS,month_shift,True,True,True
ntx3-001551-0,g-001551,eng_Latn,CRITICAL,AMBIGUOUS,scope_broaden,True,False,True
ntx3-001551-0,g-001551,eng_Latn,CRITICAL,AMBIGUOUS,scope_broaden+vendor_shift,True,True,True
ntx3-001551-1,g-001551,hin_Latn,CRITICAL,AMBIGUOUS,clean,False,False,False
ntx3-001551-1,g-001551,hin_Latn,CRITICAL,AMBIGUOUS,vendor_shift,True,True,True
ntx3-001551-1,g-001551,hin_Latn,CRITICAL,AMBIGUOUS,month_shift,True,True,True
ntx3-001551-1,g-001551,hin_Latn,CRITICAL,AMBIGUOUS,scope_broaden,True,False,True
ntx3-001551-1,g-001551,hin_Latn,CRITICAL,AMBIGUOUS,scope_broaden+vendor_shift,True,True,True
ntx3-001551-2,g-001551,tel_Latn,CRITICAL,AMBIGUOUS,clean,False,False,False
ntx3-001551-2,g-001551,tel_Latn,CRITICAL,AMBIGUOUS,vendor_shift,True,True,True
ntx3-001551-2,g-001551,tel_Latn,CRITICAL,AMBIGUOUS,month_shift,True,True,True
ntx3-001551-2,g-001551,tel_Latn,CRITICAL,AMBIGUOUS,scope_broaden,True,False,True
ntx3-001551-2,g-001551,tel_Latn,CRITICAL,AMBIGUOUS,scope_broaden+vendor_shift,True,True,True
ntx3-001551-3,g-001551,tel_Telu,CRITICAL,AMBIGUOUS,clean,False,False,False
ntx3-001551-3,g-001551,tel_Telu,CRITICAL,AMBIGUOUS,vendor_shift,True,True,True
ntx3-001551-3,g-001551,tel_Telu,CRITICAL,AMBIGUOUS,month_shift,True,True,True
ntx3-001551-3,g-001551,tel_Telu,CRITICAL,AMBIGUOUS,scope_broaden,True,False,True
ntx3-001551-3,g-001551,tel_Telu,CRITICAL,AMBIGUOUS,scope_broaden+vendor_shift,True,True,True
ntx3-001583-0,g-001583,eng_Latn,HIGH,AMBIGUOUS,clean,False,False,False
ntx3-001583-0,g-001583,eng_Latn,HIGH,AMBIGUOUS,vendor_shift,True,True,True
ntx3-001583-0,g-001583,eng_Latn,HIGH,AMBIGUOUS,month_shift,True,True,True
ntx3-001583-0,g-001583,eng_Latn,HIGH,AMBIGUOUS,scope_broaden,True,False,True
ntx3-001583-0,g-001583,eng_Latn,HIGH,AMBIGUOUS,scope_broaden+vendor_shift,True,True,True
ntx3-001583-1,g-001583,hin_Latn,HIGH,AMBIGUOUS,clean,False,False,False
ntx3-001583-1,g-001583,hin_Latn,HIGH,AMBIGUOUS,vendor_shift,True,True,True
ntx3-001583-1,g-001583,hin_Latn,HIGH,AMBIGUOUS,month_shift,True,True,True
ntx3-001583-1,g-001583,hin_Latn,HIGH,AMBIGUOUS,scope_broaden,True,False,True
ntx3-001583-1,g-001583,hin_Latn,HIGH,AMBIGUOUS,scope_broaden+vendor_shift,True,True,True
ntx3-001583-2,g-001583,tel_Latn,HIGH,AMBIGUOUS,clean,False,False,False
ntx3-001583-2,g-001583,tel_Latn,HIGH,AMBIGUOUS,vendor_shift,True,True,True
ntx3-001583-2,g-001583,tel_Latn,HIGH,AMBIGUOUS,month_shift,True,True,True
ntx3-001583-2,g-001583,tel_Latn,HIGH,AMBIGUOUS,scope_broaden,True,False,True
ntx3-001583-2,g-001583,tel_Latn,HIGH,AMBIGUOUS,scope_broaden+vendor_shift,True,True,True
ntx3-001583-3,g-001583,tel_Telu,HIGH,AMBIGUOUS,clean,False,False,False
ntx3-001583-3,g-001583,tel_Telu,HIGH,AMBIGUOUS,vendor_shift,True,True,True
ntx3-001583-3,g-001583,tel_Telu,HIGH,AMBIGUOUS,month_shift,True,True,True
ntx3-001583-3,g-001583,tel_Telu,HIGH,AMBIGUOUS,scope_broaden,True,False,True
ntx3-001583-3,g-001583,tel_Telu,HIGH,AMBIGUOUS,scope_broaden+vendor_shift,True,True,True
ntx3-000585-0,g-000585,eng_Latn,MEDIUM,AMBIGUOUS,clean,False,False,False
ntx3-000585-0,g-000585,eng_Latn,MEDIUM,AMBIGUOUS,vendor_shift,True,True,True
ntx3-000585-0,g-000585,eng_Latn,MEDIUM,AMBIGUOUS,month_shift,True,True,True
ntx3-000585-0,g-000585,eng_Latn,MEDIUM,AMBIGUOUS,scope_broaden,True,False,True
ntx3-000585-0,g-000585,eng_Latn,MEDIUM,AMBIGUOUS,scope_broaden+vendor_shift,True,True,True
ntx3-000585-1,g-000585,hin_Latn,MEDIUM,AMBIGUOUS,clean,False,False,False
ntx3-000585-1,g-000585,hin_Latn,MEDIUM,AMBIGUOUS,vendor_shift,True,True,True
ntx3-000585-1,g-000585,hin_Latn,MEDIUM,AMBIGUOUS,month_shift,True,True,True
ntx3-000585-1,g-000585,hin_Latn,MEDIUM,AMBIGUOUS,scope_broaden,True,False,True
ntx3-000585-1,g-000585,hin_Latn,MEDIUM,AMBIGUOUS,scope_broaden+vendor_shift,True,True,True
ntx3-000585-2,g-000585,tel_Latn,MEDIUM,AMBIGUOUS,clean,False,False,False
ntx3-000585-2,g-000585,tel_Latn,MEDIUM,AMBIGUOUS,vendor_shift,True,True,True
ntx3-000585-2,g-000585,tel_Latn,MEDIUM,AMBIGUOUS,month_shift,True,True,True
ntx3-000585-2,g-000585,tel_Latn,MEDIUM,AMBIGUOUS,scope_broaden,True,False,True
ntx3-000585-2,g-000585,tel_Latn,MEDIUM,AMBIGUOUS,scope_broaden+vendor_shift,True,True,True
ntx3-000585-3,g-000585,tel_Telu,MEDIUM,AMBIGUOUS,clean,False,False,False
ntx3-000585-3,g-000585,tel_Telu,MEDIUM,AMBIGUOUS,vendor_shift,True,True,True
ntx3-000585-3,g-000585,tel_Telu,MEDIUM,AMBIGUOUS,month_shift,True,True,True
ntx3-000585-3,g-000585,tel_Telu,MEDIUM,AMBIGUOUS,scope_broaden,True,False,True
ntx3-000585-3,g-000585,tel_Telu,MEDIUM,AMBIGUOUS,scope_broaden+vendor_shift,True,True,True
ntx3-001544-0,g-001544,eng_Latn,CRITICAL,AMBIGUOUS,clean,False,False,False
ntx3-001544-0,g-001544,eng_Latn,CRITICAL,AMBIGUOUS,vendor_shift,True,True,True
ntx3-001544-0,g-001544,eng_Latn,CRITICAL,AMBIGUOUS,month_shift,True,True,True
ntx3-001544-0,g-001544,eng_Latn,CRITICAL,AMBIGUOUS,scope_broaden,True,False,True
ntx3-001544-0,g-001544,eng_Latn,CRITICAL,AMBIGUOUS,scope_broaden+vendor_shift,True,True,True
ntx3-001544-1,g-001544,hin_Latn,CRITICAL,AMBIGUOUS,clean,False,False,False
ntx3-001544-1,g-001544,hin_Latn,CRITICAL,AMBIGUOUS,vendor_shift,True,True,True
ntx3-001544-1,g-001544,hin_Latn,CRITICAL,AMBIGUOUS,month_shift,True,True,True
ntx3-001544-1,g-001544,hin_Latn,CRITICAL,AMBIGUOUS,scope_broaden,True,False,True
ntx3-001544-1,g-001544,hin_Latn,CRITICAL,AMBIGUOUS,scope_broaden+vendor_shift,True,True,True
ntx3-001544-2,g-001544,tel_Latn,CRITICAL,AMBIGUOUS,clean,False,False,False
ntx3-001544-2,g-001544,tel_Latn,CRITICAL,AMBIGUOUS,vendor_shift,True,True,True
ntx3-001544-2,g-001544,tel_Latn,CRITICAL,AMBIGUOUS,month_shift,True,True,True
ntx3-001544-2,g-001544,tel_Latn,CRITICAL,AMBIGUOUS,scope_broaden,True,False,True
ntx3-001544-2,g-001544,tel_Latn,CRITICAL,AMBIGUOUS,scope_broaden+vendor_shift,True,True,True
ntx3-001544-3,g-001544,tel_Telu,CRITICAL,AMBIGUOUS,clean,False,False,False
ntx3-001544-3,g-001544,tel_Telu,CRITICAL,AMBIGUOUS,vendor_shift,True,True,True
ntx3-001544-3,g-001544,tel_Telu,CRITICAL,AMBIGUOUS,month_shift,True,True,True
ntx3-001544-3,g-001544,tel_Telu,CRITICAL,AMBIGUOUS,scope_broaden,True,False,True
ntx3-001544-3,g-001544,tel_Telu,CRITICAL,AMBIGUOUS,scope_broaden+vendor_shift,True,True,True
ntx3-000820-0,g-000820,eng_Latn,CRITICAL,AMBIGUOUS,clean,False,False,False
ntx3-000820-0,g-000820,eng_Latn,CRITICAL,AMBIGUOUS,vendor_shift,True,True,True
ntx3-000820-0,g-000820,eng_Latn,CRITICAL,AMBIGUOUS,month_shift,True,True,True
ntx3-000820-0,g-000820,eng_Latn,CRITICAL,AMBIGUOUS,scope_broaden,True,False,True
ntx3-000820-0,g-000820,eng_Latn,CRITICAL,AMBIGUOUS,scope_broaden+vendor_shift,True,True,True
ntx3-000820-1,g-000820,hin_Latn,CRITICAL,AMBIGUOUS,clean,False,False,False
ntx3-000820-1,g-000820,hin_Latn,CRITICAL,AMBIGUOUS,vendor_shift,True,True,True
ntx3-000820-1,g-000820,hin_Latn,CRITICAL,AMBIGUOUS,month_shift,True,True,True
ntx3-000820-1,g-000820,hin_Latn,CRITICAL,AMBIGUOUS,scope_broaden,True,False,True
ntx3-000820-1,g-000820,hin_Latn,CRITICAL,AMBIGUOUS,scope_broaden+vendor_shift,True,True,True
ntx3-000820-2,g-000820,tel_Latn,CRITICAL,AMBIGUOUS,clean,False,False,False
ntx3-000820-2,g-000820,tel_Latn,CRITICAL,AMBIGUOUS,vendor_shift,True,True,True
ntx3-000820-2,g-000820,tel_Latn,CRITICAL,AMBIGUOUS,month_shift,True,True,True
ntx3-000820-2,g-000820,tel_Latn,CRITICAL,AMBIGUOUS,scope_broaden,True,False,True
ntx3-000820-2,g-000820,tel_Latn,CRITICAL,AMBIGUOUS,scope_broaden+vendor_shift,True,True,True
ntx3-000820-3,g-000820,tel_Telu,CRITICAL,AMBIGUOUS,clean,False,False,False
ntx3-000820-3,g-000820,tel_Telu,CRITICAL,AMBIGUOUS,vendor_shift,True,True,True
ntx3-000820-3,g-000820,tel_Telu,CRITICAL,AMBIGUOUS,month_shift,True,True,True
ntx3-000820-3,g-000820,tel_Telu,CRITICAL,AMBIGUOUS,scope_broaden,True,False,True
ntx3-000820-3,g-000820,tel_Telu,CRITICAL,AMBIGUOUS,scope_broaden+vendor_shift,True,True,True
ntx3-001709-0,g-001709,eng_Latn,MEDIUM,AMBIGUOUS,clean,False,False,False
ntx3-001709-0,g-001709,eng_Latn,MEDIUM,AMBIGUOUS,vendor_shift,True,True,True
ntx3-001709-0,g-001709,eng_Latn,MEDIUM,AMBIGUOUS,month_shift,True,True,True
ntx3-001709-0,g-001709,eng_Latn,MEDIUM,AMBIGUOUS,scope_broaden,True,False,True
ntx3-001709-0,g-001709,eng_Latn,MEDIUM,AMBIGUOUS,scope_broaden+vendor_shift,True,True,True
ntx3-001709-1,g-001709,hin_Latn,MEDIUM,AMBIGUOUS,clean,False,False,False
ntx3-001709-1,g-001709,hin_Latn,MEDIUM,AMBIGUOUS,vendor_shift,True,True,True
ntx3-001709-1,g-001709,hin_Latn,MEDIUM,AMBIGUOUS,month_shift,True,True,True
ntx3-001709-1,g-001709,hin_Latn,MEDIUM,AMBIGUOUS,scope_broaden,True,False,True
ntx3-001709-1,g-001709,hin_Latn,MEDIUM,AMBIGUOUS,scope_broaden+vendor_shift,True,True,True
ntx3-001709-2,g-001709,tel_Latn,MEDIUM,AMBIGUOUS,clean,False,False,False
ntx3-001709-2,g-001709,tel_Latn,MEDIUM,AMBIGUOUS,vendor_shift,True,True,True
ntx3-001709-2,g-001709,tel_Latn,MEDIUM,AMBIGUOUS,month_shift,True,True,True
ntx3-001709-2,g-001709,tel_Latn,MEDIUM,AMBIGUOUS,scope_broaden,True,False,True
ntx3-001709-2,g-001709,tel_Latn,MEDIUM,AMBIGUOUS,scope_broaden+vendor_shift,True,True,True
ntx3-001709-3,g-001709,tel_Telu,MEDIUM,AMBIGUOUS,clean,False,False,False
ntx3-001709-3,g-001709,tel_Telu,MEDIUM,AMBIGUOUS,vendor_shift,True,True,True
ntx3-001709-3,g-001709,tel_Telu,MEDIUM,AMBIGUOUS,month_shift,True,True,True
ntx3-001709-3,g-001709,tel_Telu,MEDIUM,AMBIGUOUS,scope_broaden,True,False,True
ntx3-001709-3,g-001709,tel_Telu,MEDIUM,AMBIGUOUS,scope_broaden+vendor_shift,True,True,True
ntx3-001848-0,g-001848,eng_Latn,MEDIUM,AMBIGUOUS,clean,False,False,False
ntx3-001848-0,g-001848,eng_Latn,MEDIUM,AMBIGUOUS,vendor_shift,True,True,True
ntx3-001848-0,g-001848,eng_Latn,MEDIUM,AMBIGUOUS,month_shift,True,True,True
ntx3-001848-0,g-001848,eng_Latn,MEDIUM,AMBIGUOUS,scope_broaden,True,False,True
ntx3-001848-0,g-001848,eng_Latn,MEDIUM,AMBIGUOUS,scope_broaden+vendor_shift,True,True,True
ntx3-001848-1,g-001848,hin_Latn,MEDIUM,AMBIGUOUS,clean,False,False,False
ntx3-001848-1,g-001848,hin_Latn,MEDIUM,AMBIGUOUS,vendor_shift,True,True,True
ntx3-001848-1,g-001848,hin_Latn,MEDIUM,AMBIGUOUS,month_shift,True,True,True
ntx3-001848-1,g-001848,hin_Latn,MEDIUM,AMBIGUOUS,scope_broaden,True,False,True
ntx3-001848-1,g-001848,hin_Latn,MEDIUM,AMBIGUOUS,scope_broaden+vendor_shift,True,True,True
ntx3-001848-2,g-001848,tel_Latn,MEDIUM,AMBIGUOUS,clean,False,False,False
ntx3-001848-2,g-001848,tel_Latn,MEDIUM,AMBIGUOUS,vendor_shift,True,True,True
ntx3-001848-2,g-001848,tel_Latn,MEDIUM,AMBIGUOUS,month_shift,True,True,True
ntx3-001848-2,g-001848,tel_Latn,MEDIUM,AMBIGUOUS,scope_broaden,True,False,True
ntx3-001848-2,g-001848,tel_Latn,MEDIUM,AMBIGUOUS,scope_broaden+vendor_shift,True,True,True
ntx3-001848-3,g-001848,tel_Telu,MEDIUM,AMBIGUOUS,clean,False,False,False
ntx3-001848-3,g-001848,tel_Telu,MEDIUM,AMBIGUOUS,vendor_shift,True,True,True
ntx3-001848-3,g-001848,tel_Telu,MEDIUM,AMBIGUOUS,month_shift,True,True,True
ntx3-001848-3,g-001848,tel_Telu,MEDIUM,AMBIGUOUS,scope_broaden,True,False,True
ntx3-001848-3,g-001848,tel_Telu,MEDIUM,AMBIGUOUS,scope_broaden+vendor_shift,True,True,True
ntx3-001663-0,g-001663,eng_Latn,MEDIUM,AMBIGUOUS,clean,False,False,False
ntx3-001663-0,g-001663,eng_Latn,MEDIUM,AMBIGUOUS,vendor_shift,True,True,True
ntx3-001663-0,g-001663,eng_Latn,MEDIUM,AMBIGUOUS,month_shift,True,True,True
ntx3-001663-0,g-001663,eng_Latn,MEDIUM,AMBIGUOUS,scope_broaden,True,False,True
ntx3-001663-0,g-001663,eng_Latn,MEDIUM,AMBIGUOUS,scope_broaden+vendor_shift,True,True,True
ntx3-001663-1,g-001663,hin_Latn,MEDIUM,AMBIGUOUS,clean,False,False,False
ntx3-001663-1,g-001663,hin_Latn,MEDIUM,AMBIGUOUS,vendor_shift,True,True,True
ntx3-001663-1,g-001663,hin_Latn,MEDIUM,AMBIGUOUS,month_shift,True,True,True
ntx3-001663-1,g-001663,hin_Latn,MEDIUM,AMBIGUOUS,scope_broaden,True,False,True
ntx3-001663-1,g-001663,hin_Latn,MEDIUM,AMBIGUOUS,scope_broaden+vendor_shift,True,True,True
ntx3-001663-2,g-001663,tel_Latn,MEDIUM,AMBIGUOUS,clean,False,False,False
ntx3-001663-2,g-001663,tel_Latn,MEDIUM,AMBIGUOUS,vendor_shift,True,True,True
ntx3-001663-2,g-001663,tel_Latn,MEDIUM,AMBIGUOUS,month_shift,True,True,True
ntx3-001663-2,g-001663,tel_Latn,MEDIUM,AMBIGUOUS,scope_broaden,True,False,True
ntx3-001663-2,g-001663,tel_Latn,MEDIUM,AMBIGUOUS,scope_broaden+vendor_shift,True,True,True
ntx3-001663-3,g-001663,tel_Telu,MEDIUM,AMBIGUOUS,clean,False,False,False
ntx3-001663-3,g-001663,tel_Telu,MEDIUM,AMBIGUOUS,vendor_shift,True,True,True
ntx3-001663-3,g-001663,tel_Telu,MEDIUM,AMBIGUOUS,month_shift,True,True,True
ntx3-001663-3,g-001663,tel_Telu,MEDIUM,AMBIGUOUS,scope_broaden,True,False,True
ntx3-001663-3,g-001663,tel_Telu,MEDIUM,AMBIGUOUS,scope_broaden+vendor_shift,True,True,True
ntx3-002011-0,g-002011,eng_Latn,HIGH,AMBIGUOUS,clean,False,False,False
ntx3-002011-0,g-002011,eng_Latn,HIGH,AMBIGUOUS,vendor_shift,True,True,True
ntx3-002011-0,g-002011,eng_Latn,HIGH,AMBIGUOUS,month_shift,True,True,True
ntx3-002011-0,g-002011,eng_Latn,HIGH,AMBIGUOUS,scope_broaden,True,False,True
ntx3-002011-0,g-002011,eng_Latn,HIGH,AMBIGUOUS,scope_broaden+vendor_shift,True,True,True
ntx3-002011-1,g-002011,hin_Latn,HIGH,AMBIGUOUS,clean,False,False,False
ntx3-002011-1,g-002011,hin_Latn,HIGH,AMBIGUOUS,vendor_shift,True,True,True
ntx3-002011-1,g-002011,hin_Latn,HIGH,AMBIGUOUS,month_shift,True,True,True
ntx3-002011-1,g-002011,hin_Latn,HIGH,AMBIGUOUS,scope_broaden,True,False,True
ntx3-002011-1,g-002011,hin_Latn,HIGH,AMBIGUOUS,scope_broaden+vendor_shift,True,True,True
ntx3-002011-2,g-002011,tel_Latn,HIGH,AMBIGUOUS,clean,False,False,False
ntx3-002011-2,g-002011,tel_Latn,HIGH,AMBIGUOUS,vendor_shift,True,True,True
ntx3-002011-2,g-002011,tel_Latn,HIGH,AMBIGUOUS,month_shift,True,True,True
ntx3-002011-2,g-002011,tel_Latn,HIGH,AMBIGUOUS,scope_broaden,True,False,True
ntx3-002011-2,g-002011,tel_Latn,HIGH,AMBIGUOUS,scope_broaden+vendor_shift,True,True,True
ntx3-002011-3,g-002011,tel_Telu,HIGH,AMBIGUOUS,clean,False,False,False
ntx3-002011-3,g-002011,tel_Telu,HIGH,AMBIGUOUS,vendor_shift,True,True,True
ntx3-002011-3,g-002011,tel_Telu,HIGH,AMBIGUOUS,month_shift,True,True,True
ntx3-002011-3,g-002011,tel_Telu,HIGH,AMBIGUOUS,scope_broaden,True,False,True
ntx3-002011-3,g-002011,tel_Telu,HIGH,AMBIGUOUS,scope_broaden+vendor_shift,True,True,True
ntx3-001692-0,g-001692,eng_Latn,MEDIUM,AMBIGUOUS,clean,False,False,False
ntx3-001692-0,g-001692,eng_Latn,MEDIUM,AMBIGUOUS,vendor_shift,True,True,True
ntx3-001692-0,g-001692,eng_Latn,MEDIUM,AMBIGUOUS,month_shift,True,True,True
ntx3-001692-0,g-001692,eng_Latn,MEDIUM,AMBIGUOUS,scope_broaden,True,False,True
ntx3-001692-0,g-001692,eng_Latn,MEDIUM,AMBIGUOUS,scope_broaden+vendor_shift,True,True,True
ntx3-001692-1,g-001692,hin_Latn,MEDIUM,AMBIGUOUS,clean,False,False,False
ntx3-001692-1,g-001692,hin_Latn,MEDIUM,AMBIGUOUS,vendor_shift,True,True,True
ntx3-001692-1,g-001692,hin_Latn,MEDIUM,AMBIGUOUS,month_shift,True,True,True
ntx3-001692-1,g-001692,hin_Latn,MEDIUM,AMBIGUOUS,scope_broaden,True,False,True
ntx3-001692-1,g-001692,hin_Latn,MEDIUM,AMBIGUOUS,scope_broaden+vendor_shift,True,True,True
ntx3-001692-2,g-001692,tel_Latn,MEDIUM,AMBIGUOUS,clean,False,False,False
ntx3-001692-2,g-001692,tel_Latn,MEDIUM,AMBIGUOUS,vendor_shift,True,True,True
ntx3-001692-2,g-001692,tel_Latn,MEDIUM,AMBIGUOUS,month_shift,True,True,True
ntx3-001692-2,g-001692,tel_Latn,MEDIUM,AMBIGUOUS,scope_broaden,True,False,True
ntx3-001692-2,g-001692,tel_Latn,MEDIUM,AMBIGUOUS,scope_broaden+vendor_shift,True,True,True
ntx3-001692-3,g-001692,tel_Telu,MEDIUM,AMBIGUOUS,clean,False,False,False
ntx3-001692-3,g-001692,tel_Telu,MEDIUM,AMBIGUOUS,vendor_shift,True,True,True
ntx3-001692-3,g-001692,tel_Telu,MEDIUM,AMBIGUOUS,month_shift,True,True,True
ntx3-001692-3,g-001692,tel_Telu,MEDIUM,AMBIGUOUS,scope_broaden,True,False,True
ntx3-001692-3,g-001692,tel_Telu,MEDIUM,AMBIGUOUS,scope_broaden+vendor_shift,True,True,True
ntx3-002100-0,g-002100,eng_Latn,MEDIUM,AMBIGUOUS,clean,False,False,False
ntx3-002100-0,g-002100,eng_Latn,MEDIUM,AMBIGUOUS,vendor_shift,True,True,True
ntx3-002100-0,g-002100,eng_Latn,MEDIUM,AMBIGUOUS,month_shift,True,True,True
ntx3-002100-0,g-002100,eng_Latn,MEDIUM,AMBIGUOUS,scope_broaden,True,False,True
ntx3-002100-0,g-002100,eng_Latn,MEDIUM,AMBIGUOUS,scope_broaden+vendor_shift,True,True,True
ntx3-002100-1,g-002100,hin_Latn,MEDIUM,AMBIGUOUS,clean,False,False,False
ntx3-002100-1,g-002100,hin_Latn,MEDIUM,AMBIGUOUS,vendor_shift,True,True,True
ntx3-002100-1,g-002100,hin_Latn,MEDIUM,AMBIGUOUS,month_shift,True,True,True
ntx3-002100-1,g-002100,hin_Latn,MEDIUM,AMBIGUOUS,scope_broaden,True,False,True
ntx3-002100-1,g-002100,hin_Latn,MEDIUM,AMBIGUOUS,scope_broaden+vendor_shift,True,True,True
ntx3-002100-2,g-002100,tel_Latn,MEDIUM,AMBIGUOUS,clean,False,False,False
ntx3-002100-2,g-002100,tel_Latn,MEDIUM,AMBIGUOUS,vendor_shift,True,True,True
ntx3-002100-2,g-002100,tel_Latn,MEDIUM,AMBIGUOUS,month_shift,True,True,True
ntx3-002100-2,g-002100,tel_Latn,MEDIUM,AMBIGUOUS,scope_broaden,True,False,True
ntx3-002100-2,g-002100,tel_Latn,MEDIUM,AMBIGUOUS,scope_broaden+vendor_shift,True,True,True
ntx3-002100-3,g-002100,tel_Telu,MEDIUM,AMBIGUOUS,clean,False,False,False
ntx3-002100-3,g-002100,tel_Telu,MEDIUM,AMBIGUOUS,vendor_shift,True,True,True
ntx3-002100-3,g-002100,tel_Telu,MEDIUM,AMBIGUOUS,month_shift,True,True,True
ntx3-002100-3,g-002100,tel_Telu,MEDIUM,AMBIGUOUS,scope_broaden,True,False,True
ntx3-002100-3,g-002100,tel_Telu,MEDIUM,AMBIGUOUS,scope_broaden+vendor_shift,True,True,True
ntx3-002179-0,g-002179,eng_Latn,HIGH,AMBIGUOUS,clean,False,False,False
ntx3-002179-0,g-002179,eng_Latn,HIGH,AMBIGUOUS,vendor_shift,True,True,True
ntx3-002179-0,g-002179,eng_Latn,HIGH,AMBIGUOUS,month_shift,True,True,True
ntx3-002179-0,g-002179,eng_Latn,HIGH,AMBIGUOUS,scope_broaden,True,False,True
ntx3-002179-0,g-002179,eng_Latn,HIGH,AMBIGUOUS,scope_broaden+vendor_shift,True,True,True
ntx3-002179-1,g-002179,hin_Latn,HIGH,AMBIGUOUS,clean,False,False,False
ntx3-002179-1,g-002179,hin_Latn,HIGH,AMBIGUOUS,vendor_shift,True,True,True
ntx3-002179-1,g-002179,hin_Latn,HIGH,AMBIGUOUS,month_shift,True,True,True
ntx3-002179-1,g-002179,hin_Latn,HIGH,AMBIGUOUS,scope_broaden,True,False,True
ntx3-002179-1,g-002179,hin_Latn,HIGH,AMBIGUOUS,scope_broaden+vendor_shift,True,True,True
ntx3-002179-2,g-002179,tel_Latn,HIGH,AMBIGUOUS,clean,False,False,False
ntx3-002179-2,g-002179,tel_Latn,HIGH,AMBIGUOUS,vendor_shift,True,True,True
ntx3-002179-2,g-002179,tel_Latn,HIGH,AMBIGUOUS,month_shift,True,True,True
ntx3-002179-2,g-002179,tel_Latn,HIGH,AMBIGUOUS,scope_broaden,True,False,True
ntx3-002179-2,g-002179,tel_Latn,HIGH,AMBIGUOUS,scope_broaden+vendor_shift,True,True,True
ntx3-002179-3,g-002179,tel_Telu,HIGH,AMBIGUOUS,clean,False,False,False
ntx3-002179-3,g-002179,tel_Telu,HIGH,AMBIGUOUS,vendor_shift,True,True,True
ntx3-002179-3,g-002179,tel_Telu,HIGH,AMBIGUOUS,month_shift,True,True,True
ntx3-002179-3,g-002179,tel_Telu,HIGH,AMBIGUOUS,scope_broaden,True,False,True
ntx3-002179-3,g-002179,tel_Telu,HIGH,AMBIGUOUS,scope_broaden+vendor_shift,True,True,True
ntx3-001315-0,g-001315,eng_Latn,HIGH,AMBIGUOUS,clean,False,False,False
ntx3-001315-0,g-001315,eng_Latn,HIGH,AMBIGUOUS,vendor_shift,True,True,True
ntx3-001315-0,g-001315,eng_Latn,HIGH,AMBIGUOUS,month_shift,True,True,True
ntx3-001315-0,g-001315,eng_Latn,HIGH,AMBIGUOUS,scope_broaden,True,False,True
ntx3-001315-0,g-001315,eng_Latn,HIGH,AMBIGUOUS,scope_broaden+vendor_shift,True,True,True
ntx3-001315-1,g-001315,hin_Latn,HIGH,AMBIGUOUS,clean,False,False,False
ntx3-001315-1,g-001315,hin_Latn,HIGH,AMBIGUOUS,vendor_shift,True,True,True
ntx3-001315-1,g-001315,hin_Latn,HIGH,AMBIGUOUS,month_shift,True,True,True
ntx3-001315-1,g-001315,hin_Latn,HIGH,AMBIGUOUS,scope_broaden,True,False,True
ntx3-001315-1,g-001315,hin_Latn,HIGH,AMBIGUOUS,scope_broaden+vendor_shift,True,True,True
ntx3-001315-2,g-001315,tel_Latn,HIGH,AMBIGUOUS,clean,False,False,False
ntx3-001315-2,g-001315,tel_Latn,HIGH,AMBIGUOUS,vendor_shift,True,True,True
ntx3-001315-2,g-001315,tel_Latn,HIGH,AMBIGUOUS,month_shift,True,True,True
ntx3-001315-2,g-001315,tel_Latn,HIGH,AMBIGUOUS,scope_broaden,True,False,True
ntx3-001315-2,g-001315,tel_Latn,HIGH,AMBIGUOUS,scope_broaden+vendor_shift,True,True,True
ntx3-001315-3,g-001315,tel_Telu,HIGH,AMBIGUOUS,clean,False,False,False
ntx3-001315-3,g-001315,tel_Telu,HIGH,AMBIGUOUS,vendor_shift,True,True,True
ntx3-001315-3,g-001315,tel_Telu,HIGH,AMBIGUOUS,month_shift,True,True,True
ntx3-001315-3,g-001315,tel_Telu,HIGH,AMBIGUOUS,scope_broaden,True,False,True
ntx3-001315-3,g-001315,tel_Telu,HIGH,AMBIGUOUS,scope_broaden+vendor_shift,True,True,True
ntx3-000160-0,g-000160,eng_Latn,LOW,AMBIGUOUS,clean,False,False,False
ntx3-000160-0,g-000160,eng_Latn,LOW,AMBIGUOUS,vendor_shift,True,True,True
ntx3-000160-0,g-000160,eng_Latn,LOW,AMBIGUOUS,month_shift,True,True,True
ntx3-000160-0,g-000160,eng_Latn,LOW,AMBIGUOUS,scope_broaden,True,False,True
ntx3-000160-0,g-000160,eng_Latn,LOW,AMBIGUOUS,scope_broaden+vendor_shift,True,True,True
ntx3-000160-1,g-000160,hin_Latn,LOW,AMBIGUOUS,clean,False,False,False
ntx3-000160-1,g-000160,hin_Latn,LOW,AMBIGUOUS,vendor_shift,True,True,True
ntx3-000160-1,g-000160,hin_Latn,LOW,AMBIGUOUS,month_shift,True,True,True
ntx3-000160-1,g-000160,hin_Latn,LOW,AMBIGUOUS,scope_broaden,True,False,True
ntx3-000160-1,g-000160,hin_Latn,LOW,AMBIGUOUS,scope_broaden+vendor_shift,True,True,True
ntx3-000160-2,g-000160,tel_Latn,LOW,AMBIGUOUS,clean,False,False,False
ntx3-000160-2,g-000160,tel_Latn,LOW,AMBIGUOUS,vendor_shift,True,True,True
ntx3-000160-2,g-000160,tel_Latn,LOW,AMBIGUOUS,month_shift,True,True,True
ntx3-000160-2,g-000160,tel_Latn,LOW,AMBIGUOUS,scope_broaden,True,False,True
ntx3-000160-2,g-000160,tel_Latn,LOW,AMBIGUOUS,scope_broaden+vendor_shift,True,True,True
ntx3-000160-3,g-000160,tel_Telu,LOW,AMBIGUOUS,clean,False,False,False
ntx3-000160-3,g-000160,tel_Telu,LOW,AMBIGUOUS,vendor_shift,True,True,True
ntx3-000160-3,g-000160,tel_Telu,LOW,AMBIGUOUS,month_shift,True,True,True
ntx3-000160-3,g-000160,tel_Telu,LOW,AMBIGUOUS,scope_broaden,True,False,True
ntx3-000160-3,g-000160,tel_Telu,LOW,AMBIGUOUS,scope_broaden+vendor_shift,True,True,True
ntx3-000492-0,g-000492,eng_Latn,LOW,AMBIGUOUS,clean,False,False,False
ntx3-000492-0,g-000492,eng_Latn,LOW,AMBIGUOUS,vendor_shift,True,True,True
ntx3-000492-0,g-000492,eng_Latn,LOW,AMBIGUOUS,month_shift,True,True,True
ntx3-000492-0,g-000492,eng_Latn,LOW,AMBIGUOUS,scope_broaden,True,False,True
ntx3-000492-0,g-000492,eng_Latn,LOW,AMBIGUOUS,scope_broaden+vendor_shift,True,True,True
ntx3-000492-1,g-000492,hin_Latn,LOW,AMBIGUOUS,clean,False,False,False
ntx3-000492-1,g-000492,hin_Latn,LOW,AMBIGUOUS,vendor_shift,True,True,True
ntx3-000492-1,g-000492,hin_Latn,LOW,AMBIGUOUS,month_shift,True,True,True
ntx3-000492-1,g-000492,hin_Latn,LOW,AMBIGUOUS,scope_broaden,True,False,True
ntx3-000492-1,g-000492,hin_Latn,LOW,AMBIGUOUS,scope_broaden+vendor_shift,True,True,True
ntx3-000492-2,g-000492,tel_Latn,LOW,AMBIGUOUS,clean,False,False,False
ntx3-000492-2,g-000492,tel_Latn,LOW,AMBIGUOUS,vendor_shift,True,True,True
ntx3-000492-2,g-000492,tel_Latn,LOW,AMBIGUOUS,month_shift,True,True,True
ntx3-000492-2,g-000492,tel_Latn,LOW,AMBIGUOUS,scope_broaden,True,False,True
ntx3-000492-2,g-000492,tel_Latn,LOW,AMBIGUOUS,scope_broaden+vendor_shift,True,True,True
ntx3-000492-3,g-000492,tel_Telu,LOW,AMBIGUOUS,clean,False,False,False
ntx3-000492-3,g-000492,tel_Telu,LOW,AMBIGUOUS,vendor_shift,True,True,True
ntx3-000492-3,g-000492,tel_Telu,LOW,AMBIGUOUS,month_shift,True,True,True
ntx3-000492-3,g-000492,tel_Telu,LOW,AMBIGUOUS,scope_broaden,True,False,True
ntx3-000492-3,g-000492,tel_Telu,LOW,AMBIGUOUS,scope_broaden+vendor_shift,True,True,True
ntx3-000839-0,g-000839,eng_Latn,MEDIUM,AMBIGUOUS,clean,False,False,False
ntx3-000839-0,g-000839,eng_Latn,MEDIUM,AMBIGUOUS,vendor_shift,True,True,True
ntx3-000839-0,g-000839,eng_Latn,MEDIUM,AMBIGUOUS,month_shift,True,True,True
ntx3-000839-0,g-000839,eng_Latn,MEDIUM,AMBIGUOUS,scope_broaden,True,False,True
ntx3-000839-0,g-000839,eng_Latn,MEDIUM,AMBIGUOUS,scope_broaden+vendor_shift,True,True,True
ntx3-000839-1,g-000839,hin_Latn,MEDIUM,AMBIGUOUS,clean,False,False,False
ntx3-000839-1,g-000839,hin_Latn,MEDIUM,AMBIGUOUS,vendor_shift,True,True,True
ntx3-000839-1,g-000839,hin_Latn,MEDIUM,AMBIGUOUS,month_shift,True,True,True
ntx3-000839-1,g-000839,hin_Latn,MEDIUM,AMBIGUOUS,scope_broaden,True,False,True
ntx3-000839-1,g-000839,hin_Latn,MEDIUM,AMBIGUOUS,scope_broaden+vendor_shift,True,True,True
ntx3-000839-2,g-000839,tel_Latn,MEDIUM,AMBIGUOUS,clean,False,False,False
ntx3-000839-2,g-000839,tel_Latn,MEDIUM,AMBIGUOUS,vendor_shift,True,True,True
ntx3-000839-2,g-000839,tel_Latn,MEDIUM,AMBIGUOUS,month_shift,True,True,True
ntx3-000839-2,g-000839,tel_Latn,MEDIUM,AMBIGUOUS,scope_broaden,True,False,True
ntx3-000839-2,g-000839,tel_Latn,MEDIUM,AMBIGUOUS,scope_broaden+vendor_shift,True,True,True
ntx3-000839-3,g-000839,tel_Telu,MEDIUM,AMBIGUOUS,clean,False,False,False
ntx3-000839-3,g-000839,tel_Telu,MEDIUM,AMBIGUOUS,vendor_shift,True,True,True
ntx3-000839-3,g-000839,tel_Telu,MEDIUM,AMBIGUOUS,month_shift,True,True,True
ntx3-000839-3,g-000839,tel_Telu,MEDIUM,AMBIGUOUS,scope_broaden,True,False,True
ntx3-000839-3,g-000839,tel_Telu,MEDIUM,AMBIGUOUS,scope_broaden+vendor_shift,True,True,True
ntx3-001721-0,g-001721,eng_Latn,MEDIUM,AMBIGUOUS,clean,False,False,False
ntx3-001721-0,g-001721,eng_Latn,MEDIUM,AMBIGUOUS,vendor_shift,True,True,True
ntx3-001721-0,g-001721,eng_Latn,MEDIUM,AMBIGUOUS,month_shift,True,True,True
ntx3-001721-0,g-001721,eng_Latn,MEDIUM,AMBIGUOUS,scope_broaden,True,False,True
ntx3-001721-0,g-001721,eng_Latn,MEDIUM,AMBIGUOUS,scope_broaden+vendor_shift,True,True,True
ntx3-001721-1,g-001721,hin_Latn,MEDIUM,AMBIGUOUS,clean,False,False,False
ntx3-001721-1,g-001721,hin_Latn,MEDIUM,AMBIGUOUS,vendor_shift,True,True,True
ntx3-001721-1,g-001721,hin_Latn,MEDIUM,AMBIGUOUS,month_shift,True,True,True
ntx3-001721-1,g-001721,hin_Latn,MEDIUM,AMBIGUOUS,scope_broaden,True,False,True
ntx3-001721-1,g-001721,hin_Latn,MEDIUM,AMBIGUOUS,scope_broaden+vendor_shift,True,True,True
ntx3-001721-2,g-001721,tel_Latn,MEDIUM,AMBIGUOUS,clean,False,False,False
ntx3-001721-2,g-001721,tel_Latn,MEDIUM,AMBIGUOUS,vendor_shift,True,True,True
ntx3-001721-2,g-001721,tel_Latn,MEDIUM,AMBIGUOUS,month_shift,True,True,True
ntx3-001721-2,g-001721,tel_Latn,MEDIUM,AMBIGUOUS,scope_broaden,True,False,True
ntx3-001721-2,g-001721,tel_Latn,MEDIUM,AMBIGUOUS,scope_broaden+vendor_shift,True,True,True
ntx3-001721-3,g-001721,tel_Telu,MEDIUM,AMBIGUOUS,clean,False,False,False
ntx3-001721-3,g-001721,tel_Telu,MEDIUM,AMBIGUOUS,vendor_shift,True,True,True
ntx3-001721-3,g-001721,tel_Telu,MEDIUM,AMBIGUOUS,month_shift,True,True,True
ntx3-001721-3,g-001721,tel_Telu,MEDIUM,AMBIGUOUS,scope_broaden,True,False,True
ntx3-001721-3,g-001721,tel_Telu,MEDIUM,AMBIGUOUS,scope_broaden+vendor_shift,True,True,True
ntx3-001733-0,g-001733,eng_Latn,HIGH,AMBIGUOUS,clean,False,False,False
ntx3-001733-0,g-001733,eng_Latn,HIGH,AMBIGUOUS,vendor_shift,True,True,True
ntx3-001733-0,g-001733,eng_Latn,HIGH,AMBIGUOUS,month_shift,True,True,True
ntx3-001733-0,g-001733,eng_Latn,HIGH,AMBIGUOUS,scope_broaden,True,False,True
ntx3-001733-0,g-001733,eng_Latn,HIGH,AMBIGUOUS,scope_broaden+vendor_shift,True,True,True
ntx3-001733-1,g-001733,hin_Latn,HIGH,AMBIGUOUS,clean,False,False,False
ntx3-001733-1,g-001733,hin_Latn,HIGH,AMBIGUOUS,vendor_shift,True,True,True
ntx3-001733-1,g-001733,hin_Latn,HIGH,AMBIGUOUS,month_shift,True,True,True
ntx3-001733-1,g-001733,hin_Latn,HIGH,AMBIGUOUS,scope_broaden,True,False,True
ntx3-001733-1,g-001733,hin_Latn,HIGH,AMBIGUOUS,scope_broaden+vendor_shift,True,True,True
ntx3-001733-2,g-001733,tel_Latn,HIGH,AMBIGUOUS,clean,False,False,False
ntx3-001733-2,g-001733,tel_Latn,HIGH,AMBIGUOUS,vendor_shift,True,True,True
ntx3-001733-2,g-001733,tel_Latn,HIGH,AMBIGUOUS,month_shift,True,True,True
ntx3-001733-2,g-001733,tel_Latn,HIGH,AMBIGUOUS,scope_broaden,True,False,True
ntx3-001733-2,g-001733,tel_Latn,HIGH,AMBIGUOUS,scope_broaden+vendor_shift,True,True,True
ntx3-001733-3,g-001733,tel_Telu,HIGH,AMBIGUOUS,clean,False,False,False
ntx3-001733-3,g-001733,tel_Telu,HIGH,AMBIGUOUS,vendor_shift,True,True,True
ntx3-001733-3,g-001733,tel_Telu,HIGH,AMBIGUOUS,month_shift,True,True,True
ntx3-001733-3,g-001733,tel_Telu,HIGH,AMBIGUOUS,scope_broaden,True,False,True
ntx3-001733-3,g-001733,tel_Telu,HIGH,AMBIGUOUS,scope_broaden+vendor_shift,True,True,True
ntx3-001874-0,g-001874,eng_Latn,MEDIUM,AMBIGUOUS,clean,False,False,False
ntx3-001874-0,g-001874,eng_Latn,MEDIUM,AMBIGUOUS,vendor_shift,True,True,True
ntx3-001874-0,g-001874,eng_Latn,MEDIUM,AMBIGUOUS,month_shift,True,True,True
ntx3-001874-0,g-001874,eng_Latn,MEDIUM,AMBIGUOUS,scope_broaden,True,False,True
ntx3-001874-0,g-001874,eng_Latn,MEDIUM,AMBIGUOUS,scope_broaden+vendor_shift,True,True,True
ntx3-001874-1,g-001874,hin_Latn,MEDIUM,AMBIGUOUS,clean,False,False,False
ntx3-001874-1,g-001874,hin_Latn,MEDIUM,AMBIGUOUS,vendor_shift,True,True,True
ntx3-001874-1,g-001874,hin_Latn,MEDIUM,AMBIGUOUS,month_shift,True,True,True
ntx3-001874-1,g-001874,hin_Latn,MEDIUM,AMBIGUOUS,scope_broaden,True,False,True
ntx3-001874-1,g-001874,hin_Latn,MEDIUM,AMBIGUOUS,scope_broaden+vendor_shift,True,True,True
ntx3-001874-2,g-001874,tel_Latn,MEDIUM,AMBIGUOUS,clean,False,False,False
ntx3-001874-2,g-001874,tel_Latn,MEDIUM,AMBIGUOUS,vendor_shift,True,True,True
ntx3-001874-2,g-001874,tel_Latn,MEDIUM,AMBIGUOUS,month_shift,True,True,True
ntx3-001874-2,g-001874,tel_Latn,MEDIUM,AMBIGUOUS,scope_broaden,True,False,True
ntx3-001874-2,g-001874,tel_Latn,MEDIUM,AMBIGUOUS,scope_broaden+vendor_shift,True,True,True
ntx3-001874-3,g-001874,tel_Telu,MEDIUM,AMBIGUOUS,clean,False,False,False
ntx3-001874-3,g-001874,tel_Telu,MEDIUM,AMBIGUOUS,vendor_shift,True,True,True
ntx3-001874-3,g-001874,tel_Telu,MEDIUM,AMBIGUOUS,month_shift,True,True,True
ntx3-001874-3,g-001874,tel_Telu,MEDIUM,AMBIGUOUS,scope_broaden,True,False,True
ntx3-001874-3,g-001874,tel_Telu,MEDIUM,AMBIGUOUS,scope_broaden+vendor_shift,True,True,True
ntx3-000312-0,g-000312,eng_Latn,HIGH,AMBIGUOUS,clean,False,False,False
ntx3-000312-0,g-000312,eng_Latn,HIGH,AMBIGUOUS,vendor_shift,True,True,True
ntx3-000312-0,g-000312,eng_Latn,HIGH,AMBIGUOUS,month_shift,True,True,True
ntx3-000312-0,g-000312,eng_Latn,HIGH,AMBIGUOUS,scope_broaden,True,False,True
ntx3-000312-0,g-000312,eng_Latn,HIGH,AMBIGUOUS,scope_broaden+vendor_shift,True,True,True
ntx3-000312-1,g-000312,hin_Latn,HIGH,AMBIGUOUS,clean,False,False,False
ntx3-000312-1,g-000312,hin_Latn,HIGH,AMBIGUOUS,vendor_shift,True,True,True
ntx3-000312-1,g-000312,hin_Latn,HIGH,AMBIGUOUS,month_shift,True,True,True
ntx3-000312-1,g-000312,hin_Latn,HIGH,AMBIGUOUS,scope_broaden,True,False,True
ntx3-000312-1,g-000312,hin_Latn,HIGH,AMBIGUOUS,scope_broaden+vendor_shift,True,True,True
ntx3-000312-2,g-000312,tel_Latn,HIGH,AMBIGUOUS,clean,False,False,False
ntx3-000312-2,g-000312,tel_Latn,HIGH,AMBIGUOUS,vendor_shift,True,True,True
ntx3-000312-2,g-000312,tel_Latn,HIGH,AMBIGUOUS,month_shift,True,True,True
ntx3-000312-2,g-000312,tel_Latn,HIGH,AMBIGUOUS,scope_broaden,True,False,True
ntx3-000312-2,g-000312,tel_Latn,HIGH,AMBIGUOUS,scope_broaden+vendor_shift,True,True,True
ntx3-000312-3,g-000312,tel_Telu,HIGH,AMBIGUOUS,clean,False,False,False
ntx3-000312-3,g-000312,tel_Telu,HIGH,AMBIGUOUS,vendor_shift,True,True,True
ntx3-000312-3,g-000312,tel_Telu,HIGH,AMBIGUOUS,month_shift,True,True,True
ntx3-000312-3,g-000312,tel_Telu,HIGH,AMBIGUOUS,scope_broaden,True,False,True
ntx3-000312-3,g-000312,tel_Telu,HIGH,AMBIGUOUS,scope_broaden+vendor_shift,True,True,True
ntx3-001578-0,g-001578,eng_Latn,LOW,AMBIGUOUS,clean,False,False,False
ntx3-001578-0,g-001578,eng_Latn,LOW,AMBIGUOUS,vendor_shift,True,True,True
ntx3-001578-0,g-001578,eng_Latn,LOW,AMBIGUOUS,month_shift,True,True,True
ntx3-001578-0,g-001578,eng_Latn,LOW,AMBIGUOUS,scope_broaden,True,False,True
ntx3-001578-0,g-001578,eng_Latn,LOW,AMBIGUOUS,scope_broaden+vendor_shift,True,True,True
ntx3-001578-1,g-001578,hin_Latn,LOW,AMBIGUOUS,clean,False,False,False
ntx3-001578-1,g-001578,hin_Latn,LOW,AMBIGUOUS,vendor_shift,True,True,True
ntx3-001578-1,g-001578,hin_Latn,LOW,AMBIGUOUS,month_shift,True,True,True
ntx3-001578-1,g-001578,hin_Latn,LOW,AMBIGUOUS,scope_broaden,True,False,True
ntx3-001578-1,g-001578,hin_Latn,LOW,AMBIGUOUS,scope_broaden+vendor_shift,True,True,True
ntx3-001578-2,g-001578,tel_Latn,LOW,AMBIGUOUS,clean,False,False,False
ntx3-001578-2,g-001578,tel_Latn,LOW,AMBIGUOUS,vendor_shift,True,True,True
ntx3-001578-2,g-001578,tel_Latn,LOW,AMBIGUOUS,month_shift,True,True,True
ntx3-001578-2,g-001578,tel_Latn,LOW,AMBIGUOUS,scope_broaden,True,False,True
ntx3-001578-2,g-001578,tel_Latn,LOW,AMBIGUOUS,scope_broaden+vendor_shift,True,True,True
ntx3-001578-3,g-001578,tel_Telu,LOW,AMBIGUOUS,clean,False,False,False
ntx3-001578-3,g-001578,tel_Telu,LOW,AMBIGUOUS,vendor_shift,True,True,True
ntx3-001578-3,g-001578,tel_Telu,LOW,AMBIGUOUS,month_shift,True,True,True
ntx3-001578-3,g-001578,tel_Telu,LOW,AMBIGUOUS,scope_broaden,True,False,True
ntx3-001578-3,g-001578,tel_Telu,LOW,AMBIGUOUS,scope_broaden+vendor_shift,True,True,True
ntx3-001338-0,g-001338,eng_Latn,MEDIUM,AMBIGUOUS,clean,False,False,False
ntx3-001338-0,g-001338,eng_Latn,MEDIUM,AMBIGUOUS,vendor_shift,True,True,True
ntx3-001338-0,g-001338,eng_Latn,MEDIUM,AMBIGUOUS,month_shift,True,True,True
ntx3-001338-0,g-001338,eng_Latn,MEDIUM,AMBIGUOUS,scope_broaden,True,False,True
ntx3-001338-0,g-001338,eng_Latn,MEDIUM,AMBIGUOUS,scope_broaden+vendor_shift,True,True,True
ntx3-001338-1,g-001338,hin_Latn,MEDIUM,AMBIGUOUS,clean,False,False,False
ntx3-001338-1,g-001338,hin_Latn,MEDIUM,AMBIGUOUS,vendor_shift,True,True,True
ntx3-001338-1,g-001338,hin_Latn,MEDIUM,AMBIGUOUS,month_shift,True,True,True
ntx3-001338-1,g-001338,hin_Latn,MEDIUM,AMBIGUOUS,scope_broaden,True,False,True
ntx3-001338-1,g-001338,hin_Latn,MEDIUM,AMBIGUOUS,scope_broaden+vendor_shift,True,True,True
ntx3-001338-2,g-001338,tel_Latn,MEDIUM,AMBIGUOUS,clean,False,False,False
ntx3-001338-2,g-001338,tel_Latn,MEDIUM,AMBIGUOUS,vendor_shift,True,True,True
ntx3-001338-2,g-001338,tel_Latn,MEDIUM,AMBIGUOUS,month_shift,True,True,True
ntx3-001338-2,g-001338,tel_Latn,MEDIUM,AMBIGUOUS,scope_broaden,True,False,True
ntx3-001338-2,g-001338,tel_Latn,MEDIUM,AMBIGUOUS,scope_broaden+vendor_shift,True,True,True
ntx3-001338-3,g-001338,tel_Telu,MEDIUM,AMBIGUOUS,clean,False,False,False
ntx3-001338-3,g-001338,tel_Telu,MEDIUM,AMBIGUOUS,vendor_shift,True,True,True
ntx3-001338-3,g-001338,tel_Telu,MEDIUM,AMBIGUOUS,month_shift,True,True,True
ntx3-001338-3,g-001338,tel_Telu,MEDIUM,AMBIGUOUS,scope_broaden,True,False,True
ntx3-001338-3,g-001338,tel_Telu,MEDIUM,AMBIGUOUS,scope_broaden+vendor_shift,True,True,True
ntx3-002494-0,g-002494,eng_Latn,MEDIUM,AMBIGUOUS,clean,False,False,False
ntx3-002494-0,g-002494,eng_Latn,MEDIUM,AMBIGUOUS,vendor_shift,True,True,True
ntx3-002494-0,g-002494,eng_Latn,MEDIUM,AMBIGUOUS,month_shift,True,True,True
ntx3-002494-0,g-002494,eng_Latn,MEDIUM,AMBIGUOUS,scope_broaden,True,False,True
ntx3-002494-0,g-002494,eng_Latn,MEDIUM,AMBIGUOUS,scope_broaden+vendor_shift,True,True,True
ntx3-002494-1,g-002494,hin_Latn,MEDIUM,AMBIGUOUS,clean,False,False,False
ntx3-002494-1,g-002494,hin_Latn,MEDIUM,AMBIGUOUS,vendor_shift,True,True,True
ntx3-002494-1,g-002494,hin_Latn,MEDIUM,AMBIGUOUS,month_shift,True,True,True
ntx3-002494-1,g-002494,hin_Latn,MEDIUM,AMBIGUOUS,scope_broaden,True,False,True
ntx3-002494-1,g-002494,hin_Latn,MEDIUM,AMBIGUOUS,scope_broaden+vendor_shift,True,True,True
ntx3-002494-2,g-002494,tel_Latn,MEDIUM,AMBIGUOUS,clean,False,False,False
ntx3-002494-2,g-002494,tel_Latn,MEDIUM,AMBIGUOUS,vendor_shift,True,True,True
ntx3-002494-2,g-002494,tel_Latn,MEDIUM,AMBIGUOUS,month_shift,True,True,True
ntx3-002494-2,g-002494,tel_Latn,MEDIUM,AMBIGUOUS,scope_broaden,True,False,True
ntx3-002494-2,g-002494,tel_Latn,MEDIUM,AMBIGUOUS,scope_broaden+vendor_shift,True,True,True
ntx3-002494-3,g-002494,tel_Telu,MEDIUM,AMBIGUOUS,clean,False,False,False
ntx3-002494-3,g-002494,tel_Telu,MEDIUM,AMBIGUOUS,vendor_shift,True,True,True
ntx3-002494-3,g-002494,tel_Telu,MEDIUM,AMBIGUOUS,month_shift,True,True,True
ntx3-002494-3,g-002494,tel_Telu,MEDIUM,AMBIGUOUS,scope_broaden,True,False,True
ntx3-002494-3,g-002494,tel_Telu,MEDIUM,AMBIGUOUS,scope_broaden+vendor_shift,True,True,True
