case_id,language,transform,v3_triggered
ntx3-000548-1,hin_Latn,nfkc,False
ntx3-000548-1,hin_Latn,extra_spaces,False
ntx3-000548-1,hin_Latn,punctuation,False
ntx3-000548-1,hin_Latn,zero_width,False
ntx3-001957-0,eng_Latn,nfkc,False
ntx3-001957-0,eng_Latn,extra_spaces,False
ntx3-001957-0,eng_Latn,punctuation,False
ntx3-001957-0,eng_Latn,zero_width,False
ntx3-000285-3,tel_Telu,nfkc,False
ntx3-000285-3,tel_Telu,extra_spaces,False
ntx3-000285-3,tel_Telu,punctuation,False
ntx3-000285-3,tel_Telu,zero_width,False
ntx3-000584-0,eng_Latn,nfkc,False
ntx3-000584-0,eng_Latn,extra_spaces,False
ntx3-000584-0,eng_Latn,punctuation,False
ntx3-000584-0,eng_Latn,zero_width,False
ntx3-000449-1,hin_Latn,nfkc,False
ntx3-000449-1,hin_Latn,extra_spaces,False
ntx3-000449-1,hin_Latn,punctuation,False
ntx3-000449-1,hin_Latn,zero_width,False
ntx3-001509-0,eng_Latn,nfkc,False
ntx3-001509-0,eng_Latn,extra_spaces,False
ntx3-001509-0,eng_Latn,punctuation,False
ntx3-001509-0,eng_Latn,zero_width,False
ntx3-000272-2,tel_Latn,nfkc,False
ntx3-000272-2,tel_Latn,extra_spaces,False
ntx3-000272-2,tel_Latn,punctuation,False
ntx3-000272-2,tel_Latn,zero_width,False
ntx3-001577-0,eng_Latn,nfkc,False
ntx3-001577-0,eng_Latn,extra_spaces,False
ntx3-001577-0,eng_Latn,punctuation,False
ntx3-001577-0,eng_Latn,zero_width,False
ntx3-001721-0,eng_Latn,nfkc,False
ntx3-001721-0,eng_Latn,extra_spaces,False
ntx3-001721-0,eng_Latn,punctuation,False
ntx3-001721-0,eng_Latn,zero_width,False
ntx3-001075-2,tel_Latn,nfkc,False
ntx3-001075-2,tel_Latn,extra_spaces,False
ntx3-001075-2,tel_Latn,punctuation,False
ntx3-001075-2,tel_Latn,zero_width,False
ntx3-001336-0,eng_Latn,nfkc,False
ntx3-001336-0,eng_Latn,extra_spaces,False
ntx3-001336-0,eng_Latn,punctuation,False
ntx3-001336-0,eng_Latn,zero_width,False
ntx3-001171-3,tel_Telu,nfkc,False
ntx3-001171-3,tel_Telu,extra_spaces,False
ntx3-001171-3,tel_Telu,punctuation,False
ntx3-001171-3,tel_Telu,zero_width,False
ntx3-001874-2,tel_Latn,nfkc,False
ntx3-001874-2,tel_Latn,extra_spaces,False
ntx3-001874-2,tel_Latn,punctuation,False
ntx3-001874-2,tel_Latn,zero_width,False
ntx3-002329-0,eng_Latn,nfkc,False
ntx3-002329-0,eng_Latn,extra_spaces,False
ntx3-002329-0,eng_Latn,punctuation,False
ntx3-002329-0,eng_Latn,zero_width,False
ntx3-001503-1,hin_Latn,nfkc,False
ntx3-001503-1,hin_Latn,extra_spaces,False
ntx3-001503-1,hin_Latn,punctuation,False
ntx3-001503-1,hin_Latn,zero_width,False
ntx3-000817-1,hin_Latn,nfkc,False
ntx3-000817-1,hin_Latn,extra_spaces,False
ntx3-000817-1,hin_Latn,punctuation,False
ntx3-000817-1,hin_Latn,zero_width,False
ntx3-000304-1,hin_Latn,nfkc,False
ntx3-000304-1,hin_Latn,extra_spaces,False
ntx3-000304-1,hin_Latn,punctuation,False
ntx3-000304-1,hin_Latn,zero_width,False
ntx3-001971-0,eng_Latn,nfkc,False
ntx3-001971-0,eng_Latn,extra_spaces,False
ntx3-001971-0,eng_Latn,punctuation,False
ntx3-001971-0,eng_Latn,zero_width,False
ntx3-001188-0,eng_Latn,nfkc,False
ntx3-001188-0,eng_Latn,extra_spaces,False
ntx3-001188-0,eng_Latn,punctuation,False
ntx3-001188-0,eng_Latn,zero_width,False
ntx3-001674-3,tel_Telu,nfkc,False
ntx3-001674-3,tel_Telu,extra_spaces,False
ntx3-001674-3,tel_Telu,punctuation,False
ntx3-001674-3,tel_Telu,zero_width,False
ntx3-002221-0,eng_Latn,nfkc,False
ntx3-002221-0,eng_Latn,extra_spaces,False
ntx3-002221-0,eng_Latn,punctuation,False
ntx3-002221-0,eng_Latn,zero_width,False
ntx3-000659-2,tel_Latn,nfkc,False
ntx3-000659-2,tel_Latn,extra_spaces,False
ntx3-000659-2,tel_Latn,punctuation,False
ntx3-000659-2,tel_Latn,zero_width,False
ntx3-001465-1,hin_Latn,nfkc,False
ntx3-001465-1,hin_Latn,extra_spaces,False
ntx3-001465-1,hin_Latn,punctuation,False
ntx3-001465-1,hin_Latn,zero_width,False
ntx3-001736-3,tel_Telu,nfkc,False
ntx3-001736-3,tel_Telu,extra_spaces,False
ntx3-001736-3,tel_Telu,punctuation,False
ntx3-001736-3,tel_Telu,zero_width,False
ntx3-001244-0,eng_Latn,nfkc,False
ntx3-001244-0,eng_Latn,extra_spaces,False
ntx3-001244-0,eng_Latn,punctuation,False
ntx3-001244-0,eng_Latn,zero_width,False
ntx3-001566-0,eng_Latn,nfkc,False
ntx3-001566-0,eng_Latn,extra_spaces,False
ntx3-001566-0,eng_Latn,punctuation,False
ntx3-001566-0,eng_Latn,zero_width,False
ntx3-001496-0,eng_Latn,nfkc,False
ntx3-001496-0,eng_Latn,extra_spaces,False
ntx3-001496-0,eng_Latn,punctuation,False
ntx3-001496-0,eng_Latn,zero_width,False
ntx3-001698-0,eng_Latn,nfkc,False
ntx3-001698-0,eng_Latn,extra_spaces,False
ntx3-001698-0,eng_Latn,punctuation,False
ntx3-001698-0,eng_Latn,zero_width,False
ntx3-002011-0,eng_Latn,nfkc,False
ntx3-002011-0,eng_Latn,extra_spaces,False
ntx3-002011-0,eng_Latn,punctuation,False
ntx3-002011-0,eng_Latn,zero_width,False
ntx3-000364-3,tel_Telu,nfkc,False
ntx3-000364-3,tel_Telu,extra_spaces,False
ntx3-000364-3,tel_Telu,punctuation,False
ntx3-000364-3,tel_Telu,zero_width,False
ntx3-002492-1,hin_Latn,nfkc,False
ntx3-002492-1,hin_Latn,extra_spaces,False
ntx3-002492-1,hin_Latn,punctuation,False
ntx3-002492-1,hin_Latn,zero_width,False
ntx3-002046-1,hin_Latn,nfkc,False
ntx3-002046-1,hin_Latn,extra_spaces,False
ntx3-002046-1,hin_Latn,punctuation,False
ntx3-002046-1,hin_Latn,zero_width,False
ntx3-002303-0,eng_Latn,nfkc,False
ntx3-002303-0,eng_Latn,extra_spaces,False
ntx3-002303-0,eng_Latn,punctuation,False
ntx3-002303-0,eng_Latn,zero_width,False
ntx3-001694-0,eng_Latn,nfkc,False
ntx3-001694-0,eng_Latn,extra_spaces,False
ntx3-001694-0,eng_Latn,punctuation,False
ntx3-001694-0,eng_Latn,zero_width,False
ntx3-001415-1,hin_Latn,nfkc,False
ntx3-001415-1,hin_Latn,extra_spaces,False
ntx3-001415-1,hin_Latn,punctuation,False
ntx3-001415-1,hin_Latn,zero_width,False
ntx3-001787-3,tel_Telu,nfkc,False
ntx3-001787-3,tel_Telu,extra_spaces,False
ntx3-001787-3,tel_Telu,punctuation,False
ntx3-001787-3,tel_Telu,zero_width,False
ntx3-000218-3,tel_Telu,nfkc,False
ntx3-000218-3,tel_Telu,extra_spaces,False
ntx3-000218-3,tel_Telu,punctuation,False
ntx3-000218-3,tel_Telu,zero_width,False
ntx3-001465-2,tel_Latn,nfkc,False
ntx3-001465-2,tel_Latn,extra_spaces,False
ntx3-001465-2,tel_Latn,punctuation,False
ntx3-001465-2,tel_Latn,zero_width,False
ntx3-000349-3,tel_Telu,nfkc,False
ntx3-000349-3,tel_Telu,extra_spaces,False
ntx3-000349-3,tel_Telu,punctuation,False
ntx3-000349-3,tel_Telu,zero_width,False
ntx3-002078-1,hin_Latn,nfkc,False
ntx3-002078-1,hin_Latn,extra_spaces,False
ntx3-002078-1,hin_Latn,punctuation,False
ntx3-002078-1,hin_Latn,zero_width,False
ntx3-002206-1,hin_Latn,nfkc,False
ntx3-002206-1,hin_Latn,extra_spaces,False
ntx3-002206-1,hin_Latn,punctuation,False
ntx3-002206-1,hin_Latn,zero_width,False
ntx3-002365-3,tel_Telu,nfkc,False
ntx3-002365-3,tel_Telu,extra_spaces,False
ntx3-002365-3,tel_Telu,punctuation,False
ntx3-002365-3,tel_Telu,zero_width,False
ntx3-000698-1,hin_Latn,nfkc,False
ntx3-000698-1,hin_Latn,extra_spaces,False
ntx3-000698-1,hin_Latn,punctuation,False
ntx3-000698-1,hin_Latn,zero_width,False
ntx3-000160-0,eng_Latn,nfkc,False
ntx3-000160-0,eng_Latn,extra_spaces,False
ntx3-000160-0,eng_Latn,punctuation,False
ntx3-000160-0,eng_Latn,zero_width,False
ntx3-000726-1,hin_Latn,nfkc,False
ntx3-000726-1,hin_Latn,extra_spaces,False
ntx3-000726-1,hin_Latn,punctuation,False
ntx3-000726-1,hin_Latn,zero_width,False
ntx3-001260-0,eng_Latn,nfkc,False
ntx3-001260-0,eng_Latn,extra_spaces,False
ntx3-001260-0,eng_Latn,punctuation,False
ntx3-001260-0,eng_Latn,zero_width,False
ntx3-000633-3,tel_Telu,nfkc,False
ntx3-000633-3,tel_Telu,extra_spaces,False
ntx3-000633-3,tel_Telu,punctuation,False
ntx3-000633-3,tel_Telu,zero_width,False
ntx3-001304-1,hin_Latn,nfkc,False
ntx3-001304-1,hin_Latn,extra_spaces,False
ntx3-001304-1,hin_Latn,punctuation,False
ntx3-001304-1,hin_Latn,zero_width,False
ntx3-001613-0,eng_Latn,nfkc,False
ntx3-001613-0,eng_Latn,extra_spaces,False
ntx3-001613-0,eng_Latn,punctuation,False
ntx3-001613-0,eng_Latn,zero_width,False
ntx3-002428-3,tel_Telu,nfkc,False
ntx3-002428-3,tel_Telu,extra_spaces,False
ntx3-002428-3,tel_Telu,punctuation,False
ntx3-002428-3,tel_Telu,zero_width,False
ntx3-002206-3,tel_Telu,nfkc,False
ntx3-002206-3,tel_Telu,extra_spaces,False
ntx3-002206-3,tel_Telu,punctuation,False
ntx3-002206-3,tel_Telu,zero_width,False
ntx3-001751-2,tel_Latn,nfkc,False
ntx3-001751-2,tel_Latn,extra_spaces,False
ntx3-001751-2,tel_Latn,punctuation,False
ntx3-001751-2,tel_Latn,zero_width,False
ntx3-001670-3,tel_Telu,nfkc,False
ntx3-001670-3,tel_Telu,extra_spaces,False
ntx3-001670-3,tel_Telu,punctuation,False
ntx3-001670-3,tel_Telu,zero_width,False
ntx3-000464-1,hin_Latn,nfkc,False
ntx3-000464-1,hin_Latn,extra_spaces,False
ntx3-000464-1,hin_Latn,punctuation,False
ntx3-000464-1,hin_Latn,zero_width,False
ntx3-002173-3,tel_Telu,nfkc,False
ntx3-002173-3,tel_Telu,extra_spaces,False
ntx3-002173-3,tel_Telu,punctuation,False
ntx3-002173-3,tel_Telu,zero_width,False
ntx3-002406-0,eng_Latn,nfkc,False
ntx3-002406-0,eng_Latn,extra_spaces,False
ntx3-002406-0,eng_Latn,punctuation,False
ntx3-002406-0,eng_Latn,zero_width,False
ntx3-001012-3,tel_Telu,nfkc,False
ntx3-001012-3,tel_Telu,extra_spaces,False
ntx3-001012-3,tel_Telu,punctuation,False
ntx3-001012-3,tel_Telu,zero_width,False
ntx3-001692-1,hin_Latn,nfkc,False
ntx3-001692-1,hin_Latn,extra_spaces,False
ntx3-001692-1,hin_Latn,punctuation,False
ntx3-001692-1,hin_Latn,zero_width,False
ntx3-001434-2,tel_Latn,nfkc,False
ntx3-001434-2,tel_Latn,extra_spaces,False
ntx3-001434-2,tel_Latn,punctuation,False
ntx3-001434-2,tel_Latn,zero_width,False
ntx3-001233-1,hin_Latn,nfkc,False
ntx3-001233-1,hin_Latn,extra_spaces,False
ntx3-001233-1,hin_Latn,punctuation,False
ntx3-001233-1,hin_Latn,zero_width,False
ntx3-000839-3,tel_Telu,nfkc,False
ntx3-000839-3,tel_Telu,extra_spaces,False
ntx3-000839-3,tel_Telu,punctuation,False
ntx3-000839-3,tel_Telu,zero_width,False
ntx3-001424-1,hin_Latn,nfkc,False
ntx3-001424-1,hin_Latn,extra_spaces,False
ntx3-001424-1,hin_Latn,punctuation,False
ntx3-001424-1,hin_Latn,zero_width,False
ntx3-002430-2,tel_Latn,nfkc,False
ntx3-002430-2,tel_Latn,extra_spaces,False
ntx3-002430-2,tel_Latn,punctuation,False
ntx3-002430-2,tel_Latn,zero_width,False
ntx3-001643-2,tel_Latn,nfkc,False
ntx3-001643-2,tel_Latn,extra_spaces,False
ntx3-001643-2,tel_Latn,punctuation,False
ntx3-001643-2,tel_Latn,zero_width,False
ntx3-002295-1,hin_Latn,nfkc,False
ntx3-002295-1,hin_Latn,extra_spaces,False
ntx3-002295-1,hin_Latn,punctuation,False
ntx3-002295-1,hin_Latn,zero_width,False
ntx3-000840-1,hin_Latn,nfkc,False
ntx3-000840-1,hin_Latn,extra_spaces,False
ntx3-000840-1,hin_Latn,punctuation,False
ntx3-000840-1,hin_Latn,zero_width,False
ntx3-000797-0,eng_Latn,nfkc,False
ntx3-000797-0,eng_Latn,extra_spaces,False
ntx3-000797-0,eng_Latn,punctuation,False
ntx3-000797-0,eng_Latn,zero_width,False
ntx3-002497-0,eng_Latn,nfkc,False
ntx3-002497-0,eng_Latn,extra_spaces,False
ntx3-002497-0,eng_Latn,punctuation,False
ntx3-002497-0,eng_Latn,zero_width,False
ntx3-001629-1,hin_Latn,nfkc,False
ntx3-001629-1,hin_Latn,extra_spaces,False
ntx3-001629-1,hin_Latn,punctuation,False
ntx3-001629-1,hin_Latn,zero_width,False
ntx3-000751-1,hin_Latn,nfkc,False
ntx3-000751-1,hin_Latn,extra_spaces,False
ntx3-000751-1,hin_Latn,punctuation,False
ntx3-000751-1,hin_Latn,zero_width,False
ntx3-001213-0,eng_Latn,nfkc,False
ntx3-001213-0,eng_Latn,extra_spaces,False
ntx3-001213-0,eng_Latn,punctuation,False
ntx3-001213-0,eng_Latn,zero_width,False
ntx3-000192-1,hin_Latn,nfkc,False
ntx3-000192-1,hin_Latn,extra_spaces,False
ntx3-000192-1,hin_Latn,punctuation,False
ntx3-000192-1,hin_Latn,zero_width,False
ntx3-000530-1,hin_Latn,nfkc,False
ntx3-000530-1,hin_Latn,extra_spaces,False
ntx3-000530-1,hin_Latn,punctuation,False
ntx3-000530-1,hin_Latn,zero_width,False
ntx3-002035-1,hin_Latn,nfkc,False
ntx3-002035-1,hin_Latn,extra_spaces,False
ntx3-002035-1,hin_Latn,punctuation,False
ntx3-002035-1,hin_Latn,zero_width,False
ntx3-000839-0,eng_Latn,nfkc,False
ntx3-000839-0,eng_Latn,extra_spaces,False
ntx3-000839-0,eng_Latn,punctuation,False
ntx3-000839-0,eng_Latn,zero_width,False
ntx3-001324-3,tel_Telu,nfkc,False
ntx3-001324-3,tel_Telu,extra_spaces,False
ntx3-001324-3,tel_Telu,punctuation,False
ntx3-001324-3,tel_Telu,zero_width,False
ntx3-001726-3,tel_Telu,nfkc,False
ntx3-001726-3,tel_Telu,extra_spaces,False
ntx3-001726-3,tel_Telu,punctuation,False
ntx3-001726-3,tel_Telu,zero_width,False
ntx3-000659-0,eng_Latn,nfkc,False
ntx3-000659-0,eng_Latn,extra_spaces,False
ntx3-000659-0,eng_Latn,punctuation,False
ntx3-000659-0,eng_Latn,zero_width,False
ntx3-000230-0,eng_Latn,nfkc,False
ntx3-000230-0,eng_Latn,extra_spaces,False
ntx3-000230-0,eng_Latn,punctuation,False
ntx3-000230-0,eng_Latn,zero_width,False
ntx3-002304-0,eng_Latn,nfkc,False
ntx3-002304-0,eng_Latn,extra_spaces,False
ntx3-002304-0,eng_Latn,punctuation,False
ntx3-002304-0,eng_Latn,zero_width,False
ntx3-002065-2,tel_Latn,nfkc,False
ntx3-002065-2,tel_Latn,extra_spaces,False
ntx3-002065-2,tel_Latn,punctuation,False
ntx3-002065-2,tel_Latn,zero_width,False
ntx3-002299-1,hin_Latn,nfkc,False
ntx3-002299-1,hin_Latn,extra_spaces,False
ntx3-002299-1,hin_Latn,punctuation,False
ntx3-002299-1,hin_Latn,zero_width,False
ntx3-001817-1,hin_Latn,nfkc,False
ntx3-001817-1,hin_Latn,extra_spaces,False
ntx3-001817-1,hin_Latn,punctuation,False
ntx3-001817-1,hin_Latn,zero_width,False
ntx3-000337-1,hin_Latn,nfkc,False
ntx3-000337-1,hin_Latn,extra_spaces,False
ntx3-000337-1,hin_Latn,punctuation,False
ntx3-000337-1,hin_Latn,zero_width,False
ntx3-000230-1,hin_Latn,nfkc,False
ntx3-000230-1,hin_Latn,extra_spaces,False
ntx3-000230-1,hin_Latn,punctuation,False
ntx3-000230-1,hin_Latn,zero_width,False
ntx3-000710-3,tel_Telu,nfkc,False
ntx3-000710-3,tel_Telu,extra_spaces,False
ntx3-000710-3,tel_Telu,punctuation,False
ntx3-000710-3,tel_Telu,zero_width,False
ntx3-001529-3,tel_Telu,nfkc,False
ntx3-001529-3,tel_Telu,extra_spaces,False
ntx3-001529-3,tel_Telu,punctuation,False
ntx3-001529-3,tel_Telu,zero_width,False
ntx3-000152-1,hin_Latn,nfkc,False
ntx3-000152-1,hin_Latn,extra_spaces,False
ntx3-000152-1,hin_Latn,punctuation,False
ntx3-000152-1,hin_Latn,zero_width,False
ntx3-001315-1,hin_Latn,nfkc,False
ntx3-001315-1,hin_Latn,extra_spaces,False
ntx3-001315-1,hin_Latn,punctuation,False
ntx3-001315-1,hin_Latn,zero_width,False
ntx3-001756-3,tel_Telu,nfkc,False
ntx3-001756-3,tel_Telu,extra_spaces,False
ntx3-001756-3,tel_Telu,punctuation,False
ntx3-001756-3,tel_Telu,zero_width,False
ntx3-002240-1,hin_Latn,nfkc,False
ntx3-002240-1,hin_Latn,extra_spaces,False
ntx3-002240-1,hin_Latn,punctuation,False
ntx3-002240-1,hin_Latn,zero_width,False
ntx3-000538-2,tel_Latn,nfkc,False
ntx3-000538-2,tel_Latn,extra_spaces,False
ntx3-000538-2,tel_Latn,punctuation,False
ntx3-000538-2,tel_Latn,zero_width,False
ntx3-002386-2,tel_Latn,nfkc,False
ntx3-002386-2,tel_Latn,extra_spaces,False
ntx3-002386-2,tel_Latn,punctuation,False
ntx3-002386-2,tel_Latn,zero_width,False
ntx3-000772-0,eng_Latn,nfkc,False
ntx3-000772-0,eng_Latn,extra_spaces,False
ntx3-000772-0,eng_Latn,punctuation,False
ntx3-000772-0,eng_Latn,zero_width,False
ntx3-001555-1,hin_Latn,nfkc,False
ntx3-001555-1,hin_Latn,extra_spaces,False
ntx3-001555-1,hin_Latn,punctuation,False
ntx3-001555-1,hin_Latn,zero_width,False
ntx3-001368-0,eng_Latn,nfkc,False
ntx3-001368-0,eng_Latn,extra_spaces,False
ntx3-001368-0,eng_Latn,punctuation,False
ntx3-001368-0,eng_Latn,zero_width,False
ntx3-002337-1,hin_Latn,nfkc,False
ntx3-002337-1,hin_Latn,extra_spaces,False
ntx3-002337-1,hin_Latn,punctuation,False
ntx3-002337-1,hin_Latn,zero_width,False
ntx3-002494-3,tel_Telu,nfkc,False
ntx3-002494-3,tel_Telu,extra_spaces,False
ntx3-002494-3,tel_Telu,punctuation,False
ntx3-002494-3,tel_Telu,zero_width,False
ntx3-000300-0,eng_Latn,nfkc,False
ntx3-000300-0,eng_Latn,extra_spaces,False
ntx3-000300-0,eng_Latn,punctuation,False
ntx3-000300-0,eng_Latn,zero_width,False
ntx3-001653-0,eng_Latn,nfkc,False
ntx3-001653-0,eng_Latn,extra_spaces,False
ntx3-001653-0,eng_Latn,punctuation,False
ntx3-001653-0,eng_Latn,zero_width,False
ntx3-001198-0,eng_Latn,nfkc,False
ntx3-001198-0,eng_Latn,extra_spaces,False
ntx3-001198-0,eng_Latn,punctuation,False
ntx3-001198-0,eng_Latn,zero_width,False
ntx3-000840-0,eng_Latn,nfkc,False
ntx3-000840-0,eng_Latn,extra_spaces,False
ntx3-000840-0,eng_Latn,punctuation,False
ntx3-000840-0,eng_Latn,zero_width,False
ntx3-001692-0,eng_Latn,nfkc,False
ntx3-001692-0,eng_Latn,extra_spaces,False
ntx3-001692-0,eng_Latn,punctuation,False
ntx3-001692-0,eng_Latn,zero_width,False
ntx3-002327-3,tel_Telu,nfkc,False
ntx3-002327-3,tel_Telu,extra_spaces,False
ntx3-002327-3,tel_Telu,punctuation,False
ntx3-002327-3,tel_Telu,zero_width,False
ntx3-000520-0,eng_Latn,nfkc,False
ntx3-000520-0,eng_Latn,extra_spaces,False
ntx3-000520-0,eng_Latn,punctuation,False
ntx3-000520-0,eng_Latn,zero_width,False
ntx3-001577-2,tel_Latn,nfkc,False
ntx3-001577-2,tel_Latn,extra_spaces,False
ntx3-001577-2,tel_Latn,punctuation,False
ntx3-001577-2,tel_Latn,zero_width,False
ntx3-001756-2,tel_Latn,nfkc,False
ntx3-001756-2,tel_Latn,extra_spaces,False
ntx3-001756-2,tel_Latn,punctuation,False
ntx3-001756-2,tel_Latn,zero_width,False
ntx3-002485-1,hin_Latn,nfkc,False
ntx3-002485-1,hin_Latn,extra_spaces,False
ntx3-002485-1,hin_Latn,punctuation,False
ntx3-002485-1,hin_Latn,zero_width,False
ntx3-001040-2,tel_Latn,nfkc,False
ntx3-001040-2,tel_Latn,extra_spaces,False
ntx3-001040-2,tel_Latn,punctuation,False
ntx3-001040-2,tel_Latn,zero_width,False
ntx3-001445-2,tel_Latn,nfkc,False
ntx3-001445-2,tel_Latn,extra_spaces,False
ntx3-001445-2,tel_Latn,punctuation,False
ntx3-001445-2,tel_Latn,zero_width,False
ntx3-000645-3,tel_Telu,nfkc,False
ntx3-000645-3,tel_Telu,extra_spaces,False
ntx3-000645-3,tel_Telu,punctuation,False
ntx3-000645-3,tel_Telu,zero_width,False
ntx3-000485-2,tel_Latn,nfkc,False
ntx3-000485-2,tel_Latn,extra_spaces,False
ntx3-000485-2,tel_Latn,punctuation,False
ntx3-000485-2,tel_Latn,zero_width,False
ntx3-001428-2,tel_Latn,nfkc,False
ntx3-001428-2,tel_Latn,extra_spaces,False
ntx3-001428-2,tel_Latn,punctuation,False
ntx3-001428-2,tel_Latn,zero_width,False
ntx3-001733-3,tel_Telu,nfkc,False
ntx3-001733-3,tel_Telu,extra_spaces,False
ntx3-001733-3,tel_Telu,punctuation,False
ntx3-001733-3,tel_Telu,zero_width,False
ntx3-001848-1,hin_Latn,nfkc,False
ntx3-001848-1,hin_Latn,extra_spaces,False
ntx3-001848-1,hin_Latn,punctuation,False
ntx3-001848-1,hin_Latn,zero_width,False
ntx3-001967-2,tel_Latn,nfkc,False
ntx3-001967-2,tel_Latn,extra_spaces,False
ntx3-001967-2,tel_Latn,punctuation,False
ntx3-001967-2,tel_Latn,zero_width,False
ntx3-000665-2,tel_Latn,nfkc,False
ntx3-000665-2,tel_Latn,extra_spaces,False
ntx3-000665-2,tel_Latn,punctuation,False
ntx3-000665-2,tel_Latn,zero_width,False
ntx3-000259-0,eng_Latn,nfkc,False
ntx3-000259-0,eng_Latn,extra_spaces,False
ntx3-000259-0,eng_Latn,punctuation,False
ntx3-000259-0,eng_Latn,zero_width,False
ntx3-001892-1,hin_Latn,nfkc,False
ntx3-001892-1,hin_Latn,extra_spaces,False
ntx3-001892-1,hin_Latn,punctuation,False
ntx3-001892-1,hin_Latn,zero_width,False
ntx3-000759-2,tel_Latn,nfkc,False
ntx3-000759-2,tel_Latn,extra_spaces,False
ntx3-000759-2,tel_Latn,punctuation,False
ntx3-000759-2,tel_Latn,zero_width,False
ntx3-001551-0,eng_Latn,nfkc,False
ntx3-001551-0,eng_Latn,extra_spaces,False
ntx3-001551-0,eng_Latn,punctuation,False
ntx3-001551-0,eng_Latn,zero_width,False
ntx3-002197-0,eng_Latn,nfkc,False
ntx3-002197-0,eng_Latn,extra_spaces,False
ntx3-002197-0,eng_Latn,punctuation,False
ntx3-002197-0,eng_Latn,zero_width,False
ntx3-002460-0,eng_Latn,nfkc,False
ntx3-002460-0,eng_Latn,extra_spaces,False
ntx3-002460-0,eng_Latn,punctuation,False
ntx3-002460-0,eng_Latn,zero_width,False
ntx3-001197-1,hin_Latn,nfkc,False
ntx3-001197-1,hin_Latn,extra_spaces,False
ntx3-001197-1,hin_Latn,punctuation,False
ntx3-001197-1,hin_Latn,zero_width,False
ntx3-001466-2,tel_Latn,nfkc,False
ntx3-001466-2,tel_Latn,extra_spaces,False
ntx3-001466-2,tel_Latn,punctuation,False
ntx3-001466-2,tel_Latn,zero_width,False
ntx3-001153-2,tel_Latn,nfkc,False
ntx3-001153-2,tel_Latn,extra_spaces,False
ntx3-001153-2,tel_Latn,punctuation,False
ntx3-001153-2,tel_Latn,zero_width,False
ntx3-001059-2,tel_Latn,nfkc,False
ntx3-001059-2,tel_Latn,extra_spaces,False
ntx3-001059-2,tel_Latn,punctuation,False
ntx3-001059-2,tel_Latn,zero_width,False
ntx3-000381-0,eng_Latn,nfkc,False
ntx3-000381-0,eng_Latn,extra_spaces,False
ntx3-000381-0,eng_Latn,punctuation,False
ntx3-000381-0,eng_Latn,zero_width,False
ntx3-001652-2,tel_Latn,nfkc,False
ntx3-001652-2,tel_Latn,extra_spaces,False
ntx3-001652-2,tel_Latn,punctuation,False
ntx3-001652-2,tel_Latn,zero_width,False
ntx3-000331-1,hin_Latn,nfkc,False
ntx3-000331-1,hin_Latn,extra_spaces,False
ntx3-000331-1,hin_Latn,punctuation,False
ntx3-000331-1,hin_Latn,zero_width,False
ntx3-000951-0,eng_Latn,nfkc,False
ntx3-000951-0,eng_Latn,extra_spaces,False
ntx3-000951-0,eng_Latn,punctuation,False
ntx3-000951-0,eng_Latn,zero_width,False
ntx3-000697-0,eng_Latn,nfkc,False
ntx3-000697-0,eng_Latn,extra_spaces,False
ntx3-000697-0,eng_Latn,punctuation,False
ntx3-000697-0,eng_Latn,zero_width,False
ntx3-001816-3,tel_Telu,nfkc,False
ntx3-001816-3,tel_Telu,extra_spaces,False
ntx3-001816-3,tel_Telu,punctuation,False
ntx3-001816-3,tel_Telu,zero_width,False
ntx3-002108-2,tel_Latn,nfkc,False
ntx3-002108-2,tel_Latn,extra_spaces,False
ntx3-002108-2,tel_Latn,punctuation,False
ntx3-002108-2,tel_Latn,zero_width,False
ntx3-002337-0,eng_Latn,nfkc,False
ntx3-002337-0,eng_Latn,extra_spaces,False
ntx3-002337-0,eng_Latn,punctuation,False
ntx3-002337-0,eng_Latn,zero_width,False
ntx3-002291-1,hin_Latn,nfkc,False
ntx3-002291-1,hin_Latn,extra_spaces,False
ntx3-002291-1,hin_Latn,punctuation,False
ntx3-002291-1,hin_Latn,zero_width,False
ntx3-001766-2,tel_Latn,nfkc,False
ntx3-001766-2,tel_Latn,extra_spaces,False
ntx3-001766-2,tel_Latn,punctuation,False
ntx3-001766-2,tel_Latn,zero_width,False
ntx3-000577-1,hin_Latn,nfkc,False
ntx3-000577-1,hin_Latn,extra_spaces,False
ntx3-000577-1,hin_Latn,punctuation,False
ntx3-000577-1,hin_Latn,zero_width,False
ntx3-000349-0,eng_Latn,nfkc,False
ntx3-000349-0,eng_Latn,extra_spaces,False
ntx3-000349-0,eng_Latn,punctuation,False
ntx3-000349-0,eng_Latn,zero_width,False
ntx3-002234-2,tel_Latn,nfkc,False
ntx3-002234-2,tel_Latn,extra_spaces,False
ntx3-002234-2,tel_Latn,punctuation,False
ntx3-002234-2,tel_Latn,zero_width,False
ntx3-001868-1,hin_Latn,nfkc,False
ntx3-001868-1,hin_Latn,extra_spaces,False
ntx3-001868-1,hin_Latn,punctuation,False
ntx3-001868-1,hin_Latn,zero_width,False
ntx3-002011-3,tel_Telu,nfkc,False
ntx3-002011-3,tel_Telu,extra_spaces,False
ntx3-002011-3,tel_Telu,punctuation,False
ntx3-002011-3,tel_Telu,zero_width,False
ntx3-000741-3,tel_Telu,nfkc,False
ntx3-000741-3,tel_Telu,extra_spaces,False
ntx3-000741-3,tel_Telu,punctuation,False
ntx3-000741-3,tel_Telu,zero_width,False
ntx3-001848-3,tel_Telu,nfkc,False
ntx3-001848-3,tel_Telu,extra_spaces,False
ntx3-001848-3,tel_Telu,punctuation,False
ntx3-001848-3,tel_Telu,zero_width,False
ntx3-002026-2,tel_Latn,nfkc,False
ntx3-002026-2,tel_Latn,extra_spaces,False
ntx3-002026-2,tel_Latn,punctuation,False
ntx3-002026-2,tel_Latn,zero_width,False
ntx3-000698-3,tel_Telu,nfkc,False
ntx3-000698-3,tel_Telu,extra_spaces,False
ntx3-000698-3,tel_Telu,punctuation,False
ntx3-000698-3,tel_Telu,zero_width,False
ntx3-000979-0,eng_Latn,nfkc,False
ntx3-000979-0,eng_Latn,extra_spaces,False
ntx3-000979-0,eng_Latn,punctuation,False
ntx3-000979-0,eng_Latn,zero_width,False
ntx3-000893-2,tel_Latn,nfkc,False
ntx3-000893-2,tel_Latn,extra_spaces,False
ntx3-000893-2,tel_Latn,punctuation,False
ntx3-000893-2,tel_Latn,zero_width,False
ntx3-001277-1,hin_Latn,nfkc,False
ntx3-001277-1,hin_Latn,extra_spaces,False
ntx3-001277-1,hin_Latn,punctuation,False
ntx3-001277-1,hin_Latn,zero_width,False
ntx3-002436-0,eng_Latn,nfkc,False
ntx3-002436-0,eng_Latn,extra_spaces,False
ntx3-002436-0,eng_Latn,punctuation,False
ntx3-002436-0,eng_Latn,zero_width,False
ntx3-001153-3,tel_Telu,nfkc,False
ntx3-001153-3,tel_Telu,extra_spaces,False
ntx3-001153-3,tel_Telu,punctuation,False
ntx3-001153-3,tel_Telu,zero_width,False
ntx3-000602-1,hin_Latn,nfkc,False
ntx3-000602-1,hin_Latn,extra_spaces,False
ntx3-000602-1,hin_Latn,punctuation,False
ntx3-000602-1,hin_Latn,zero_width,False
ntx3-000561-2,tel_Latn,nfkc,False
ntx3-000561-2,tel_Latn,extra_spaces,False
ntx3-000561-2,tel_Latn,punctuation,False
ntx3-000561-2,tel_Latn,zero_width,False
ntx3-002036-3,tel_Telu,nfkc,False
ntx3-002036-3,tel_Telu,extra_spaces,False
ntx3-002036-3,tel_Telu,punctuation,False
ntx3-002036-3,tel_Telu,zero_width,False
ntx3-001103-3,tel_Telu,nfkc,False
ntx3-001103-3,tel_Telu,extra_spaces,False
ntx3-001103-3,tel_Telu,punctuation,False
ntx3-001103-3,tel_Telu,zero_width,False
ntx3-000246-1,hin_Latn,nfkc,False
ntx3-000246-1,hin_Latn,extra_spaces,False
ntx3-000246-1,hin_Latn,punctuation,False
ntx3-000246-1,hin_Latn,zero_width,False
ntx3-001479-0,eng_Latn,nfkc,False
ntx3-001479-0,eng_Latn,extra_spaces,False
ntx3-001479-0,eng_Latn,punctuation,False
ntx3-001479-0,eng_Latn,zero_width,False
ntx3-002050-1,hin_Latn,nfkc,False
ntx3-002050-1,hin_Latn,extra_spaces,False
ntx3-002050-1,hin_Latn,punctuation,False
ntx3-002050-1,hin_Latn,zero_width,False
ntx3-000765-2,tel_Latn,nfkc,False
ntx3-000765-2,tel_Latn,extra_spaces,False
ntx3-000765-2,tel_Latn,punctuation,False
ntx3-000765-2,tel_Latn,zero_width,False
ntx3-001032-0,eng_Latn,nfkc,False
ntx3-001032-0,eng_Latn,extra_spaces,False
ntx3-001032-0,eng_Latn,punctuation,False
ntx3-001032-0,eng_Latn,zero_width,False
ntx3-002181-2,tel_Latn,nfkc,False
ntx3-002181-2,tel_Latn,extra_spaces,False
ntx3-002181-2,tel_Latn,punctuation,False
ntx3-002181-2,tel_Latn,zero_width,False
ntx3-002124-1,hin_Latn,nfkc,False
ntx3-002124-1,hin_Latn,extra_spaces,False
ntx3-002124-1,hin_Latn,punctuation,False
ntx3-002124-1,hin_Latn,zero_width,False
ntx3-002081-3,tel_Telu,nfkc,False
ntx3-002081-3,tel_Telu,extra_spaces,False
ntx3-002081-3,tel_Telu,punctuation,False
ntx3-002081-3,tel_Telu,zero_width,False
ntx3-001663-3,tel_Telu,nfkc,False
ntx3-001663-3,tel_Telu,extra_spaces,False
ntx3-001663-3,tel_Telu,punctuation,False
ntx3-001663-3,tel_Telu,zero_width,False
ntx3-002194-3,tel_Telu,nfkc,False
ntx3-002194-3,tel_Telu,extra_spaces,False
ntx3-002194-3,tel_Telu,punctuation,False
ntx3-002194-3,tel_Telu,zero_width,False
ntx3-000387-3,tel_Telu,nfkc,False
ntx3-000387-3,tel_Telu,extra_spaces,False
ntx3-000387-3,tel_Telu,punctuation,False
ntx3-000387-3,tel_Telu,zero_width,False
ntx3-000527-3,tel_Telu,nfkc,False
ntx3-000527-3,tel_Telu,extra_spaces,False
ntx3-000527-3,tel_Telu,punctuation,False
ntx3-000527-3,tel_Telu,zero_width,False
ntx3-001643-0,eng_Latn,nfkc,False
ntx3-001643-0,eng_Latn,extra_spaces,False
ntx3-001643-0,eng_Latn,punctuation,False
ntx3-001643-0,eng_Latn,zero_width,False
ntx3-002493-1,hin_Latn,nfkc,False
ntx3-002493-1,hin_Latn,extra_spaces,False
ntx3-002493-1,hin_Latn,punctuation,False
ntx3-002493-1,hin_Latn,zero_width,False
ntx3-002448-2,tel_Latn,nfkc,False
ntx3-002448-2,tel_Latn,extra_spaces,False
ntx3-002448-2,tel_Latn,punctuation,False
ntx3-002448-2,tel_Latn,zero_width,False
ntx3-001141-0,eng_Latn,nfkc,False
ntx3-001141-0,eng_Latn,extra_spaces,False
ntx3-001141-0,eng_Latn,punctuation,False
ntx3-001141-0,eng_Latn,zero_width,False
ntx3-001211-3,tel_Telu,nfkc,False
ntx3-001211-3,tel_Telu,extra_spaces,False
ntx3-001211-3,tel_Telu,punctuation,False
ntx3-001211-3,tel_Telu,zero_width,False
ntx3-001148-1,hin_Latn,nfkc,False
ntx3-001148-1,hin_Latn,extra_spaces,False
ntx3-001148-1,hin_Latn,punctuation,False
ntx3-001148-1,hin_Latn,zero_width,False
ntx3-002229-1,hin_Latn,nfkc,False
ntx3-002229-1,hin_Latn,extra_spaces,False
ntx3-002229-1,hin_Latn,punctuation,False
ntx3-002229-1,hin_Latn,zero_width,False
ntx3-001531-1,hin_Latn,nfkc,False
ntx3-001531-1,hin_Latn,extra_spaces,False
ntx3-001531-1,hin_Latn,punctuation,False
ntx3-001531-1,hin_Latn,zero_width,False
ntx3-002100-3,tel_Telu,nfkc,False
ntx3-002100-3,tel_Telu,extra_spaces,False
ntx3-002100-3,tel_Telu,punctuation,False
ntx3-002100-3,tel_Telu,zero_width,False
ntx3-000504-2,tel_Latn,nfkc,False
ntx3-000504-2,tel_Latn,extra_spaces,False
ntx3-000504-2,tel_Latn,punctuation,False
ntx3-000504-2,tel_Latn,zero_width,False
ntx3-000817-2,tel_Latn,nfkc,False
ntx3-000817-2,tel_Latn,extra_spaces,False
ntx3-000817-2,tel_Latn,punctuation,False
ntx3-000817-2,tel_Latn,zero_width,False
ntx3-001903-0,eng_Latn,nfkc,False
ntx3-001903-0,eng_Latn,extra_spaces,False
ntx3-001903-0,eng_Latn,punctuation,False
ntx3-001903-0,eng_Latn,zero_width,False
ntx3-002493-0,eng_Latn,nfkc,False
ntx3-002493-0,eng_Latn,extra_spaces,False
ntx3-002493-0,eng_Latn,punctuation,False
ntx3-002493-0,eng_Latn,zero_width,False
ntx3-001757-3,tel_Telu,nfkc,False
ntx3-001757-3,tel_Telu,extra_spaces,False
ntx3-001757-3,tel_Telu,punctuation,False
ntx3-001757-3,tel_Telu,zero_width,False
ntx3-002460-1,hin_Latn,nfkc,False
ntx3-002460-1,hin_Latn,extra_spaces,False
ntx3-002460-1,hin_Latn,punctuation,False
ntx3-002460-1,hin_Latn,zero_width,False
ntx3-001366-0,eng_Latn,nfkc,False
ntx3-001366-0,eng_Latn,extra_spaces,False
ntx3-001366-0,eng_Latn,punctuation,False
ntx3-001366-0,eng_Latn,zero_width,False
ntx3-002019-2,tel_Latn,nfkc,False
ntx3-002019-2,tel_Latn,extra_spaces,False
ntx3-002019-2,tel_Latn,punctuation,False
ntx3-002019-2,tel_Latn,zero_width,False
ntx3-001950-3,tel_Telu,nfkc,False
ntx3-001950-3,tel_Telu,extra_spaces,False
ntx3-001950-3,tel_Telu,punctuation,False
ntx3-001950-3,tel_Telu,zero_width,False
ntx3-002436-3,tel_Telu,nfkc,False
ntx3-002436-3,tel_Telu,extra_spaces,False
ntx3-002436-3,tel_Telu,punctuation,False
ntx3-002436-3,tel_Telu,zero_width,False
ntx3-000495-1,hin_Latn,nfkc,False
ntx3-000495-1,hin_Latn,extra_spaces,False
ntx3-000495-1,hin_Latn,punctuation,False
ntx3-000495-1,hin_Latn,zero_width,False
ntx3-001653-1,hin_Latn,nfkc,False
ntx3-001653-1,hin_Latn,extra_spaces,False
ntx3-001653-1,hin_Latn,punctuation,False
ntx3-001653-1,hin_Latn,zero_width,False
ntx3-001625-0,eng_Latn,nfkc,False
ntx3-001625-0,eng_Latn,extra_spaces,False
ntx3-001625-0,eng_Latn,punctuation,False
ntx3-001625-0,eng_Latn,zero_width,False
ntx3-001932-3,tel_Telu,nfkc,False
ntx3-001932-3,tel_Telu,extra_spaces,False
ntx3-001932-3,tel_Telu,punctuation,False
ntx3-001932-3,tel_Telu,zero_width,False
ntx3-000468-0,eng_Latn,nfkc,False
ntx3-000468-0,eng_Latn,extra_spaces,False
ntx3-000468-0,eng_Latn,punctuation,False
ntx3-000468-0,eng_Latn,zero_width,False
ntx3-000285-0,eng_Latn,nfkc,False
ntx3-000285-0,eng_Latn,extra_spaces,False
ntx3-000285-0,eng_Latn,punctuation,False
ntx3-000285-0,eng_Latn,zero_width,False
ntx3-001584-1,hin_Latn,nfkc,False
ntx3-001584-1,hin_Latn,extra_spaces,False
ntx3-001584-1,hin_Latn,punctuation,False
ntx3-001584-1,hin_Latn,zero_width,False
ntx3-001970-3,tel_Telu,nfkc,False
ntx3-001970-3,tel_Telu,extra_spaces,False
ntx3-001970-3,tel_Telu,punctuation,False
ntx3-001970-3,tel_Telu,zero_width,False
ntx3-000254-3,tel_Telu,nfkc,False
ntx3-000254-3,tel_Telu,extra_spaces,False
ntx3-000254-3,tel_Telu,punctuation,False
ntx3-000254-3,tel_Telu,zero_width,False
ntx3-001580-3,tel_Telu,nfkc,False
ntx3-001580-3,tel_Telu,extra_spaces,False
ntx3-001580-3,tel_Telu,punctuation,False
ntx3-001580-3,tel_Telu,zero_width,False
ntx3-000589-3,tel_Telu,nfkc,False
ntx3-000589-3,tel_Telu,extra_spaces,False
ntx3-000589-3,tel_Telu,punctuation,False
ntx3-000589-3,tel_Telu,zero_width,False
ntx3-002249-0,eng_Latn,nfkc,False
ntx3-002249-0,eng_Latn,extra_spaces,False
ntx3-002249-0,eng_Latn,punctuation,False
ntx3-002249-0,eng_Latn,zero_width,False
ntx3-000413-1,hin_Latn,nfkc,False
ntx3-000413-1,hin_Latn,extra_spaces,False
ntx3-000413-1,hin_Latn,punctuation,False
ntx3-000413-1,hin_Latn,zero_width,False
ntx3-000876-2,tel_Latn,nfkc,False
ntx3-000876-2,tel_Latn,extra_spaces,False
ntx3-000876-2,tel_Latn,punctuation,False
ntx3-000876-2,tel_Latn,zero_width,False
ntx3-001353-2,tel_Latn,nfkc,False
ntx3-001353-2,tel_Latn,extra_spaces,False
ntx3-001353-2,tel_Latn,punctuation,False
ntx3-001353-2,tel_Latn,zero_width,False
ntx3-002098-0,eng_Latn,nfkc,False
ntx3-002098-0,eng_Latn,extra_spaces,False
ntx3-002098-0,eng_Latn,punctuation,False
ntx3-002098-0,eng_Latn,zero_width,False
ntx3-000857-2,tel_Latn,nfkc,False
ntx3-000857-2,tel_Latn,extra_spaces,False
ntx3-000857-2,tel_Latn,punctuation,False
ntx3-000857-2,tel_Latn,zero_width,False
ntx3-001045-1,hin_Latn,nfkc,False
ntx3-001045-1,hin_Latn,extra_spaces,False
ntx3-001045-1,hin_Latn,punctuation,False
ntx3-001045-1,hin_Latn,zero_width,False
ntx3-000538-0,eng_Latn,nfkc,False
ntx3-000538-0,eng_Latn,extra_spaces,False
ntx3-000538-0,eng_Latn,punctuation,False
ntx3-000538-0,eng_Latn,zero_width,False
ntx3-002267-2,tel_Latn,nfkc,False
ntx3-002267-2,tel_Latn,extra_spaces,False
ntx3-002267-2,tel_Latn,punctuation,False
ntx3-002267-2,tel_Latn,zero_width,False
ntx3-001472-0,eng_Latn,nfkc,False
ntx3-001472-0,eng_Latn,extra_spaces,False
ntx3-001472-0,eng_Latn,punctuation,False
ntx3-001472-0,eng_Latn,zero_width,False
ntx3-000890-1,hin_Latn,nfkc,False
ntx3-000890-1,hin_Latn,extra_spaces,False
ntx3-000890-1,hin_Latn,punctuation,False
ntx3-000890-1,hin_Latn,zero_width,False
ntx3-001732-3,tel_Telu,nfkc,False
ntx3-001732-3,tel_Telu,extra_spaces,False
ntx3-001732-3,tel_Telu,punctuation,False
ntx3-001732-3,tel_Telu,zero_width,False
ntx3-001486-2,tel_Latn,nfkc,False
ntx3-001486-2,tel_Latn,extra_spaces,False
ntx3-001486-2,tel_Latn,punctuation,False
ntx3-001486-2,tel_Latn,zero_width,False
ntx3-000399-1,hin_Latn,nfkc,False
ntx3-000399-1,hin_Latn,extra_spaces,False
ntx3-000399-1,hin_Latn,punctuation,False
ntx3-000399-1,hin_Latn,zero_width,False
ntx3-001685-0,eng_Latn,nfkc,False
ntx3-001685-0,eng_Latn,extra_spaces,False
ntx3-001685-0,eng_Latn,punctuation,False
ntx3-001685-0,eng_Latn,zero_width,False
ntx3-001112-0,eng_Latn,nfkc,False
ntx3-001112-0,eng_Latn,extra_spaces,False
ntx3-001112-0,eng_Latn,punctuation,False
ntx3-001112-0,eng_Latn,zero_width,False
ntx3-001705-1,hin_Latn,nfkc,False
ntx3-001705-1,hin_Latn,extra_spaces,False
ntx3-001705-1,hin_Latn,punctuation,False
ntx3-001705-1,hin_Latn,zero_width,False
ntx3-001695-0,eng_Latn,nfkc,False
ntx3-001695-0,eng_Latn,extra_spaces,False
ntx3-001695-0,eng_Latn,punctuation,False
ntx3-001695-0,eng_Latn,zero_width,False
ntx3-001528-0,eng_Latn,nfkc,False
ntx3-001528-0,eng_Latn,extra_spaces,False
ntx3-001528-0,eng_Latn,punctuation,False
ntx3-001528-0,eng_Latn,zero_width,False
ntx3-000457-2,tel_Latn,nfkc,False
ntx3-000457-2,tel_Latn,extra_spaces,False
ntx3-000457-2,tel_Latn,punctuation,False
ntx3-000457-2,tel_Latn,zero_width,False
ntx3-001225-3,tel_Telu,nfkc,False
ntx3-001225-3,tel_Telu,extra_spaces,False
ntx3-001225-3,tel_Telu,punctuation,False
ntx3-001225-3,tel_Telu,zero_width,False
ntx3-002334-3,tel_Telu,nfkc,False
ntx3-002334-3,tel_Telu,extra_spaces,False
ntx3-002334-3,tel_Telu,punctuation,False
ntx3-002334-3,tel_Telu,zero_width,False
ntx3-001645-0,eng_Latn,nfkc,False
ntx3-001645-0,eng_Latn,extra_spaces,False
ntx3-001645-0,eng_Latn,punctuation,False
ntx3-001645-0,eng_Latn,zero_width,False
ntx3-000985-1,hin_Latn,nfkc,False
ntx3-000985-1,hin_Latn,extra_spaces,False
ntx3-000985-1,hin_Latn,punctuation,False
ntx3-000985-1,hin_Latn,zero_width,False
ntx3-000246-3,tel_Telu,nfkc,False
ntx3-000246-3,tel_Telu,extra_spaces,False
ntx3-000246-3,tel_Telu,punctuation,False
ntx3-000246-3,tel_Telu,zero_width,False
ntx3-000520-3,tel_Telu,nfkc,False
ntx3-000520-3,tel_Telu,extra_spaces,False
ntx3-000520-3,tel_Telu,punctuation,False
ntx3-000520-3,tel_Telu,zero_width,False
ntx3-001307-3,tel_Telu,nfkc,False
ntx3-001307-3,tel_Telu,extra_spaces,False
ntx3-001307-3,tel_Telu,punctuation,False
ntx3-001307-3,tel_Telu,zero_width,False
ntx3-001246-1,hin_Latn,nfkc,False
ntx3-001246-1,hin_Latn,extra_spaces,False
ntx3-001246-1,hin_Latn,punctuation,False
ntx3-001246-1,hin_Latn,zero_width,False
ntx3-001487-0,eng_Latn,nfkc,False
ntx3-001487-0,eng_Latn,extra_spaces,False
ntx3-001487-0,eng_Latn,punctuation,False
ntx3-001487-0,eng_Latn,zero_width,False
ntx3-001759-1,hin_Latn,nfkc,False
ntx3-001759-1,hin_Latn,extra_spaces,False
ntx3-001759-1,hin_Latn,punctuation,False
ntx3-001759-1,hin_Latn,zero_width,False
ntx3-001101-3,tel_Telu,nfkc,False
ntx3-001101-3,tel_Telu,extra_spaces,False
ntx3-001101-3,tel_Telu,punctuation,False
ntx3-001101-3,tel_Telu,zero_width,False
ntx3-000555-2,tel_Latn,nfkc,False
ntx3-000555-2,tel_Latn,extra_spaces,False
ntx3-000555-2,tel_Latn,punctuation,False
ntx3-000555-2,tel_Latn,zero_width,False
ntx3-000746-2,tel_Latn,nfkc,False
ntx3-000746-2,tel_Latn,extra_spaces,False
ntx3-000746-2,tel_Latn,punctuation,False
ntx3-000746-2,tel_Latn,zero_width,False
ntx3-002327-2,tel_Latn,nfkc,False
ntx3-002327-2,tel_Latn,extra_spaces,False
ntx3-002327-2,tel_Latn,punctuation,False
ntx3-002327-2,tel_Latn,zero_width,False
ntx3-001578-2,tel_Latn,nfkc,False
ntx3-001578-2,tel_Latn,extra_spaces,False
ntx3-001578-2,tel_Latn,punctuation,False
ntx3-001578-2,tel_Latn,zero_width,False
ntx3-001059-3,tel_Telu,nfkc,False
ntx3-001059-3,tel_Telu,extra_spaces,False
ntx3-001059-3,tel_Telu,punctuation,False
ntx3-001059-3,tel_Telu,zero_width,False
ntx3-000890-3,tel_Telu,nfkc,False
ntx3-000890-3,tel_Telu,extra_spaces,False
ntx3-000890-3,tel_Telu,punctuation,False
ntx3-000890-3,tel_Telu,zero_width,False
ntx3-001315-3,tel_Telu,nfkc,False
ntx3-001315-3,tel_Telu,extra_spaces,False
ntx3-001315-3,tel_Telu,punctuation,False
ntx3-001315-3,tel_Telu,zero_width,False
ntx3-001698-1,hin_Latn,nfkc,False
ntx3-001698-1,hin_Latn,extra_spaces,False
ntx3-001698-1,hin_Latn,punctuation,False
ntx3-001698-1,hin_Latn,zero_width,False
ntx3-002253-2,tel_Latn,nfkc,False
ntx3-002253-2,tel_Latn,extra_spaces,False
ntx3-002253-2,tel_Latn,punctuation,False
ntx3-002253-2,tel_Latn,zero_width,False
ntx3-001821-3,tel_Telu,nfkc,False
ntx3-001821-3,tel_Telu,extra_spaces,False
ntx3-001821-3,tel_Telu,punctuation,False
ntx3-001821-3,tel_Telu,zero_width,False
ntx3-000375-2,tel_Latn,nfkc,False
ntx3-000375-2,tel_Latn,extra_spaces,False
ntx3-000375-2,tel_Latn,punctuation,False
ntx3-000375-2,tel_Latn,zero_width,False
ntx3-001663-1,hin_Latn,nfkc,False
ntx3-001663-1,hin_Latn,extra_spaces,False
ntx3-001663-1,hin_Latn,punctuation,False
ntx3-001663-1,hin_Latn,zero_width,False
ntx3-000160-3,tel_Telu,nfkc,False
ntx3-000160-3,tel_Telu,extra_spaces,False
ntx3-000160-3,tel_Telu,punctuation,False
ntx3-000160-3,tel_Telu,zero_width,False
ntx3-002089-3,tel_Telu,nfkc,False
ntx3-002089-3,tel_Telu,extra_spaces,False
ntx3-002089-3,tel_Telu,punctuation,False
ntx3-002089-3,tel_Telu,zero_width,False
ntx3-000248-3,tel_Telu,nfkc,False
ntx3-000248-3,tel_Telu,extra_spaces,False
ntx3-000248-3,tel_Telu,punctuation,False
ntx3-000248-3,tel_Telu,zero_width,False
ntx3-002191-2,tel_Latn,nfkc,False
ntx3-002191-2,tel_Latn,extra_spaces,False
ntx3-002191-2,tel_Latn,punctuation,False
ntx3-002191-2,tel_Latn,zero_width,False
ntx3-001301-1,hin_Latn,nfkc,False
ntx3-001301-1,hin_Latn,extra_spaces,False
ntx3-001301-1,hin_Latn,punctuation,False
ntx3-001301-1,hin_Latn,zero_width,False
ntx3-002498-2,tel_Latn,nfkc,False
ntx3-002498-2,tel_Latn,extra_spaces,False
ntx3-002498-2,tel_Latn,punctuation,False
ntx3-002498-2,tel_Latn,zero_width,False
ntx3-002035-2,tel_Latn,nfkc,False
ntx3-002035-2,tel_Latn,extra_spaces,False
ntx3-002035-2,tel_Latn,punctuation,False
ntx3-002035-2,tel_Latn,zero_width,False
ntx3-001475-3,tel_Telu,nfkc,False
ntx3-001475-3,tel_Telu,extra_spaces,False
ntx3-001475-3,tel_Telu,punctuation,False
ntx3-001475-3,tel_Telu,zero_width,False
ntx3-002181-1,hin_Latn,nfkc,False
ntx3-002181-1,hin_Latn,extra_spaces,False
ntx3-002181-1,hin_Latn,punctuation,False
ntx3-002181-1,hin_Latn,zero_width,False
ntx3-002089-0,eng_Latn,nfkc,False
ntx3-002089-0,eng_Latn,extra_spaces,False
ntx3-002089-0,eng_Latn,punctuation,False
ntx3-002089-0,eng_Latn,zero_width,False
ntx3-002040-3,tel_Telu,nfkc,False
ntx3-002040-3,tel_Telu,extra_spaces,False
ntx3-002040-3,tel_Telu,punctuation,False
ntx3-002040-3,tel_Telu,zero_width,False
ntx3-000254-1,hin_Latn,nfkc,False
ntx3-000254-1,hin_Latn,extra_spaces,False
ntx3-000254-1,hin_Latn,punctuation,False
ntx3-000254-1,hin_Latn,zero_width,False
ntx3-001889-3,tel_Telu,nfkc,False
ntx3-001889-3,tel_Telu,extra_spaces,False
ntx3-001889-3,tel_Telu,punctuation,False
ntx3-001889-3,tel_Telu,zero_width,False
ntx3-000449-2,tel_Latn,nfkc,False
ntx3-000449-2,tel_Latn,extra_spaces,False
ntx3-000449-2,tel_Latn,punctuation,False
ntx3-000449-2,tel_Latn,zero_width,False
ntx3-002303-3,tel_Telu,nfkc,False
ntx3-002303-3,tel_Telu,extra_spaces,False
ntx3-002303-3,tel_Telu,punctuation,False
ntx3-002303-3,tel_Telu,zero_width,False
ntx3-002291-2,tel_Latn,nfkc,False
ntx3-002291-2,tel_Latn,extra_spaces,False
ntx3-002291-2,tel_Latn,punctuation,False
ntx3-002291-2,tel_Latn,zero_width,False
ntx3-001904-1,hin_Latn,nfkc,False
ntx3-001904-1,hin_Latn,extra_spaces,False
ntx3-001904-1,hin_Latn,punctuation,False
ntx3-001904-1,hin_Latn,zero_width,False
ntx3-002011-1,hin_Latn,nfkc,False
ntx3-002011-1,hin_Latn,extra_spaces,False
ntx3-002011-1,hin_Latn,punctuation,False
ntx3-002011-1,hin_Latn,zero_width,False
ntx3-002253-3,tel_Telu,nfkc,False
ntx3-002253-3,tel_Telu,extra_spaces,False
ntx3-002253-3,tel_Telu,punctuation,False
ntx3-002253-3,tel_Telu,zero_width,False
ntx3-001288-0,eng_Latn,nfkc,False
ntx3-001288-0,eng_Latn,extra_spaces,False
ntx3-001288-0,eng_Latn,punctuation,False
ntx3-001288-0,eng_Latn,zero_width,False
ntx3-000259-2,tel_Latn,nfkc,False
ntx3-000259-2,tel_Latn,extra_spaces,False
ntx3-000259-2,tel_Latn,punctuation,False
ntx3-000259-2,tel_Latn,zero_width,False
ntx3-002309-0,eng_Latn,nfkc,False
ntx3-002309-0,eng_Latn,extra_spaces,False
ntx3-002309-0,eng_Latn,punctuation,False
ntx3-002309-0,eng_Latn,zero_width,False
ntx3-001131-0,eng_Latn,nfkc,False
ntx3-001131-0,eng_Latn,extra_spaces,False
ntx3-001131-0,eng_Latn,punctuation,False
ntx3-001131-0,eng_Latn,zero_width,False
ntx3-001814-0,eng_Latn,nfkc,False
ntx3-001814-0,eng_Latn,extra_spaces,False
ntx3-001814-0,eng_Latn,punctuation,False
ntx3-001814-0,eng_Latn,zero_width,False
ntx3-001384-3,tel_Telu,nfkc,False
ntx3-001384-3,tel_Telu,extra_spaces,False
ntx3-001384-3,tel_Telu,punctuation,False
ntx3-001384-3,tel_Telu,zero_width,False
ntx3-001780-1,hin_Latn,nfkc,False
ntx3-001780-1,hin_Latn,extra_spaces,False
ntx3-001780-1,hin_Latn,punctuation,False
ntx3-001780-1,hin_Latn,zero_width,False
ntx3-001936-0,eng_Latn,nfkc,False
ntx3-001936-0,eng_Latn,extra_spaces,False
ntx3-001936-0,eng_Latn,punctuation,False
ntx3-001936-0,eng_Latn,zero_width,False
ntx3-000449-3,tel_Telu,nfkc,False
ntx3-000449-3,tel_Telu,extra_spaces,False
ntx3-000449-3,tel_Telu,punctuation,False
ntx3-000449-3,tel_Telu,zero_width,False
ntx3-001208-2,tel_Latn,nfkc,False
ntx3-001208-2,tel_Latn,extra_spaces,False
ntx3-001208-2,tel_Latn,punctuation,False
ntx3-001208-2,tel_Latn,zero_width,False
ntx3-002210-3,tel_Telu,nfkc,False
ntx3-002210-3,tel_Telu,extra_spaces,False
ntx3-002210-3,tel_Telu,punctuation,False
ntx3-002210-3,tel_Telu,zero_width,False
ntx3-001301-2,tel_Latn,nfkc,False
ntx3-001301-2,tel_Latn,extra_spaces,False
ntx3-001301-2,tel_Latn,punctuation,False
ntx3-001301-2,tel_Latn,zero_width,False
ntx3-000337-0,eng_Latn,nfkc,False
ntx3-000337-0,eng_Latn,extra_spaces,False
ntx3-000337-0,eng_Latn,punctuation,False
ntx3-000337-0,eng_Latn,zero_width,False
ntx3-000529-3,tel_Telu,nfkc,False
ntx3-000529-3,tel_Telu,extra_spaces,False
ntx3-000529-3,tel_Telu,punctuation,False
ntx3-000529-3,tel_Telu,zero_width,False
ntx3-001191-2,tel_Latn,nfkc,False
ntx3-001191-2,tel_Latn,extra_spaces,False
ntx3-001191-2,tel_Latn,punctuation,False
ntx3-001191-2,tel_Latn,zero_width,False
ntx3-002486-2,tel_Latn,nfkc,False
ntx3-002486-2,tel_Latn,extra_spaces,False
ntx3-002486-2,tel_Latn,punctuation,False
ntx3-002486-2,tel_Latn,zero_width,False
ntx3-002141-0,eng_Latn,nfkc,False
ntx3-002141-0,eng_Latn,extra_spaces,False
ntx3-002141-0,eng_Latn,punctuation,False
ntx3-002141-0,eng_Latn,zero_width,False
ntx3-001103-1,hin_Latn,nfkc,False
ntx3-001103-1,hin_Latn,extra_spaces,False
ntx3-001103-1,hin_Latn,punctuation,False
ntx3-001103-1,hin_Latn,zero_width,False
ntx3-002046-3,tel_Telu,nfkc,False
ntx3-002046-3,tel_Telu,extra_spaces,False
ntx3-002046-3,tel_Telu,punctuation,False
ntx3-002046-3,tel_Telu,zero_width,False
ntx3-001580-1,hin_Latn,nfkc,False
ntx3-001580-1,hin_Latn,extra_spaces,False
ntx3-001580-1,hin_Latn,punctuation,False
ntx3-001580-1,hin_Latn,zero_width,False
ntx3-001084-2,tel_Latn,nfkc,False
ntx3-001084-2,tel_Latn,extra_spaces,False
ntx3-001084-2,tel_Latn,punctuation,False
ntx3-001084-2,tel_Latn,zero_width,False
ntx3-001514-1,hin_Latn,nfkc,False
ntx3-001514-1,hin_Latn,extra_spaces,False
ntx3-001514-1,hin_Latn,punctuation,False
ntx3-001514-1,hin_Latn,zero_width,False
ntx3-001197-3,tel_Telu,nfkc,False
ntx3-001197-3,tel_Telu,extra_spaces,False
ntx3-001197-3,tel_Telu,punctuation,False
ntx3-001197-3,tel_Telu,zero_width,False
ntx3-001742-3,tel_Telu,nfkc,False
ntx3-001742-3,tel_Telu,extra_spaces,False
ntx3-001742-3,tel_Telu,punctuation,False
ntx3-001742-3,tel_Telu,zero_width,False
ntx3-001763-1,hin_Latn,nfkc,False
ntx3-001763-1,hin_Latn,extra_spaces,False
ntx3-001763-1,hin_Latn,punctuation,False
ntx3-001763-1,hin_Latn,zero_width,False
ntx3-001032-3,tel_Telu,nfkc,False
ntx3-001032-3,tel_Telu,extra_spaces,False
ntx3-001032-3,tel_Telu,punctuation,False
ntx3-001032-3,tel_Telu,zero_width,False
ntx3-001651-1,hin_Latn,nfkc,False
ntx3-001651-1,hin_Latn,extra_spaces,False
ntx3-001651-1,hin_Latn,punctuation,False
ntx3-001651-1,hin_Latn,zero_width,False
ntx3-000310-0,eng_Latn,nfkc,False
ntx3-000310-0,eng_Latn,extra_spaces,False
ntx3-000310-0,eng_Latn,punctuation,False
ntx3-000310-0,eng_Latn,zero_width,False
ntx3-001123-1,hin_Latn,nfkc,False
ntx3-001123-1,hin_Latn,extra_spaces,False
ntx3-001123-1,hin_Latn,punctuation,False
ntx3-001123-1,hin_Latn,zero_width,False
ntx3-000996-2,tel_Latn,nfkc,False
ntx3-000996-2,tel_Latn,extra_spaces,False
ntx3-000996-2,tel_Latn,punctuation,False
ntx3-000996-2,tel_Latn,zero_width,False
ntx3-002462-0,eng_Latn,nfkc,False
ntx3-002462-0,eng_Latn,extra_spaces,False
ntx3-002462-0,eng_Latn,punctuation,False
ntx3-002462-0,eng_Latn,zero_width,False
ntx3-000332-1,hin_Latn,nfkc,False
ntx3-000332-1,hin_Latn,extra_spaces,False
ntx3-000332-1,hin_Latn,punctuation,False
ntx3-000332-1,hin_Latn,zero_width,False
ntx3-000901-0,eng_Latn,nfkc,False
ntx3-000901-0,eng_Latn,extra_spaces,False
ntx3-000901-0,eng_Latn,punctuation,False
ntx3-000901-0,eng_Latn,zero_width,False
ntx3-002210-2,tel_Latn,nfkc,False
ntx3-002210-2,tel_Latn,extra_spaces,False
ntx3-002210-2,tel_Latn,punctuation,False
ntx3-002210-2,tel_Latn,zero_width,False
ntx3-002494-2,tel_Latn,nfkc,False
ntx3-002494-2,tel_Latn,extra_spaces,False
ntx3-002494-2,tel_Latn,punctuation,False
ntx3-002494-2,tel_Latn,zero_width,False
ntx3-001171-2,tel_Latn,nfkc,False
ntx3-001171-2,tel_Latn,extra_spaces,False
ntx3-001171-2,tel_Latn,punctuation,False
ntx3-001171-2,tel_Latn,zero_width,False
ntx3-001528-3,tel_Telu,nfkc,False
ntx3-001528-3,tel_Telu,extra_spaces,False
ntx3-001528-3,tel_Telu,punctuation,False
ntx3-001528-3,tel_Telu,zero_width,False
ntx3-001948-0,eng_Latn,nfkc,False
ntx3-001948-0,eng_Latn,extra_spaces,False
ntx3-001948-0,eng_Latn,punctuation,False
ntx3-001948-0,eng_Latn,zero_width,False
ntx3-000518-0,eng_Latn,nfkc,False
ntx3-000518-0,eng_Latn,extra_spaces,False
ntx3-000518-0,eng_Latn,punctuation,False
ntx3-000518-0,eng_Latn,zero_width,False
ntx3-000746-0,eng_Latn,nfkc,False
ntx3-000746-0,eng_Latn,extra_spaces,False
ntx3-000746-0,eng_Latn,punctuation,False
ntx3-000746-0,eng_Latn,zero_width,False
ntx3-001103-0,eng_Latn,nfkc,False
ntx3-001103-0,eng_Latn,extra_spaces,False
ntx3-001103-0,eng_Latn,punctuation,False
ntx3-001103-0,eng_Latn,zero_width,False
ntx3-002486-0,eng_Latn,nfkc,False
ntx3-002486-0,eng_Latn,extra_spaces,False
ntx3-002486-0,eng_Latn,punctuation,False
ntx3-002486-0,eng_Latn,zero_width,False
ntx3-001848-2,tel_Latn,nfkc,False
ntx3-001848-2,tel_Latn,extra_spaces,False
ntx3-001848-2,tel_Latn,punctuation,False
ntx3-001848-2,tel_Latn,zero_width,False
ntx3-002230-3,tel_Telu,nfkc,False
ntx3-002230-3,tel_Telu,extra_spaces,False
ntx3-002230-3,tel_Telu,punctuation,False
ntx3-002230-3,tel_Telu,zero_width,False
ntx3-000538-1,hin_Latn,nfkc,False
ntx3-000538-1,hin_Latn,extra_spaces,False
ntx3-000538-1,hin_Latn,punctuation,False
ntx3-000538-1,hin_Latn,zero_width,False
ntx3-001048-2,tel_Latn,nfkc,False
ntx3-001048-2,tel_Latn,extra_spaces,False
ntx3-001048-2,tel_Latn,punctuation,False
ntx3-001048-2,tel_Latn,zero_width,False
ntx3-002434-3,tel_Telu,nfkc,False
ntx3-002434-3,tel_Telu,extra_spaces,False
ntx3-002434-3,tel_Telu,punctuation,False
ntx3-002434-3,tel_Telu,zero_width,False
ntx3-002129-2,tel_Latn,nfkc,False
ntx3-002129-2,tel_Latn,extra_spaces,False
ntx3-002129-2,tel_Latn,punctuation,False
ntx3-002129-2,tel_Latn,zero_width,False
ntx3-000857-1,hin_Latn,nfkc,False
ntx3-000857-1,hin_Latn,extra_spaces,False
ntx3-000857-1,hin_Latn,punctuation,False
ntx3-000857-1,hin_Latn,zero_width,False
ntx3-001763-3,tel_Telu,nfkc,False
ntx3-001763-3,tel_Telu,extra_spaces,False
ntx3-001763-3,tel_Telu,punctuation,False
ntx3-001763-3,tel_Telu,zero_width,False
ntx3-002291-0,eng_Latn,nfkc,False
ntx3-002291-0,eng_Latn,extra_spaces,False
ntx3-002291-0,eng_Latn,punctuation,False
ntx3-002291-0,eng_Latn,zero_width,False
ntx3-000869-3,tel_Telu,nfkc,False
ntx3-000869-3,tel_Telu,extra_spaces,False
ntx3-000869-3,tel_Telu,punctuation,False
ntx3-000869-3,tel_Telu,zero_width,False
ntx3-000815-0,eng_Latn,nfkc,False
ntx3-000815-0,eng_Latn,extra_spaces,False
ntx3-000815-0,eng_Latn,punctuation,False
ntx3-000815-0,eng_Latn,zero_width,False
ntx3-001566-1,hin_Latn,nfkc,False
ntx3-001566-1,hin_Latn,extra_spaces,False
ntx3-001566-1,hin_Latn,punctuation,False
ntx3-001566-1,hin_Latn,zero_width,False
ntx3-000458-1,hin_Latn,nfkc,False
ntx3-000458-1,hin_Latn,extra_spaces,False
ntx3-000458-1,hin_Latn,punctuation,False
ntx3-000458-1,hin_Latn,zero_width,False
ntx3-002023-2,tel_Latn,nfkc,False
ntx3-002023-2,tel_Latn,extra_spaces,False
ntx3-002023-2,tel_Latn,punctuation,False
ntx3-002023-2,tel_Latn,zero_width,False
ntx3-001415-2,tel_Latn,nfkc,False
ntx3-001415-2,tel_Latn,extra_spaces,False
ntx3-001415-2,tel_Latn,punctuation,False
ntx3-001415-2,tel_Latn,zero_width,False
ntx3-001709-3,tel_Telu,nfkc,False
ntx3-001709-3,tel_Telu,extra_spaces,False
ntx3-001709-3,tel_Telu,punctuation,False
ntx3-001709-3,tel_Telu,zero_width,False
ntx3-001757-2,tel_Latn,nfkc,False
ntx3-001757-2,tel_Latn,extra_spaces,False
ntx3-001757-2,tel_Latn,punctuation,False
ntx3-001757-2,tel_Latn,zero_width,False
ntx3-002462-2,tel_Latn,nfkc,False
ntx3-002462-2,tel_Latn,extra_spaces,False
ntx3-002462-2,tel_Latn,punctuation,False
ntx3-002462-2,tel_Latn,zero_width,False
ntx3-001857-0,eng_Latn,nfkc,False
ntx3-001857-0,eng_Latn,extra_spaces,False
ntx3-001857-0,eng_Latn,punctuation,False
ntx3-001857-0,eng_Latn,zero_width,False
ntx3-001491-0,eng_Latn,nfkc,False
ntx3-001491-0,eng_Latn,extra_spaces,False
ntx3-001491-0,eng_Latn,punctuation,False
ntx3-001491-0,eng_Latn,zero_width,False
ntx3-002470-3,tel_Telu,nfkc,False
ntx3-002470-3,tel_Telu,extra_spaces,False
ntx3-002470-3,tel_Telu,punctuation,False
ntx3-002470-3,tel_Telu,zero_width,False
ntx3-001564-1,hin_Latn,nfkc,False
ntx3-001564-1,hin_Latn,extra_spaces,False
ntx3-001564-1,hin_Latn,punctuation,False
ntx3-001564-1,hin_Latn,zero_width,False
ntx3-001599-0,eng_Latn,nfkc,False
ntx3-001599-0,eng_Latn,extra_spaces,False
ntx3-001599-0,eng_Latn,punctuation,False
ntx3-001599-0,eng_Latn,zero_width,False
ntx3-000584-2,tel_Latn,nfkc,False
ntx3-000584-2,tel_Latn,extra_spaces,False
ntx3-000584-2,tel_Latn,punctuation,False
ntx3-000584-2,tel_Latn,zero_width,False
ntx3-000248-1,hin_Latn,nfkc,False
ntx3-000248-1,hin_Latn,extra_spaces,False
ntx3-000248-1,hin_Latn,punctuation,False
ntx3-000248-1,hin_Latn,zero_width,False
ntx3-002486-3,tel_Telu,nfkc,False
ntx3-002486-3,tel_Telu,extra_spaces,False
ntx3-002486-3,tel_Telu,punctuation,False
ntx3-002486-3,tel_Telu,zero_width,False
ntx3-001087-3,tel_Telu,nfkc,False
ntx3-001087-3,tel_Telu,extra_spaces,False
ntx3-001087-3,tel_Telu,punctuation,False
ntx3-001087-3,tel_Telu,zero_width,False
ntx3-000267-3,tel_Telu,nfkc,False
ntx3-000267-3,tel_Telu,extra_spaces,False
ntx3-000267-3,tel_Telu,punctuation,False
ntx3-000267-3,tel_Telu,zero_width,False
ntx3-000529-0,eng_Latn,nfkc,False
ntx3-000529-0,eng_Latn,extra_spaces,False
ntx3-000529-0,eng_Latn,punctuation,False
ntx3-000529-0,eng_Latn,zero_width,False
ntx3-001263-2,tel_Latn,nfkc,False
ntx3-001263-2,tel_Latn,extra_spaces,False
ntx3-001263-2,tel_Latn,punctuation,False
ntx3-001263-2,tel_Latn,zero_width,False
ntx3-000527-2,tel_Latn,nfkc,False
ntx3-000527-2,tel_Latn,extra_spaces,False
ntx3-000527-2,tel_Latn,punctuation,False
ntx3-000527-2,tel_Latn,zero_width,False
ntx3-001570-3,tel_Telu,nfkc,False
ntx3-001570-3,tel_Telu,extra_spaces,False
ntx3-001570-3,tel_Telu,punctuation,False
ntx3-001570-3,tel_Telu,zero_width,False
ntx3-001014-1,hin_Latn,nfkc,False
ntx3-001014-1,hin_Latn,extra_spaces,False
ntx3-001014-1,hin_Latn,punctuation,False
ntx3-001014-1,hin_Latn,zero_width,False
ntx3-001531-3,tel_Telu,nfkc,False
ntx3-001531-3,tel_Telu,extra_spaces,False
ntx3-001531-3,tel_Telu,punctuation,False
ntx3-001531-3,tel_Telu,zero_width,False
ntx3-000659-3,tel_Telu,nfkc,False
ntx3-000659-3,tel_Telu,extra_spaces,False
ntx3-000659-3,tel_Telu,punctuation,False
ntx3-000659-3,tel_Telu,zero_width,False
ntx3-002474-3,tel_Telu,nfkc,False
ntx3-002474-3,tel_Telu,extra_spaces,False
ntx3-002474-3,tel_Telu,punctuation,False
ntx3-002474-3,tel_Telu,zero_width,False
ntx3-002296-1,hin_Latn,nfkc,False
ntx3-002296-1,hin_Latn,extra_spaces,False
ntx3-002296-1,hin_Latn,punctuation,False
ntx3-002296-1,hin_Latn,zero_width,False
ntx3-002172-0,eng_Latn,nfkc,False
ntx3-002172-0,eng_Latn,extra_spaces,False
ntx3-002172-0,eng_Latn,punctuation,False
ntx3-002172-0,eng_Latn,zero_width,False
ntx3-001970-0,eng_Latn,nfkc,False
ntx3-001970-0,eng_Latn,extra_spaces,False
ntx3-001970-0,eng_Latn,punctuation,False
ntx3-001970-0,eng_Latn,zero_width,False
ntx3-001519-1,hin_Latn,nfkc,False
ntx3-001519-1,hin_Latn,extra_spaces,False
ntx3-001519-1,hin_Latn,punctuation,False
ntx3-001519-1,hin_Latn,zero_width,False
ntx3-000790-2,tel_Latn,nfkc,False
ntx3-000790-2,tel_Latn,extra_spaces,False
ntx3-000790-2,tel_Latn,punctuation,False
ntx3-000790-2,tel_Latn,zero_width,False
ntx3-001260-2,tel_Latn,nfkc,False
ntx3-001260-2,tel_Latn,extra_spaces,False
ntx3-001260-2,tel_Latn,punctuation,False
ntx3-001260-2,tel_Latn,zero_width,False
ntx3-000890-0,eng_Latn,nfkc,False
ntx3-000890-0,eng_Latn,extra_spaces,False
ntx3-000890-0,eng_Latn,punctuation,False
ntx3-000890-0,eng_Latn,zero_width,False
ntx3-001742-1,hin_Latn,nfkc,False
ntx3-001742-1,hin_Latn,extra_spaces,False
ntx3-001742-1,hin_Latn,punctuation,False
ntx3-001742-1,hin_Latn,zero_width,False
ntx3-000762-3,tel_Telu,nfkc,False
ntx3-000762-3,tel_Telu,extra_spaces,False
ntx3-000762-3,tel_Telu,punctuation,False
ntx3-000762-3,tel_Telu,zero_width,False
ntx3-000152-0,eng_Latn,nfkc,False
ntx3-000152-0,eng_Latn,extra_spaces,False
ntx3-000152-0,eng_Latn,punctuation,False
ntx3-000152-0,eng_Latn,zero_width,False
ntx3-001966-0,eng_Latn,nfkc,False
ntx3-001966-0,eng_Latn,extra_spaces,False
ntx3-001966-0,eng_Latn,punctuation,False
ntx3-001966-0,eng_Latn,zero_width,False
ntx3-000902-0,eng_Latn,nfkc,False
ntx3-000902-0,eng_Latn,extra_spaces,False
ntx3-000902-0,eng_Latn,punctuation,False
ntx3-000902-0,eng_Latn,zero_width,False
ntx3-001211-0,eng_Latn,nfkc,False
ntx3-001211-0,eng_Latn,extra_spaces,False
ntx3-001211-0,eng_Latn,punctuation,False
ntx3-001211-0,eng_Latn,zero_width,False
ntx3-001564-3,tel_Telu,nfkc,False
ntx3-001564-3,tel_Telu,extra_spaces,False
ntx3-001564-3,tel_Telu,punctuation,False
ntx3-001564-3,tel_Telu,zero_width,False
ntx3-002354-2,tel_Latn,nfkc,False
ntx3-002354-2,tel_Latn,extra_spaces,False
ntx3-002354-2,tel_Latn,punctuation,False
ntx3-002354-2,tel_Latn,zero_width,False
ntx3-001112-3,tel_Telu,nfkc,False
ntx3-001112-3,tel_Telu,extra_spaces,False
ntx3-001112-3,tel_Telu,punctuation,False
ntx3-001112-3,tel_Telu,zero_width,False
ntx3-002021-0,eng_Latn,nfkc,False
ntx3-002021-0,eng_Latn,extra_spaces,False
ntx3-002021-0,eng_Latn,punctuation,False
ntx3-002021-0,eng_Latn,zero_width,False
ntx3-001091-1,hin_Latn,nfkc,False
ntx3-001091-1,hin_Latn,extra_spaces,False
ntx3-001091-1,hin_Latn,punctuation,False
ntx3-001091-1,hin_Latn,zero_width,False
ntx3-002194-1,hin_Latn,nfkc,False
ntx3-002194-1,hin_Latn,extra_spaces,False
ntx3-002194-1,hin_Latn,punctuation,False
ntx3-002194-1,hin_Latn,zero_width,False
ntx3-001817-0,eng_Latn,nfkc,False
ntx3-001817-0,eng_Latn,extra_spaces,False
ntx3-001817-0,eng_Latn,punctuation,False
ntx3-001817-0,eng_Latn,zero_width,False
ntx3-000328-0,eng_Latn,nfkc,False
ntx3-000328-0,eng_Latn,extra_spaces,False
ntx3-000328-0,eng_Latn,punctuation,False
ntx3-000328-0,eng_Latn,zero_width,False
ntx3-001029-2,tel_Latn,nfkc,False
ntx3-001029-2,tel_Latn,extra_spaces,False
ntx3-001029-2,tel_Latn,punctuation,False
ntx3-001029-2,tel_Latn,zero_width,False
ntx3-002255-3,tel_Telu,nfkc,False
ntx3-002255-3,tel_Telu,extra_spaces,False
ntx3-002255-3,tel_Telu,punctuation,False
ntx3-002255-3,tel_Telu,zero_width,False
ntx3-000495-0,eng_Latn,nfkc,False
ntx3-000495-0,eng_Latn,extra_spaces,False
ntx3-000495-0,eng_Latn,punctuation,False
ntx3-000495-0,eng_Latn,zero_width,False
ntx3-001503-3,tel_Telu,nfkc,False
ntx3-001503-3,tel_Telu,extra_spaces,False
ntx3-001503-3,tel_Telu,punctuation,False
ntx3-001503-3,tel_Telu,zero_width,False
ntx3-000817-0,eng_Latn,nfkc,False
ntx3-000817-0,eng_Latn,extra_spaces,False
ntx3-000817-0,eng_Latn,punctuation,False
ntx3-000817-0,eng_Latn,zero_width,False
ntx3-000399-0,eng_Latn,nfkc,False
ntx3-000399-0,eng_Latn,extra_spaces,False
ntx3-000399-0,eng_Latn,punctuation,False
ntx3-000399-0,eng_Latn,zero_width,False
ntx3-001029-1,hin_Latn,nfkc,False
ntx3-001029-1,hin_Latn,extra_spaces,False
ntx3-001029-1,hin_Latn,punctuation,False
ntx3-001029-1,hin_Latn,zero_width,False
ntx3-000457-3,tel_Telu,nfkc,False
ntx3-000457-3,tel_Telu,extra_spaces,False
ntx3-000457-3,tel_Telu,punctuation,False
ntx3-000457-3,tel_Telu,zero_width,False
ntx3-000315-3,tel_Telu,nfkc,False
ntx3-000315-3,tel_Telu,extra_spaces,False
ntx3-000315-3,tel_Telu,punctuation,False
ntx3-000315-3,tel_Telu,zero_width,False
ntx3-001398-0,eng_Latn,nfkc,False
ntx3-001398-0,eng_Latn,extra_spaces,False
ntx3-001398-0,eng_Latn,punctuation,False
ntx3-001398-0,eng_Latn,zero_width,False
ntx3-001424-0,eng_Latn,nfkc,False
ntx3-001424-0,eng_Latn,extra_spaces,False
ntx3-001424-0,eng_Latn,punctuation,False
ntx3-001424-0,eng_Latn,zero_width,False
ntx3-000495-3,tel_Telu,nfkc,False
ntx3-000495-3,tel_Telu,extra_spaces,False
ntx3-000495-3,tel_Telu,punctuation,False
ntx3-000495-3,tel_Telu,zero_width,False
ntx3-001213-2,tel_Latn,nfkc,False
ntx3-001213-2,tel_Latn,extra_spaces,False
ntx3-001213-2,tel_Latn,punctuation,False
ntx3-001213-2,tel_Latn,zero_width,False
ntx3-002036-1,hin_Latn,nfkc,False
ntx3-002036-1,hin_Latn,extra_spaces,False
ntx3-002036-1,hin_Latn,punctuation,False
ntx3-002036-1,hin_Latn,zero_width,False
ntx3-001221-3,tel_Telu,nfkc,False
ntx3-001221-3,tel_Telu,extra_spaces,False
ntx3-001221-3,tel_Telu,punctuation,False
ntx3-001221-3,tel_Telu,zero_width,False
ntx3-002224-2,tel_Latn,nfkc,False
ntx3-002224-2,tel_Latn,extra_spaces,False
ntx3-002224-2,tel_Latn,punctuation,False
ntx3-002224-2,tel_Latn,zero_width,False
ntx3-001353-3,tel_Telu,nfkc,False
ntx3-001353-3,tel_Telu,extra_spaces,False
ntx3-001353-3,tel_Telu,punctuation,False
ntx3-001353-3,tel_Telu,zero_width,False
ntx3-000607-0,eng_Latn,nfkc,False
ntx3-000607-0,eng_Latn,extra_spaces,False
ntx3-000607-0,eng_Latn,punctuation,False
ntx3-000607-0,eng_Latn,zero_width,False
ntx3-000863-2,tel_Latn,nfkc,False
ntx3-000863-2,tel_Latn,extra_spaces,False
ntx3-000863-2,tel_Latn,punctuation,False
ntx3-000863-2,tel_Latn,zero_width,False
ntx3-001465-3,tel_Telu,nfkc,False
ntx3-001465-3,tel_Telu,extra_spaces,False
ntx3-001465-3,tel_Telu,punctuation,False
ntx3-001465-3,tel_Telu,zero_width,False
ntx3-002019-3,tel_Telu,nfkc,False
ntx3-002019-3,tel_Telu,extra_spaces,False
ntx3-002019-3,tel_Telu,punctuation,False
ntx3-002019-3,tel_Telu,zero_width,False
ntx3-002494-1,hin_Latn,nfkc,False
ntx3-002494-1,hin_Latn,extra_spaces,False
ntx3-002494-1,hin_Latn,punctuation,False
ntx3-002494-1,hin_Latn,zero_width,False
ntx3-001428-3,tel_Telu,nfkc,False
ntx3-001428-3,tel_Telu,extra_spaces,False
ntx3-001428-3,tel_Telu,punctuation,False
ntx3-001428-3,tel_Telu,zero_width,False
ntx3-001277-3,tel_Telu,nfkc,False
ntx3-001277-3,tel_Telu,extra_spaces,False
ntx3-001277-3,tel_Telu,punctuation,False
ntx3-001277-3,tel_Telu,zero_width,False
ntx3-002456-2,tel_Latn,nfkc,False
ntx3-002456-2,tel_Latn,extra_spaces,False
ntx3-002456-2,tel_Latn,punctuation,False
ntx3-002456-2,tel_Latn,zero_width,False
ntx3-001670-1,hin_Latn,nfkc,False
ntx3-001670-1,hin_Latn,extra_spaces,False
ntx3-001670-1,hin_Latn,punctuation,False
ntx3-001670-1,hin_Latn,zero_width,False
ntx3-001583-3,tel_Telu,nfkc,False
ntx3-001583-3,tel_Telu,extra_spaces,False
ntx3-001583-3,tel_Telu,punctuation,False
ntx3-001583-3,tel_Telu,zero_width,False
ntx3-001514-0,eng_Latn,nfkc,False
ntx3-001514-0,eng_Latn,extra_spaces,False
ntx3-001514-0,eng_Latn,punctuation,False
ntx3-001514-0,eng_Latn,zero_width,False
ntx3-001679-0,eng_Latn,nfkc,False
ntx3-001679-0,eng_Latn,extra_spaces,False
ntx3-001679-0,eng_Latn,punctuation,False
ntx3-001679-0,eng_Latn,zero_width,False
ntx3-001810-0,eng_Latn,nfkc,False
ntx3-001810-0,eng_Latn,extra_spaces,False
ntx3-001810-0,eng_Latn,punctuation,False
ntx3-001810-0,eng_Latn,zero_width,False
ntx3-001859-0,eng_Latn,nfkc,False
ntx3-001859-0,eng_Latn,extra_spaces,False
ntx3-001859-0,eng_Latn,punctuation,False
ntx3-001859-0,eng_Latn,zero_width,False
ntx3-002470-2,tel_Latn,nfkc,False
ntx3-002470-2,tel_Latn,extra_spaces,False
ntx3-002470-2,tel_Latn,punctuation,False
ntx3-002470-2,tel_Latn,zero_width,False
ntx3-001524-3,tel_Telu,nfkc,False
ntx3-001524-3,tel_Telu,extra_spaces,False
ntx3-001524-3,tel_Telu,punctuation,False
ntx3-001524-3,tel_Telu,zero_width,False
ntx3-001191-1,hin_Latn,nfkc,False
ntx3-001191-1,hin_Latn,extra_spaces,False
ntx3-001191-1,hin_Latn,punctuation,False
ntx3-001191-1,hin_Latn,zero_width,False
ntx3-002236-0,eng_Latn,nfkc,False
ntx3-002236-0,eng_Latn,extra_spaces,False
ntx3-002236-0,eng_Latn,punctuation,False
ntx3-002236-0,eng_Latn,zero_width,False
ntx3-000458-2,tel_Latn,nfkc,False
ntx3-000458-2,tel_Latn,extra_spaces,False
ntx3-000458-2,tel_Latn,punctuation,False
ntx3-000458-2,tel_Latn,zero_width,False
ntx3-001019-0,eng_Latn,nfkc,False
ntx3-001019-0,eng_Latn,extra_spaces,False
ntx3-001019-0,eng_Latn,punctuation,False
ntx3-001019-0,eng_Latn,zero_width,False
ntx3-001244-2,tel_Latn,nfkc,False
ntx3-001244-2,tel_Latn,extra_spaces,False
ntx3-001244-2,tel_Latn,punctuation,False
ntx3-001244-2,tel_Latn,zero_width,False
ntx3-001304-2,tel_Latn,nfkc,False
ntx3-001304-2,tel_Latn,extra_spaces,False
ntx3-001304-2,tel_Latn,punctuation,False
ntx3-001304-2,tel_Latn,zero_width,False
ntx3-001045-0,eng_Latn,nfkc,False
ntx3-001045-0,eng_Latn,extra_spaces,False
ntx3-001045-0,eng_Latn,punctuation,False
ntx3-001045-0,eng_Latn,zero_width,False
ntx3-001188-2,tel_Latn,nfkc,False
ntx3-001188-2,tel_Latn,extra_spaces,False
ntx3-001188-2,tel_Latn,punctuation,False
ntx3-001188-2,tel_Latn,zero_width,False
ntx3-000232-0,eng_Latn,nfkc,False
ntx3-000232-0,eng_Latn,extra_spaces,False
ntx3-000232-0,eng_Latn,punctuation,False
ntx3-000232-0,eng_Latn,zero_width,False
ntx3-001651-3,tel_Telu,nfkc,False
ntx3-001651-3,tel_Telu,extra_spaces,False
ntx3-001651-3,tel_Telu,punctuation,False
ntx3-001651-3,tel_Telu,zero_width,False
ntx3-002147-1,hin_Latn,nfkc,False
ntx3-002147-1,hin_Latn,extra_spaces,False
ntx3-002147-1,hin_Latn,punctuation,False
ntx3-002147-1,hin_Latn,zero_width,False
ntx3-000452-1,hin_Latn,nfkc,False
ntx3-000452-1,hin_Latn,extra_spaces,False
ntx3-000452-1,hin_Latn,punctuation,False
ntx3-000452-1,hin_Latn,zero_width,False
ntx3-000941-3,tel_Telu,nfkc,False
ntx3-000941-3,tel_Telu,extra_spaces,False
ntx3-000941-3,tel_Telu,punctuation,False
ntx3-000941-3,tel_Telu,zero_width,False
ntx3-000449-0,eng_Latn,nfkc,False
ntx3-000449-0,eng_Latn,extra_spaces,False
ntx3-000449-0,eng_Latn,punctuation,False
ntx3-000449-0,eng_Latn,zero_width,False
ntx3-001477-3,tel_Telu,nfkc,False
ntx3-001477-3,tel_Telu,extra_spaces,False
ntx3-001477-3,tel_Telu,punctuation,False
ntx3-001477-3,tel_Telu,zero_width,False
ntx3-000795-0,eng_Latn,nfkc,False
ntx3-000795-0,eng_Latn,extra_spaces,False
ntx3-000795-0,eng_Latn,punctuation,False
ntx3-000795-0,eng_Latn,zero_width,False
ntx3-001091-2,tel_Latn,nfkc,False
ntx3-001091-2,tel_Latn,extra_spaces,False
ntx3-001091-2,tel_Latn,punctuation,False
ntx3-001091-2,tel_Latn,zero_width,False
ntx3-001478-0,eng_Latn,nfkc,False
ntx3-001478-0,eng_Latn,extra_spaces,False
ntx3-001478-0,eng_Latn,punctuation,False
ntx3-001478-0,eng_Latn,zero_width,False
ntx3-000740-0,eng_Latn,nfkc,False
ntx3-000740-0,eng_Latn,extra_spaces,False
ntx3-000740-0,eng_Latn,punctuation,False
ntx3-000740-0,eng_Latn,zero_width,False
ntx3-000776-3,tel_Telu,nfkc,False
ntx3-000776-3,tel_Telu,extra_spaces,False
ntx3-000776-3,tel_Telu,punctuation,False
ntx3-000776-3,tel_Telu,zero_width,False
ntx3-001736-1,hin_Latn,nfkc,False
ntx3-001736-1,hin_Latn,extra_spaces,False
ntx3-001736-1,hin_Latn,punctuation,False
ntx3-001736-1,hin_Latn,zero_width,False
ntx3-002309-2,tel_Latn,nfkc,False
ntx3-002309-2,tel_Latn,extra_spaces,False
ntx3-002309-2,tel_Latn,punctuation,False
ntx3-002309-2,tel_Latn,zero_width,False
ntx3-002495-0,eng_Latn,nfkc,False
ntx3-002495-0,eng_Latn,extra_spaces,False
ntx3-002495-0,eng_Latn,punctuation,False
ntx3-002495-0,eng_Latn,zero_width,False
ntx3-002357-1,hin_Latn,nfkc,False
ntx3-002357-1,hin_Latn,extra_spaces,False
ntx3-002357-1,hin_Latn,punctuation,False
ntx3-002357-1,hin_Latn,zero_width,False
ntx3-002164-0,eng_Latn,nfkc,False
ntx3-002164-0,eng_Latn,extra_spaces,False
ntx3-002164-0,eng_Latn,punctuation,False
ntx3-002164-0,eng_Latn,zero_width,False
ntx3-000529-1,hin_Latn,nfkc,False
ntx3-000529-1,hin_Latn,extra_spaces,False
ntx3-000529-1,hin_Latn,punctuation,False
ntx3-000529-1,hin_Latn,zero_width,False
ntx3-001551-1,hin_Latn,nfkc,False
ntx3-001551-1,hin_Latn,extra_spaces,False
ntx3-001551-1,hin_Latn,punctuation,False
ntx3-001551-1,hin_Latn,zero_width,False
ntx3-000795-1,hin_Latn,nfkc,False
ntx3-000795-1,hin_Latn,extra_spaces,False
ntx3-000795-1,hin_Latn,punctuation,False
ntx3-000795-1,hin_Latn,zero_width,False
ntx3-001280-3,tel_Telu,nfkc,False
ntx3-001280-3,tel_Telu,extra_spaces,False
ntx3-001280-3,tel_Telu,punctuation,False
ntx3-001280-3,tel_Telu,zero_width,False
ntx3-000238-1,hin_Latn,nfkc,False
ntx3-000238-1,hin_Latn,extra_spaces,False
ntx3-000238-1,hin_Latn,punctuation,False
ntx3-000238-1,hin_Latn,zero_width,False
ntx3-000857-0,eng_Latn,nfkc,False
ntx3-000857-0,eng_Latn,extra_spaces,False
ntx3-000857-0,eng_Latn,punctuation,False
ntx3-000857-0,eng_Latn,zero_width,False
ntx3-002108-1,hin_Latn,nfkc,False
ntx3-002108-1,hin_Latn,extra_spaces,False
ntx3-002108-1,hin_Latn,punctuation,False
ntx3-002108-1,hin_Latn,zero_width,False
ntx3-001878-1,hin_Latn,nfkc,False
ntx3-001878-1,hin_Latn,extra_spaces,False
ntx3-001878-1,hin_Latn,punctuation,False
ntx3-001878-1,hin_Latn,zero_width,False
ntx3-001577-3,tel_Telu,nfkc,False
ntx3-001577-3,tel_Telu,extra_spaces,False
ntx3-001577-3,tel_Telu,punctuation,False
ntx3-001577-3,tel_Telu,zero_width,False
ntx3-000675-3,tel_Telu,nfkc,False
ntx3-000675-3,tel_Telu,extra_spaces,False
ntx3-000675-3,tel_Telu,punctuation,False
ntx3-000675-3,tel_Telu,zero_width,False
ntx3-002212-0,eng_Latn,nfkc,False
ntx3-002212-0,eng_Latn,extra_spaces,False
ntx3-002212-0,eng_Latn,punctuation,False
ntx3-002212-0,eng_Latn,zero_width,False
ntx3-001477-1,hin_Latn,nfkc,False
ntx3-001477-1,hin_Latn,extra_spaces,False
ntx3-001477-1,hin_Latn,punctuation,False
ntx3-001477-1,hin_Latn,zero_width,False
ntx3-000518-2,tel_Latn,nfkc,False
ntx3-000518-2,tel_Latn,extra_spaces,False
ntx3-000518-2,tel_Latn,punctuation,False
ntx3-000518-2,tel_Latn,zero_width,False
ntx3-001491-2,tel_Latn,nfkc,False
ntx3-001491-2,tel_Latn,extra_spaces,False
ntx3-001491-2,tel_Latn,punctuation,False
ntx3-001491-2,tel_Latn,zero_width,False
ntx3-000513-0,eng_Latn,nfkc,False
ntx3-000513-0,eng_Latn,extra_spaces,False
ntx3-000513-0,eng_Latn,punctuation,False
ntx3-000513-0,eng_Latn,zero_width,False
ntx3-001103-2,tel_Latn,nfkc,False
ntx3-001103-2,tel_Latn,extra_spaces,False
ntx3-001103-2,tel_Latn,punctuation,False
ntx3-001103-2,tel_Latn,zero_width,False
ntx3-001660-0,eng_Latn,nfkc,False
ntx3-001660-0,eng_Latn,extra_spaces,False
ntx3-001660-0,eng_Latn,punctuation,False
ntx3-001660-0,eng_Latn,zero_width,False
ntx3-001197-0,eng_Latn,nfkc,False
ntx3-001197-0,eng_Latn,extra_spaces,False
ntx3-001197-0,eng_Latn,punctuation,False
ntx3-001197-0,eng_Latn,zero_width,False
ntx3-001201-3,tel_Telu,nfkc,False
ntx3-001201-3,tel_Telu,extra_spaces,False
ntx3-001201-3,tel_Telu,punctuation,False
ntx3-001201-3,tel_Telu,zero_width,False
ntx3-001486-1,hin_Latn,nfkc,False
ntx3-001486-1,hin_Latn,extra_spaces,False
ntx3-001486-1,hin_Latn,punctuation,False
ntx3-001486-1,hin_Latn,zero_width,False
ntx3-002223-2,tel_Latn,nfkc,False
ntx3-002223-2,tel_Latn,extra_spaces,False
ntx3-002223-2,tel_Latn,punctuation,False
ntx3-002223-2,tel_Latn,zero_width,False
ntx3-002235-3,tel_Telu,nfkc,False
ntx3-002235-3,tel_Telu,extra_spaces,False
ntx3-002235-3,tel_Telu,punctuation,False
ntx3-002235-3,tel_Telu,zero_width,False
ntx3-001929-0,eng_Latn,nfkc,False
ntx3-001929-0,eng_Latn,extra_spaces,False
ntx3-001929-0,eng_Latn,punctuation,False
ntx3-001929-0,eng_Latn,zero_width,False
ntx3-001233-3,tel_Telu,nfkc,False
ntx3-001233-3,tel_Telu,extra_spaces,False
ntx3-001233-3,tel_Telu,punctuation,False
ntx3-001233-3,tel_Telu,zero_width,False
ntx3-001277-2,tel_Latn,nfkc,False
ntx3-001277-2,tel_Latn,extra_spaces,False
ntx3-001277-2,tel_Latn,punctuation,False
ntx3-001277-2,tel_Latn,zero_width,False
ntx3-000600-0,eng_Latn,nfkc,False
ntx3-000600-0,eng_Latn,extra_spaces,False
ntx3-000600-0,eng_Latn,punctuation,False
ntx3-000600-0,eng_Latn,zero_width,False
ntx3-002299-3,tel_Telu,nfkc,False
ntx3-002299-3,tel_Telu,extra_spaces,False
ntx3-002299-3,tel_Telu,punctuation,False
ntx3-002299-3,tel_Telu,zero_width,False
ntx3-001644-0,eng_Latn,nfkc,False
ntx3-001644-0,eng_Latn,extra_spaces,False
ntx3-001644-0,eng_Latn,punctuation,False
ntx3-001644-0,eng_Latn,zero_width,False
ntx3-000717-0,eng_Latn,nfkc,False
ntx3-000717-0,eng_Latn,extra_spaces,False
ntx3-000717-0,eng_Latn,punctuation,False
ntx3-000717-0,eng_Latn,zero_width,False
ntx3-001391-1,hin_Latn,nfkc,False
ntx3-001391-1,hin_Latn,extra_spaces,False
ntx3-001391-1,hin_Latn,punctuation,False
ntx3-001391-1,hin_Latn,zero_width,False
ntx3-000404-3,tel_Telu,nfkc,False
ntx3-000404-3,tel_Telu,extra_spaces,False
ntx3-000404-3,tel_Telu,punctuation,False
ntx3-000404-3,tel_Telu,zero_width,False
ntx3-002054-2,tel_Latn,nfkc,False
ntx3-002054-2,tel_Latn,extra_spaces,False
ntx3-002054-2,tel_Latn,punctuation,False
ntx3-002054-2,tel_Latn,zero_width,False
ntx3-001652-0,eng_Latn,nfkc,False
ntx3-001652-0,eng_Latn,extra_spaces,False
ntx3-001652-0,eng_Latn,punctuation,False
ntx3-001652-0,eng_Latn,zero_width,False
ntx3-000868-1,hin_Latn,nfkc,False
ntx3-000868-1,hin_Latn,extra_spaces,False
ntx3-000868-1,hin_Latn,punctuation,False
ntx3-000868-1,hin_Latn,zero_width,False
ntx3-002357-2,tel_Latn,nfkc,False
ntx3-002357-2,tel_Latn,extra_spaces,False
ntx3-002357-2,tel_Latn,punctuation,False
ntx3-002357-2,tel_Latn,zero_width,False
ntx3-000213-0,eng_Latn,nfkc,False
ntx3-000213-0,eng_Latn,extra_spaces,False
ntx3-000213-0,eng_Latn,punctuation,False
ntx3-000213-0,eng_Latn,zero_width,False
ntx3-001933-3,tel_Telu,nfkc,False
ntx3-001933-3,tel_Telu,extra_spaces,False
ntx3-001933-3,tel_Telu,punctuation,False
ntx3-001933-3,tel_Telu,zero_width,False
ntx3-000837-0,eng_Latn,nfkc,False
ntx3-000837-0,eng_Latn,extra_spaces,False
ntx3-000837-0,eng_Latn,punctuation,False
ntx3-000837-0,eng_Latn,zero_width,False
ntx3-001032-2,tel_Latn,nfkc,False
ntx3-001032-2,tel_Latn,extra_spaces,False
ntx3-001032-2,tel_Latn,punctuation,False
ntx3-001032-2,tel_Latn,zero_width,False
ntx3-002089-1,hin_Latn,nfkc,False
ntx3-002089-1,hin_Latn,extra_spaces,False
ntx3-002089-1,hin_Latn,punctuation,False
ntx3-002089-1,hin_Latn,zero_width,False
ntx3-000628-0,eng_Latn,nfkc,False
ntx3-000628-0,eng_Latn,extra_spaces,False
ntx3-000628-0,eng_Latn,punctuation,False
ntx3-000628-0,eng_Latn,zero_width,False
ntx3-001857-1,hin_Latn,nfkc,False
ntx3-001857-1,hin_Latn,extra_spaces,False
ntx3-001857-1,hin_Latn,punctuation,False
ntx3-001857-1,hin_Latn,zero_width,False
ntx3-001529-2,tel_Latn,nfkc,False
ntx3-001529-2,tel_Latn,extra_spaces,False
ntx3-001529-2,tel_Latn,punctuation,False
ntx3-001529-2,tel_Latn,zero_width,False
ntx3-001457-0,eng_Latn,nfkc,False
ntx3-001457-0,eng_Latn,extra_spaces,False
ntx3-001457-0,eng_Latn,punctuation,False
ntx3-001457-0,eng_Latn,zero_width,False
ntx3-001584-0,eng_Latn,nfkc,False
ntx3-001584-0,eng_Latn,extra_spaces,False
ntx3-001584-0,eng_Latn,punctuation,False
ntx3-001584-0,eng_Latn,zero_width,False
ntx3-001705-2,tel_Latn,nfkc,False
ntx3-001705-2,tel_Latn,extra_spaces,False
ntx3-001705-2,tel_Latn,punctuation,False
ntx3-001705-2,tel_Latn,zero_width,False
ntx3-000759-3,tel_Telu,nfkc,False
ntx3-000759-3,tel_Telu,extra_spaces,False
ntx3-000759-3,tel_Telu,punctuation,False
ntx3-000759-3,tel_Telu,zero_width,False
ntx3-002081-1,hin_Latn,nfkc,False
ntx3-002081-1,hin_Latn,extra_spaces,False
ntx3-002081-1,hin_Latn,punctuation,False
ntx3-002081-1,hin_Latn,zero_width,False
ntx3-002206-0,eng_Latn,nfkc,False
ntx3-002206-0,eng_Latn,extra_spaces,False
ntx3-002206-0,eng_Latn,punctuation,False
ntx3-002206-0,eng_Latn,zero_width,False
ntx3-001476-0,eng_Latn,nfkc,False
ntx3-001476-0,eng_Latn,extra_spaces,False
ntx3-001476-0,eng_Latn,punctuation,False
ntx3-001476-0,eng_Latn,zero_width,False
ntx3-001503-0,eng_Latn,nfkc,False
ntx3-001503-0,eng_Latn,extra_spaces,False
ntx3-001503-0,eng_Latn,punctuation,False
ntx3-001503-0,eng_Latn,zero_width,False
ntx3-002386-0,eng_Latn,nfkc,False
ntx3-002386-0,eng_Latn,extra_spaces,False
ntx3-002386-0,eng_Latn,punctuation,False
ntx3-002386-0,eng_Latn,zero_width,False
ntx3-000902-2,tel_Latn,nfkc,False
ntx3-000902-2,tel_Latn,extra_spaces,False
ntx3-000902-2,tel_Latn,punctuation,False
ntx3-000902-2,tel_Latn,zero_width,False
ntx3-000868-0,eng_Latn,nfkc,False
ntx3-000868-0,eng_Latn,extra_spaces,False
ntx3-000868-0,eng_Latn,punctuation,False
ntx3-000868-0,eng_Latn,zero_width,False
ntx3-000607-2,tel_Latn,nfkc,False
ntx3-000607-2,tel_Latn,extra_spaces,False
ntx3-000607-2,tel_Latn,punctuation,False
ntx3-000607-2,tel_Latn,zero_width,False
ntx3-000585-3,tel_Telu,nfkc,False
ntx3-000585-3,tel_Telu,extra_spaces,False
ntx3-000585-3,tel_Telu,punctuation,False
ntx3-000585-3,tel_Telu,zero_width,False
ntx3-002230-0,eng_Latn,nfkc,False
ntx3-002230-0,eng_Latn,extra_spaces,False
ntx3-002230-0,eng_Latn,punctuation,False
ntx3-002230-0,eng_Latn,zero_width,False
ntx3-002043-2,tel_Latn,nfkc,False
ntx3-002043-2,tel_Latn,extra_spaces,False
ntx3-002043-2,tel_Latn,punctuation,False
ntx3-002043-2,tel_Latn,zero_width,False
ntx3-001019-2,tel_Latn,nfkc,False
ntx3-001019-2,tel_Latn,extra_spaces,False
ntx3-001019-2,tel_Latn,punctuation,False
ntx3-001019-2,tel_Latn,zero_width,False
ntx3-002211-3,tel_Telu,nfkc,False
ntx3-002211-3,tel_Telu,extra_spaces,False
ntx3-002211-3,tel_Telu,punctuation,False
ntx3-002211-3,tel_Telu,zero_width,False
ntx3-000863-0,eng_Latn,nfkc,False
ntx3-000863-0,eng_Latn,extra_spaces,False
ntx3-000863-0,eng_Latn,punctuation,False
ntx3-000863-0,eng_Latn,zero_width,False
ntx3-000958-1,hin_Latn,nfkc,False
ntx3-000958-1,hin_Latn,extra_spaces,False
ntx3-000958-1,hin_Latn,punctuation,False
ntx3-000958-1,hin_Latn,zero_width,False
ntx3-002054-3,tel_Telu,nfkc,False
ntx3-002054-3,tel_Telu,extra_spaces,False
ntx3-002054-3,tel_Telu,punctuation,False
ntx3-002054-3,tel_Telu,zero_width,False
ntx3-001225-0,eng_Latn,nfkc,False
ntx3-001225-0,eng_Latn,extra_spaces,False
ntx3-001225-0,eng_Latn,punctuation,False
ntx3-001225-0,eng_Latn,zero_width,False
ntx3-001786-2,tel_Latn,nfkc,False
ntx3-001786-2,tel_Latn,extra_spaces,False
ntx3-001786-2,tel_Latn,punctuation,False
ntx3-001786-2,tel_Latn,zero_width,False
ntx3-000776-2,tel_Latn,nfkc,False
ntx3-000776-2,tel_Latn,extra_spaces,False
ntx3-000776-2,tel_Latn,punctuation,False
ntx3-000776-2,tel_Latn,zero_width,False
ntx3-002111-0,eng_Latn,nfkc,False
ntx3-002111-0,eng_Latn,extra_spaces,False
ntx3-002111-0,eng_Latn,punctuation,False
ntx3-002111-0,eng_Latn,zero_width,False
ntx3-002078-0,eng_Latn,nfkc,False
ntx3-002078-0,eng_Latn,extra_spaces,False
ntx3-002078-0,eng_Latn,punctuation,False
ntx3-002078-0,eng_Latn,zero_width,False
ntx3-001361-0,eng_Latn,nfkc,False
ntx3-001361-0,eng_Latn,extra_spaces,False
ntx3-001361-0,eng_Latn,punctuation,False
ntx3-001361-0,eng_Latn,zero_width,False
ntx3-001836-3,tel_Telu,nfkc,False
ntx3-001836-3,tel_Telu,extra_spaces,False
ntx3-001836-3,tel_Telu,punctuation,False
ntx3-001836-3,tel_Telu,zero_width,False
ntx3-001426-3,tel_Telu,nfkc,False
ntx3-001426-3,tel_Telu,extra_spaces,False
ntx3-001426-3,tel_Telu,punctuation,False
ntx3-001426-3,tel_Telu,zero_width,False
ntx3-000884-3,tel_Telu,nfkc,False
ntx3-000884-3,tel_Telu,extra_spaces,False
ntx3-000884-3,tel_Telu,punctuation,False
ntx3-000884-3,tel_Telu,zero_width,False
ntx3-000540-0,eng_Latn,nfkc,False
ntx3-000540-0,eng_Latn,extra_spaces,False
ntx3-000540-0,eng_Latn,punctuation,False
ntx3-000540-0,eng_Latn,zero_width,False
ntx3-002035-3,tel_Telu,nfkc,False
ntx3-002035-3,tel_Telu,extra_spaces,False
ntx3-002035-3,tel_Telu,punctuation,False
ntx3-002035-3,tel_Telu,zero_width,False
ntx3-001528-1,hin_Latn,nfkc,False
ntx3-001528-1,hin_Latn,extra_spaces,False
ntx3-001528-1,hin_Latn,punctuation,False
ntx3-001528-1,hin_Latn,zero_width,False
ntx3-002036-2,tel_Latn,nfkc,False
ntx3-002036-2,tel_Latn,extra_spaces,False
ntx3-002036-2,tel_Latn,punctuation,False
ntx3-002036-2,tel_Latn,zero_width,False
ntx3-000792-2,tel_Latn,nfkc,False
ntx3-000792-2,tel_Latn,extra_spaces,False
ntx3-000792-2,tel_Latn,punctuation,False
ntx3-000792-2,tel_Latn,zero_width,False
ntx3-002234-3,tel_Telu,nfkc,False
ntx3-002234-3,tel_Telu,extra_spaces,False
ntx3-002234-3,tel_Telu,punctuation,False
ntx3-002234-3,tel_Telu,zero_width,False
ntx3-000516-0,eng_Latn,nfkc,False
ntx3-000516-0,eng_Latn,extra_spaces,False
ntx3-000516-0,eng_Latn,punctuation,False
ntx3-000516-0,eng_Latn,zero_width,False
ntx3-000585-0,eng_Latn,nfkc,False
ntx3-000585-0,eng_Latn,extra_spaces,False
ntx3-000585-0,eng_Latn,punctuation,False
ntx3-000585-0,eng_Latn,zero_width,False
ntx3-001723-0,eng_Latn,nfkc,False
ntx3-001723-0,eng_Latn,extra_spaces,False
ntx3-001723-0,eng_Latn,punctuation,False
ntx3-001723-0,eng_Latn,zero_width,False
ntx3-002255-1,hin_Latn,nfkc,False
ntx3-002255-1,hin_Latn,extra_spaces,False
ntx3-002255-1,hin_Latn,punctuation,False
ntx3-002255-1,hin_Latn,zero_width,False
ntx3-001012-2,tel_Latn,nfkc,False
ntx3-001012-2,tel_Latn,extra_spaces,False
ntx3-001012-2,tel_Latn,punctuation,False
ntx3-001012-2,tel_Latn,zero_width,False
ntx3-001269-0,eng_Latn,nfkc,False
ntx3-001269-0,eng_Latn,extra_spaces,False
ntx3-001269-0,eng_Latn,punctuation,False
ntx3-001269-0,eng_Latn,zero_width,False
ntx3-002304-1,hin_Latn,nfkc,False
ntx3-002304-1,hin_Latn,extra_spaces,False
ntx3-002304-1,hin_Latn,punctuation,False
ntx3-002304-1,hin_Latn,zero_width,False
ntx3-002356-0,eng_Latn,nfkc,False
ntx3-002356-0,eng_Latn,extra_spaces,False
ntx3-002356-0,eng_Latn,punctuation,False
ntx3-002356-0,eng_Latn,zero_width,False
ntx3-001123-3,tel_Telu,nfkc,False
ntx3-001123-3,tel_Telu,extra_spaces,False
ntx3-001123-3,tel_Telu,punctuation,False
ntx3-001123-3,tel_Telu,zero_width,False
ntx3-000438-2,tel_Latn,nfkc,False
ntx3-000438-2,tel_Latn,extra_spaces,False
ntx3-000438-2,tel_Latn,punctuation,False
ntx3-000438-2,tel_Latn,zero_width,False
ntx3-002194-0,eng_Latn,nfkc,False
ntx3-002194-0,eng_Latn,extra_spaces,False
ntx3-002194-0,eng_Latn,punctuation,False
ntx3-002194-0,eng_Latn,zero_width,False
ntx3-002365-0,eng_Latn,nfkc,False
ntx3-002365-0,eng_Latn,extra_spaces,False
ntx3-002365-0,eng_Latn,punctuation,False
ntx3-002365-0,eng_Latn,zero_width,False
ntx3-001081-1,hin_Latn,nfkc,False
ntx3-001081-1,hin_Latn,extra_spaces,False
ntx3-001081-1,hin_Latn,punctuation,False
ntx3-001081-1,hin_Latn,zero_width,False
ntx3-002359-3,tel_Telu,nfkc,False
ntx3-002359-3,tel_Telu,extra_spaces,False
ntx3-002359-3,tel_Telu,punctuation,False
ntx3-002359-3,tel_Telu,zero_width,False
ntx3-000792-0,eng_Latn,nfkc,False
ntx3-000792-0,eng_Latn,extra_spaces,False
ntx3-000792-0,eng_Latn,punctuation,False
ntx3-000792-0,eng_Latn,zero_width,False
ntx3-000381-1,hin_Latn,nfkc,False
ntx3-000381-1,hin_Latn,extra_spaces,False
ntx3-000381-1,hin_Latn,punctuation,False
ntx3-000381-1,hin_Latn,zero_width,False
ntx3-001081-3,tel_Telu,nfkc,False
ntx3-001081-3,tel_Telu,extra_spaces,False
ntx3-001081-3,tel_Telu,punctuation,False
ntx3-001081-3,tel_Telu,zero_width,False
ntx3-001014-2,tel_Latn,nfkc,False
ntx3-001014-2,tel_Latn,extra_spaces,False
ntx3-001014-2,tel_Latn,punctuation,False
ntx3-001014-2,tel_Latn,zero_width,False
ntx3-001897-0,eng_Latn,nfkc,False
ntx3-001897-0,eng_Latn,extra_spaces,False
ntx3-001897-0,eng_Latn,punctuation,False
ntx3-001897-0,eng_Latn,zero_width,False
ntx3-001663-0,eng_Latn,nfkc,False
ntx3-001663-0,eng_Latn,extra_spaces,False
ntx3-001663-0,eng_Latn,punctuation,False
ntx3-001663-0,eng_Latn,zero_width,False
ntx3-001950-0,eng_Latn,nfkc,False
ntx3-001950-0,eng_Latn,extra_spaces,False
ntx3-001950-0,eng_Latn,punctuation,False
ntx3-001950-0,eng_Latn,zero_width,False
ntx3-001564-2,tel_Latn,nfkc,False
ntx3-001564-2,tel_Latn,extra_spaces,False
ntx3-001564-2,tel_Latn,punctuation,False
ntx3-001564-2,tel_Latn,zero_width,False
ntx3-001399-1,hin_Latn,nfkc,False
ntx3-001399-1,hin_Latn,extra_spaces,False
ntx3-001399-1,hin_Latn,punctuation,False
ntx3-001399-1,hin_Latn,zero_width,False
ntx3-002194-2,tel_Latn,nfkc,False
ntx3-002194-2,tel_Latn,extra_spaces,False
ntx3-002194-2,tel_Latn,punctuation,False
ntx3-002194-2,tel_Latn,zero_width,False
ntx3-001411-2,tel_Latn,nfkc,False
ntx3-001411-2,tel_Latn,extra_spaces,False
ntx3-001411-2,tel_Latn,punctuation,False
ntx3-001411-2,tel_Latn,zero_width,False
ntx3-002055-0,eng_Latn,nfkc,False
ntx3-002055-0,eng_Latn,extra_spaces,False
ntx3-002055-0,eng_Latn,punctuation,False
ntx3-002055-0,eng_Latn,zero_width,False
ntx3-002191-1,hin_Latn,nfkc,False
ntx3-002191-1,hin_Latn,extra_spaces,False
ntx3-002191-1,hin_Latn,punctuation,False
ntx3-002191-1,hin_Latn,zero_width,False
ntx3-000876-1,hin_Latn,nfkc,False
ntx3-000876-1,hin_Latn,extra_spaces,False
ntx3-000876-1,hin_Latn,punctuation,False
ntx3-000876-1,hin_Latn,zero_width,False
ntx3-000492-1,hin_Latn,nfkc,False
ntx3-000492-1,hin_Latn,extra_spaces,False
ntx3-000492-1,hin_Latn,punctuation,False
ntx3-000492-1,hin_Latn,zero_width,False
ntx3-001211-1,hin_Latn,nfkc,False
ntx3-001211-1,hin_Latn,extra_spaces,False
ntx3-001211-1,hin_Latn,punctuation,False
ntx3-001211-1,hin_Latn,zero_width,False
ntx3-000797-2,tel_Latn,nfkc,False
ntx3-000797-2,tel_Latn,extra_spaces,False
ntx3-000797-2,tel_Latn,punctuation,False
ntx3-000797-2,tel_Latn,zero_width,False
ntx3-000468-1,hin_Latn,nfkc,False
ntx3-000468-1,hin_Latn,extra_spaces,False
ntx3-000468-1,hin_Latn,punctuation,False
ntx3-000468-1,hin_Latn,zero_width,False
ntx3-000328-1,hin_Latn,nfkc,False
ntx3-000328-1,hin_Latn,extra_spaces,False
ntx3-000328-1,hin_Latn,punctuation,False
ntx3-000328-1,hin_Latn,zero_width,False
ntx3-002221-1,hin_Latn,nfkc,False
ntx3-002221-1,hin_Latn,extra_spaces,False
ntx3-002221-1,hin_Latn,punctuation,False
ntx3-002221-1,hin_Latn,zero_width,False
ntx3-002037-3,tel_Telu,nfkc,False
ntx3-002037-3,tel_Telu,extra_spaces,False
ntx3-002037-3,tel_Telu,punctuation,False
ntx3-002037-3,tel_Telu,zero_width,False
ntx3-000370-0,eng_Latn,nfkc,False
ntx3-000370-0,eng_Latn,extra_spaces,False
ntx3-000370-0,eng_Latn,punctuation,False
ntx3-000370-0,eng_Latn,zero_width,False
ntx3-000602-0,eng_Latn,nfkc,False
ntx3-000602-0,eng_Latn,extra_spaces,False
ntx3-000602-0,eng_Latn,punctuation,False
ntx3-000602-0,eng_Latn,zero_width,False
ntx3-002050-3,tel_Telu,nfkc,False
ntx3-002050-3,tel_Telu,extra_spaces,False
ntx3-002050-3,tel_Telu,punctuation,False
ntx3-002050-3,tel_Telu,zero_width,False
ntx3-001732-1,hin_Latn,nfkc,False
ntx3-001732-1,hin_Latn,extra_spaces,False
ntx3-001732-1,hin_Latn,punctuation,False
ntx3-001732-1,hin_Latn,zero_width,False
ntx3-001361-2,tel_Latn,nfkc,False
ntx3-001361-2,tel_Latn,extra_spaces,False
ntx3-001361-2,tel_Latn,punctuation,False
ntx3-001361-2,tel_Latn,zero_width,False
ntx3-001301-3,tel_Telu,nfkc,False
ntx3-001301-3,tel_Telu,extra_spaces,False
ntx3-001301-3,tel_Telu,punctuation,False
ntx3-001301-3,tel_Telu,zero_width,False
ntx3-002316-2,tel_Latn,nfkc,False
ntx3-002316-2,tel_Latn,extra_spaces,False
ntx3-002316-2,tel_Latn,punctuation,False
ntx3-002316-2,tel_Latn,zero_width,False
ntx3-000370-3,tel_Telu,nfkc,False
ntx3-000370-3,tel_Telu,extra_spaces,False
ntx3-000370-3,tel_Telu,punctuation,False
ntx3-000370-3,tel_Telu,zero_width,False
ntx3-001763-0,eng_Latn,nfkc,False
ntx3-001763-0,eng_Latn,extra_spaces,False
ntx3-001763-0,eng_Latn,punctuation,False
ntx3-001763-0,eng_Latn,zero_width,False
ntx3-001910-0,eng_Latn,nfkc,False
ntx3-001910-0,eng_Latn,extra_spaces,False
ntx3-001910-0,eng_Latn,punctuation,False
ntx3-001910-0,eng_Latn,zero_width,False
ntx3-000600-3,tel_Telu,nfkc,False
ntx3-000600-3,tel_Telu,extra_spaces,False
ntx3-000600-3,tel_Telu,punctuation,False
ntx3-000600-3,tel_Telu,zero_width,False
ntx3-001384-2,tel_Latn,nfkc,False
ntx3-001384-2,tel_Latn,extra_spaces,False
ntx3-001384-2,tel_Latn,punctuation,False
ntx3-001384-2,tel_Latn,zero_width,False
ntx3-002223-1,hin_Latn,nfkc,False
ntx3-002223-1,hin_Latn,extra_spaces,False
ntx3-002223-1,hin_Latn,punctuation,False
ntx3-002223-1,hin_Latn,zero_width,False
ntx3-001503-2,tel_Latn,nfkc,False
ntx3-001503-2,tel_Latn,extra_spaces,False
ntx3-001503-2,tel_Latn,punctuation,False
ntx3-001503-2,tel_Latn,zero_width,False
ntx3-002083-2,tel_Latn,nfkc,False
ntx3-002083-2,tel_Latn,extra_spaces,False
ntx3-002083-2,tel_Latn,punctuation,False
ntx3-002083-2,tel_Latn,zero_width,False
ntx3-002098-2,tel_Latn,nfkc,False
ntx3-002098-2,tel_Latn,extra_spaces,False
ntx3-002098-2,tel_Latn,punctuation,False
ntx3-002098-2,tel_Latn,zero_width,False
ntx3-001971-2,tel_Latn,nfkc,False
ntx3-001971-2,tel_Latn,extra_spaces,False
ntx3-001971-2,tel_Latn,punctuation,False
ntx3-001971-2,tel_Latn,zero_width,False
ntx3-001915-1,hin_Latn,nfkc,False
ntx3-001915-1,hin_Latn,extra_spaces,False
ntx3-001915-1,hin_Latn,punctuation,False
ntx3-001915-1,hin_Latn,zero_width,False
ntx3-002249-3,tel_Telu,nfkc,False
ntx3-002249-3,tel_Telu,extra_spaces,False
ntx3-002249-3,tel_Telu,punctuation,False
ntx3-002249-3,tel_Telu,zero_width,False
ntx3-000689-3,tel_Telu,nfkc,False
ntx3-000689-3,tel_Telu,extra_spaces,False
ntx3-000689-3,tel_Telu,punctuation,False
ntx3-000689-3,tel_Telu,zero_width,False
ntx3-002395-2,tel_Latn,nfkc,False
ntx3-002395-2,tel_Latn,extra_spaces,False
ntx3-002395-2,tel_Latn,punctuation,False
ntx3-002395-2,tel_Latn,zero_width,False
ntx3-001653-3,tel_Telu,nfkc,False
ntx3-001653-3,tel_Telu,extra_spaces,False
ntx3-001653-3,tel_Telu,punctuation,False
ntx3-001653-3,tel_Telu,zero_width,False
ntx3-001975-3,tel_Telu,nfkc,False
ntx3-001975-3,tel_Telu,extra_spaces,False
ntx3-001975-3,tel_Telu,punctuation,False
ntx3-001975-3,tel_Telu,zero_width,False
ntx3-001716-0,eng_Latn,nfkc,False
ntx3-001716-0,eng_Latn,extra_spaces,False
ntx3-001716-0,eng_Latn,punctuation,False
ntx3-001716-0,eng_Latn,zero_width,False
ntx3-001551-3,tel_Telu,nfkc,False
ntx3-001551-3,tel_Telu,extra_spaces,False
ntx3-001551-3,tel_Telu,punctuation,False
ntx3-001551-3,tel_Telu,zero_width,False
ntx3-001141-1,hin_Latn,nfkc,False
ntx3-001141-1,hin_Latn,extra_spaces,False
ntx3-001141-1,hin_Latn,punctuation,False
ntx3-001141-1,hin_Latn,zero_width,False
ntx3-000492-2,tel_Latn,nfkc,False
ntx3-000492-2,tel_Latn,extra_spaces,False
ntx3-000492-2,tel_Latn,punctuation,False
ntx3-000492-2,tel_Latn,zero_width,False
ntx3-002327-0,eng_Latn,nfkc,False
ntx3-002327-0,eng_Latn,extra_spaces,False
ntx3-002327-0,eng_Latn,punctuation,False
ntx3-002327-0,eng_Latn,zero_width,False
ntx3-000395-2,tel_Latn,nfkc,False
ntx3-000395-2,tel_Latn,extra_spaces,False
ntx3-000395-2,tel_Latn,punctuation,False
ntx3-000395-2,tel_Latn,zero_width,False
ntx3-001566-2,tel_Latn,nfkc,False
ntx3-001566-2,tel_Latn,extra_spaces,False
ntx3-001566-2,tel_Latn,punctuation,False
ntx3-001566-2,tel_Latn,zero_width,False
ntx3-001112-2,tel_Latn,nfkc,False
ntx3-001112-2,tel_Latn,extra_spaces,False
ntx3-001112-2,tel_Latn,punctuation,False
ntx3-001112-2,tel_Latn,zero_width,False
ntx3-000518-1,hin_Latn,nfkc,False
ntx3-000518-1,hin_Latn,extra_spaces,False
ntx3-000518-1,hin_Latn,punctuation,False
ntx3-000518-1,hin_Latn,zero_width,False
ntx3-001889-1,hin_Latn,nfkc,False
ntx3-001889-1,hin_Latn,extra_spaces,False
ntx3-001889-1,hin_Latn,punctuation,False
ntx3-001889-1,hin_Latn,zero_width,False
ntx3-001927-0,eng_Latn,nfkc,False
ntx3-001927-0,eng_Latn,extra_spaces,False
ntx3-001927-0,eng_Latn,punctuation,False
ntx3-001927-0,eng_Latn,zero_width,False
ntx3-001931-0,eng_Latn,nfkc,False
ntx3-001931-0,eng_Latn,extra_spaces,False
ntx3-001931-0,eng_Latn,punctuation,False
ntx3-001931-0,eng_Latn,zero_width,False
ntx3-001852-3,tel_Telu,nfkc,False
ntx3-001852-3,tel_Telu,extra_spaces,False
ntx3-001852-3,tel_Telu,punctuation,False
ntx3-001852-3,tel_Telu,zero_width,False
ntx3-001679-1,hin_Latn,nfkc,False
ntx3-001679-1,hin_Latn,extra_spaces,False
ntx3-001679-1,hin_Latn,punctuation,False
ntx3-001679-1,hin_Latn,zero_width,False
ntx3-000496-2,tel_Latn,nfkc,False
ntx3-000496-2,tel_Latn,extra_spaces,False
ntx3-000496-2,tel_Latn,punctuation,False
ntx3-000496-2,tel_Latn,zero_width,False
ntx3-001191-3,tel_Telu,nfkc,False
ntx3-001191-3,tel_Telu,extra_spaces,False
ntx3-001191-3,tel_Telu,punctuation,False
ntx3-001191-3,tel_Telu,zero_width,False
ntx3-001733-0,eng_Latn,nfkc,False
ntx3-001733-0,eng_Latn,extra_spaces,False
ntx3-001733-0,eng_Latn,punctuation,False
ntx3-001733-0,eng_Latn,zero_width,False
ntx3-000331-0,eng_Latn,nfkc,False
ntx3-000331-0,eng_Latn,extra_spaces,False
ntx3-000331-0,eng_Latn,punctuation,False
ntx3-000331-0,eng_Latn,zero_width,False
ntx3-000985-3,tel_Telu,nfkc,False
ntx3-000985-3,tel_Telu,extra_spaces,False
ntx3-000985-3,tel_Telu,punctuation,False
ntx3-000985-3,tel_Telu,zero_width,False
ntx3-001628-1,hin_Latn,nfkc,False
ntx3-001628-1,hin_Latn,extra_spaces,False
ntx3-001628-1,hin_Latn,punctuation,False
ntx3-001628-1,hin_Latn,zero_width,False
ntx3-001566-3,tel_Telu,nfkc,False
ntx3-001566-3,tel_Telu,extra_spaces,False
ntx3-001566-3,tel_Telu,punctuation,False
ntx3-001566-3,tel_Telu,zero_width,False
ntx3-001154-1,hin_Latn,nfkc,False
ntx3-001154-1,hin_Latn,extra_spaces,False
ntx3-001154-1,hin_Latn,punctuation,False
ntx3-001154-1,hin_Latn,zero_width,False
ntx3-000595-3,tel_Telu,nfkc,False
ntx3-000595-3,tel_Telu,extra_spaces,False
ntx3-000595-3,tel_Telu,punctuation,False
ntx3-000595-3,tel_Telu,zero_width,False
ntx3-001147-1,hin_Latn,nfkc,False
ntx3-001147-1,hin_Latn,extra_spaces,False
ntx3-001147-1,hin_Latn,punctuation,False
ntx3-001147-1,hin_Latn,zero_width,False
ntx3-000302-1,hin_Latn,nfkc,False
ntx3-000302-1,hin_Latn,extra_spaces,False
ntx3-000302-1,hin_Latn,punctuation,False
ntx3-000302-1,hin_Latn,zero_width,False
ntx3-000555-3,tel_Telu,nfkc,False
ntx3-000555-3,tel_Telu,extra_spaces,False
ntx3-000555-3,tel_Telu,punctuation,False
ntx3-000555-3,tel_Telu,zero_width,False
ntx3-000809-0,eng_Latn,nfkc,False
ntx3-000809-0,eng_Latn,extra_spaces,False
ntx3-000809-0,eng_Latn,punctuation,False
ntx3-000809-0,eng_Latn,zero_width,False
ntx3-001131-2,tel_Latn,nfkc,False
ntx3-001131-2,tel_Latn,extra_spaces,False
ntx3-001131-2,tel_Latn,punctuation,False
ntx3-001131-2,tel_Latn,zero_width,False
ntx3-001670-2,tel_Latn,nfkc,False
ntx3-001670-2,tel_Latn,extra_spaces,False
ntx3-001670-2,tel_Latn,punctuation,False
ntx3-001670-2,tel_Latn,zero_width,False
ntx3-000958-3,tel_Telu,nfkc,False
ntx3-000958-3,tel_Telu,extra_spaces,False
ntx3-000958-3,tel_Telu,punctuation,False
ntx3-000958-3,tel_Telu,zero_width,False
ntx3-000820-2,tel_Latn,nfkc,False
ntx3-000820-2,tel_Latn,extra_spaces,False
ntx3-000820-2,tel_Latn,punctuation,False
ntx3-000820-2,tel_Latn,zero_width,False
ntx3-000259-1,hin_Latn,nfkc,False
ntx3-000259-1,hin_Latn,extra_spaces,False
ntx3-000259-1,hin_Latn,punctuation,False
ntx3-000259-1,hin_Latn,zero_width,False
ntx3-002459-2,tel_Latn,nfkc,False
ntx3-002459-2,tel_Latn,extra_spaces,False
ntx3-002459-2,tel_Latn,punctuation,False
ntx3-002459-2,tel_Latn,zero_width,False
ntx3-001957-2,tel_Latn,nfkc,False
ntx3-001957-2,tel_Latn,extra_spaces,False
ntx3-001957-2,tel_Latn,punctuation,False
ntx3-001957-2,tel_Latn,zero_width,False
ntx3-002055-1,hin_Latn,nfkc,False
ntx3-002055-1,hin_Latn,extra_spaces,False
ntx3-002055-1,hin_Latn,punctuation,False
ntx3-002055-1,hin_Latn,zero_width,False
ntx3-002412-3,tel_Telu,nfkc,False
ntx3-002412-3,tel_Telu,extra_spaces,False
ntx3-002412-3,tel_Telu,punctuation,False
ntx3-002412-3,tel_Telu,zero_width,False
ntx3-001450-1,hin_Latn,nfkc,False
ntx3-001450-1,hin_Latn,extra_spaces,False
ntx3-001450-1,hin_Latn,punctuation,False
ntx3-001450-1,hin_Latn,zero_width,False
ntx3-000809-1,hin_Latn,nfkc,False
ntx3-000809-1,hin_Latn,extra_spaces,False
ntx3-000809-1,hin_Latn,punctuation,False
ntx3-000809-1,hin_Latn,zero_width,False
ntx3-001844-3,tel_Telu,nfkc,False
ntx3-001844-3,tel_Telu,extra_spaces,False
ntx3-001844-3,tel_Telu,punctuation,False
ntx3-001844-3,tel_Telu,zero_width,False
ntx3-000261-0,eng_Latn,nfkc,False
ntx3-000261-0,eng_Latn,extra_spaces,False
ntx3-000261-0,eng_Latn,punctuation,False
ntx3-000261-0,eng_Latn,zero_width,False
ntx3-001703-3,tel_Telu,nfkc,False
ntx3-001703-3,tel_Telu,extra_spaces,False
ntx3-001703-3,tel_Telu,punctuation,False
ntx3-001703-3,tel_Telu,zero_width,False
ntx3-000438-3,tel_Telu,nfkc,False
ntx3-000438-3,tel_Telu,extra_spaces,False
ntx3-000438-3,tel_Telu,punctuation,False
ntx3-000438-3,tel_Telu,zero_width,False
ntx3-002386-3,tel_Telu,nfkc,False
ntx3-002386-3,tel_Telu,extra_spaces,False
ntx3-002386-3,tel_Telu,punctuation,False
ntx3-002386-3,tel_Telu,zero_width,False
ntx3-002138-1,hin_Latn,nfkc,False
ntx3-002138-1,hin_Latn,extra_spaces,False
ntx3-002138-1,hin_Latn,punctuation,False
ntx3-002138-1,hin_Latn,zero_width,False
ntx3-000863-3,tel_Telu,nfkc,False
ntx3-000863-3,tel_Telu,extra_spaces,False
ntx3-000863-3,tel_Telu,punctuation,False
ntx3-000863-3,tel_Telu,zero_width,False
ntx3-000552-1,hin_Latn,nfkc,False
ntx3-000552-1,hin_Latn,extra_spaces,False
ntx3-000552-1,hin_Latn,punctuation,False
ntx3-000552-1,hin_Latn,zero_width,False
ntx3-002141-1,hin_Latn,nfkc,False
ntx3-002141-1,hin_Latn,extra_spaces,False
ntx3-002141-1,hin_Latn,punctuation,False
ntx3-002141-1,hin_Latn,zero_width,False
ntx3-000375-0,eng_Latn,nfkc,False
ntx3-000375-0,eng_Latn,extra_spaces,False
ntx3-000375-0,eng_Latn,punctuation,False
ntx3-000375-0,eng_Latn,zero_width,False
ntx3-000697-1,hin_Latn,nfkc,False
ntx3-000697-1,hin_Latn,extra_spaces,False
ntx3-000697-1,hin_Latn,punctuation,False
ntx3-000697-1,hin_Latn,zero_width,False
ntx3-002191-0,eng_Latn,nfkc,False
ntx3-002191-0,eng_Latn,extra_spaces,False
ntx3-002191-0,eng_Latn,punctuation,False
ntx3-002191-0,eng_Latn,zero_width,False
ntx3-001154-2,tel_Latn,nfkc,False
ntx3-001154-2,tel_Latn,extra_spaces,False
ntx3-001154-2,tel_Latn,punctuation,False
ntx3-001154-2,tel_Latn,zero_width,False
ntx3-002026-1,hin_Latn,nfkc,False
ntx3-002026-1,hin_Latn,extra_spaces,False
ntx3-002026-1,hin_Latn,punctuation,False
ntx3-002026-1,hin_Latn,zero_width,False
ntx3-000898-2,tel_Latn,nfkc,False
ntx3-000898-2,tel_Latn,extra_spaces,False
ntx3-000898-2,tel_Latn,punctuation,False
ntx3-000898-2,tel_Latn,zero_width,False
ntx3-000679-3,tel_Telu,nfkc,False
ntx3-000679-3,tel_Telu,extra_spaces,False
ntx3-000679-3,tel_Telu,punctuation,False
ntx3-000679-3,tel_Telu,zero_width,False
ntx3-001129-0,eng_Latn,nfkc,False
ntx3-001129-0,eng_Latn,extra_spaces,False
ntx3-001129-0,eng_Latn,punctuation,False
ntx3-001129-0,eng_Latn,zero_width,False
ntx3-000721-3,tel_Telu,nfkc,False
ntx3-000721-3,tel_Telu,extra_spaces,False
ntx3-000721-3,tel_Telu,punctuation,False
ntx3-000721-3,tel_Telu,zero_width,False
ntx3-001735-1,hin_Latn,nfkc,False
ntx3-001735-1,hin_Latn,extra_spaces,False
ntx3-001735-1,hin_Latn,punctuation,False
ntx3-001735-1,hin_Latn,zero_width,False
ntx3-001001-2,tel_Latn,nfkc,False
ntx3-001001-2,tel_Latn,extra_spaces,False
ntx3-001001-2,tel_Latn,punctuation,False
ntx3-001001-2,tel_Latn,zero_width,False
ntx3-002426-2,tel_Latn,nfkc,False
ntx3-002426-2,tel_Latn,extra_spaces,False
ntx3-002426-2,tel_Latn,punctuation,False
ntx3-002426-2,tel_Latn,zero_width,False
ntx3-001968-1,hin_Latn,nfkc,False
ntx3-001968-1,hin_Latn,extra_spaces,False
ntx3-001968-1,hin_Latn,punctuation,False
ntx3-001968-1,hin_Latn,zero_width,False
ntx3-001910-1,hin_Latn,nfkc,False
ntx3-001910-1,hin_Latn,extra_spaces,False
ntx3-001910-1,hin_Latn,punctuation,False
ntx3-001910-1,hin_Latn,zero_width,False
ntx3-000267-2,tel_Latn,nfkc,False
ntx3-000267-2,tel_Latn,extra_spaces,False
ntx3-000267-2,tel_Latn,punctuation,False
ntx3-000267-2,tel_Latn,zero_width,False
ntx3-001832-2,tel_Latn,nfkc,False
ntx3-001832-2,tel_Latn,extra_spaces,False
ntx3-001832-2,tel_Latn,punctuation,False
ntx3-001832-2,tel_Latn,zero_width,False
ntx3-001519-2,tel_Latn,nfkc,False
ntx3-001519-2,tel_Latn,extra_spaces,False
ntx3-001519-2,tel_Latn,punctuation,False
ntx3-001519-2,tel_Latn,zero_width,False
ntx3-001668-1,hin_Latn,nfkc,False
ntx3-001668-1,hin_Latn,extra_spaces,False
ntx3-001668-1,hin_Latn,punctuation,False
ntx3-001668-1,hin_Latn,zero_width,False
ntx3-002164-3,tel_Telu,nfkc,False
ntx3-002164-3,tel_Telu,extra_spaces,False
ntx3-002164-3,tel_Telu,punctuation,False
ntx3-002164-3,tel_Telu,zero_width,False
ntx3-001612-3,tel_Telu,nfkc,False
ntx3-001612-3,tel_Telu,extra_spaces,False
ntx3-001612-3,tel_Telu,punctuation,False
ntx3-001612-3,tel_Telu,zero_width,False
ntx3-000884-0,eng_Latn,nfkc,False
ntx3-000884-0,eng_Latn,extra_spaces,False
ntx3-000884-0,eng_Latn,punctuation,False
ntx3-000884-0,eng_Latn,zero_width,False
ntx3-001250-3,tel_Telu,nfkc,False
ntx3-001250-3,tel_Telu,extra_spaces,False
ntx3-001250-3,tel_Telu,punctuation,False
ntx3-001250-3,tel_Telu,zero_width,False
ntx3-001859-3,tel_Telu,nfkc,False
ntx3-001859-3,tel_Telu,extra_spaces,False
ntx3-001859-3,tel_Telu,punctuation,False
ntx3-001859-3,tel_Telu,zero_width,False
ntx3-001570-2,tel_Latn,nfkc,False
ntx3-001570-2,tel_Latn,extra_spaces,False
ntx3-001570-2,tel_Latn,punctuation,False
ntx3-001570-2,tel_Latn,zero_width,False
ntx3-000913-2,tel_Latn,nfkc,False
ntx3-000913-2,tel_Latn,extra_spaces,False
ntx3-000913-2,tel_Latn,punctuation,False
ntx3-000913-2,tel_Latn,zero_width,False
ntx3-000645-1,hin_Latn,nfkc,False
ntx3-000645-1,hin_Latn,extra_spaces,False
ntx3-000645-1,hin_Latn,punctuation,False
ntx3-000645-1,hin_Latn,zero_width,False
ntx3-001651-0,eng_Latn,nfkc,False
ntx3-001651-0,eng_Latn,extra_spaces,False
ntx3-001651-0,eng_Latn,punctuation,False
ntx3-001651-0,eng_Latn,zero_width,False
ntx3-001352-2,tel_Latn,nfkc,False
ntx3-001352-2,tel_Latn,extra_spaces,False
ntx3-001352-2,tel_Latn,punctuation,False
ntx3-001352-2,tel_Latn,zero_width,False
ntx3-000413-2,tel_Latn,nfkc,False
ntx3-000413-2,tel_Latn,extra_spaces,False
ntx3-000413-2,tel_Latn,punctuation,False
ntx3-000413-2,tel_Latn,zero_width,False
ntx3-002304-3,tel_Telu,nfkc,False
ntx3-002304-3,tel_Telu,extra_spaces,False
ntx3-002304-3,tel_Telu,punctuation,False
ntx3-002304-3,tel_Telu,zero_width,False
ntx3-002395-1,hin_Latn,nfkc,False
ntx3-002395-1,hin_Latn,extra_spaces,False
ntx3-002395-1,hin_Latn,punctuation,False
ntx3-002395-1,hin_Latn,zero_width,False
ntx3-000751-0,eng_Latn,nfkc,False
ntx3-000751-0,eng_Latn,extra_spaces,False
ntx3-000751-0,eng_Latn,punctuation,False
ntx3-000751-0,eng_Latn,zero_width,False
ntx3-000213-1,hin_Latn,nfkc,False
ntx3-000213-1,hin_Latn,extra_spaces,False
ntx3-000213-1,hin_Latn,punctuation,False
ntx3-000213-1,hin_Latn,zero_width,False
ntx3-000800-3,tel_Telu,nfkc,False
ntx3-000800-3,tel_Telu,extra_spaces,False
ntx3-000800-3,tel_Telu,punctuation,False
ntx3-000800-3,tel_Telu,zero_width,False
ntx3-000814-2,tel_Latn,nfkc,False
ntx3-000814-2,tel_Latn,extra_spaces,False
ntx3-000814-2,tel_Latn,punctuation,False
ntx3-000814-2,tel_Latn,zero_width,False
ntx3-001315-2,tel_Latn,nfkc,False
ntx3-001315-2,tel_Latn,extra_spaces,False
ntx3-001315-2,tel_Latn,punctuation,False
ntx3-001315-2,tel_Latn,zero_width,False
ntx3-002035-0,eng_Latn,nfkc,False
ntx3-002035-0,eng_Latn,extra_spaces,False
ntx3-002035-0,eng_Latn,punctuation,False
ntx3-002035-0,eng_Latn,zero_width,False
ntx3-001016-0,eng_Latn,nfkc,False
ntx3-001016-0,eng_Latn,extra_spaces,False
ntx3-001016-0,eng_Latn,punctuation,False
ntx3-001016-0,eng_Latn,zero_width,False
ntx3-002459-3,tel_Telu,nfkc,False
ntx3-002459-3,tel_Telu,extra_spaces,False
ntx3-002459-3,tel_Telu,punctuation,False
ntx3-002459-3,tel_Telu,zero_width,False
ntx3-002240-3,tel_Telu,nfkc,False
ntx3-002240-3,tel_Telu,extra_spaces,False
ntx3-002240-3,tel_Telu,punctuation,False
ntx3-002240-3,tel_Telu,zero_width,False
ntx3-001703-0,eng_Latn,nfkc,False
ntx3-001703-0,eng_Latn,extra_spaces,False
ntx3-001703-0,eng_Latn,punctuation,False
ntx3-001703-0,eng_Latn,zero_width,False
ntx3-000389-3,tel_Telu,nfkc,False
ntx3-000389-3,tel_Telu,extra_spaces,False
ntx3-000389-3,tel_Telu,punctuation,False
ntx3-000389-3,tel_Telu,zero_width,False
ntx3-001903-2,tel_Latn,nfkc,False
ntx3-001903-2,tel_Latn,extra_spaces,False
ntx3-001903-2,tel_Latn,punctuation,False
ntx3-001903-2,tel_Latn,zero_width,False
ntx3-000540-3,tel_Telu,nfkc,False
ntx3-000540-3,tel_Telu,extra_spaces,False
ntx3-000540-3,tel_Telu,punctuation,False
ntx3-000540-3,tel_Telu,zero_width,False
ntx3-001660-2,tel_Latn,nfkc,False
ntx3-001660-2,tel_Latn,extra_spaces,False
ntx3-001660-2,tel_Latn,punctuation,False
ntx3-001660-2,tel_Latn,zero_width,False
ntx3-001544-1,hin_Latn,nfkc,False
ntx3-001544-1,hin_Latn,extra_spaces,False
ntx3-001544-1,hin_Latn,punctuation,False
ntx3-001544-1,hin_Latn,zero_width,False
ntx3-000310-3,tel_Telu,nfkc,False
ntx3-000310-3,tel_Telu,extra_spaces,False
ntx3-000310-3,tel_Telu,punctuation,False
ntx3-000310-3,tel_Telu,zero_width,False
ntx3-001544-3,tel_Telu,nfkc,False
ntx3-001544-3,tel_Telu,extra_spaces,False
ntx3-001544-3,tel_Telu,punctuation,False
ntx3-001544-3,tel_Telu,zero_width,False
ntx3-001786-1,hin_Latn,nfkc,False
ntx3-001786-1,hin_Latn,extra_spaces,False
ntx3-001786-1,hin_Latn,punctuation,False
ntx3-001786-1,hin_Latn,zero_width,False
ntx3-001338-2,tel_Latn,nfkc,False
ntx3-001338-2,tel_Latn,extra_spaces,False
ntx3-001338-2,tel_Latn,punctuation,False
ntx3-001338-2,tel_Latn,zero_width,False
ntx3-001428-0,eng_Latn,nfkc,False
ntx3-001428-0,eng_Latn,extra_spaces,False
ntx3-001428-0,eng_Latn,punctuation,False
ntx3-001428-0,eng_Latn,zero_width,False
ntx3-002054-0,eng_Latn,nfkc,False
ntx3-002054-0,eng_Latn,extra_spaces,False
ntx3-002054-0,eng_Latn,punctuation,False
ntx3-002054-0,eng_Latn,zero_width,False
ntx3-000602-3,tel_Telu,nfkc,False
ntx3-000602-3,tel_Telu,extra_spaces,False
ntx3-000602-3,tel_Telu,punctuation,False
ntx3-000602-3,tel_Telu,zero_width,False
ntx3-001141-2,tel_Latn,nfkc,False
ntx3-001141-2,tel_Latn,extra_spaces,False
ntx3-001141-2,tel_Latn,punctuation,False
ntx3-001141-2,tel_Latn,zero_width,False
ntx3-002249-2,tel_Latn,nfkc,False
ntx3-002249-2,tel_Latn,extra_spaces,False
ntx3-002249-2,tel_Latn,punctuation,False
ntx3-002249-2,tel_Latn,zero_width,False
ntx3-001466-0,eng_Latn,nfkc,False
ntx3-001466-0,eng_Latn,extra_spaces,False
ntx3-001466-0,eng_Latn,punctuation,False
ntx3-001466-0,eng_Latn,zero_width,False
ntx3-001509-1,hin_Latn,nfkc,False
ntx3-001509-1,hin_Latn,extra_spaces,False
ntx3-001509-1,hin_Latn,punctuation,False
ntx3-001509-1,hin_Latn,zero_width,False
ntx3-001814-2,tel_Latn,nfkc,False
ntx3-001814-2,tel_Latn,extra_spaces,False
ntx3-001814-2,tel_Latn,punctuation,False
ntx3-001814-2,tel_Latn,zero_width,False
ntx3-001927-3,tel_Telu,nfkc,False
ntx3-001927-3,tel_Telu,extra_spaces,False
ntx3-001927-3,tel_Telu,punctuation,False
ntx3-001927-3,tel_Telu,zero_width,False
ntx3-000996-3,tel_Telu,nfkc,False
ntx3-000996-3,tel_Telu,extra_spaces,False
ntx3-000996-3,tel_Telu,punctuation,False
ntx3-000996-3,tel_Telu,zero_width,False
ntx3-000751-2,tel_Latn,nfkc,False
ntx3-000751-2,tel_Latn,extra_spaces,False
ntx3-000751-2,tel_Latn,punctuation,False
ntx3-000751-2,tel_Latn,zero_width,False
ntx3-002206-2,tel_Latn,nfkc,False
ntx3-002206-2,tel_Latn,extra_spaces,False
ntx3-002206-2,tel_Latn,punctuation,False
ntx3-002206-2,tel_Latn,zero_width,False
ntx3-002023-1,hin_Latn,nfkc,False
ntx3-002023-1,hin_Latn,extra_spaces,False
ntx3-002023-1,hin_Latn,punctuation,False
ntx3-002023-1,hin_Latn,zero_width,False
ntx3-000878-0,eng_Latn,nfkc,False
ntx3-000878-0,eng_Latn,extra_spaces,False
ntx3-000878-0,eng_Latn,punctuation,False
ntx3-000878-0,eng_Latn,zero_width,False
ntx3-001716-3,tel_Telu,nfkc,False
ntx3-001716-3,tel_Telu,extra_spaces,False
ntx3-001716-3,tel_Telu,punctuation,False
ntx3-001716-3,tel_Telu,zero_width,False
ntx3-001980-1,hin_Latn,nfkc,False
ntx3-001980-1,hin_Latn,extra_spaces,False
ntx3-001980-1,hin_Latn,punctuation,False
ntx3-001980-1,hin_Latn,zero_width,False
ntx3-000413-0,eng_Latn,nfkc,False
ntx3-000413-0,eng_Latn,extra_spaces,False
ntx3-000413-0,eng_Latn,punctuation,False
ntx3-000413-0,eng_Latn,zero_width,False
ntx3-002434-1,hin_Latn,nfkc,False
ntx3-002434-1,hin_Latn,extra_spaces,False
ntx3-002434-1,hin_Latn,punctuation,False
ntx3-002434-1,hin_Latn,zero_width,False
ntx3-001368-2,tel_Latn,nfkc,False
ntx3-001368-2,tel_Latn,extra_spaces,False
ntx3-001368-2,tel_Latn,punctuation,False
ntx3-001368-2,tel_Latn,zero_width,False
ntx3-000616-1,hin_Latn,nfkc,False
ntx3-000616-1,hin_Latn,extra_spaces,False
ntx3-000616-1,hin_Latn,punctuation,False
ntx3-000616-1,hin_Latn,zero_width,False
ntx3-001426-2,tel_Latn,nfkc,False
ntx3-001426-2,tel_Latn,extra_spaces,False
ntx3-001426-2,tel_Latn,punctuation,False
ntx3-001426-2,tel_Latn,zero_width,False
ntx3-002223-3,tel_Telu,nfkc,False
ntx3-002223-3,tel_Telu,extra_spaces,False
ntx3-002223-3,tel_Telu,punctuation,False
ntx3-002223-3,tel_Telu,zero_width,False
ntx3-001613-2,tel_Latn,nfkc,False
ntx3-001613-2,tel_Latn,extra_spaces,False
ntx3-001613-2,tel_Latn,punctuation,False
ntx3-001613-2,tel_Latn,zero_width,False
ntx3-002315-0,eng_Latn,nfkc,False
ntx3-002315-0,eng_Latn,extra_spaces,False
ntx3-002315-0,eng_Latn,punctuation,False
ntx3-002315-0,eng_Latn,zero_width,False
ntx3-001555-2,tel_Latn,nfkc,False
ntx3-001555-2,tel_Latn,extra_spaces,False
ntx3-001555-2,tel_Latn,punctuation,False
ntx3-001555-2,tel_Latn,zero_width,False
ntx3-000561-1,hin_Latn,nfkc,False
ntx3-000561-1,hin_Latn,extra_spaces,False
ntx3-000561-1,hin_Latn,punctuation,False
ntx3-000561-1,hin_Latn,zero_width,False
ntx3-000639-0,eng_Latn,nfkc,False
ntx3-000639-0,eng_Latn,extra_spaces,False
ntx3-000639-0,eng_Latn,punctuation,False
ntx3-000639-0,eng_Latn,zero_width,False
ntx3-001087-0,eng_Latn,nfkc,False
ntx3-001087-0,eng_Latn,extra_spaces,False
ntx3-001087-0,eng_Latn,punctuation,False
ntx3-001087-0,eng_Latn,zero_width,False
ntx3-000665-0,eng_Latn,nfkc,False
ntx3-000665-0,eng_Latn,extra_spaces,False
ntx3-000665-0,eng_Latn,punctuation,False
ntx3-000665-0,eng_Latn,zero_width,False
ntx3-001825-3,tel_Telu,nfkc,False
ntx3-001825-3,tel_Telu,extra_spaces,False
ntx3-001825-3,tel_Telu,punctuation,False
ntx3-001825-3,tel_Telu,zero_width,False
ntx3-002337-2,tel_Latn,nfkc,False
ntx3-002337-2,tel_Latn,extra_spaces,False
ntx3-002337-2,tel_Latn,punctuation,False
ntx3-002337-2,tel_Latn,zero_width,False
ntx3-000514-1,hin_Latn,nfkc,False
ntx3-000514-1,hin_Latn,extra_spaces,False
ntx3-000514-1,hin_Latn,punctuation,False
ntx3-000514-1,hin_Latn,zero_width,False
ntx3-000175-3,tel_Telu,nfkc,False
ntx3-000175-3,tel_Telu,extra_spaces,False
ntx3-000175-3,tel_Telu,punctuation,False
ntx3-000175-3,tel_Telu,zero_width,False
ntx3-002260-0,eng_Latn,nfkc,False
ntx3-002260-0,eng_Latn,extra_spaces,False
ntx3-002260-0,eng_Latn,punctuation,False
ntx3-002260-0,eng_Latn,zero_width,False
ntx3-001035-0,eng_Latn,nfkc,False
ntx3-001035-0,eng_Latn,extra_spaces,False
ntx3-001035-0,eng_Latn,punctuation,False
ntx3-001035-0,eng_Latn,zero_width,False
ntx3-001288-1,hin_Latn,nfkc,False
ntx3-001288-1,hin_Latn,extra_spaces,False
ntx3-001288-1,hin_Latn,punctuation,False
ntx3-001288-1,hin_Latn,zero_width,False
ntx3-001950-1,hin_Latn,nfkc,False
ntx3-001950-1,hin_Latn,extra_spaces,False
ntx3-001950-1,hin_Latn,punctuation,False
ntx3-001950-1,hin_Latn,zero_width,False
ntx3-001231-0,eng_Latn,nfkc,False
ntx3-001231-0,eng_Latn,extra_spaces,False
ntx3-001231-0,eng_Latn,punctuation,False
ntx3-001231-0,eng_Latn,zero_width,False
ntx3-001612-1,hin_Latn,nfkc,False
ntx3-001612-1,hin_Latn,extra_spaces,False
ntx3-001612-1,hin_Latn,punctuation,False
ntx3-001612-1,hin_Latn,zero_width,False
ntx3-001497-3,tel_Telu,nfkc,False
ntx3-001497-3,tel_Telu,extra_spaces,False
ntx3-001497-3,tel_Telu,punctuation,False
ntx3-001497-3,tel_Telu,zero_width,False
ntx3-000953-3,tel_Telu,nfkc,False
ntx3-000953-3,tel_Telu,extra_spaces,False
ntx3-000953-3,tel_Telu,punctuation,False
ntx3-000953-3,tel_Telu,zero_width,False
ntx3-001583-2,tel_Latn,nfkc,False
ntx3-001583-2,tel_Latn,extra_spaces,False
ntx3-001583-2,tel_Latn,punctuation,False
ntx3-001583-2,tel_Latn,zero_width,False
ntx3-002210-1,hin_Latn,nfkc,False
ntx3-002210-1,hin_Latn,extra_spaces,False
ntx3-002210-1,hin_Latn,punctuation,False
ntx3-002210-1,hin_Latn,zero_width,False
ntx3-000232-3,tel_Telu,nfkc,False
ntx3-000232-3,tel_Telu,extra_spaces,False
ntx3-000232-3,tel_Telu,punctuation,False
ntx3-000232-3,tel_Telu,zero_width,False
ntx3-002117-3,tel_Telu,nfkc,False
ntx3-002117-3,tel_Telu,extra_spaces,False
ntx3-002117-3,tel_Telu,punctuation,False
ntx3-002117-3,tel_Telu,zero_width,False
ntx3-002141-2,tel_Latn,nfkc,False
ntx3-002141-2,tel_Latn,extra_spaces,False
ntx3-002141-2,tel_Latn,punctuation,False
ntx3-002141-2,tel_Latn,zero_width,False
ntx3-001912-2,tel_Latn,nfkc,False
ntx3-001912-2,tel_Latn,extra_spaces,False
ntx3-001912-2,tel_Latn,punctuation,False
ntx3-001912-2,tel_Latn,zero_width,False
ntx3-002253-0,eng_Latn,nfkc,False
ntx3-002253-0,eng_Latn,extra_spaces,False
ntx3-002253-0,eng_Latn,punctuation,False
ntx3-002253-0,eng_Latn,zero_width,False
ntx3-000878-2,tel_Latn,nfkc,False
ntx3-000878-2,tel_Latn,extra_spaces,False
ntx3-000878-2,tel_Latn,punctuation,False
ntx3-000878-2,tel_Latn,zero_width,False
ntx3-000458-3,tel_Telu,nfkc,False
ntx3-000458-3,tel_Telu,extra_spaces,False
ntx3-000458-3,tel_Telu,punctuation,False
ntx3-000458-3,tel_Telu,zero_width,False
ntx3-000851-0,eng_Latn,nfkc,False
ntx3-000851-0,eng_Latn,extra_spaces,False
ntx3-000851-0,eng_Latn,punctuation,False
ntx3-000851-0,eng_Latn,zero_width,False
ntx3-000595-1,hin_Latn,nfkc,False
ntx3-000595-1,hin_Latn,extra_spaces,False
ntx3-000595-1,hin_Latn,punctuation,False
ntx3-000595-1,hin_Latn,zero_width,False
ntx3-001759-2,tel_Latn,nfkc,False
ntx3-001759-2,tel_Latn,extra_spaces,False
ntx3-001759-2,tel_Latn,punctuation,False
ntx3-001759-2,tel_Latn,zero_width,False
ntx3-001903-3,tel_Telu,nfkc,False
ntx3-001903-3,tel_Telu,extra_spaces,False
ntx3-001903-3,tel_Telu,punctuation,False
ntx3-001903-3,tel_Telu,zero_width,False
ntx3-000577-2,tel_Latn,nfkc,False
ntx3-000577-2,tel_Latn,extra_spaces,False
ntx3-000577-2,tel_Latn,punctuation,False
ntx3-000577-2,tel_Latn,zero_width,False
ntx3-001445-0,eng_Latn,nfkc,False
ntx3-001445-0,eng_Latn,extra_spaces,False
ntx3-001445-0,eng_Latn,punctuation,False
ntx3-001445-0,eng_Latn,zero_width,False
ntx3-001810-3,tel_Telu,nfkc,False
ntx3-001810-3,tel_Telu,extra_spaces,False
ntx3-001810-3,tel_Telu,punctuation,False
ntx3-001810-3,tel_Telu,zero_width,False
ntx3-001937-0,eng_Latn,nfkc,False
ntx3-001937-0,eng_Latn,extra_spaces,False
ntx3-001937-0,eng_Latn,punctuation,False
ntx3-001937-0,eng_Latn,zero_width,False
ntx3-000628-2,tel_Latn,nfkc,False
ntx3-000628-2,tel_Latn,extra_spaces,False
ntx3-000628-2,tel_Latn,punctuation,False
ntx3-000628-2,tel_Latn,zero_width,False
ntx3-002318-0,eng_Latn,nfkc,False
ntx3-002318-0,eng_Latn,extra_spaces,False
ntx3-002318-0,eng_Latn,punctuation,False
ntx3-002318-0,eng_Latn,zero_width,False
ntx3-002459-1,hin_Latn,nfkc,False
ntx3-002459-1,hin_Latn,extra_spaces,False
ntx3-002459-1,hin_Latn,punctuation,False
ntx3-002459-1,hin_Latn,zero_width,False
ntx3-001321-1,hin_Latn,nfkc,False
ntx3-001321-1,hin_Latn,extra_spaces,False
ntx3-001321-1,hin_Latn,punctuation,False
ntx3-001321-1,hin_Latn,zero_width,False
ntx3-000520-1,hin_Latn,nfkc,False
ntx3-000520-1,hin_Latn,extra_spaces,False
ntx3-000520-1,hin_Latn,punctuation,False
ntx3-000520-1,hin_Latn,zero_width,False
ntx3-000584-1,hin_Latn,nfkc,False
ntx3-000584-1,hin_Latn,extra_spaces,False
ntx3-000584-1,hin_Latn,punctuation,False
ntx3-000584-1,hin_Latn,zero_width,False
ntx3-001301-0,eng_Latn,nfkc,False
ntx3-001301-0,eng_Latn,extra_spaces,False
ntx3-001301-0,eng_Latn,punctuation,False
ntx3-001301-0,eng_Latn,zero_width,False
ntx3-002037-1,hin_Latn,nfkc,False
ntx3-002037-1,hin_Latn,extra_spaces,False
ntx3-002037-1,hin_Latn,punctuation,False
ntx3-002037-1,hin_Latn,zero_width,False
ntx3-000837-3,tel_Telu,nfkc,False
ntx3-000837-3,tel_Telu,extra_spaces,False
ntx3-000837-3,tel_Telu,punctuation,False
ntx3-000837-3,tel_Telu,zero_width,False
ntx3-001821-2,tel_Latn,nfkc,False
ntx3-001821-2,tel_Latn,extra_spaces,False
ntx3-001821-2,tel_Latn,punctuation,False
ntx3-001821-2,tel_Latn,zero_width,False
ntx3-001048-0,eng_Latn,nfkc,False
ntx3-001048-0,eng_Latn,extra_spaces,False
ntx3-001048-0,eng_Latn,punctuation,False
ntx3-001048-0,eng_Latn,zero_width,False
ntx3-001980-0,eng_Latn,nfkc,False
ntx3-001980-0,eng_Latn,extra_spaces,False
ntx3-001980-0,eng_Latn,punctuation,False
ntx3-001980-0,eng_Latn,zero_width,False
ntx3-002212-1,hin_Latn,nfkc,False
ntx3-002212-1,hin_Latn,extra_spaces,False
ntx3-002212-1,hin_Latn,punctuation,False
ntx3-002212-1,hin_Latn,zero_width,False
ntx3-000740-1,hin_Latn,nfkc,False
ntx3-000740-1,hin_Latn,extra_spaces,False
ntx3-000740-1,hin_Latn,punctuation,False
ntx3-000740-1,hin_Latn,zero_width,False
ntx3-000898-0,eng_Latn,nfkc,False
ntx3-000898-0,eng_Latn,extra_spaces,False
ntx3-000898-0,eng_Latn,punctuation,False
ntx3-000898-0,eng_Latn,zero_width,False
ntx3-001500-2,tel_Latn,nfkc,False
ntx3-001500-2,tel_Latn,extra_spaces,False
ntx3-001500-2,tel_Latn,punctuation,False
ntx3-001500-2,tel_Latn,zero_width,False
ntx3-001668-3,tel_Telu,nfkc,False
ntx3-001668-3,tel_Telu,extra_spaces,False
ntx3-001668-3,tel_Telu,punctuation,False
ntx3-001668-3,tel_Telu,zero_width,False
ntx3-000675-0,eng_Latn,nfkc,False
ntx3-000675-0,eng_Latn,extra_spaces,False
ntx3-000675-0,eng_Latn,punctuation,False
ntx3-000675-0,eng_Latn,zero_width,False
ntx3-001526-1,hin_Latn,nfkc,False
ntx3-001526-1,hin_Latn,extra_spaces,False
ntx3-001526-1,hin_Latn,punctuation,False
ntx3-001526-1,hin_Latn,zero_width,False
ntx3-001967-3,tel_Telu,nfkc,False
ntx3-001967-3,tel_Telu,extra_spaces,False
ntx3-001967-3,tel_Telu,punctuation,False
ntx3-001967-3,tel_Telu,zero_width,False
ntx3-001897-1,hin_Latn,nfkc,False
ntx3-001897-1,hin_Latn,extra_spaces,False
ntx3-001897-1,hin_Latn,punctuation,False
ntx3-001897-1,hin_Latn,zero_width,False
ntx3-002308-1,hin_Latn,nfkc,False
ntx3-002308-1,hin_Latn,extra_spaces,False
ntx3-002308-1,hin_Latn,punctuation,False
ntx3-002308-1,hin_Latn,zero_width,False
ntx3-001975-0,eng_Latn,nfkc,False
ntx3-001975-0,eng_Latn,extra_spaces,False
ntx3-001975-0,eng_Latn,punctuation,False
ntx3-001975-0,eng_Latn,zero_width,False
ntx3-001479-3,tel_Telu,nfkc,False
ntx3-001479-3,tel_Telu,extra_spaces,False
ntx3-001479-3,tel_Telu,punctuation,False
ntx3-001479-3,tel_Telu,zero_width,False
ntx3-001878-0,eng_Latn,nfkc,False
ntx3-001878-0,eng_Latn,extra_spaces,False
ntx3-001878-0,eng_Latn,punctuation,False
ntx3-001878-0,eng_Latn,zero_width,False
ntx3-001048-1,hin_Latn,nfkc,False
ntx3-001048-1,hin_Latn,extra_spaces,False
ntx3-001048-1,hin_Latn,punctuation,False
ntx3-001048-1,hin_Latn,zero_width,False
ntx3-000454-3,tel_Telu,nfkc,False
ntx3-000454-3,tel_Telu,extra_spaces,False
ntx3-000454-3,tel_Telu,punctuation,False
ntx3-000454-3,tel_Telu,zero_width,False
ntx3-001698-3,tel_Telu,nfkc,False
ntx3-001698-3,tel_Telu,extra_spaces,False
ntx3-001698-3,tel_Telu,punctuation,False
ntx3-001698-3,tel_Telu,zero_width,False
ntx3-001014-3,tel_Telu,nfkc,False
ntx3-001014-3,tel_Telu,extra_spaces,False
ntx3-001014-3,tel_Telu,punctuation,False
ntx3-001014-3,tel_Telu,zero_width,False
ntx3-002173-0,eng_Latn,nfkc,False
ntx3-002173-0,eng_Latn,extra_spaces,False
ntx3-002173-0,eng_Latn,punctuation,False
ntx3-002173-0,eng_Latn,zero_width,False
ntx3-002223-0,eng_Latn,nfkc,False
ntx3-002223-0,eng_Latn,extra_spaces,False
ntx3-002223-0,eng_Latn,punctuation,False
ntx3-002223-0,eng_Latn,zero_width,False
ntx3-002215-0,eng_Latn,nfkc,False
ntx3-002215-0,eng_Latn,extra_spaces,False
ntx3-002215-0,eng_Latn,punctuation,False
ntx3-002215-0,eng_Latn,zero_width,False
ntx3-000888-1,hin_Latn,nfkc,False
ntx3-000888-1,hin_Latn,extra_spaces,False
ntx3-000888-1,hin_Latn,punctuation,False
ntx3-000888-1,hin_Latn,zero_width,False
ntx3-001049-2,tel_Latn,nfkc,False
ntx3-001049-2,tel_Latn,extra_spaces,False
ntx3-001049-2,tel_Latn,punctuation,False
ntx3-001049-2,tel_Latn,zero_width,False
ntx3-001816-1,hin_Latn,nfkc,False
ntx3-001816-1,hin_Latn,extra_spaces,False
ntx3-001816-1,hin_Latn,punctuation,False
ntx3-001816-1,hin_Latn,zero_width,False
ntx3-001735-0,eng_Latn,nfkc,False
ntx3-001735-0,eng_Latn,extra_spaces,False
ntx3-001735-0,eng_Latn,punctuation,False
ntx3-001735-0,eng_Latn,zero_width,False
ntx3-001201-2,tel_Latn,nfkc,False
ntx3-001201-2,tel_Latn,extra_spaces,False
ntx3-001201-2,tel_Latn,punctuation,False
ntx3-001201-2,tel_Latn,zero_width,False
ntx3-001892-2,tel_Latn,nfkc,False
ntx3-001892-2,tel_Latn,extra_spaces,False
ntx3-001892-2,tel_Latn,punctuation,False
ntx3-001892-2,tel_Latn,zero_width,False
ntx3-002322-3,tel_Telu,nfkc,False
ntx3-002322-3,tel_Telu,extra_spaces,False
ntx3-002322-3,tel_Telu,punctuation,False
ntx3-002322-3,tel_Telu,zero_width,False
ntx3-002299-0,eng_Latn,nfkc,False
ntx3-002299-0,eng_Latn,extra_spaces,False
ntx3-002299-0,eng_Latn,punctuation,False
ntx3-002299-0,eng_Latn,zero_width,False
ntx3-001020-0,eng_Latn,nfkc,False
ntx3-001020-0,eng_Latn,extra_spaces,False
ntx3-001020-0,eng_Latn,punctuation,False
ntx3-001020-0,eng_Latn,zero_width,False
ntx3-000246-2,tel_Latn,nfkc,False
ntx3-000246-2,tel_Latn,extra_spaces,False
ntx3-000246-2,tel_Latn,punctuation,False
ntx3-000246-2,tel_Latn,zero_width,False
ntx3-002108-0,eng_Latn,nfkc,False
ntx3-002108-0,eng_Latn,extra_spaces,False
ntx3-002108-0,eng_Latn,punctuation,False
ntx3-002108-0,eng_Latn,zero_width,False
ntx3-001929-2,tel_Latn,nfkc,False
ntx3-001929-2,tel_Latn,extra_spaces,False
ntx3-001929-2,tel_Latn,punctuation,False
ntx3-001929-2,tel_Latn,zero_width,False
ntx3-000254-0,eng_Latn,nfkc,False
ntx3-000254-0,eng_Latn,extra_spaces,False
ntx3-000254-0,eng_Latn,punctuation,False
ntx3-000254-0,eng_Latn,zero_width,False
ntx3-002335-1,hin_Latn,nfkc,False
ntx3-002335-1,hin_Latn,extra_spaces,False
ntx3-002335-1,hin_Latn,punctuation,False
ntx3-002335-1,hin_Latn,zero_width,False
ntx3-002462-3,tel_Telu,nfkc,False
ntx3-002462-3,tel_Telu,extra_spaces,False
ntx3-002462-3,tel_Telu,punctuation,False
ntx3-002462-3,tel_Telu,zero_width,False
ntx3-002185-0,eng_Latn,nfkc,False
ntx3-002185-0,eng_Latn,extra_spaces,False
ntx3-002185-0,eng_Latn,punctuation,False
ntx3-002185-0,eng_Latn,zero_width,False
ntx3-002117-0,eng_Latn,nfkc,False
ntx3-002117-0,eng_Latn,extra_spaces,False
ntx3-002117-0,eng_Latn,punctuation,False
ntx3-002117-0,eng_Latn,zero_width,False
ntx3-000759-1,hin_Latn,nfkc,False
ntx3-000759-1,hin_Latn,extra_spaces,False
ntx3-000759-1,hin_Latn,punctuation,False
ntx3-000759-1,hin_Latn,zero_width,False
ntx3-001915-3,tel_Telu,nfkc,False
ntx3-001915-3,tel_Telu,extra_spaces,False
ntx3-001915-3,tel_Telu,punctuation,False
ntx3-001915-3,tel_Telu,zero_width,False
ntx3-001457-2,tel_Latn,nfkc,False
ntx3-001457-2,tel_Latn,extra_spaces,False
ntx3-001457-2,tel_Latn,punctuation,False
ntx3-001457-2,tel_Latn,zero_width,False
ntx3-001091-0,eng_Latn,nfkc,False
ntx3-001091-0,eng_Latn,extra_spaces,False
ntx3-001091-0,eng_Latn,punctuation,False
ntx3-001091-0,eng_Latn,zero_width,False
ntx3-000248-2,tel_Latn,nfkc,False
ntx3-000248-2,tel_Latn,extra_spaces,False
ntx3-000248-2,tel_Latn,punctuation,False
ntx3-000248-2,tel_Latn,zero_width,False
ntx3-002434-0,eng_Latn,nfkc,False
ntx3-002434-0,eng_Latn,extra_spaces,False
ntx3-002434-0,eng_Latn,punctuation,False
ntx3-002434-0,eng_Latn,zero_width,False
ntx3-000337-3,tel_Telu,nfkc,False
ntx3-000337-3,tel_Telu,extra_spaces,False
ntx3-000337-3,tel_Telu,punctuation,False
ntx3-000337-3,tel_Telu,zero_width,False
ntx3-002043-1,hin_Latn,nfkc,False
ntx3-002043-1,hin_Latn,extra_spaces,False
ntx3-002043-1,hin_Latn,punctuation,False
ntx3-002043-1,hin_Latn,zero_width,False
ntx3-001250-1,hin_Latn,nfkc,False
ntx3-001250-1,hin_Latn,extra_spaces,False
ntx3-001250-1,hin_Latn,punctuation,False
ntx3-001250-1,hin_Latn,zero_width,False
ntx3-002439-2,tel_Latn,nfkc,False
ntx3-002439-2,tel_Latn,extra_spaces,False
ntx3-002439-2,tel_Latn,punctuation,False
ntx3-002439-2,tel_Latn,zero_width,False
ntx3-002111-1,hin_Latn,nfkc,False
ntx3-002111-1,hin_Latn,extra_spaces,False
ntx3-002111-1,hin_Latn,punctuation,False
ntx3-002111-1,hin_Latn,zero_width,False
ntx3-002229-2,tel_Latn,nfkc,False
ntx3-002229-2,tel_Latn,extra_spaces,False
ntx3-002229-2,tel_Latn,punctuation,False
ntx3-002229-2,tel_Latn,zero_width,False
ntx3-000315-0,eng_Latn,nfkc,False
ntx3-000315-0,eng_Latn,extra_spaces,False
ntx3-000315-0,eng_Latn,punctuation,False
ntx3-000315-0,eng_Latn,zero_width,False
ntx3-000868-2,tel_Latn,nfkc,False
ntx3-000868-2,tel_Latn,extra_spaces,False
ntx3-000868-2,tel_Latn,punctuation,False
ntx3-000868-2,tel_Latn,zero_width,False
ntx3-002135-2,tel_Latn,nfkc,False
ntx3-002135-2,tel_Latn,extra_spaces,False
ntx3-002135-2,tel_Latn,punctuation,False
ntx3-002135-2,tel_Latn,zero_width,False
ntx3-000820-3,tel_Telu,nfkc,False
ntx3-000820-3,tel_Telu,extra_spaces,False
ntx3-000820-3,tel_Telu,punctuation,False
ntx3-000820-3,tel_Telu,zero_width,False
ntx3-002249-1,hin_Latn,nfkc,False
ntx3-002249-1,hin_Latn,extra_spaces,False
ntx3-002249-1,hin_Latn,punctuation,False
ntx3-002249-1,hin_Latn,zero_width,False
ntx3-000639-3,tel_Telu,nfkc,False
ntx3-000639-3,tel_Telu,extra_spaces,False
ntx3-000639-3,tel_Telu,punctuation,False
ntx3-000639-3,tel_Telu,zero_width,False
ntx3-000814-0,eng_Latn,nfkc,False
ntx3-000814-0,eng_Latn,extra_spaces,False
ntx3-000814-0,eng_Latn,punctuation,False
ntx3-000814-0,eng_Latn,zero_width,False
ntx3-000890-2,tel_Latn,nfkc,False
ntx3-000890-2,tel_Latn,extra_spaces,False
ntx3-000890-2,tel_Latn,punctuation,False
ntx3-000890-2,tel_Latn,zero_width,False
ntx3-001282-2,tel_Latn,nfkc,False
ntx3-001282-2,tel_Latn,extra_spaces,False
ntx3-001282-2,tel_Latn,punctuation,False
ntx3-001282-2,tel_Latn,zero_width,False
ntx3-000310-1,hin_Latn,nfkc,False
ntx3-000310-1,hin_Latn,extra_spaces,False
ntx3-000310-1,hin_Latn,punctuation,False
ntx3-000310-1,hin_Latn,zero_width,False
ntx3-002420-3,tel_Telu,nfkc,False
ntx3-002420-3,tel_Telu,extra_spaces,False
ntx3-002420-3,tel_Telu,punctuation,False
ntx3-002420-3,tel_Telu,zero_width,False
ntx3-000552-3,tel_Telu,nfkc,False
ntx3-000552-3,tel_Telu,extra_spaces,False
ntx3-000552-3,tel_Telu,punctuation,False
ntx3-000552-3,tel_Telu,zero_width,False
ntx3-001391-3,tel_Telu,nfkc,False
ntx3-001391-3,tel_Telu,extra_spaces,False
ntx3-001391-3,tel_Telu,punctuation,False
ntx3-001391-3,tel_Telu,zero_width,False
ntx3-002495-1,hin_Latn,nfkc,False
ntx3-002495-1,hin_Latn,extra_spaces,False
ntx3-002495-1,hin_Latn,punctuation,False
ntx3-002495-1,hin_Latn,zero_width,False
ntx3-000809-3,tel_Telu,nfkc,False
ntx3-000809-3,tel_Telu,extra_spaces,False
ntx3-000809-3,tel_Telu,punctuation,False
ntx3-000809-3,tel_Telu,zero_width,False
ntx3-000659-1,hin_Latn,nfkc,False
ntx3-000659-1,hin_Latn,extra_spaces,False
ntx3-000659-1,hin_Latn,punctuation,False
ntx3-000659-1,hin_Latn,zero_width,False
ntx3-001652-3,tel_Telu,nfkc,False
ntx3-001652-3,tel_Telu,extra_spaces,False
ntx3-001652-3,tel_Telu,punctuation,False
ntx3-001652-3,tel_Telu,zero_width,False
ntx3-000127-0,eng_Latn,nfkc,False
ntx3-000127-0,eng_Latn,extra_spaces,False
ntx3-000127-0,eng_Latn,punctuation,False
ntx3-000127-0,eng_Latn,zero_width,False
ntx3-001131-1,hin_Latn,nfkc,False
ntx3-001131-1,hin_Latn,extra_spaces,False
ntx3-001131-1,hin_Latn,punctuation,False
ntx3-001131-1,hin_Latn,zero_width,False
ntx3-000452-3,tel_Telu,nfkc,False
ntx3-000452-3,tel_Telu,extra_spaces,False
ntx3-000452-3,tel_Telu,punctuation,False
ntx3-000452-3,tel_Telu,zero_width,False
ntx3-001567-2,tel_Latn,nfkc,False
ntx3-001567-2,tel_Latn,extra_spaces,False
ntx3-001567-2,tel_Latn,punctuation,False
ntx3-001567-2,tel_Latn,zero_width,False
ntx3-000795-2,tel_Latn,nfkc,False
ntx3-000795-2,tel_Latn,extra_spaces,False
ntx3-000795-2,tel_Latn,punctuation,False
ntx3-000795-2,tel_Latn,zero_width,False
ntx3-002322-1,hin_Latn,nfkc,False
ntx3-002322-1,hin_Latn,extra_spaces,False
ntx3-002322-1,hin_Latn,punctuation,False
ntx3-002322-1,hin_Latn,zero_width,False
ntx3-000379-2,tel_Latn,nfkc,False
ntx3-000379-2,tel_Latn,extra_spaces,False
ntx3-000379-2,tel_Latn,punctuation,False
ntx3-000379-2,tel_Latn,zero_width,False
ntx3-001486-3,tel_Telu,nfkc,False
ntx3-001486-3,tel_Telu,extra_spaces,False
ntx3-001486-3,tel_Telu,punctuation,False
ntx3-001486-3,tel_Telu,zero_width,False
ntx3-002436-2,tel_Latn,nfkc,False
ntx3-002436-2,tel_Latn,extra_spaces,False
ntx3-002436-2,tel_Latn,punctuation,False
ntx3-002436-2,tel_Latn,zero_width,False
ntx3-001903-1,hin_Latn,nfkc,False
ntx3-001903-1,hin_Latn,extra_spaces,False
ntx3-001903-1,hin_Latn,punctuation,False
ntx3-001903-1,hin_Latn,zero_width,False
ntx3-001966-1,hin_Latn,nfkc,False
ntx3-001966-1,hin_Latn,extra_spaces,False
ntx3-001966-1,hin_Latn,punctuation,False
ntx3-001966-1,hin_Latn,zero_width,False
ntx3-000538-3,tel_Telu,nfkc,False
ntx3-000538-3,tel_Telu,extra_spaces,False
ntx3-000538-3,tel_Telu,punctuation,False
ntx3-000538-3,tel_Telu,zero_width,False
ntx3-001478-3,tel_Telu,nfkc,False
ntx3-001478-3,tel_Telu,extra_spaces,False
ntx3-001478-3,tel_Telu,punctuation,False
ntx3-001478-3,tel_Telu,zero_width,False
ntx3-002021-3,tel_Telu,nfkc,False
ntx3-002021-3,tel_Telu,extra_spaces,False
ntx3-002021-3,tel_Telu,punctuation,False
ntx3-002021-3,tel_Telu,zero_width,False
ntx3-001514-2,tel_Latn,nfkc,False
ntx3-001514-2,tel_Latn,extra_spaces,False
ntx3-001514-2,tel_Latn,punctuation,False
ntx3-001514-2,tel_Latn,zero_width,False
